customer_id,customer_segment_x,total_sessions,peak_sessions,peak_share,total_energy_kwh,avg_energy_kwh,flexibility_score,eligible_for_intervention,intervention_score,priority_band,city,experiment_group,incentive_rate,intervention,base_response_probability,response_probability,responded,shifted_peak_sessions,post_peak_sessions,demand_shift_rate
CUST01186,High_Mileage,481,172,0.3575883575883576,12054.74,25.061829521829523,66.2,True,60.58853430353431,Medium,Kochi,Control,0.0,No Incentive,0.45,0.4824,False,0,172,0.0
CUST03288,High_Mileage,568,201,0.3538732394366197,12298.49,21.652271126760564,65.8,True,60.457429577464794,Medium,Hyderabad,Treatment,0.15,Off-Peak Incentive,0.45,0.48160000000000003,False,0,201,0.0
CUST05705,High_Mileage,449,161,0.3585746102449889,15208.53,33.872004454342985,65.8,True,60.29548440979955,Medium,Delhi NCR,Control,0.0,No Incentive,0.45,0.48160000000000003,False,0,161,0.0
CUST06073,High_Mileage,502,159,0.3167330677290836,17748.08,35.35474103585658,69.3,True,60.29057270916334,Medium,Chennai,Control,0.0,No Incentive,0.45,0.48860000000000003,False,0,159,0.0
CUST03013,High_Mileage,572,201,0.3513986013986014,16223.21,28.362255244755243,65.6,True,60.28344405594406,Medium,Mumbai,Treatment,0.15,Off-Peak Incentive,0.45,0.4812,True,116,85,0.5771144278606966
CUST06920,High_Mileage,443,148,0.3340857787810384,14252.39,32.17243792325056,68.3,True,60.28218115124154,Medium,Kochi,Control,0.0,No Incentive,0.45,0.48660000000000003,False,0,148,0.0
CUST05223,High_Mileage,441,155,0.3514739229024943,6639.91,15.056485260770977,66.6,True,60.27895691609977,Medium,Delhi NCR,Control,0.0,No Incentive,0.45,0.4832,False,0,155,0.0
CUST05568,High_Mileage,559,179,0.3202146690518783,17537.6,31.373166368515204,68.7,True,60.26233676207514,Medium,Chandigarh,Control,0.0,No Incentive,0.45,0.4874,False,0,179,0.0
CUST04791,High_Mileage,462,162,0.3506493506493506,13407.29,29.020108225108228,66.2,True,60.21347402597402,Medium,Kolkata,Treatment,0.15,Off-Peak Incentive,0.45,0.4824,True,94,68,0.5802469135802469
CUST00082,High_Mileage,432,151,0.349537037037037,11770.34,27.24615740740741,66.8,True,60.20148148148148,Medium,Ahmedabad,Treatment,0.15,Off-Peak Incentive,0.45,0.48360000000000003,False,0,151,0.0
CUST05738,High_Mileage,474,161,0.339662447257384,11178.37,23.58305907172996,67.1,True,60.19649789029536,Medium,Hyderabad,Treatment,0.15,Off-Peak Incentive,0.45,0.4842,True,94,67,0.5838509316770186
CUST00713,High_Mileage,483,146,0.3022774327122153,16375.56,33.90385093167702,70.7,True,60.18859730848861,Medium,Pune,Control,0.0,No Incentive,0.45,0.4914,False,0,146,0.0
CUST00594,High_Mileage,471,162,0.3439490445859872,8460.08,17.96195329087049,66.7,True,60.18796178343949,Medium,Mumbai,Control,0.0,No Incentive,0.45,0.4834,False,0,162,0.0
CUST00910,High_Mileage,468,156,0.3333333333333333,18429.28,39.378803418803415,67.8,True,60.187083333333334,Medium,Pune,Control,0.0,No Incentive,0.45,0.48560000000000003,False,0,156,0.0
CUST00791,High_Mileage,476,170,0.3571428571428571,13668.4,28.715126050420167,65.2,True,60.15196428571429,Medium,Mumbai,Treatment,0.15,Off-Peak Incentive,0.45,0.4804,False,0,170,0.0
CUST06124,High_Mileage,435,145,0.3333333333333333,12873.13,29.593402298850577,68.1,True,60.11083333333333,Medium,Mumbai,Treatment,0.15,Off-Peak Incentive,0.45,0.4862,True,86,59,0.593103448275862
CUST02019,High_Mileage,426,146,0.3427230046948357,16865.23,39.58974178403756,67.3,True,60.09017018779343,Medium,Jaipur,Control,0.0,No Incentive,0.45,0.48460000000000003,False,0,146,0.0
CUST00987,High_Mileage,474,159,0.3354430379746835,13962.98,29.45776371308017,67.2,True,60.06772151898735,Medium,Bengaluru,Treatment,0.15,Off-Peak Incentive,0.45,0.4844,False,0,159,0.0
CUST01986,High_Mileage,538,178,0.3308550185873606,21709.1,40.35148698884758,67.2,True,60.06170074349443,Medium,Pune,Control,0.0,No Incentive,0.45,0.4844,False,0,178,0.0
CUST07718,High_Mileage,464,152,0.3275862068965517,11966.25,25.78933189655172,68.1,True,60.05594827586208,Medium,Chennai,Control,0.0,No Incentive,0.45,0.4862,False,0,152,0.0
CUST07708,High_Mileage,487,154,0.3162217659137577,19869.83,40.80047227926078,68.9,True,60.053870636550315,Medium,Lucknow,Control,0.0,No Incentive,0.45,0.4878,False,0,154,0.0
CUST06258,High_Mileage,545,180,0.3302752293577982,10547.7,19.353577981651377,67.2,True,60.04600917431193,Medium,Mumbai,Treatment,0.15,Off-Peak Incentive,0.45,0.4844,True,105,75,0.5833333333333334
CUST02128,High_Mileage,555,182,0.3279279279279279,19111.57,34.43526126126126,67.4,True,60.04461711711712,Medium,Hyderabad,Control,0.0,No Incentive,0.45,0.4848,False,0,182,0.0
CUST01899,High_Mileage,426,141,0.3309859154929577,14953.42,35.101924882629106,68.3,True,60.02068661971832,Medium,Ahmedabad,Control,0.0,No Incentive,0.45,0.48660000000000003,False,0,141,0.0
CUST04290,High_Mileage,482,161,0.3340248962655601,9899.15,20.53765560165975,67.1,True,60.01099585062241,Medium,Hyderabad,Control,0.0,No Incentive,0.45,0.4842,False,0,161,0.0
CUST00405,High_Mileage,469,164,0.3496801705756929,18067.71,38.52390191897654,65.7,True,60.00470682302772,Medium,Kolkata,Treatment,0.15,Off-Peak Incentive,0.45,0.4814,True,95,69,0.5792682926829268
CUST06145,High_Mileage,461,155,0.3362255965292842,14153.85,30.702494577006508,67.1,True,59.99027386117137,Medium,Bengaluru,Treatment,0.15,Off-Peak Incentive,0.45,0.4842,True,91,64,0.5870967741935483
CUST04318,High_Mileage,392,140,0.3571428571428571,5913.67,15.085892857142856,66.4,True,59.95821428571429,Medium,Bengaluru,Treatment,0.15,Off-Peak Incentive,0.45,0.4828,True,81,59,0.5785714285714286
CUST02812,High_Mileage,441,136,0.3083900226757369,9297.68,21.083174603174605,70.1,True,59.95560090702948,Medium,Ahmedabad,Treatment,0.15,Off-Peak Incentive,0.45,0.4902,True,82,54,0.6029411764705882
CUST07033,High_Mileage,404,134,0.3316831683168317,14040.93,34.754777227722776,68.6,True,59.94607673267326,Medium,Kochi,Control,0.0,No Incentive,0.45,0.4872,False,0,134,0.0
CUST02684,High_Mileage,434,136,0.3133640552995391,9180.06,21.15221198156682,69.7,True,59.93956221198157,Medium,Bengaluru,Control,0.0,No Incentive,0.45,0.4894,False,0,136,0.0
CUST00926,High_Mileage,461,159,0.3449023861171366,11513.38,24.974793926247287,66.1,True,59.93734544468546,Medium,Mumbai,Control,0.0,No Incentive,0.45,0.4822,False,0,159,0.0
CUST04724,High_Mileage,472,155,0.3283898305084746,12557.34,26.604533898305085,67.6,True,59.93559322033899,Medium,Chennai,Treatment,0.15,Off-Peak Incentive,0.45,0.4852,False,0,155,0.0
CUST05229,High_Mileage,493,157,0.3184584178498986,16485.45,33.43904665314402,68.3,True,59.92833671399595,Medium,Kolkata,Treatment,0.15,Off-Peak Incentive,0.45,0.48660000000000003,True,93,64,0.5923566878980892
CUST03782,High_Mileage,521,163,0.3128598848368522,10825.15,20.777639155470247,68.7,True,59.9256453934741,Medium,Ahmedabad,Treatment,0.15,Off-Peak Incentive,0.45,0.4874,True,97,66,0.5950920245398773
CUST01451,High_Mileage,483,160,0.3312629399585921,10159.58,21.034327122153208,67.1,True,59.90801759834368,Medium,Hyderabad,Treatment,0.15,Off-Peak Incentive,0.45,0.4842,True,94,66,0.5875
CUST07208,High_Mileage,390,148,0.3794871794871794,14753.36,37.82912820512821,64.1,True,59.906987179487174,Medium,Pune,Treatment,0.15,Off-Peak Incentive,0.45,0.4782,True,84,64,0.5675675675675675
CUST02347,High_Mileage,476,158,0.3319327731092437,18960.15,39.83224789915967,67.1,True,59.90356092436975,Medium,Ahmedabad,Treatment,0.15,Off-Peak Incentive,0.45,0.4842,False,0,158,0.0
CUST03786,High_Mileage,556,178,0.3201438848920863,12420.31,22.338687050359713,67.8,True,59.89575539568345,Medium,Lucknow,Treatment,0.15,Off-Peak Incentive,0.45,0.48560000000000003,False,0,178,0.0
CUST02539,High_Mileage,484,155,0.3202479338842975,14573.87,30.111301652892564,68.1,True,59.8799173553719,Medium,Bengaluru,Control,0.0,No Incentive,0.45,0.4862,False,0,155,0.0
CUST00516,High_Mileage,454,146,0.3215859030837004,12119.4,26.694713656387663,68.4,True,59.87968612334802,Medium,Jaipur,Treatment,0.15,Off-Peak Incentive,0.45,0.4868,True,86,60,0.589041095890411
CUST04712,High_Mileage,485,160,0.3298969072164948,20550.88,42.37294845360825,67.1,True,59.8746262886598,Medium,Delhi NCR,Control,0.0,No Incentive,0.45,0.4842,False,0,160,0.0
CUST04166,High_Mileage,548,174,0.3175182481751825,12527.61,22.860602189781023,68.0,True,59.860729927007306,Medium,Delhi NCR,Control,0.0,No Incentive,0.45,0.486,False,0,174,0.0
CUST01010,High_Mileage,509,154,0.3025540275049116,15884.07,31.206424361493124,69.6,True,59.85091110019647,Medium,Kolkata,Treatment,0.15,Off-Peak Incentive,0.45,0.4892,False,0,154,0.0
CUST04467,High_Mileage,445,140,0.3146067415730337,11790.74,26.496044943820223,69.1,True,59.84051966292135,Medium,Pune,Control,0.0,No Incentive,0.45,0.4882,False,0,140,0.0
CUST01717,High_Mileage,489,159,0.3251533742331288,8114.79,16.594662576687117,67.4,True,59.824884969325154,Medium,Chennai,Control,0.0,No Incentive,0.45,0.4848,False,0,159,0.0
CUST03962,High_Mileage,498,153,0.3072289156626506,17350.21,34.83977911646586,69.1,True,59.81915662650603,Medium,Pune,Treatment,0.15,Off-Peak Incentive,0.45,0.4882,False,0,153,0.0
CUST06761,High_Mileage,484,161,0.3326446280991735,8427.13,17.41142561983471,66.7,True,59.81578512396695,Medium,Jaipur,Treatment,0.15,Off-Peak Incentive,0.45,0.4834,False,0,161,0.0
CUST07878,High_Mileage,554,168,0.3032490974729241,15332.66,27.676281588447655,69.3,True,59.81496389891697,Medium,Chandigarh,Control,0.0,No Incentive,0.45,0.48860000000000003,False,0,168,0.0
CUST07301,High_Mileage,438,142,0.3242009132420091,10896.99,24.87897260273973,68.2,True,59.80928652968037,Medium,Chandigarh,Treatment,0.15,Off-Peak Incentive,0.45,0.4864,True,84,58,0.5915492957746479
CUST03950,High_Mileage,423,139,0.3286052009456264,9868.83,23.330567375886524,68.0,True,59.780458037825056,Medium,Ahmedabad,Treatment,0.15,Off-Peak Incentive,0.45,0.486,True,82,57,0.5899280575539568
CUST01068,High_Mileage,428,153,0.3574766355140187,10335.9,24.14929906542056,65.0,True,59.77531542056075,Medium,Delhi NCR,Treatment,0.15,Off-Peak Incentive,0.45,0.48,True,88,65,0.5751633986928104
CUST03450,High_Mileage,529,176,0.332703213610586,6529.82,12.343705103969754,66.3,True,59.77187854442344,Medium,Hyderabad,Control,0.0,No Incentive,0.45,0.48260000000000003,False,0,176,0.0
CUST02004,High_Mileage,438,156,0.3561643835616438,13407.25,30.610159817351597,64.9,True,59.76782534246576,Medium,Pune,Control,0.0,No Incentive,0.45,0.4798,False,0,156,0.0
CUST03646,High_Mileage,495,157,0.3171717171717171,14273.41,28.83517171717172,68.0,True,59.76311868686869,Medium,Lucknow,Control,0.0,No Incentive,0.45,0.486,False,0,157,0.0
CUST04002,High_Mileage,510,175,0.3431372549019608,13569.32,26.60650980392157,65.3,True,59.75924019607843,Medium,Lucknow,Control,0.0,No Incentive,0.45,0.4806,False,0,175,0.0
CUST01656,High_Mileage,407,144,0.3538083538083538,12126.47,29.794766584766585,65.8,True,59.738584152334155,Medium,Bengaluru,Treatment,0.15,Off-Peak Incentive,0.45,0.48160000000000003,False,0,144,0.0
CUST03276,High_Mileage,410,140,0.3414634146341463,9866.93,24.06568292682927,66.9,True,59.73603658536586,Medium,Ahmedabad,Control,0.0,No Incentive,0.45,0.4838,False,0,140,0.0
CUST07880,High_Mileage,456,151,0.3311403508771929,10053.4,22.046929824561403,67.0,True,59.71561403508772,Medium,Delhi NCR,Treatment,0.15,Off-Peak Incentive,0.45,0.484,False,0,151,0.0
CUST07922,High_Mileage,573,180,0.3141361256544502,16868.97,29.43973821989529,67.9,True,59.71544502617802,Medium,Chennai,Treatment,0.15,Off-Peak Incentive,0.45,0.4858,True,106,74,0.5888888888888889
CUST07712,High_Mileage,451,160,0.3547671840354767,11049.66,24.500354767184035,64.7,True,59.711937361419075,Medium,Lucknow,Control,0.0,No Incentive,0.45,0.4794,False,0,160,0.0
CUST07146,High_Mileage,550,167,0.3036363636363636,16343.21,29.71492727272727,69.0,True,59.707954545454555,Medium,Chennai,Treatment,0.15,Off-Peak Incentive,0.45,0.488,True,99,68,0.592814371257485
CUST01907,High_Mileage,401,144,0.3591022443890274,9159.98,22.84284289276808,65.3,True,59.695339775561095,Medium,Chennai,Control,0.0,No Incentive,0.45,0.4806,False,0,144,0.0
CUST05375,High_Mileage,435,137,0.3149425287356321,16565.92,38.08257471264368,68.9,True,59.69520114942529,Medium,Delhi NCR,Control,0.0,No Incentive,0.45,0.4878,False,0,137,0.0
CUST07508,High_Mileage,495,158,0.3191919191919192,18617.88,37.61187878787879,67.6,True,59.683926767676766,Medium,Bengaluru,Control,0.0,No Incentive,0.45,0.4852,False,0,158,0.0
CUST06557,High_Mileage,445,144,0.3235955056179775,10220.06,22.966426966292133,67.8,True,59.6800702247191,Medium,Ahmedabad,Control,0.0,No Incentive,0.45,0.48560000000000003,False,0,144,0.0
CUST02788,High_Mileage,425,141,0.3317647058823529,11503.44,27.066917647058823,67.4,True,59.679338235294125,Medium,Mumbai,Control,0.0,No Incentive,0.45,0.4848,False,0,141,0.0
CUST02825,High_Mileage,430,143,0.3325581395348837,11598.79,26.973930232558143,67.2,True,59.67607558139535,Medium,Bengaluru,Treatment,0.15,Off-Peak Incentive,0.45,0.4844,False,0,143,0.0
CUST00891,High_Mileage,423,150,0.3546099290780142,16239.56,38.391394799054375,65.1,True,59.66064716312057,Medium,Bengaluru,Treatment,0.15,Off-Peak Incentive,0.45,0.4802,False,0,150,0.0
CUST03924,High_Mileage,465,143,0.3075268817204301,14181.19,30.49718279569893,69.1,True,59.6598252688172,Medium,Bengaluru,Treatment,0.15,Off-Peak Incentive,0.45,0.4882,True,85,58,0.5944055944055944
CUST00892,High_Mileage,407,144,0.3538083538083538,16084.06,39.518574938574936,65.6,True,59.65858415233415,Medium,Delhi NCR,Treatment,0.15,Off-Peak Incentive,0.45,0.4812,False,0,144,0.0
CUST03115,High_Mileage,437,137,0.3135011441647597,9535.85,21.82116704805492,68.9,True,59.65379576659039,Medium,Hyderabad,Treatment,0.15,Off-Peak Incentive,0.45,0.4878,True,81,56,0.5912408759124088
CUST00846,High_Mileage,426,143,0.3356807511737089,14121.92,33.15004694835681,66.9,True,59.648480046948364,Medium,Chennai,Control,0.0,No Incentive,0.45,0.4838,False,0,143,0.0
CUST01626,High_Mileage,518,160,0.3088803088803089,11194.78,21.611544401544403,68.4,True,59.640212355212356,Medium,Chandigarh,Treatment,0.15,Off-Peak Incentive,0.45,0.4868,True,95,65,0.59375
CUST00264,High_Mileage,424,142,0.3349056603773584,11554.72,27.251698113207546,67.0,True,59.63872641509434,Medium,Lucknow,Treatment,0.15,Off-Peak Incentive,0.45,0.484,False,0,142,0.0
CUST01027,High_Mileage,453,142,0.3134657836644591,10468.92,23.11019867549669,68.6,True,59.63113134657837,Medium,Pune,Treatment,0.15,Off-Peak Incentive,0.45,0.4872,False,0,142,0.0
CUST03802,High_Mileage,569,173,0.3040421792618629,15940.38,28.014727592267135,68.7,True,59.62668717047452,Medium,Bengaluru,Treatment,0.15,Off-Peak Incentive,0.45,0.4874,False,0,173,0.0
CUST02661,High_Mileage,438,140,0.319634703196347,14617.29,33.37280821917808,68.2,True,59.62663812785388,Medium,Jaipur,Control,0.0,No Incentive,0.45,0.4864,False,0,140,0.0
CUST00748,High_Mileage,490,148,0.3020408163265306,13318.2,27.18,69.2,True,59.62663265306123,Medium,Chennai,Control,0.0,No Incentive,0.45,0.4884,False,0,148,0.0
CUST02047,High_Mileage,418,137,0.3277511961722488,14203.98,33.98081339712918,67.8,True,59.626297846889955,Medium,Mumbai,Control,0.0,No Incentive,0.45,0.48560000000000003,False,0,137,0.0
CUST06421,High_Mileage,411,135,0.3284671532846715,15378.5,37.41727493917275,67.9,True,59.626186131386866,Medium,Bengaluru,Control,0.0,No Incentive,0.45,0.4858,False,0,135,0.0
CUST02222,High_Mileage,488,150,0.3073770491803279,11430.68,23.423524590163936,68.7,True,59.62508196721312,Medium,Chennai,Treatment,0.15,Off-Peak Incentive,0.45,0.4874,True,89,61,0.5933333333333334
CUST07377,High_Mileage,397,131,0.3299748110831234,11620.39,29.27050377833753,68.1,True,59.61524244332493,Medium,Bengaluru,Control,0.0,No Incentive,0.45,0.4862,False,0,131,0.0
CUST01916,High_Mileage,433,147,0.3394919168591224,14876.41,34.35660508083141,66.3,True,59.6121766743649,Medium,Kochi,Treatment,0.15,Off-Peak Incentive,0.45,0.48260000000000003,True,85,62,0.5782312925170068
CUST05275,High_Mileage,408,135,0.3308823529411764,9144.95,22.414093137254905,67.7,True,59.60154411764706,Medium,Hyderabad,Treatment,0.15,Off-Peak Incentive,0.45,0.4854,True,79,56,0.5851851851851851
CUST07178,High_Mileage,480,156,0.325,10582.06,22.04595833333333,67.0,True,59.599999999999994,Medium,Bengaluru,Treatment,0.15,Off-Peak Incentive,0.45,0.484,True,91,65,0.5833333333333334
CUST07375,High_Mileage,338,120,0.3550295857988165,8806.15,26.05369822485207,66.9,True,59.599933431952664,Medium,Bengaluru,Control,0.0,No Incentive,0.45,0.4838,False,0,120,0.0
CUST00432,High_Mileage,420,140,0.3333333333333333,14142.07,33.671595238095236,67.1,True,59.590833333333336,Medium,Hyderabad,Treatment,0.15,Off-Peak Incentive,0.45,0.4842,True,82,58,0.5857142857142857
CUST02767,High_Mileage,510,156,0.3058823529411765,16912.32,33.16141176470588,68.6,True,59.589044117647056,Medium,Mumbai,Treatment,0.15,Off-Peak Incentive,0.45,0.4872,True,93,63,0.5961538461538461
CUST01398,High_Mileage,546,180,0.3296703296703296,17276.38,31.641721611721614,66.1,True,59.584313186813176,Medium,Kolkata,Control,0.0,No Incentive,0.45,0.4822,False,0,180,0.0
CUST03321,High_Mileage,392,123,0.3137755102040816,13296.42,33.9194387755102,69.8,True,59.58352040816327,Medium,Delhi NCR,Treatment,0.15,Off-Peak Incentive,0.45,0.48960000000000004,True,74,49,0.6016260162601627
CUST05543,High_Mileage,421,130,0.3087885985748218,13593.82,32.28935866983373,69.5,True,59.580293942992874,Medium,Lucknow,Control,0.0,No Incentive,0.45,0.489,False,0,130,0.0
CUST03171,High_Mileage,455,151,0.3318681318681318,15689.52,34.48246153846154,66.6,True,59.57722527472527,Medium,Mumbai,Treatment,0.15,Off-Peak Incentive,0.45,0.4832,True,88,63,0.5827814569536424
CUST03662,High_Mileage,404,146,0.3613861386138614,10850.02,26.856485148514853,64.7,True,59.574195544554456,Medium,Hyderabad,Treatment,0.15,Off-Peak Incentive,0.45,0.4794,True,84,62,0.5753424657534246
CUST02546,High_Mileage,456,152,0.3333333333333333,12335.92,27.052456140350877,66.4,True,59.56333333333333,Medium,Chandigarh,Treatment,0.15,Off-Peak Incentive,0.45,0.4828,False,0,152,0.0
CUST01866,High_Mileage,476,151,0.3172268907563025,9581.06,20.128277310924368,67.7,True,59.555325630252106,Medium,Mumbai,Control,0.0,No Incentive,0.45,0.4854,False,0,151,0.0
CUST04535,High_Mileage,435,135,0.3103448275862069,14944.77,34.35579310344828,69.0,True,59.55129310344828,Medium,Kolkata,Treatment,0.15,Off-Peak Incentive,0.45,0.488,True,80,55,0.5925925925925926
CUST01813,High_Mileage,501,160,0.3193612774451098,17361.69,34.65407185628742,67.2,True,59.5507010978044,Medium,Pune,Treatment,0.15,Off-Peak Incentive,0.45,0.4844,False,0,160,0.0
CUST00176,High_Mileage,451,146,0.3237250554323725,14421.74,31.977250554323724,67.4,True,59.550252217294904,Medium,Mumbai,Treatment,0.15,Off-Peak Incentive,0.45,0.4848,False,0,146,0.0
CUST00129,High_Mileage,488,150,0.3073770491803279,17395.87,35.64727459016393,68.5,True,59.545081967213115,Medium,Bengaluru,Control,0.0,No Incentive,0.45,0.487,False,0,150,0.0
CUST06173,High_Mileage,563,169,0.300177619893428,12793.94,22.72458259325045,68.9,True,59.54460479573712,Medium,Delhi NCR,Control,0.0,No Incentive,0.45,0.4878,False,0,169,0.0
CUST06201,High_Mileage,404,133,0.3292079207920792,6010.06,14.876386138613862,67.8,True,59.52706683168317,Medium,Kochi,Control,0.0,No Incentive,0.45,0.48560000000000003,False,0,133,0.0
CUST03783,High_Mileage,426,134,0.3145539906103286,13663.47,32.073873239436615,68.7,True,59.52340962441315,Medium,Lucknow,Treatment,0.15,Off-Peak Incentive,0.45,0.4874,False,0,134,0.0
CUST01739,High_Mileage,559,173,0.3094812164579606,18922.49,33.85060822898033,67.9,True,59.51299865831842,Medium,Kolkata,Control,0.0,No Incentive,0.45,0.4858,False,0,173,0.0
CUST02751,High_Mileage,484,151,0.3119834710743802,19989.48,41.30057851239669,68.0,True,59.50933884297521,Medium,Mumbai,Control,0.0,No Incentive,0.45,0.486,False,0,151,0.0
CUST02701,High_Mileage,426,130,0.3051643192488263,14527.02,34.100985915492956,69.6,True,59.50782276995305,Medium,Hyderabad,Control,0.0,No Incentive,0.45,0.4892,False,0,130,0.0
CUST06294,High_Mileage,440,148,0.3363636363636363,17710.48,40.251090909090905,66.2,True,59.50704545454546,Medium,Delhi NCR,Treatment,0.15,Off-Peak Incentive,0.45,0.4824,True,86,62,0.581081081081081
CUST01259,High_Mileage,408,134,0.3284313725490196,8073.11,19.78703431372549,67.7,True,59.50350490196079,Medium,Hyderabad,Treatment,0.15,Off-Peak Incentive,0.45,0.4854,True,79,55,0.5895522388059702
CUST01107,High_Mileage,412,143,0.3470873786407767,14827.42,35.98888349514563,65.7,True,59.500995145631066,Medium,Bengaluru,Treatment,0.15,Off-Peak Incentive,0.45,0.4814,False,0,143,0.0
CUST04657,High_Mileage,459,153,0.3333333333333333,14234.26,31.011459694989107,66.2,True,59.499583333333334,Medium,Jaipur,Control,0.0,No Incentive,0.45,0.4824,False,0,153,0.0
CUST03970,High_Mileage,435,134,0.3080459770114943,17101.68,39.31420689655173,69.1,True,59.49933908045977,Medium,Chennai,Treatment,0.15,Off-Peak Incentive,0.45,0.4882,False,0,134,0.0
CUST05499,High_Mileage,417,135,0.3237410071942446,9249.96,22.182158273381297,67.9,True,59.49214028776979,Medium,Hyderabad,Treatment,0.15,Off-Peak Incentive,0.45,0.4858,True,80,55,0.5925925925925926
CUST05564,High_Mileage,491,153,0.3116089613034623,8077.64,16.451405295315684,67.9,True,59.4918584521385,Medium,Chennai,Treatment,0.15,Off-Peak Incentive,0.45,0.4858,True,90,63,0.5882352941176471
CUST00280,High_Mileage,395,138,0.3493670886075949,15832.93,40.083367088607595,65.9,True,59.485933544303805,Medium,Bengaluru,Control,0.0,No Incentive,0.45,0.4818,False,0,138,0.0
CUST01431,High_Mileage,455,144,0.3164835164835164,10507.07,23.09246153846154,67.9,True,59.48184065934066,Medium,Ahmedabad,Treatment,0.15,Off-Peak Incentive,0.45,0.4858,False,0,144,0.0
CUST05773,High_Mileage,481,149,0.3097713097713098,20272.36,42.14627858627859,68.2,True,59.4758523908524,Medium,Hyderabad,Control,0.0,No Incentive,0.45,0.4864,False,0,149,0.0
CUST03977,High_Mileage,419,136,0.324582338902148,12261.2,29.263007159904536,67.7,True,59.46954355608592,Medium,Delhi NCR,Control,0.0,No Incentive,0.45,0.4854,False,0,136,0.0
CUST06656,High_Mileage,421,149,0.3539192399049881,10282.06,24.42294536817102,64.7,True,59.46551959619953,Medium,Bengaluru,Control,0.0,No Incentive,0.45,0.4794,False,0,149,0.0
CUST07952,High_Mileage,430,138,0.3209302325581395,10875.93,25.29286046511628,67.8,True,59.450959302325586,Medium,Pune,Treatment,0.15,Off-Peak Incentive,0.45,0.48560000000000003,True,81,57,0.5869565217391305
CUST07765,High_Mileage,324,118,0.3641975308641975,15760.08,48.64222222222222,65.9,True,59.445401234567896,Medium,Bengaluru,Control,0.0,No Incentive,0.45,0.4818,False,0,118,0.0
CUST03110,High_Mileage,357,131,0.3669467787114845,10526.49,29.485966386554622,64.9,True,59.440371148459384,Medium,Pune,Control,0.0,No Incentive,0.45,0.4798,False,0,131,0.0
CUST01267,High_Mileage,401,127,0.3167082294264339,11821.59,29.480274314214466,68.9,True,59.43957917705737,Medium,Lucknow,Control,0.0,No Incentive,0.45,0.4878,False,0,127,0.0
CUST04508,High_Mileage,411,145,0.3527980535279805,14304.18,34.80335766423358,65.0,True,59.43942214111922,Medium,Jaipur,Treatment,0.15,Off-Peak Incentive,0.45,0.48,False,0,145,0.0
CUST00735,High_Mileage,402,128,0.3184079601990049,11236.6,27.95174129353234,68.7,True,59.4375684079602,Medium,Delhi NCR,Treatment,0.15,Off-Peak Incentive,0.45,0.4874,True,76,52,0.59375
CUST02143,High_Mileage,444,137,0.3085585585585585,12154.62,27.37527027027027,68.7,True,59.432342342342345,Medium,Delhi NCR,Treatment,0.15,Off-Peak Incentive,0.45,0.4874,True,81,56,0.5912408759124088
CUST01158,High_Mileage,373,136,0.3646112600536193,7422.7,19.9,64.8,True,59.43070040214478,Medium,Delhi NCR,Treatment,0.15,Off-Peak Incentive,0.45,0.4796,False,0,136,0.0
CUST04314,High_Mileage,441,143,0.3242630385487528,22169.05,50.269954648526074,67.2,True,59.430521541950114,Medium,Chandigarh,Treatment,0.15,Off-Peak Incentive,0.45,0.4844,True,84,59,0.5874125874125874
CUST07228,High_Mileage,448,142,0.3169642857142857,17624.37,39.34011160714285,67.8,True,59.42732142857143,Medium,Mumbai,Treatment,0.15,Off-Peak Incentive,0.45,0.48560000000000003,False,0,142,0.0
CUST00186,High_Mileage,460,138,0.3,9697.05,21.080543478260868,69.3,True,59.412499999999994,Medium,Chennai,Treatment,0.15,Off-Peak Incentive,0.45,0.48860000000000003,True,82,56,0.5942028985507246
CUST01682,High_Mileage,476,145,0.3046218487394957,8789.42,18.46516806722689,68.6,True,59.41112394957983,Medium,Chennai,Control,0.0,No Incentive,0.45,0.4872,False,0,145,0.0
CUST07233,High_Mileage,451,139,0.3082039911308204,7035.77,15.60037694013304,68.6,True,59.40940964523281,Medium,Mumbai,Treatment,0.15,Off-Peak Incentive,0.45,0.4872,True,82,57,0.5899280575539568
CUST04898,High_Mileage,444,142,0.3198198198198198,13404.07,30.18934684684685,67.5,True,59.402792792792795,Medium,Delhi NCR,Control,0.0,No Incentive,0.45,0.485,False,0,142,0.0
CUST06267,High_Mileage,486,156,0.3209876543209876,14047.93,28.90520576131687,66.8,True,59.402006172839506,Medium,Bengaluru,Control,0.0,No Incentive,0.45,0.48360000000000003,False,0,156,0.0
CUST03187,High_Mileage,376,123,0.3271276595744681,12734.44,33.868191489361706,68.4,True,59.393856382978726,Medium,Bengaluru,Treatment,0.15,Off-Peak Incentive,0.45,0.4868,False,0,123,0.0
CUST04810,High_Mileage,366,120,0.3278688524590163,9242.61,25.25303278688525,68.5,True,59.388504098360656,Medium,Delhi NCR,Control,0.0,No Incentive,0.45,0.487,False,0,120,0.0
CUST03574,High_Mileage,483,145,0.3002070393374741,11504.7,23.819254658385095,68.9,True,59.38578157349896,Medium,Mumbai,Treatment,0.15,Off-Peak Incentive,0.45,0.4878,True,86,59,0.593103448275862
CUST02051,High_Mileage,361,123,0.3407202216066482,16976.11,47.025235457063715,67.3,True,59.37755886426593,Medium,Ahmedabad,Control,0.0,No Incentive,0.45,0.48460000000000003,False,0,123,0.0
CUST04703,High_Mileage,367,123,0.335149863760218,12097.22,32.962452316076295,67.7,True,59.36849455040872,Medium,Chennai,Treatment,0.15,Off-Peak Incentive,0.45,0.4854,True,72,51,0.5853658536585366
CUST06563,High_Mileage,389,123,0.3161953727506427,13618.6,35.009254498714654,69.1,True,59.362814910025705,Medium,Bengaluru,Control,0.0,No Incentive,0.45,0.4882,False,0,123,0.0
CUST03559,High_Mileage,399,128,0.3208020050125313,10835.03,27.15546365914787,68.3,True,59.33958020050125,Medium,Pune,Treatment,0.15,Off-Peak Incentive,0.45,0.48660000000000003,False,0,128,0.0
CUST02631,High_Mileage,429,137,0.3193473193473193,9213.82,21.477435897435896,67.7,True,59.337642773892775,Medium,Hyderabad,Treatment,0.15,Off-Peak Incentive,0.45,0.4854,False,0,137,0.0
CUST03318,High_Mileage,420,131,0.3119047619047619,12618.92,30.04504761904762,68.6,True,59.33369047619048,Medium,Bengaluru,Treatment,0.15,Off-Peak Incentive,0.45,0.4872,False,0,131,0.0
CUST06572,High_Mileage,408,133,0.3259803921568627,13596.84,33.32558823529412,67.5,True,59.32546568627451,Medium,Bengaluru,Control,0.0,No Incentive,0.45,0.485,False,0,133,0.0
CUST07507,High_Mileage,407,130,0.3194103194103194,8703.96,21.385651105651103,68.2,True,59.32266277641278,Medium,Kochi,Control,0.0,No Incentive,0.45,0.4864,False,0,130,0.0
CUST02415,High_Mileage,435,139,0.3195402298850575,17979.96,41.333241379310344,67.5,True,59.3191091954023,Medium,Delhi NCR,Treatment,0.15,Off-Peak Incentive,0.45,0.485,True,82,57,0.5899280575539568
CUST01668,High_Mileage,410,139,0.3390243902439024,12143.36,29.617951219512197,66.1,True,59.3184756097561,Medium,Hyderabad,Treatment,0.15,Off-Peak Incentive,0.45,0.4822,True,81,58,0.5827338129496403
CUST04622,High_Mileage,435,142,0.3264367816091954,12298.32,28.272,66.8,True,59.31497126436782,Medium,Bengaluru,Treatment,0.15,Off-Peak Incentive,0.45,0.48360000000000003,False,0,142,0.0
CUST06863,High_Mileage,409,140,0.3422982885085575,13563.46,33.16249388753056,65.8,True,59.314431540342305,Medium,Hyderabad,Control,0.0,No Incentive,0.45,0.48160000000000003,False,0,140,0.0
CUST01729,High_Mileage,397,126,0.3173803526448362,11543.19,29.076045340050378,68.6,True,59.31146410579345,Medium,Kochi,Treatment,0.15,Off-Peak Incentive,0.45,0.4872,True,75,51,0.5952380952380952
CUST02547,High_Mileage,428,136,0.3177570093457944,9655.28,22.55906542056075,67.8,True,59.30653037383178,Medium,Kochi,Treatment,0.15,Off-Peak Incentive,0.45,0.48560000000000003,True,80,56,0.5882352941176471
CUST00568,High_Mileage,437,134,0.3066361556064073,11880.29,27.186018306636154,68.7,True,59.299196224256306,Medium,Mumbai,Control,0.0,No Incentive,0.45,0.4874,False,0,134,0.0
CUST05836,High_Mileage,471,152,0.3227176220806794,11495.56,24.406709129511675,66.6,True,59.298704883227174,Medium,Delhi NCR,Control,0.0,No Incentive,0.45,0.4832,False,0,152,0.0
CUST03259,High_Mileage,407,133,0.3267813267813267,16101.63,39.56174447174447,67.4,True,59.297503071253075,Medium,Delhi NCR,Treatment,0.15,Off-Peak Incentive,0.45,0.4848,False,0,133,0.0
CUST03636,High_Mileage,461,147,0.3188720173535792,12615.65,27.36583514099783,67.1,True,59.29613069414317,Medium,Bengaluru,Control,0.0,No Incentive,0.45,0.4842,False,0,147,0.0
CUST05115,High_Mileage,412,131,0.3179611650485437,9889.08,24.0026213592233,68.1,True,59.29594660194175,Medium,Lucknow,Treatment,0.15,Off-Peak Incentive,0.45,0.4862,True,77,54,0.5877862595419847
CUST05308,High_Mileage,421,135,0.3206650831353919,12943.0,30.743467933491686,67.6,True,59.295353325415675,Medium,Ahmedabad,Control,0.0,No Incentive,0.45,0.4852,False,0,135,0.0
CUST01126,High_Mileage,327,114,0.3486238532110092,10305.88,31.516452599388376,67.0,True,59.28245412844037,Medium,Chandigarh,Treatment,0.15,Off-Peak Incentive,0.45,0.484,True,67,47,0.5877192982456141
CUST05413,High_Mileage,468,143,0.3055555555555556,9784.92,20.907948717948717,68.3,True,59.27597222222222,Medium,Bengaluru,Control,0.0,No Incentive,0.45,0.48660000000000003,False,0,143,0.0
CUST05320,High_Mileage,415,131,0.3156626506024096,8816.68,21.245012048192773,68.2,True,59.27275602409639,Medium,Pune,Control,0.0,No Incentive,0.45,0.4864,False,0,131,0.0
CUST01883,High_Mileage,501,155,0.3093812375249501,14486.7,28.91556886227545,67.5,True,59.27149950099801,Medium,Bengaluru,Control,0.0,No Incentive,0.45,0.485,False,0,155,0.0
CUST06155,High_Mileage,407,125,0.3071253071253071,13507.47,33.187886977886976,69.3,True,59.27126228501229,Medium,Bengaluru,Treatment,0.15,Off-Peak Incentive,0.45,0.48860000000000003,True,75,50,0.6
CUST04853,High_Mileage,418,127,0.3038277511961722,14954.42,35.776124401913876,69.3,True,59.26936004784689,Medium,Kolkata,Control,0.0,No Incentive,0.45,0.48860000000000003,False,0,127,0.0
CUST06660,High_Mileage,408,136,0.3333333333333333,8787.83,21.538799019607843,66.6,True,59.25958333333333,Medium,Chennai,Treatment,0.15,Off-Peak Incentive,0.45,0.4832,True,79,57,0.5808823529411765
CUST05913,High_Mileage,433,131,0.302540415704388,21677.77,50.064133949191685,69.1,True,59.25411662817552,Medium,Mumbai,Treatment,0.15,Off-Peak Incentive,0.45,0.4882,False,0,131,0.0
CUST00272,High_Mileage,460,138,0.3,14366.68,31.23191304347826,68.9,True,59.2525,Medium,Ahmedabad,Control,0.0,No Incentive,0.45,0.4878,False,0,138,0.0
CUST04553,High_Mileage,395,127,0.3215189873417721,8358.14,21.159848101265823,68.1,True,59.25200949367088,Medium,Hyderabad,Treatment,0.15,Off-Peak Incentive,0.45,0.4862,False,0,127,0.0
CUST01913,High_Mileage,415,132,0.3180722891566265,11502.75,27.71746987951807,67.9,True,59.24914156626507,Medium,Chennai,Control,0.0,No Incentive,0.45,0.4858,False,0,132,0.0
CUST06391,High_Mileage,365,113,0.3095890410958904,8293.21,22.72112328767123,70.0,True,59.24606164383562,Medium,Bengaluru,Control,0.0,No Incentive,0.45,0.49,False,0,113,0.0
CUST04032,High_Mileage,433,140,0.3233256351039261,8309.37,19.19023094688222,67.0,True,59.24552540415705,Medium,Hyderabad,Treatment,0.15,Off-Peak Incentive,0.45,0.484,True,82,58,0.5857142857142857
CUST07163,High_Mileage,514,164,0.3190661478599221,11848.35,23.05126459143969,66.4,True,59.24264591439689,Medium,Kolkata,Control,0.0,No Incentive,0.45,0.4828,False,0,164,0.0
CUST07089,High_Mileage,443,136,0.3069977426636568,14438.0,32.591422121896166,68.4,True,59.23865970654628,Medium,Ahmedabad,Treatment,0.15,Off-Peak Incentive,0.45,0.4868,True,81,55,0.5955882352941176
CUST06732,High_Mileage,484,154,0.3181818181818182,15335.79,31.685516528925618,66.7,True,59.237272727272725,Medium,Kolkata,Control,0.0,No Incentive,0.45,0.4834,False,0,154,0.0
CUST06749,High_Mileage,418,132,0.3157894736842105,10506.29,25.134665071770335,68.0,True,59.22782894736843,Medium,Delhi NCR,Treatment,0.15,Off-Peak Incentive,0.45,0.486,False,0,132,0.0
CUST03892,High_Mileage,430,133,0.3093023255813953,12807.46,29.784790697674417,68.4,True,59.22584302325582,Medium,Hyderabad,Control,0.0,No Incentive,0.45,0.4868,False,0,133,0.0
CUST01694,High_Mileage,519,158,0.3044315992292871,16383.93,31.56826589595376,67.8,True,59.22476396917149,Medium,Bengaluru,Treatment,0.15,Off-Peak Incentive,0.45,0.48560000000000003,True,93,65,0.5886075949367089
CUST05840,High_Mileage,409,134,0.3276283618581907,13996.65,34.22163814180929,67.0,True,59.20763447432763,Medium,Kochi,Treatment,0.15,Off-Peak Incentive,0.45,0.484,True,78,56,0.582089552238806
CUST07066,High_Mileage,407,128,0.3144963144963145,10945.17,26.892309582309583,68.4,True,59.20610257985258,Medium,Hyderabad,Treatment,0.15,Off-Peak Incentive,0.45,0.4868,False,0,128,0.0
CUST04692,High_Mileage,426,131,0.3075117370892019,12121.27,28.45368544600939,68.6,True,59.20171948356808,Medium,Mumbai,Control,0.0,No Incentive,0.45,0.4872,False,0,131,0.0
CUST00133,High_Mileage,346,120,0.3468208092485549,10114.3,29.232080924855488,66.5,True,59.194082369942194,Medium,Mumbai,Control,0.0,No Incentive,0.45,0.483,False,0,120,0.0
CUST05319,High_Mileage,385,123,0.3194805194805195,11842.77,30.76044155844156,68.4,True,59.190470779220774,Medium,Hyderabad,Control,0.0,No Incentive,0.45,0.4868,False,0,123,0.0
CUST04927,High_Mileage,438,133,0.3036529680365297,18569.7,42.39657534246575,68.7,True,59.1873687214612,Medium,Mumbai,Control,0.0,No Incentive,0.45,0.4874,False,0,133,0.0
CUST05255,High_Mileage,390,130,0.3333333333333333,8402.58,21.545076923076923,66.9,True,59.18083333333334,Medium,Ahmedabad,Control,0.0,No Incentive,0.45,0.4838,False,0,130,0.0
CUST00306,High_Mileage,458,144,0.314410480349345,13219.96,28.864541484716156,67.3,True,59.1776692139738,Medium,Hyderabad,Control,0.0,No Incentive,0.45,0.48460000000000003,False,0,144,0.0
CUST07373,High_Mileage,441,134,0.3038548752834467,20533.4,46.56099773242631,68.6,True,59.174195011337865,Medium,Chennai,Treatment,0.15,Off-Peak Incentive,0.45,0.4872,False,0,134,0.0
CUST02424,High_Mileage,406,138,0.3399014778325123,12630.01,31.108399014778325,65.8,True,59.16855911330049,Medium,Bengaluru,Control,0.0,No Incentive,0.45,0.48160000000000003,False,0,138,0.0
CUST06812,High_Mileage,489,148,0.3026584867075664,13316.01,27.231104294478527,68.0,True,59.16508946830266,Medium,Pune,Control,0.0,No Incentive,0.45,0.486,False,0,148,0.0
CUST05628,High_Mileage,399,137,0.3433583959899749,19189.27,48.09340852130326,65.6,True,59.16183583959899,Medium,Kolkata,Treatment,0.15,Off-Peak Incentive,0.45,0.4812,True,79,58,0.5766423357664233
CUST04077,High_Mileage,420,127,0.3023809523809523,9537.18,22.70757142857143,69.1,True,59.1527380952381,Medium,Chandigarh,Treatment,0.15,Off-Peak Incentive,0.45,0.4882,False,0,127,0.0
CUST04509,High_Mileage,391,126,0.3222506393861892,10057.56,25.722659846547312,67.9,True,59.15002557544757,Medium,Mumbai,Control,0.0,No Incentive,0.45,0.4858,False,0,126,0.0
CUST00247,High_Mileage,364,117,0.3214285714285714,13014.5,35.754120879120876,68.6,True,59.14714285714285,Medium,Mumbai,Treatment,0.15,Off-Peak Incentive,0.45,0.4872,True,69,48,0.5897435897435898
CUST01949,High_Mileage,392,124,0.3163265306122449,10261.75,26.177933673469383,68.4,True,59.1255612244898,Medium,Bengaluru,Control,0.0,No Incentive,0.45,0.4868,False,0,124,0.0
CUST06570,High_Mileage,400,124,0.31,12189.86,30.47465,68.8,True,59.11750000000001,Medium,Hyderabad,Treatment,0.15,Off-Peak Incentive,0.45,0.48760000000000003,False,0,124,0.0
CUST01181,High_Mileage,380,123,0.3236842105263158,14414.17,37.93202631578947,67.9,True,59.11361842105264,Medium,Hyderabad,Treatment,0.15,Off-Peak Incentive,0.45,0.4858,False,0,123,0.0
CUST00636,High_Mileage,439,134,0.3052391799544419,17293.8,39.39362186788155,68.3,True,59.098317198177675,Medium,Jaipur,Control,0.0,No Incentive,0.45,0.48660000000000003,False,0,134,0.0
CUST07034,High_Mileage,405,126,0.3111111111111111,8896.65,21.96703703703704,68.5,True,59.09444444444445,Medium,Delhi NCR,Treatment,0.15,Off-Peak Incentive,0.45,0.487,False,0,126,0.0
CUST00193,High_Mileage,370,116,0.3135135135135135,10866.62,29.369243243243247,69.1,True,59.08804054054054,Medium,Pune,Treatment,0.15,Off-Peak Incentive,0.45,0.4882,False,0,116,0.0
CUST03581,High_Mileage,351,125,0.3561253561253561,13895.69,39.5888603988604,65.2,True,59.08751424501425,Medium,Delhi NCR,Control,0.0,No Incentive,0.45,0.4804,False,0,125,0.0
CUST03998,High_Mileage,385,117,0.3038961038961039,9434.55,24.505324675324673,69.7,True,59.08709415584416,Medium,Jaipur,Control,0.0,No Incentive,0.45,0.4894,False,0,117,0.0
CUST07549,High_Mileage,386,121,0.3134715025906736,11337.29,29.371217616580314,68.7,True,59.07761010362695,Medium,Hyderabad,Treatment,0.15,Off-Peak Incentive,0.45,0.4874,False,0,121,0.0
CUST01204,High_Mileage,340,114,0.3352941176470588,9187.14,27.020999999999997,67.5,True,59.070514705882346,Medium,Kochi,Treatment,0.15,Off-Peak Incentive,0.45,0.485,True,67,47,0.5877192982456141
CUST03891,High_Mileage,379,122,0.3218997361477572,9033.88,23.836094986807385,68.0,True,59.06848944591029,Medium,Chennai,Control,0.0,No Incentive,0.45,0.486,False,0,122,0.0
CUST06427,High_Mileage,390,126,0.3230769230769231,16002.07,41.03094871794872,67.6,True,59.05057692307693,Medium,Kolkata,Control,0.0,No Incentive,0.45,0.4852,False,0,126,0.0
CUST04459,High_Mileage,446,135,0.3026905829596412,11222.63,25.162847533632284,68.3,True,59.04762331838565,Medium,Chennai,Control,0.0,No Incentive,0.45,0.48660000000000003,False,0,135,0.0
CUST02430,High_Mileage,371,121,0.3261455525606469,9537.85,25.708490566037735,67.7,True,59.03957210242588,Medium,Mumbai,Treatment,0.15,Off-Peak Incentive,0.45,0.4854,True,71,50,0.5867768595041323
CUST06056,High_Mileage,304,110,0.3618421052631579,10068.64,33.12052631578947,65.5,True,59.03493421052632,Medium,Bengaluru,Treatment,0.15,Off-Peak Incentive,0.45,0.481,False,0,110,0.0
CUST04574,High_Mileage,477,144,0.3018867924528302,17656.69,37.0161215932914,67.9,True,59.03047169811322,Medium,Ahmedabad,Treatment,0.15,Off-Peak Incentive,0.45,0.4858,False,0,144,0.0
CUST01564,High_Mileage,441,139,0.3151927437641723,17919.98,40.63487528344671,67.1,True,59.02770975056689,Medium,Mumbai,Treatment,0.15,Off-Peak Incentive,0.45,0.4842,True,81,58,0.5827338129496403
CUST04312,High_Mileage,354,108,0.3050847457627119,12449.87,35.169124293785316,70.1,True,59.02463983050848,Medium,Lucknow,Control,0.0,No Incentive,0.45,0.4902,False,0,108,0.0
CUST07193,High_Mileage,376,115,0.3058510638297872,10869.74,28.908882978723405,69.6,True,59.02279255319149,Medium,Chennai,Treatment,0.15,Off-Peak Incentive,0.45,0.4892,False,0,115,0.0
CUST05603,High_Mileage,433,134,0.3094688221709007,15063.89,34.78958429561201,67.8,True,59.01125288683603,Medium,Lucknow,Control,0.0,No Incentive,0.45,0.48560000000000003,False,0,134,0.0
CUST03527,High_Mileage,472,145,0.3072033898305085,10307.55,21.838029661016947,67.4,True,59.008135593220345,Medium,Kolkata,Control,0.0,No Incentive,0.45,0.4848,False,0,145,0.0
CUST02969,High_Mileage,342,118,0.3450292397660818,10182.54,29.773508771929823,66.3,True,59.00241959064327,Medium,Ahmedabad,Control,0.0,No Incentive,0.45,0.48260000000000003,False,0,118,0.0
CUST07881,High_Mileage,394,127,0.3223350253807107,13154.74,33.38766497461929,67.4,True,58.99215101522843,Medium,Ahmedabad,Treatment,0.15,Off-Peak Incentive,0.45,0.4848,False,0,127,0.0
CUST03400,High_Mileage,372,129,0.3467741935483871,11955.24,32.137741935483874,65.5,True,58.99096774193549,Medium,Lucknow,Control,0.0,No Incentive,0.45,0.481,False,0,129,0.0
CUST00699,High_Mileage,368,119,0.3233695652173913,14210.59,38.615733695652175,67.9,True,58.98603260869566,Medium,Jaipur,Control,0.0,No Incentive,0.45,0.4858,False,0,119,0.0
CUST07701,High_Mileage,379,123,0.3245382585751979,7918.57,20.893324538258575,67.5,True,58.974030343007925,Medium,Chennai,Control,0.0,No Incentive,0.45,0.485,False,0,123,0.0
CUST02229,High_Mileage,502,155,0.3087649402390438,16069.8,32.01155378486056,66.8,True,58.97184760956175,Medium,Hyderabad,Treatment,0.15,Off-Peak Incentive,0.45,0.48360000000000003,True,91,64,0.5870967741935483
CUST07064,High_Mileage,218,82,0.3761467889908257,6377.37,29.25399082568807,64.8,True,58.96837155963303,Medium,Chandigarh,Treatment,0.15,Off-Peak Incentive,0.45,0.4796,True,47,35,0.573170731707317
CUST06128,High_Mileage,331,115,0.3474320241691843,7910.1,23.897583081571,66.2,True,58.96228096676737,Medium,Pune,Control,0.0,No Incentive,0.45,0.4824,False,0,115,0.0
CUST03133,High_Mileage,388,125,0.3221649484536082,16399.85,42.267654639175255,67.5,True,58.95534793814433,Medium,Delhi NCR,Treatment,0.15,Off-Peak Incentive,0.45,0.485,True,73,52,0.584
CUST01572,High_Mileage,308,102,0.3311688311688311,12769.55,41.45957792207792,68.3,True,58.95300324675324,Medium,Delhi NCR,Treatment,0.15,Off-Peak Incentive,0.45,0.48660000000000003,True,60,42,0.5882352941176471
CUST03329,High_Mileage,394,127,0.3223350253807107,11510.3,29.213959390862943,67.3,True,58.952151015228424,Medium,Delhi NCR,Treatment,0.15,Off-Peak Incentive,0.45,0.48460000000000003,True,74,53,0.5826771653543307
CUST04005,High_Mileage,447,140,0.3131991051454139,14187.94,31.740357941834453,67.0,True,58.95171420581656,Medium,Hyderabad,Control,0.0,No Incentive,0.45,0.484,False,0,140,0.0
CUST06536,High_Mileage,401,126,0.314214463840399,16696.56,41.63730673316709,67.9,True,58.93982855361597,Medium,Kolkata,Control,0.0,No Incentive,0.45,0.4858,False,0,126,0.0
CUST01185,High_Mileage,348,118,0.3390804597701149,10970.76,31.525172413793104,66.6,True,58.93821839080459,Medium,Lucknow,Treatment,0.15,Off-Peak Incentive,0.45,0.4832,True,69,49,0.5847457627118644
CUST01726,High_Mileage,342,113,0.3304093567251462,7177.67,20.98733918128655,67.6,True,58.93762426900585,Medium,Pune,Control,0.0,No Incentive,0.45,0.4852,False,0,113,0.0
CUST03011,High_Mileage,369,121,0.3279132791327913,8236.55,22.321273712737124,67.3,True,58.93653116531165,Medium,Mumbai,Treatment,0.15,Off-Peak Incentive,0.45,0.48460000000000003,True,71,50,0.5867768595041323
CUST07112,High_Mileage,382,119,0.3115183246073298,11978.88,31.35832460732984,68.6,True,58.9332329842932,Medium,Hyderabad,Control,0.0,No Incentive,0.45,0.4872,False,0,119,0.0
CUST07681,High_Mileage,430,132,0.3069767441860465,13329.73,30.999372093023258,67.9,True,58.93281976744187,Medium,Chennai,Control,0.0,No Incentive,0.45,0.4858,False,0,132,0.0
CUST00623,High_Mileage,353,120,0.3399433427762039,11383.62,32.24821529745043,66.4,True,58.93273371104816,Medium,Ahmedabad,Treatment,0.15,Off-Peak Incentive,0.45,0.4828,True,70,50,0.5833333333333334
CUST07328,High_Mileage,424,129,0.3042452830188679,14700.65,34.67134433962264,68.3,True,58.93231132075472,Medium,Kolkata,Treatment,0.15,Off-Peak Incentive,0.45,0.48660000000000003,False,0,129,0.0
CUST06347,High_Mileage,433,130,0.3002309468822171,17945.18,41.4438337182448,68.5,True,58.921737875288684,Medium,Pune,Treatment,0.15,Off-Peak Incentive,0.45,0.487,True,77,53,0.5923076923076923
CUST00274,High_Mileage,398,123,0.3090452261306532,16560.27,41.60871859296483,68.4,True,58.90430904522613,Medium,Ahmedabad,Control,0.0,No Incentive,0.45,0.4868,False,0,123,0.0
CUST05452,High_Mileage,377,128,0.3395225464190981,12123.08,32.15671087533156,65.9,True,58.902151856763936,Medium,Bengaluru,Control,0.0,No Incentive,0.45,0.4818,False,0,128,0.0
CUST03372,High_Mileage,301,105,0.3488372093023256,9604.85,31.90980066445183,66.5,True,58.89848837209303,Medium,Hyderabad,Control,0.0,No Incentive,0.45,0.483,False,0,105,0.0
CUST01846,High_Mileage,380,122,0.3210526315789473,13408.21,35.28476315789474,67.6,True,58.8883552631579,Medium,Jaipur,Control,0.0,No Incentive,0.45,0.4852,False,0,122,0.0
CUST02867,High_Mileage,319,105,0.329153605015674,10119.36,31.72213166144201,68.1,True,58.88114420062696,Medium,Mumbai,Treatment,0.15,Off-Peak Incentive,0.45,0.4862,False,0,105,0.0
CUST07384,High_Mileage,383,116,0.3028720626631854,13862.75,36.195169712793735,69.3,True,58.87613250652741,Medium,Pune,Control,0.0,No Incentive,0.45,0.48860000000000003,False,0,116,0.0
CUST02122,High_Mileage,394,125,0.3172588832487309,14449.28,36.67329949238579,67.6,True,58.869105329949235,Medium,Mumbai,Treatment,0.15,Off-Peak Incentive,0.45,0.4852,False,0,125,0.0
CUST02057,High_Mileage,332,106,0.3192771084337349,8690.99,26.17768072289157,68.7,True,58.84608433734939,Medium,Ahmedabad,Treatment,0.15,Off-Peak Incentive,0.45,0.4874,False,0,106,0.0
CUST07344,High_Mileage,319,98,0.3072100313479624,11640.85,36.49169278996865,70.2,True,58.8434012539185,Medium,Jaipur,Control,0.0,No Incentive,0.45,0.4904,False,0,98,0.0
CUST00721,High_Mileage,336,111,0.3303571428571428,3947.58,11.74875,67.5,True,58.84053571428571,Medium,Delhi NCR,Control,0.0,No Incentive,0.45,0.485,False,0,111,0.0
CUST04298,High_Mileage,427,129,0.3021077283372365,6189.15,14.494496487119438,68.2,True,58.83680913348947,Medium,Kochi,Treatment,0.15,Off-Peak Incentive,0.45,0.4864,False,0,129,0.0
CUST04468,High_Mileage,392,129,0.3290816326530612,13060.32,33.317142857142855,66.4,True,58.835765306122454,Medium,Kolkata,Control,0.0,No Incentive,0.45,0.4828,False,0,129,0.0
CUST02925,High_Mileage,407,123,0.3022113022113022,14566.35,35.78955773955774,68.7,True,58.83470208845209,Medium,Bengaluru,Control,0.0,No Incentive,0.45,0.4874,False,0,123,0.0
CUST06234,High_Mileage,271,100,0.3690036900369003,7911.08,29.192177121771216,64.8,True,58.830147601476014,Medium,Pune,Control,0.0,No Incentive,0.45,0.4796,False,0,100,0.0
CUST03761,High_Mileage,396,123,0.3106060606060606,13339.09,33.684570707070705,68.1,True,58.827992424242424,Medium,Ahmedabad,Control,0.0,No Incentive,0.45,0.4862,False,0,123,0.0
CUST07997,High_Mileage,264,100,0.3787878787878788,5649.42,21.39931818181818,63.9,True,58.82776515151515,Medium,Mumbai,Treatment,0.15,Off-Peak Incentive,0.45,0.4778,False,0,100,0.0
CUST03255,High_Mileage,455,137,0.3010989010989011,12825.32,28.18751648351648,67.8,True,58.82645604395605,Medium,Chennai,Treatment,0.15,Off-Peak Incentive,0.45,0.48560000000000003,True,81,56,0.5912408759124088
CUST06315,High_Mileage,352,117,0.3323863636363636,14513.87,41.23258522727273,66.9,True,58.82420454545455,Medium,Mumbai,Treatment,0.15,Off-Peak Incentive,0.45,0.4838,False,0,117,0.0
CUST03980,High_Mileage,371,119,0.320754716981132,11934.7,32.169002695417795,67.7,True,58.82393867924528,Medium,Chennai,Control,0.0,No Incentive,0.45,0.4854,False,0,119,0.0
CUST03382,High_Mileage,395,120,0.3037974683544304,8814.18,22.31437974683544,68.8,True,58.823148734177224,Medium,Mumbai,Control,0.0,No Incentive,0.45,0.48760000000000003,False,0,120,0.0
CUST01038,High_Mileage,394,121,0.3071065989847715,6677.77,16.948654822335026,68.5,True,58.82301395939086,Medium,Chennai,Treatment,0.15,Off-Peak Incentive,0.45,0.487,True,72,49,0.5950413223140496
CUST01082,High_Mileage,330,104,0.3151515151515151,8036.08,24.351757575757578,69.1,True,58.819810606060614,Medium,Ahmedabad,Treatment,0.15,Off-Peak Incentive,0.45,0.4882,False,0,104,0.0
CUST01001,High_Mileage,400,127,0.3175,12605.33,31.513325,67.3,True,58.81750000000001,Medium,Bengaluru,Treatment,0.15,Off-Peak Incentive,0.45,0.48460000000000003,False,0,127,0.0
CUST07975,High_Mileage,275,90,0.3272727272727272,10927.39,39.735963636363635,68.9,True,58.81465909090909,Medium,Delhi NCR,Control,0.0,No Incentive,0.45,0.4878,False,0,90,0.0
CUST07896,High_Mileage,369,122,0.3306233062330623,10968.66,29.725365853658538,66.7,True,58.804932249322505,Medium,Pune,Control,0.0,No Incentive,0.45,0.4834,False,0,122,0.0
CUST04172,High_Mileage,404,124,0.3069306930693069,9919.54,24.55331683168317,68.2,True,58.79597772277228,Medium,Pune,Treatment,0.15,Off-Peak Incentive,0.45,0.4864,True,73,51,0.5887096774193549
CUST03689,High_Mileage,326,113,0.3466257668711656,13403.12,41.11386503067485,66.0,True,58.79503067484663,Medium,Bengaluru,Treatment,0.15,Off-Peak Incentive,0.45,0.482,True,66,47,0.584070796460177
CUST02797,High_Mileage,313,109,0.3482428115015974,10088.54,32.231757188498406,66.1,True,58.790962460063895,Medium,Hyderabad,Control,0.0,No Incentive,0.45,0.4822,False,0,109,0.0
CUST07519,High_Mileage,311,100,0.3215434083601286,11669.58,37.5227652733119,68.8,True,58.78298633440515,Medium,Pune,Treatment,0.15,Off-Peak Incentive,0.45,0.48760000000000003,False,0,100,0.0
CUST06030,High_Mileage,404,123,0.3044554455445544,7001.7,17.330940594059406,68.4,True,58.77696782178218,Medium,Jaipur,Control,0.0,No Incentive,0.45,0.4868,False,0,123,0.0
CUST07907,High_Mileage,341,110,0.3225806451612903,8666.83,25.415923753665687,68.0,True,58.77072580645162,Medium,Kochi,Treatment,0.15,Off-Peak Incentive,0.45,0.486,True,65,45,0.5909090909090909
CUST00873,High_Mileage,417,127,0.3045563549160671,7708.85,18.486450839328537,68.0,True,58.76475419664269,Medium,Lucknow,Treatment,0.15,Off-Peak Incentive,0.45,0.486,True,75,52,0.5905511811023622
CUST06178,High_Mileage,363,119,0.3278236914600551,12805.15,35.27589531680441,67.0,True,58.752947658402206,Medium,Chandigarh,Control,0.0,No Incentive,0.45,0.484,False,0,119,0.0
CUST06314,High_Mileage,414,125,0.3019323671497584,11260.91,27.20026570048309,68.3,True,58.75229468599034,Medium,Delhi NCR,Treatment,0.15,Off-Peak Incentive,0.45,0.48660000000000003,True,74,51,0.592
CUST05078,High_Mileage,375,116,0.3093333333333333,13189.71,35.17256,68.6,True,58.749583333333334,Medium,Hyderabad,Treatment,0.15,Off-Peak Incentive,0.45,0.4872,True,69,47,0.5948275862068966
CUST01266,Routine_Commuter,193,74,0.3834196891191709,4753.99,24.632072538860104,63.9,True,58.749287564766846,Medium,Bengaluru,Treatment,0.15,Off-Peak Incentive,0.35,0.37779999999999997,False,0,74,0.0
CUST01197,High_Mileage,383,122,0.3185378590078329,11371.88,29.69159268929504,67.4,True,58.74276436031331,Medium,Ahmedabad,Treatment,0.15,Off-Peak Incentive,0.45,0.4848,False,0,122,0.0
CUST00711,High_Mileage,347,116,0.3342939481268011,8899.49,25.646945244956772,66.6,True,58.739257925072046,Medium,Kolkata,Treatment,0.15,Off-Peak Incentive,0.45,0.4832,True,68,48,0.5862068965517241
CUST01870,High_Mileage,414,131,0.3164251207729469,11051.92,26.69545893719807,66.8,True,58.73200483091788,Medium,Hyderabad,Treatment,0.15,Off-Peak Incentive,0.45,0.48360000000000003,True,77,54,0.5877862595419847
CUST07854,High_Mileage,344,111,0.3226744186046512,9096.03,26.441947674418607,67.8,True,58.72947674418605,Medium,Pune,Treatment,0.15,Off-Peak Incentive,0.45,0.48560000000000003,True,65,46,0.5855855855855856
CUST07055,High_Mileage,326,113,0.3466257668711656,9824.87,30.13763803680982,65.8,True,58.71503067484662,Medium,Delhi NCR,Treatment,0.15,Off-Peak Incentive,0.45,0.48160000000000003,True,65,48,0.5752212389380531
CUST00238,High_Mileage,339,109,0.3215339233038348,11540.09,34.04156342182891,68.0,True,58.710106932153394,Medium,Kochi,Control,0.0,No Incentive,0.45,0.486,False,0,109,0.0
CUST04308,High_Mileage,400,125,0.3125,14080.38,35.20095,67.5,True,58.697500000000005,Medium,Mumbai,Control,0.0,No Incentive,0.45,0.485,False,0,125,0.0
CUST00401,High_Mileage,386,125,0.3238341968911917,11593.89,30.03598445595855,66.7,True,58.69211787564767,Medium,Hyderabad,Treatment,0.15,Off-Peak Incentive,0.45,0.4834,False,0,125,0.0
CUST06763,High_Mileage,365,113,0.3095890410958904,6851.49,18.771205479452053,68.6,True,58.686061643835615,Medium,Hyderabad,Treatment,0.15,Off-Peak Incentive,0.45,0.4872,False,0,113,0.0
CUST06822,High_Mileage,363,122,0.3360881542699724,12167.26,33.51862258953168,66.0,True,58.6835261707989,Medium,Bengaluru,Control,0.0,No Incentive,0.45,0.482,False,0,122,0.0
CUST05860,High_Mileage,250,92,0.368,8803.64,35.21456,64.7,True,58.68000000000001,Medium,Pune,Control,0.0,No Incentive,0.45,0.4794,False,0,92,0.0
CUST04636,High_Mileage,403,121,0.3002481389578164,12837.8,31.855583126550865,68.6,True,58.67617555831266,Medium,Jaipur,Control,0.0,No Incentive,0.45,0.4872,False,0,121,0.0
CUST02080,High_Mileage,370,114,0.3081081081081081,11655.4,31.50108108108108,68.6,True,58.67182432432432,Medium,Bengaluru,Treatment,0.15,Off-Peak Incentive,0.45,0.4872,True,68,46,0.5964912280701754
CUST07304,Routine_Commuter,178,67,0.3764044943820224,2172.31,12.203988764044944,65.3,True,58.671179775280905,Medium,Mumbai,Treatment,0.15,Off-Peak Incentive,0.35,0.3806,False,0,67,0.0
CUST07405,High_Mileage,319,110,0.3448275862068966,6958.04,21.812037617554857,66.0,True,58.668103448275865,Medium,Hyderabad,Treatment,0.15,Off-Peak Incentive,0.45,0.482,True,64,46,0.5818181818181818
CUST01566,High_Mileage,290,96,0.3310344827586207,8072.81,27.837275862068967,67.9,True,58.66137931034484,Medium,Hyderabad,Treatment,0.15,Off-Peak Incentive,0.45,0.4858,False,0,96,0.0
CUST05632,High_Mileage,365,120,0.3287671232876712,15721.99,43.073945205479454,66.6,True,58.65318493150684,Medium,Bengaluru,Control,0.0,No Incentive,0.45,0.4832,False,0,120,0.0
CUST06561,High_Mileage,409,123,0.3007334963325183,12680.23,31.003007334963325,68.3,True,58.651839853300736,Medium,Kolkata,Treatment,0.15,Off-Peak Incentive,0.45,0.48660000000000003,False,0,123,0.0
CUST06652,High_Mileage,359,113,0.3147632311977716,11769.8,32.784958217270194,68.1,True,58.64802924791086,Medium,Hyderabad,Treatment,0.15,Off-Peak Incentive,0.45,0.4862,False,0,113,0.0
CUST06909,High_Mileage,378,117,0.3095238095238095,12528.3,33.14365079365079,68.2,True,58.63845238095239,Medium,Pune,Treatment,0.15,Off-Peak Incentive,0.45,0.4864,False,0,117,0.0
CUST01118,High_Mileage,276,91,0.3297101449275362,9174.87,33.24228260869565,68.2,True,58.63715579710144,Medium,Jaipur,Control,0.0,No Incentive,0.45,0.4864,False,0,91,0.0
CUST00184,High_Mileage,415,126,0.3036144578313253,4940.31,11.904361445783133,67.8,True,58.63082831325301,Medium,Pune,Treatment,0.15,Off-Peak Incentive,0.45,0.48560000000000003,False,0,126,0.0
CUST04460,High_Mileage,342,109,0.3187134502923976,8585.85,25.10482456140351,68.0,True,58.62978801169591,Medium,Chennai,Control,0.0,No Incentive,0.45,0.486,False,0,109,0.0
CUST04204,High_Mileage,328,104,0.3170731707317073,4224.31,12.878993902439026,68.5,True,58.629176829268296,Medium,Delhi NCR,Treatment,0.15,Off-Peak Incentive,0.45,0.487,True,62,42,0.5961538461538461
CUST05778,High_Mileage,389,124,0.3187660668380462,10628.76,27.323290488431876,67.0,True,58.62564267352185,Medium,Bengaluru,Control,0.0,No Incentive,0.45,0.484,False,0,124,0.0
CUST06321,High_Mileage,357,113,0.3165266106442577,11830.79,33.139467787114846,67.9,True,58.62356442577031,Medium,Delhi NCR,Treatment,0.15,Off-Peak Incentive,0.45,0.4858,True,67,46,0.5929203539823009
CUST03146,High_Mileage,284,98,0.3450704225352112,7219.69,25.42144366197183,66.5,True,58.619066901408445,Medium,Ahmedabad,Control,0.0,No Incentive,0.45,0.483,False,0,98,0.0
CUST03125,High_Mileage,354,115,0.3248587570621469,10897.73,30.78454802259887,67.1,True,58.61560028248588,Medium,Pune,Control,0.0,No Incentive,0.45,0.4842,False,0,115,0.0
CUST07585,High_Mileage,291,101,0.3470790378006873,12793.27,43.96312714776632,66.1,True,58.591911512027494,Medium,Jaipur,Control,0.0,No Incentive,0.45,0.4822,False,0,101,0.0
CUST05606,High_Mileage,322,106,0.3291925465838509,8195.21,25.45096273291925,67.3,True,58.587701863354035,Medium,Bengaluru,Control,0.0,No Incentive,0.45,0.48460000000000003,False,0,106,0.0
CUST02150,High_Mileage,314,113,0.3598726114649681,7992.86,25.45496815286624,64.4,True,58.58365445859873,Medium,Hyderabad,Control,0.0,No Incentive,0.45,0.4788,False,0,113,0.0
CUST04203,High_Mileage,321,107,0.3333333333333333,5938.8,18.500934579439253,66.9,True,58.583333333333336,Medium,Delhi NCR,Control,0.0,No Incentive,0.45,0.4838,False,0,107,0.0
CUST06404,Routine_Commuter,189,72,0.3809523809523809,2892.33,15.303333333333333,63.9,True,58.58309523809524,Medium,Ahmedabad,Control,0.0,No Incentive,0.35,0.37779999999999997,False,0,72,0.0
CUST02149,High_Mileage,347,107,0.30835734870317,9683.61,27.906657060518732,68.8,True,58.5817939481268,Medium,Lucknow,Treatment,0.15,Off-Peak Incentive,0.45,0.48760000000000003,True,64,43,0.5981308411214953
CUST03026,High_Mileage,375,120,0.32,12504.79,33.34610666666667,67.1,True,58.57625,Medium,Hyderabad,Control,0.0,No Incentive,0.45,0.4842,False,0,120,0.0
CUST06313,High_Mileage,321,105,0.3271028037383177,6375.58,19.861619937694705,67.5,True,58.57411214953271,Medium,Pune,Control,0.0,No Incentive,0.45,0.485,False,0,105,0.0
CUST07799,High_Mileage,344,110,0.3197674418604651,10207.5,29.67296511627907,67.7,True,58.57319767441861,Medium,Delhi NCR,Control,0.0,No Incentive,0.45,0.4854,False,0,110,0.0
CUST05950,High_Mileage,325,107,0.3292307692307692,10768.35,33.133384615384614,67.2,True,58.57298076923078,Medium,Mumbai,Treatment,0.15,Off-Peak Incentive,0.45,0.4844,False,0,107,0.0
CUST02273,High_Mileage,322,102,0.3167701863354037,11837.86,36.76354037267081,68.5,True,58.57080745341615,Medium,Bengaluru,Treatment,0.15,Off-Peak Incentive,0.45,0.487,False,0,102,0.0
CUST01632,High_Mileage,325,105,0.3230769230769231,10860.6,33.41723076923077,67.8,True,58.56682692307693,Medium,Lucknow,Control,0.0,No Incentive,0.45,0.48560000000000003,False,0,105,0.0
CUST04767,High_Mileage,313,104,0.3322683706070287,9168.19,29.291341853035146,67.1,True,58.55198482428115,Medium,Chennai,Treatment,0.15,Off-Peak Incentive,0.45,0.4842,False,0,104,0.0
CUST05000,High_Mileage,274,92,0.3357664233576642,7152.36,26.103503649635034,67.4,True,58.55065693430657,Medium,Jaipur,Treatment,0.15,Off-Peak Incentive,0.45,0.4848,False,0,92,0.0
CUST03745,High_Mileage,334,103,0.3083832335329341,11633.08,34.82958083832335,69.0,True,58.54407934131737,Medium,Jaipur,Treatment,0.15,Off-Peak Incentive,0.45,0.488,True,61,42,0.5922330097087378
CUST04965,High_Mileage,378,121,0.3201058201058201,12236.48,32.37164021164021,66.9,True,58.54173280423281,Medium,Delhi NCR,Treatment,0.15,Off-Peak Incentive,0.45,0.4838,False,0,121,0.0
CUST04656,High_Mileage,368,116,0.3152173913043478,10567.42,28.715815217391302,67.6,True,58.53994565217391,Medium,Delhi NCR,Treatment,0.15,Off-Peak Incentive,0.45,0.4852,False,0,116,0.0
CUST03704,High_Mileage,350,107,0.3057142857142857,10087.67,28.82191428571429,68.9,True,58.53982142857143,Medium,Mumbai,Treatment,0.15,Off-Peak Incentive,0.45,0.4878,True,64,43,0.5981308411214953
CUST02977,Routine_Commuter,178,68,0.3820224719101123,3392.08,19.056629213483145,64.4,True,58.5358988764045,Medium,Mumbai,Treatment,0.15,Off-Peak Incentive,0.35,0.37879999999999997,False,0,68,0.0
CUST04808,High_Mileage,350,110,0.3142857142857143,10955.3,31.30085714285714,68.0,True,58.52267857142857,Medium,Hyderabad,Treatment,0.15,Off-Peak Incentive,0.45,0.486,True,65,45,0.5909090909090909
CUST03999,High_Mileage,329,102,0.3100303951367781,8738.12,26.559635258358664,68.9,True,58.52121580547113,Medium,Delhi NCR,Treatment,0.15,Off-Peak Incentive,0.45,0.4878,True,61,41,0.5980392156862745
CUST00439,High_Mileage,364,120,0.3296703296703296,13700.43,37.638543956043954,66.2,True,58.51681318681319,Medium,Kolkata,Control,0.0,No Incentive,0.45,0.4824,False,0,120,0.0
CUST01136,High_Mileage,352,109,0.3096590909090909,9375.24,26.634204545454544,68.4,True,58.51511363636364,Medium,Delhi NCR,Treatment,0.15,Off-Peak Incentive,0.45,0.4868,False,0,109,0.0
CUST03937,Routine_Commuter,185,72,0.3891891891891892,2591.4,14.007567567567568,63.1,True,58.51381756756757,Medium,Bengaluru,Control,0.0,No Incentive,0.35,0.3762,False,0,72,0.0
CUST07026,High_Mileage,298,115,0.3859060402684564,8932.49,29.97479865771812,61.9,True,58.51374161073826,Medium,Jaipur,Control,0.0,No Incentive,0.45,0.4738,False,0,115,0.0
CUST07161,High_Mileage,350,112,0.32,10609.3,30.31228571428571,67.4,True,58.51125,Medium,Pune,Treatment,0.15,Off-Peak Incentive,0.45,0.4848,False,0,112,0.0
CUST07859,High_Mileage,387,120,0.3100775193798449,9820.89,25.376976744186045,67.6,True,58.5068507751938,Medium,Bengaluru,Treatment,0.15,Off-Peak Incentive,0.45,0.4852,False,0,120,0.0
CUST04184,High_Mileage,329,117,0.3556231003039514,8160.99,24.805440729483283,64.3,True,58.50492401215806,Medium,Jaipur,Control,0.0,No Incentive,0.45,0.4786,False,0,117,0.0
CUST01804,High_Mileage,402,121,0.3009950248756219,7942.06,19.75636815920398,68.1,True,58.50105099502487,Medium,Chennai,Control,0.0,No Incentive,0.45,0.4862,False,0,121,0.0
CUST01062,High_Mileage,399,124,0.3107769423558897,15184.68,38.05684210526316,67.2,True,58.49857769423559,Medium,Chennai,Control,0.0,No Incentive,0.45,0.4844,False,0,124,0.0
CUST07400,High_Mileage,257,93,0.3618677042801556,7761.12,30.198910505836576,64.8,True,58.48970817120623,Medium,Kolkata,Control,0.0,No Incentive,0.45,0.4796,False,0,93,0.0
CUST05286,High_Mileage,384,121,0.3151041666666667,13985.08,36.41947916666667,67.1,True,58.48916666666667,Medium,Mumbai,Control,0.0,No Incentive,0.45,0.4842,False,0,121,0.0
CUST02132,High_Mileage,345,108,0.3130434782608696,9157.45,26.543333333333337,68.1,True,58.47548913043478,Medium,Hyderabad,Control,0.0,No Incentive,0.45,0.4862,False,0,108,0.0
CUST00550,High_Mileage,340,112,0.3294117647058823,7282.55,21.41926470588235,66.6,True,58.47522058823529,Medium,Mumbai,Treatment,0.15,Off-Peak Incentive,0.45,0.4832,True,65,47,0.5803571428571429
CUST05906,High_Mileage,353,111,0.3144475920679886,7772.56,22.0185835694051,67.8,True,58.47290368271955,Medium,Chennai,Control,0.0,No Incentive,0.45,0.48560000000000003,False,0,111,0.0
CUST01264,High_Mileage,281,86,0.3060498220640569,6182.03,22.000106761565835,70.1,True,58.47199288256227,Medium,Chennai,Treatment,0.15,Off-Peak Incentive,0.45,0.4902,False,0,86,0.0
CUST04483,Routine_Commuter,169,70,0.4142011834319526,2889.5,17.097633136094675,61.9,True,58.470547337278106,Medium,Delhi NCR,Control,0.0,No Incentive,0.35,0.37379999999999997,False,0,70,0.0
CUST07697,High_Mileage,378,118,0.3121693121693121,13137.97,34.75653439153439,67.5,True,58.46427248677249,Medium,Hyderabad,Control,0.0,No Incentive,0.45,0.485,False,0,118,0.0
CUST05067,High_Mileage,344,118,0.3430232558139535,9457.26,27.49203488372093,65.1,True,58.46343023255814,Medium,Lucknow,Treatment,0.15,Off-Peak Incentive,0.45,0.4802,False,0,118,0.0
CUST05070,High_Mileage,334,108,0.3233532934131736,13938.55,41.73218562874251,67.3,True,58.462881736526946,Medium,Bengaluru,Control,0.0,No Incentive,0.45,0.48460000000000003,False,0,108,0.0
CUST01485,High_Mileage,349,112,0.3209169054441261,9770.4,27.995415472779367,67.2,True,58.45792621776505,Medium,Chennai,Treatment,0.15,Off-Peak Incentive,0.45,0.4844,True,66,46,0.5892857142857143
CUST00450,High_Mileage,287,98,0.3414634146341463,5530.09,19.268606271777003,66.4,True,58.452286585365854,Medium,Pune,Control,0.0,No Incentive,0.45,0.4828,False,0,98,0.0
CUST05254,High_Mileage,332,103,0.3102409638554217,9876.79,29.74936746987952,68.6,True,58.444638554216866,Medium,Chennai,Treatment,0.15,Off-Peak Incentive,0.45,0.4872,False,0,103,0.0
CUST00421,High_Mileage,295,96,0.3254237288135593,4615.68,15.646372881355934,67.8,True,58.43569915254237,Medium,Chandigarh,Control,0.0,No Incentive,0.45,0.48560000000000003,False,0,96,0.0
CUST02857,High_Mileage,376,117,0.3111702127659574,11738.73,31.22002659574468,67.6,True,58.4355585106383,Medium,Pune,Treatment,0.15,Off-Peak Incentive,0.45,0.4852,True,69,48,0.5897435897435898
CUST04891,High_Mileage,356,110,0.3089887640449438,11256.19,31.618511235955054,68.2,True,58.43330056179775,Medium,Jaipur,Control,0.0,No Incentive,0.45,0.4864,False,0,110,0.0
CUST02636,High_Mileage,379,119,0.3139841688654353,9419.12,24.85255936675462,67.2,True,58.43186675461742,Medium,Jaipur,Control,0.0,No Incentive,0.45,0.4844,False,0,119,0.0
CUST04391,High_Mileage,334,107,0.3203592814371258,10969.55,32.84296407185629,67.5,True,58.42312125748503,Medium,Bengaluru,Control,0.0,No Incentive,0.45,0.485,False,0,107,0.0
CUST03424,High_Mileage,357,109,0.3053221288515406,10646.06,29.820896358543415,68.5,True,58.41538515406163,Medium,Chandigarh,Control,0.0,No Incentive,0.45,0.487,False,0,109,0.0
CUST01206,Routine_Commuter,203,72,0.354679802955665,5962.46,29.371724137931036,65.7,True,58.40719211822661,Medium,Chandigarh,Control,0.0,No Incentive,0.35,0.38139999999999996,False,0,72,0.0
CUST01799,High_Mileage,323,98,0.3034055727554179,9713.31,30.072167182662536,69.4,True,58.40622291021673,Medium,Kochi,Control,0.0,No Incentive,0.45,0.4888,False,0,98,0.0
CUST05687,High_Mileage,342,104,0.3040935672514619,9867.93,28.85359649122807,68.9,True,58.40499269005848,Medium,Bengaluru,Treatment,0.15,Off-Peak Incentive,0.45,0.4878,True,62,42,0.5961538461538461
CUST07426,High_Mileage,243,84,0.345679012345679,6124.27,25.202757201646097,66.3,True,58.39966049382716,Medium,Delhi NCR,Control,0.0,No Incentive,0.45,0.48260000000000003,False,0,84,0.0
CUST04772,High_Mileage,300,98,0.3266666666666666,10564.13,35.213766666666665,67.5,True,58.399166666666666,Medium,Hyderabad,Treatment,0.15,Off-Peak Incentive,0.45,0.485,True,58,40,0.5918367346938775
CUST00588,High_Mileage,284,93,0.3274647887323944,8053.64,28.357887323943665,67.7,True,58.394841549295776,Medium,Pune,Control,0.0,No Incentive,0.45,0.4854,False,0,93,0.0
CUST07780,Routine_Commuter,187,72,0.3850267379679144,3678.98,19.67368983957219,63.1,True,58.393569518716575,Medium,Bengaluru,Treatment,0.15,Off-Peak Incentive,0.35,0.3762,True,41,31,0.5694444444444444
CUST01926,High_Mileage,355,114,0.3211267605633803,8475.95,23.87591549295775,66.9,True,58.39257042253522,Medium,Bengaluru,Control,0.0,No Incentive,0.45,0.4838,False,0,114,0.0
CUST01481,High_Mileage,318,98,0.3081761006289308,10403.39,32.71506289308176,69.0,True,58.390794025157234,Medium,Kolkata,Control,0.0,No Incentive,0.45,0.488,False,0,98,0.0
CUST07627,High_Mileage,222,82,0.3693693693693693,8889.51,40.04283783783784,64.0,True,58.38727477477478,Medium,Hyderabad,Treatment,0.15,Off-Peak Incentive,0.45,0.47800000000000004,False,0,82,0.0
CUST06668,Routine_Commuter,180,69,0.3833333333333333,5578.2300000000005,30.99016666666667,63.7,True,58.38708333333334,Medium,Ahmedabad,Control,0.0,No Incentive,0.35,0.37739999999999996,False,0,69,0.0
CUST03249,High_Mileage,278,94,0.3381294964028777,14591.49,52.48737410071942,66.7,True,58.380179856115106,Medium,Jaipur,Control,0.0,No Incentive,0.45,0.4834,False,0,94,0.0
CUST02595,High_Mileage,328,99,0.3018292682926829,15049.66,45.88310975609756,69.4,True,58.37942073170733,Medium,Pune,Control,0.0,No Incentive,0.45,0.4888,False,0,99,0.0
CUST03888,High_Mileage,348,110,0.3160919540229885,9967.98,28.643620689655172,67.5,True,58.37867816091954,Medium,Delhi NCR,Treatment,0.15,Off-Peak Incentive,0.45,0.485,True,65,45,0.5909090909090909
CUST00154,High_Mileage,330,102,0.3090909090909091,10348.71,31.35972727272727,68.6,True,58.37738636363636,Medium,Kolkata,Control,0.0,No Incentive,0.45,0.4872,False,0,102,0.0
CUST07036,High_Mileage,306,97,0.3169934640522875,8641.63,28.24062091503268,68.3,True,58.37598856209151,Medium,Kolkata,Control,0.0,No Incentive,0.45,0.48660000000000003,False,0,97,0.0
CUST04353,High_Mileage,355,111,0.3126760563380282,7468.01,21.036647887323944,67.7,True,58.374542253521135,Medium,Delhi NCR,Treatment,0.15,Off-Peak Incentive,0.45,0.4854,True,65,46,0.5855855855855856
CUST00593,High_Mileage,395,123,0.3113924050632911,10488.26,26.552556962025317,66.9,True,58.36694620253165,Medium,Chennai,Treatment,0.15,Off-Peak Incentive,0.45,0.4838,True,72,51,0.5853658536585366
CUST03974,High_Mileage,301,101,0.335548172757475,9776.35,32.47956810631229,66.5,True,58.366926910299,Medium,Bengaluru,Treatment,0.15,Off-Peak Incentive,0.45,0.483,True,59,42,0.5841584158415841
CUST00534,High_Mileage,340,108,0.3176470588235294,10416.72,30.63741176470588,67.5,True,58.36463235294117,Medium,Hyderabad,Control,0.0,No Incentive,0.45,0.485,False,0,108,0.0
CUST05244,High_Mileage,269,90,0.3345724907063197,7971.7,29.63457249070632,67.1,True,58.36414962825279,Medium,Ahmedabad,Treatment,0.15,Off-Peak Incentive,0.45,0.4842,True,53,37,0.5888888888888889
CUST05684,High_Mileage,381,117,0.3070866141732283,9574.64,25.13028871391076,67.6,True,58.344714566929134,Medium,Delhi NCR,Control,0.0,No Incentive,0.45,0.4852,False,0,117,0.0
CUST04069,High_Mileage,298,103,0.3456375838926174,7158.55,24.02197986577181,65.5,True,58.3430033557047,Medium,Pune,Control,0.0,No Incentive,0.45,0.481,False,0,103,0.0
CUST04511,High_Mileage,266,86,0.3233082706766917,7257.27,27.282969924812033,68.2,True,58.338580827067666,Medium,Delhi NCR,Treatment,0.15,Off-Peak Incentive,0.45,0.4864,True,51,35,0.5930232558139535
CUST01242,High_Mileage,337,106,0.314540059347181,9056.67,26.87439169139466,67.8,True,58.33410237388725,Medium,Hyderabad,Control,0.0,No Incentive,0.45,0.48560000000000003,False,0,106,0.0
CUST07038,High_Mileage,318,102,0.320754716981132,12409.45,39.023427672955975,67.6,True,58.33393867924528,Medium,Mumbai,Control,0.0,No Incentive,0.45,0.4852,False,0,102,0.0
CUST04649,High_Mileage,366,114,0.3114754098360656,10413.72,28.4527868852459,67.5,True,58.332766393442625,Medium,Pune,Treatment,0.15,Off-Peak Incentive,0.45,0.485,False,0,114,0.0
CUST05439,High_Mileage,329,109,0.331306990881459,10604.06,32.23118541033435,66.3,True,58.33227963525836,Medium,Hyderabad,Treatment,0.15,Off-Peak Incentive,0.45,0.48260000000000003,True,63,46,0.5779816513761468
CUST02836,Routine_Commuter,196,68,0.3469387755102041,4260.75,21.738520408163264,66.4,True,58.318801020408166,Medium,Chennai,Treatment,0.15,Off-Peak Incentive,0.35,0.3828,False,0,68,0.0
CUST00209,High_Mileage,289,95,0.328719723183391,9011.96,31.183252595155707,67.3,True,58.31753892733564,Medium,Bengaluru,Treatment,0.15,Off-Peak Incentive,0.45,0.48460000000000003,True,56,39,0.5894736842105263
CUST01129,High_Mileage,300,100,0.3333333333333333,8419.39,28.064633333333333,66.6,True,58.30583333333333,Medium,Bengaluru,Treatment,0.15,Off-Peak Incentive,0.45,0.4832,False,0,100,0.0
CUST07382,High_Mileage,370,115,0.3108108108108108,10618.9,28.69972972972973,67.4,True,58.299932432432435,Medium,Mumbai,Control,0.0,No Incentive,0.45,0.4848,False,0,115,0.0
CUST00050,High_Mileage,282,96,0.3404255319148936,9152.05,32.4540780141844,66.2,True,58.29952127659575,Medium,Pune,Treatment,0.15,Off-Peak Incentive,0.45,0.4824,False,0,96,0.0
CUST05459,High_Mileage,317,104,0.3280757097791798,9140.33,28.83384858044164,66.8,True,58.296778391167194,Medium,Chennai,Treatment,0.15,Off-Peak Incentive,0.45,0.48360000000000003,True,61,43,0.5865384615384616
CUST04940,High_Mileage,312,98,0.3141025641025641,4222.95,13.535096153846151,68.3,True,58.29535256410256,Medium,Bengaluru,Control,0.0,No Incentive,0.45,0.48660000000000003,False,0,98,0.0
CUST05086,High_Mileage,282,92,0.3262411347517731,9597.1,34.032269503546104,67.6,True,58.29214539007093,Medium,Mumbai,Control,0.0,No Incentive,0.45,0.4852,False,0,92,0.0
CUST06508,High_Mileage,342,103,0.3011695906432748,10662.44,31.17672514619883,68.9,True,58.288033625731,Medium,Chandigarh,Control,0.0,No Incentive,0.45,0.4878,False,0,103,0.0
CUST04020,High_Mileage,300,98,0.3266666666666666,8119.19,27.063966666666666,67.2,True,58.27916666666667,Medium,Ahmedabad,Control,0.0,No Incentive,0.45,0.4844,False,0,98,0.0
CUST01237,High_Mileage,266,97,0.3646616541353383,7780.5,29.25,63.9,True,58.272716165413534,Medium,Kochi,Treatment,0.15,Off-Peak Incentive,0.45,0.4778,True,55,42,0.5670103092783505
CUST01234,High_Mileage,297,95,0.3198653198653198,11524.68,38.803636363636365,67.9,True,58.2646127946128,Medium,Delhi NCR,Treatment,0.15,Off-Peak Incentive,0.45,0.4858,False,0,95,0.0
CUST07129,High_Mileage,334,102,0.3053892215568862,12478.02,37.35934131736527,68.6,True,58.264318862275445,Medium,Ahmedabad,Control,0.0,No Incentive,0.45,0.4872,False,0,102,0.0
CUST06568,High_Mileage,287,92,0.3205574912891986,3597.31,12.53418118466899,68.0,True,58.25604965156795,Medium,Ahmedabad,Control,0.0,No Incentive,0.45,0.486,False,0,92,0.0
CUST02965,High_Mileage,333,106,0.3183183183183183,13868.08,41.64588588588589,67.3,True,58.25398273273274,Medium,Chennai,Control,0.0,No Incentive,0.45,0.48460000000000003,False,0,106,0.0
CUST05512,High_Mileage,351,106,0.301994301994302,8963.98,25.53840455840456,68.5,True,58.24227207977208,Medium,Bengaluru,Treatment,0.15,Off-Peak Incentive,0.45,0.487,True,63,43,0.5943396226415094
CUST01688,High_Mileage,345,107,0.3101449275362319,9993.36,28.966260869565215,67.8,True,58.23954710144928,Medium,Jaipur,Control,0.0,No Incentive,0.45,0.48560000000000003,False,0,107,0.0
CUST04175,High_Mileage,376,114,0.3031914893617021,12825.61,34.11066489361702,67.9,True,58.23640957446808,Medium,Chandigarh,Control,0.0,No Incentive,0.45,0.4858,False,0,114,0.0
CUST05415,High_Mileage,281,95,0.3380782918149466,6512.83,23.177330960854093,66.3,True,58.233131672597864,Medium,Lucknow,Treatment,0.15,Off-Peak Incentive,0.45,0.48260000000000003,False,0,95,0.0
CUST00775,High_Mileage,320,101,0.315625,11944.91,37.32784375,67.8,True,58.228750000000005,Medium,Bengaluru,Control,0.0,No Incentive,0.45,0.48560000000000003,False,0,101,0.0
CUST03302,High_Mileage,353,106,0.3002832861189802,6015.39,17.040764872521247,68.6,True,58.22633144475921,Medium,Bengaluru,Control,0.0,No Incentive,0.45,0.4872,False,0,106,0.0
CUST02247,High_Mileage,401,124,0.3092269326683292,15312.54,38.18588528678305,66.6,True,58.22032730673317,Medium,Pune,Treatment,0.15,Off-Peak Incentive,0.45,0.4832,True,72,52,0.5806451612903226
CUST02133,High_Mileage,266,90,0.3383458646616541,14012.16,52.67729323308271,66.4,True,58.22008458646616,Medium,Chandigarh,Treatment,0.15,Off-Peak Incentive,0.45,0.4828,True,52,38,0.5777777777777777
CUST04942,High_Mileage,287,90,0.313588850174216,8144.75,28.378919860627175,68.6,True,58.21730400696864,Medium,Kochi,Control,0.0,No Incentive,0.45,0.4872,False,0,90,0.0
CUST00539,High_Mileage,287,90,0.313588850174216,10074.3,35.10209059233449,68.6,True,58.21730400696864,Medium,Chennai,Treatment,0.15,Off-Peak Incentive,0.45,0.4872,False,0,90,0.0
CUST06113,High_Mileage,339,102,0.3008849557522124,7018.6,20.70383480825959,68.8,True,58.20414823008851,Medium,Kochi,Treatment,0.15,Off-Peak Incentive,0.45,0.48760000000000003,False,0,102,0.0
CUST00802,High_Mileage,304,93,0.3059210526315789,8122.62,26.719144736842104,69.0,True,58.19809210526316,Medium,Delhi NCR,Treatment,0.15,Off-Peak Incentive,0.45,0.488,True,55,38,0.5913978494623656
CUST03001,Routine_Commuter,183,63,0.3442622950819672,6081.38,33.23158469945355,66.9,True,58.19174180327869,Medium,Mumbai,Treatment,0.15,Off-Peak Incentive,0.35,0.3838,False,0,63,0.0
CUST05096,High_Mileage,310,97,0.3129032258064516,7447.11,24.022935483870967,68.2,True,58.19112903225806,Medium,Delhi NCR,Control,0.0,No Incentive,0.45,0.4864,False,0,97,0.0
CUST04030,High_Mileage,295,93,0.3152542372881356,4777.37,16.194474576271187,68.2,True,58.188919491525425,Medium,Kochi,Control,0.0,No Incentive,0.45,0.4864,False,0,93,0.0
CUST00749,High_Mileage,260,85,0.3269230769230769,11046.27,42.485653846153845,67.5,True,58.180673076923085,Medium,Bengaluru,Treatment,0.15,Off-Peak Incentive,0.45,0.485,False,0,85,0.0
CUST01918,Routine_Commuter,210,72,0.3428571428571428,5040.03,24.000142857142855,66.2,True,58.18053571428571,Medium,Pune,Control,0.0,No Incentive,0.35,0.38239999999999996,False,0,72,0.0
CUST01042,High_Mileage,306,97,0.3169934640522875,8131.11,26.572254901960783,67.8,True,58.175988562091504,Medium,Chennai,Control,0.0,No Incentive,0.45,0.48560000000000003,False,0,97,0.0
CUST06870,High_Mileage,275,90,0.3272727272727272,7346.57,26.7148,67.3,True,58.17465909090909,Medium,Kolkata,Treatment,0.15,Off-Peak Incentive,0.45,0.48460000000000003,True,53,37,0.5888888888888889
CUST05196,Routine_Commuter,167,62,0.3712574850299401,4832.4,28.936526946107783,65.7,True,58.17154940119761,Medium,Hyderabad,Control,0.0,No Incentive,0.35,0.38139999999999996,False,0,62,0.0
CUST01630,High_Mileage,281,94,0.3345195729537366,8238.88,29.31985765124555,66.5,True,58.17078291814947,Medium,Kochi,Treatment,0.15,Off-Peak Incentive,0.45,0.483,True,55,39,0.5851063829787234
CUST04277,High_Mileage,313,100,0.3194888178913738,7544.29,24.103162939297125,67.4,True,58.16080271565495,Medium,Jaipur,Control,0.0,No Incentive,0.45,0.4848,False,0,100,0.0
CUST02862,High_Mileage,300,92,0.3066666666666666,7684.98,25.6166,68.9,True,58.15916666666667,Medium,Kolkata,Control,0.0,No Incentive,0.45,0.4878,False,0,92,0.0
CUST05062,High_Mileage,269,87,0.3234200743494423,6823.96,25.367881040892193,67.7,True,58.15805297397769,Medium,Kochi,Control,0.0,No Incentive,0.45,0.4854,False,0,87,0.0
CUST07505,Routine_Commuter,177,65,0.3672316384180791,4132.85,23.34943502824859,65.0,True,58.15801553672316,Medium,Mumbai,Treatment,0.15,Off-Peak Incentive,0.35,0.38,True,37,28,0.5692307692307692
CUST00862,High_Mileage,380,120,0.3157894736842105,9824.21,25.853184210526315,66.3,True,58.15782894736842,Medium,Hyderabad,Control,0.0,No Incentive,0.45,0.48260000000000003,False,0,120,0.0
CUST04676,High_Mileage,366,112,0.3060109289617486,11676.73,31.90363387978142,67.6,True,58.154187158469945,Medium,Hyderabad,Treatment,0.15,Off-Peak Incentive,0.45,0.4852,True,66,46,0.5892857142857143
CUST06332,High_Mileage,331,105,0.3172205438066465,18370.4,55.499697885196376,67.2,True,58.15382175226586,Medium,Chennai,Treatment,0.15,Off-Peak Incentive,0.45,0.4844,False,0,105,0.0
CUST04945,High_Mileage,344,106,0.3081395348837209,12065.48,35.07406976744186,67.8,True,58.14808139534884,Medium,Pune,Treatment,0.15,Off-Peak Incentive,0.45,0.48560000000000003,True,62,44,0.5849056603773585
CUST06932,High_Mileage,327,102,0.3119266055045872,10397.8,31.79755351681957,67.8,True,58.13456422018349,Medium,Hyderabad,Control,0.0,No Incentive,0.45,0.48560000000000003,False,0,102,0.0
CUST02099,Routine_Commuter,177,67,0.3785310734463277,4154.28,23.47050847457627,63.8,True,58.1299929378531,Medium,Delhi NCR,Treatment,0.15,Off-Peak Incentive,0.35,0.3776,True,38,29,0.5671641791044776
CUST03345,High_Mileage,290,93,0.3206896551724137,11317.66,39.02641379310345,67.6,True,58.12758620689655,Medium,Kolkata,Control,0.0,No Incentive,0.45,0.4852,False,0,93,0.0
CUST03625,High_Mileage,299,96,0.3210702341137124,10284.2,34.39531772575251,67.4,True,58.1253093645485,Medium,Jaipur,Control,0.0,No Incentive,0.45,0.4848,False,0,96,0.0
CUST06004,High_Mileage,322,100,0.3105590062111801,7334.78,22.778819875776396,68.0,True,58.12236024844721,Medium,Hyderabad,Treatment,0.15,Off-Peak Incentive,0.45,0.486,False,0,100,0.0
CUST03605,Routine_Commuter,176,72,0.4090909090909091,6159.0599999999995,34.99465909090909,60.8,True,58.11988636363637,Medium,Jaipur,Treatment,0.15,Off-Peak Incentive,0.35,0.3716,False,0,72,0.0
CUST04348,High_Mileage,378,120,0.3174603174603174,12050.42,31.87941798941799,66.1,True,58.1159126984127,Medium,Mumbai,Treatment,0.15,Off-Peak Incentive,0.45,0.4822,False,0,120,0.0
CUST03562,High_Mileage,297,93,0.3131313131313131,8133.52,27.385589225589225,68.2,True,58.11525252525253,Medium,Bengaluru,Control,0.0,No Incentive,0.45,0.4864,False,0,93,0.0
CUST00980,High_Mileage,339,108,0.3185840707964602,10434.46,30.78011799410029,66.8,True,58.11211283185841,Medium,Chennai,Control,0.0,No Incentive,0.45,0.48360000000000003,False,0,108,0.0
CUST05839,High_Mileage,380,116,0.3052631578947368,10254.21,26.984763157894733,67.2,True,58.09677631578948,Medium,Hyderabad,Treatment,0.15,Off-Peak Incentive,0.45,0.4844,False,0,116,0.0
CUST01393,High_Mileage,283,99,0.3498233215547703,11796.09,41.682296819787986,64.7,True,58.084182862190815,Medium,Delhi NCR,Control,0.0,No Incentive,0.45,0.4794,False,0,99,0.0
CUST01279,High_Mileage,359,109,0.3036211699164345,9075.3,25.279387186629524,67.8,True,58.08234679665738,Medium,Ahmedabad,Treatment,0.15,Off-Peak Incentive,0.45,0.48560000000000003,True,64,45,0.5871559633027523
CUST07951,High_Mileage,318,99,0.3113207547169811,10255.77,32.250849056603776,67.9,True,58.076580188679245,Medium,Chennai,Control,0.0,No Incentive,0.45,0.4858,False,0,99,0.0
CUST01382,Routine_Commuter,202,69,0.3415841584158416,4536.83,22.459554455445545,66.2,True,58.07336633663367,Medium,Chandigarh,Control,0.0,No Incentive,0.35,0.38239999999999996,False,0,69,0.0
CUST05923,Routine_Commuter,197,73,0.3705583756345177,3469.4,17.611167512690354,63.4,True,58.07108502538071,Medium,Chennai,Control,0.0,No Incentive,0.35,0.37679999999999997,False,0,73,0.0
CUST07282,Routine_Commuter,170,67,0.3941176470588235,4297.42,25.27894117647059,62.8,True,58.07095588235295,Medium,Mumbai,Control,0.0,No Incentive,0.35,0.3756,False,0,67,0.0
CUST06205,Routine_Commuter,206,72,0.3495145631067961,5232.38,25.39990291262136,65.3,True,58.059332524271845,Medium,Chandigarh,Control,0.0,No Incentive,0.35,0.3806,False,0,72,0.0
CUST07871,High_Mileage,276,90,0.3260869565217391,7520.63,27.248659420289854,67.1,True,58.05222826086957,Medium,Chennai,Treatment,0.15,Off-Peak Incentive,0.45,0.4842,False,0,90,0.0
CUST02242,High_Mileage,248,81,0.3266129032258064,6943.47,27.99786290322581,67.3,True,58.05201612903226,Medium,Kolkata,Treatment,0.15,Off-Peak Incentive,0.45,0.48460000000000003,True,48,33,0.5925925925925926
CUST00063,High_Mileage,292,102,0.3493150684931507,6426.56,22.008767123287672,64.5,True,58.05010273972603,Medium,Mumbai,Treatment,0.15,Off-Peak Incentive,0.45,0.479,True,58,44,0.5686274509803921
CUST05231,High_Mileage,282,90,0.3191489361702128,9386.17,33.284290780141845,67.7,True,58.04845744680851,Medium,Hyderabad,Control,0.0,No Incentive,0.45,0.4854,False,0,90,0.0
CUST02974,Routine_Commuter,186,66,0.3548387096774194,3785.95,20.354569892473116,65.3,True,58.044798387096776,Medium,Lucknow,Control,0.0,No Incentive,0.35,0.3806,False,0,66,0.0
CUST07823,High_Mileage,292,92,0.3150684931506849,7930.82,27.160342465753423,67.9,True,58.04023972602741,Medium,Bengaluru,Control,0.0,No Incentive,0.45,0.4858,False,0,92,0.0
CUST03131,Routine_Commuter,187,69,0.3689839572192513,3124.22,16.70705882352941,63.8,True,58.03185828877005,Medium,Kochi,Control,0.0,No Incentive,0.35,0.3776,False,0,69,0.0
CUST04856,High_Mileage,270,91,0.337037037037037,6327.91,23.436703703703703,66.0,True,58.02648148148148,Medium,Pune,Treatment,0.15,Off-Peak Incentive,0.45,0.482,True,53,38,0.5824175824175825
CUST07599,High_Mileage,292,91,0.3116438356164384,9121.29,31.237294520547948,68.2,True,58.02325342465754,Medium,Delhi NCR,Control,0.0,No Incentive,0.45,0.4864,False,0,91,0.0
CUST00771,High_Mileage,311,100,0.3215434083601286,7409.39,23.824405144694538,66.9,True,58.02298633440515,Medium,Bengaluru,Treatment,0.15,Off-Peak Incentive,0.45,0.4838,False,0,100,0.0
CUST02442,Routine_Commuter,215,72,0.3348837209302325,4793.31,22.29446511627907,66.5,True,57.99159883720931,Medium,Hyderabad,Treatment,0.15,Off-Peak Incentive,0.35,0.383,False,0,72,0.0
CUST05184,High_Mileage,375,113,0.3013333333333333,9592.44,25.57984,67.5,True,57.98958333333333,Medium,Bengaluru,Control,0.0,No Incentive,0.45,0.485,False,0,113,0.0
CUST00083,High_Mileage,301,96,0.3189368770764119,10162.61,33.76282392026578,67.2,True,57.98247508305648,Medium,Jaipur,Control,0.0,No Incentive,0.45,0.4844,False,0,96,0.0
CUST01476,Routine_Commuter,168,60,0.3571428571428571,5432.99,32.33922619047619,66.5,True,57.980714285714285,Medium,Jaipur,Control,0.0,No Incentive,0.35,0.383,False,0,60,0.0
CUST05780,High_Mileage,266,82,0.3082706766917293,11716.32,44.04631578947368,68.8,True,57.97707706766917,Medium,Kolkata,Treatment,0.15,Off-Peak Incentive,0.45,0.48760000000000003,True,49,33,0.5975609756097561
CUST00541,High_Mileage,336,102,0.3035714285714285,7258.59,21.60294642857143,68.0,True,57.96910714285714,Medium,Pune,Control,0.0,No Incentive,0.45,0.486,False,0,102,0.0
CUST01592,Routine_Commuter,182,69,0.3791208791208791,4781.33,26.27104395604395,62.9,True,57.96608516483517,Medium,Delhi NCR,Treatment,0.15,Off-Peak Incentive,0.35,0.37579999999999997,False,0,69,0.0
CUST00366,Routine_Commuter,180,66,0.3666666666666666,5020.51,27.891722222222224,64.3,True,57.96041666666666,Medium,Pune,Control,0.0,No Incentive,0.35,0.3786,False,0,66,0.0
CUST06081,High_Mileage,324,103,0.3179012345679012,6124.9,18.90401234567901,66.8,True,57.95354938271605,Medium,Kolkata,Control,0.0,No Incentive,0.45,0.48360000000000003,False,0,103,0.0
CUST01409,Routine_Commuter,171,65,0.3801169590643274,6499.97,38.011520467836256,63.8,True,57.953428362573106,Medium,Bengaluru,Treatment,0.15,Off-Peak Incentive,0.35,0.3776,False,0,65,0.0
CUST05999,Routine_Commuter,163,69,0.4233128834355828,4362.69,26.764969325153373,60.5,True,57.95001533742332,Medium,Delhi NCR,Treatment,0.15,Off-Peak Incentive,0.35,0.371,True,38,31,0.5507246376811594
CUST07810,High_Mileage,298,92,0.3087248322147651,8209.73,27.54942953020134,68.2,True,57.94649328859061,Medium,Chennai,Treatment,0.15,Off-Peak Incentive,0.45,0.4864,False,0,92,0.0
CUST01528,Routine_Commuter,177,66,0.3728813559322034,4387.93,24.790564971751415,63.9,True,57.94400423728814,Medium,Kolkata,Control,0.0,No Incentive,0.35,0.37779999999999997,False,0,66,0.0
CUST01484,High_Mileage,303,101,0.3333333333333333,10696.66,35.302508250825085,65.6,True,57.930833333333325,Medium,Delhi NCR,Treatment,0.15,Off-Peak Incentive,0.45,0.4812,True,58,43,0.5742574257425742
CUST04264,High_Mileage,261,80,0.3065134099616858,8657.41,33.17015325670498,68.9,True,57.92928639846744,Medium,Delhi NCR,Control,0.0,No Incentive,0.45,0.4878,False,0,80,0.0
CUST00491,Routine_Commuter,182,69,0.3791208791208791,4445.93,24.428186813186816,62.8,True,57.926085164835165,Medium,Delhi NCR,Control,0.0,No Incentive,0.35,0.3756,False,0,69,0.0
CUST04582,High_Mileage,265,84,0.3169811320754717,8313.14,31.370339622641502,67.8,True,57.91924528301887,Medium,Chennai,Control,0.0,No Incentive,0.45,0.48560000000000003,False,0,84,0.0
CUST03696,Routine_Commuter,177,65,0.3672316384180791,4485.2,25.34011299435028,64.4,True,57.91801553672317,Medium,Bengaluru,Treatment,0.15,Off-Peak Incentive,0.35,0.37879999999999997,False,0,65,0.0
CUST02308,Routine_Commuter,184,66,0.358695652173913,3029.86,16.46663043478261,64.7,True,57.90907608695653,Medium,Bengaluru,Control,0.0,No Incentive,0.35,0.37939999999999996,False,0,66,0.0
CUST03039,High_Mileage,289,88,0.3044982698961938,10084.29,34.89373702422146,68.7,True,57.90868079584776,Medium,Bengaluru,Treatment,0.15,Off-Peak Incentive,0.45,0.4874,True,52,36,0.5909090909090909
CUST04213,High_Mileage,313,103,0.329073482428115,9340.45,29.841693290734828,65.8,True,57.9041892971246,Medium,Hyderabad,Control,0.0,No Incentive,0.45,0.48160000000000003,False,0,103,0.0
CUST01863,High_Mileage,309,96,0.3106796116504854,9791.62,31.688090614886733,67.7,True,57.89843446601942,Medium,Kochi,Control,0.0,No Incentive,0.45,0.4854,False,0,96,0.0
CUST00099,Routine_Commuter,170,65,0.3823529411764705,4407.86,25.92858823529411,63.5,True,57.880367647058826,Medium,Chennai,Control,0.0,No Incentive,0.35,0.377,False,0,65,0.0
CUST06308,Routine_Commuter,204,69,0.3382352941176471,4603.37,22.565539215686275,66.0,True,57.87441176470589,Medium,Lucknow,Control,0.0,No Incentive,0.35,0.382,False,0,69,0.0
CUST06290,High_Mileage,228,75,0.3289473684210526,6404.53,28.09004385964912,66.7,True,57.86039473684211,Medium,Hyderabad,Treatment,0.15,Off-Peak Incentive,0.45,0.4834,True,44,31,0.5866666666666667
CUST06214,Routine_Commuter,210,68,0.3238095238095238,4083.93,19.447285714285712,67.3,True,57.85863095238095,Medium,Pune,Control,0.0,No Incentive,0.35,0.38459999999999994,False,0,68,0.0
CUST05114,High_Mileage,287,88,0.3066202090592334,11781.75,41.051393728223,68.4,True,57.85855836236934,Medium,Jaipur,Treatment,0.15,Off-Peak Incentive,0.45,0.4868,True,52,36,0.5909090909090909
CUST04707,Routine_Commuter,192,60,0.3125,3882.81,20.22296875,68.8,True,57.8575,Medium,Bengaluru,Treatment,0.15,Off-Peak Incentive,0.35,0.38759999999999994,True,36,24,0.6
CUST01163,High_Mileage,285,90,0.3157894736842105,7436.46,26.09284210526316,67.5,True,57.85282894736842,Medium,Kochi,Treatment,0.15,Off-Peak Incentive,0.45,0.485,False,0,90,0.0
CUST00110,Routine_Commuter,179,63,0.3519553072625698,2587.64,14.45608938547486,65.6,True,57.84571229050279,Medium,Bengaluru,Treatment,0.15,Off-Peak Incentive,0.35,0.3812,False,0,63,0.0
CUST06987,Routine_Commuter,175,66,0.3771428571428571,3662.58,20.92902857142857,63.4,True,57.84196428571428,Medium,Bengaluru,Treatment,0.15,Off-Peak Incentive,0.35,0.37679999999999997,True,37,29,0.5606060606060606
CUST02796,High_Mileage,315,98,0.3111111111111111,10160.29,32.25488888888889,67.4,True,57.84069444444445,Medium,Chennai,Treatment,0.15,Off-Peak Incentive,0.45,0.4848,False,0,98,0.0
CUST00625,Routine_Commuter,180,62,0.3444444444444444,5282.99,29.349944444444443,66.2,True,57.83152777777778,Medium,Bengaluru,Treatment,0.15,Off-Peak Incentive,0.35,0.38239999999999996,False,0,62,0.0
CUST04178,High_Mileage,283,100,0.3533568904593639,10692.08,37.78120141342756,63.7,True,57.82552561837457,Medium,Chennai,Control,0.0,No Incentive,0.45,0.47740000000000005,False,0,100,0.0
CUST05920,Routine_Commuter,219,75,0.3424657534246575,6090.4,27.810045662100453,65.3,True,57.8248801369863,Medium,Delhi NCR,Control,0.0,No Incentive,0.35,0.3806,False,0,75,0.0
CUST01018,Routine_Commuter,190,69,0.3631578947368421,3873.88,20.38884210526316,63.7,True,57.81381578947369,Medium,Pune,Treatment,0.15,Off-Peak Incentive,0.35,0.37739999999999996,False,0,69,0.0
CUST04790,Routine_Commuter,194,63,0.3247422680412371,3314.65,17.08582474226804,67.4,True,57.81344072164949,Medium,Bengaluru,Treatment,0.15,Off-Peak Incentive,0.35,0.3848,False,0,63,0.0
CUST03926,High_Mileage,336,104,0.3095238095238095,10716.04,31.89297619047619,67.0,True,57.807202380952376,Medium,Ahmedabad,Treatment,0.15,Off-Peak Incentive,0.45,0.484,True,61,43,0.5865384615384616
CUST00530,Routine_Commuter,171,64,0.3742690058479532,3101.64,18.138245614035085,64.0,True,57.79951023391813,Medium,Delhi NCR,Control,0.0,No Incentive,0.35,0.378,False,0,64,0.0
CUST01274,High_Mileage,293,89,0.3037542662116041,7959.29,27.16481228668942,68.4,True,57.79767064846417,Medium,Ahmedabad,Treatment,0.15,Off-Peak Incentive,0.45,0.4868,True,53,36,0.5955056179775281
CUST03526,Routine_Commuter,172,64,0.3720930232558139,3957.25,23.007267441860463,64.1,True,57.79372093023256,Medium,Pune,Treatment,0.15,Off-Peak Incentive,0.35,0.3782,False,0,64,0.0
CUST03846,High_Mileage,286,91,0.3181818181818182,5830.61,20.38674825174825,67.1,True,57.79227272727272,Medium,Pune,Treatment,0.15,Off-Peak Incentive,0.45,0.4842,False,0,91,0.0
CUST07160,Routine_Commuter,192,69,0.359375,5798.05,30.198177083333334,63.9,True,57.77250000000001,Medium,Bengaluru,Treatment,0.15,Off-Peak Incentive,0.35,0.37779999999999997,False,0,69,0.0
CUST07023,Routine_Commuter,210,65,0.3095238095238095,5176.68,24.650857142857145,68.5,True,57.767202380952384,Medium,Bengaluru,Treatment,0.15,Off-Peak Incentive,0.35,0.38699999999999996,False,0,65,0.0
CUST07312,Routine_Commuter,195,72,0.3692307692307692,4884.85,25.05051282051282,62.8,True,57.76048076923077,Medium,Chennai,Control,0.0,No Incentive,0.35,0.3756,False,0,72,0.0
CUST06200,Routine_Commuter,195,64,0.3282051282051282,6498.28,33.32451282051282,66.9,True,57.75945512820513,Medium,Mumbai,Control,0.0,No Incentive,0.35,0.3838,False,0,64,0.0
CUST01125,Routine_Commuter,205,73,0.3560975609756097,4852.0,23.66829268292683,63.9,True,57.75390243902439,Medium,Hyderabad,Control,0.0,No Incentive,0.35,0.37779999999999997,False,0,73,0.0
CUST03463,Routine_Commuter,169,58,0.3431952662721893,3441.22,20.362248520710057,67.2,True,57.750310650887585,Medium,Chandigarh,Control,0.0,No Incentive,0.35,0.38439999999999996,False,0,58,0.0
CUST00783,Routine_Commuter,198,67,0.3383838383838384,3124.87,15.782171717171716,65.8,True,57.74910353535354,Medium,Delhi NCR,Control,0.0,No Incentive,0.35,0.3816,False,0,67,0.0
CUST05250,Routine_Commuter,202,72,0.3564356435643564,4634.94,22.945247524752475,63.9,True,57.74742574257426,Medium,Ahmedabad,Treatment,0.15,Off-Peak Incentive,0.35,0.37779999999999997,True,41,31,0.5694444444444444
CUST07466,Routine_Commuter,173,65,0.3757225433526011,3245.03,18.75739884393064,63.5,True,57.73640173410405,Medium,Lucknow,Control,0.0,No Incentive,0.35,0.377,False,0,65,0.0
CUST04485,Routine_Commuter,188,63,0.3351063829787234,6563.03,34.90973404255319,66.4,True,57.733005319148944,Medium,Delhi NCR,Control,0.0,No Incentive,0.35,0.3828,False,0,63,0.0
CUST06576,Routine_Commuter,184,65,0.3532608695652174,2834.12,15.40282608695652,64.8,True,57.731684782608696,Medium,Bengaluru,Treatment,0.15,Off-Peak Incentive,0.35,0.3796,False,0,65,0.0
CUST00040,High_Mileage,327,100,0.3058103975535168,3872.64,11.842935779816514,67.4,True,57.72991590214068,Medium,Chandigarh,Control,0.0,No Incentive,0.45,0.4848,False,0,100,0.0
CUST04698,High_Mileage,262,91,0.3473282442748092,5690.51,21.719503816793893,64.3,True,57.72562977099237,Medium,Bengaluru,Treatment,0.15,Off-Peak Incentive,0.45,0.4786,True,52,39,0.5714285714285714
CUST01489,High_Mileage,290,88,0.3034482758620689,6769.47,23.343,68.3,True,57.71793103448276,Medium,Pune,Control,0.0,No Incentive,0.45,0.48660000000000003,False,0,88,0.0
CUST06325,High_Mileage,331,103,0.311178247734139,7236.13,21.86141993957704,66.7,True,57.712129909365565,Medium,Delhi NCR,Control,0.0,No Incentive,0.45,0.4834,False,0,103,0.0
CUST05165,Routine_Commuter,175,67,0.3828571428571428,4997.47,28.55697142857143,62.5,True,57.71053571428571,Medium,Kolkata,Control,0.0,No Incentive,0.35,0.375,False,0,67,0.0
CUST03701,Routine_Commuter,186,65,0.3494623655913978,3066.03,16.484032258064516,65.0,True,57.70974462365591,Medium,Lucknow,Control,0.0,No Incentive,0.35,0.38,False,0,65,0.0
CUST02399,High_Mileage,281,87,0.3096085409252669,7352.1,26.16405693950178,67.8,True,57.69434163701068,Medium,Mumbai,Control,0.0,No Incentive,0.45,0.48560000000000003,False,0,87,0.0
CUST01109,Routine_Commuter,182,61,0.3351648351648351,4294.3,23.595054945054947,66.6,True,57.6878434065934,Medium,Kochi,Control,0.0,No Incentive,0.35,0.3832,False,0,61,0.0
CUST02469,High_Mileage,249,76,0.3052208835341365,8149.83,32.73024096385542,68.5,True,57.683835341365466,Medium,Ahmedabad,Control,0.0,No Incentive,0.45,0.487,False,0,76,0.0
CUST02728,Routine_Commuter,175,59,0.3371428571428571,7243.02,41.388685714285714,67.0,True,57.68196428571429,Medium,Jaipur,Treatment,0.15,Off-Peak Incentive,0.35,0.384,True,35,24,0.5932203389830508
CUST01941,Routine_Commuter,203,62,0.3054187192118227,8157.48,40.184630541871925,68.8,True,57.676748768472905,Medium,Chennai,Control,0.0,No Incentive,0.35,0.38759999999999994,False,0,62,0.0
CUST00690,High_Mileage,315,97,0.3079365079365079,10053.12,31.91466666666667,67.3,True,57.67371031746032,Medium,Delhi NCR,Treatment,0.15,Off-Peak Incentive,0.45,0.48460000000000003,True,57,40,0.5876288659793815
CUST06690,Routine_Commuter,185,62,0.3351351351351351,3636.85,19.658648648648647,66.4,True,57.6716554054054,Medium,Chandigarh,Treatment,0.15,Off-Peak Incentive,0.35,0.3828,False,0,62,0.0
CUST01116,High_Mileage,317,105,0.3312302839116719,6556.92,20.684290220820188,64.9,True,57.66296135646688,Medium,Hyderabad,Treatment,0.15,Off-Peak Incentive,0.45,0.4798,False,0,105,0.0
CUST04958,Routine_Commuter,171,67,0.391812865497076,3985.8,23.30877192982456,61.9,True,57.66126461988304,Medium,Mumbai,Control,0.0,No Incentive,0.35,0.37379999999999997,False,0,67,0.0
CUST04116,High_Mileage,280,85,0.3035714285714285,6578.11,23.49325,68.3,True,57.64535714285714,Medium,Lucknow,Treatment,0.15,Off-Peak Incentive,0.45,0.48660000000000003,True,50,35,0.5882352941176471
CUST05965,High_Mileage,241,74,0.3070539419087137,6443.21,26.7353112033195,68.3,True,57.643407676348545,Medium,Chennai,Treatment,0.15,Off-Peak Incentive,0.45,0.48660000000000003,False,0,74,0.0
CUST02918,Routine_Commuter,190,64,0.3368421052631579,4125.26,21.711894736842105,65.9,True,57.64118421052632,Medium,Bengaluru,Treatment,0.15,Off-Peak Incentive,0.35,0.3818,False,0,64,0.0
CUST07796,High_Mileage,289,92,0.3183391003460207,8310.96,28.75764705882353,66.6,True,57.62231401384083,Medium,Lucknow,Treatment,0.15,Off-Peak Incentive,0.45,0.4832,False,0,92,0.0
CUST03192,High_Mileage,292,88,0.3013698630136986,8245.91,28.239417808219176,68.2,True,57.61229452054795,Medium,Hyderabad,Treatment,0.15,Off-Peak Incentive,0.45,0.4864,False,0,88,0.0
CUST01441,High_Mileage,243,78,0.3209876543209876,7142.03,29.391069958847737,66.8,True,57.61200617283951,Medium,Chandigarh,Control,0.0,No Incentive,0.45,0.48360000000000003,False,0,78,0.0
CUST07791,Routine_Commuter,200,67,0.335,5167.19,25.835949999999997,65.7,True,57.6,Medium,Delhi NCR,Treatment,0.15,Off-Peak Incentive,0.35,0.38139999999999996,False,0,67,0.0
CUST03241,Routine_Commuter,179,61,0.3407821229050279,3173.59,17.7295530726257,66.1,True,57.59878491620111,Medium,Chennai,Control,0.0,No Incentive,0.35,0.3822,False,0,61,0.0
CUST00894,Routine_Commuter,205,65,0.3170731707317073,5638.39,27.504341463414637,67.4,True,57.59292682926829,Medium,Bengaluru,Control,0.0,No Incentive,0.35,0.3848,False,0,65,0.0
CUST04617,High_Mileage,285,87,0.3052631578947368,6137.96,21.53670175438597,67.9,True,57.591776315789474,Medium,Chennai,Treatment,0.15,Off-Peak Incentive,0.45,0.4858,True,51,36,0.5862068965517241
CUST00558,High_Mileage,258,80,0.3100775193798449,5081.51,19.69577519379845,67.7,True,57.5806007751938,Medium,Ahmedabad,Treatment,0.15,Off-Peak Incentive,0.45,0.4854,True,47,33,0.5875
CUST03806,Routine_Commuter,153,61,0.3986928104575163,4079.36,26.66248366013072,64.1,True,57.57521241830065,Medium,Jaipur,Control,0.0,No Incentive,0.35,0.3782,False,0,61,0.0
CUST00047,Routine_Commuter,193,61,0.3160621761658031,6993.28,36.23461139896373,67.7,True,57.57498704663213,Medium,Kochi,Treatment,0.15,Off-Peak Incentive,0.35,0.38539999999999996,True,36,25,0.5901639344262295
CUST03635,Routine_Commuter,207,71,0.3429951690821256,4632.86,22.380966183574877,64.7,True,57.56855676328503,Medium,Kolkata,Treatment,0.15,Off-Peak Incentive,0.35,0.37939999999999996,False,0,71,0.0
CUST06464,Routine_Commuter,208,69,0.3317307692307692,4405.14,21.178557692307695,65.8,True,57.56673076923077,Medium,Mumbai,Control,0.0,No Incentive,0.35,0.3816,False,0,69,0.0
CUST06647,Routine_Commuter,181,62,0.3425414364640884,7336.38,40.53248618784531,65.6,True,57.55665745856354,Medium,Chennai,Control,0.0,No Incentive,0.35,0.3812,False,0,62,0.0
CUST05711,High_Mileage,268,81,0.3022388059701492,6425.17,23.974514925373136,68.3,True,57.545802238805976,Medium,Ahmedabad,Control,0.0,No Incentive,0.45,0.48660000000000003,False,0,81,0.0
CUST00354,Routine_Commuter,173,60,0.3468208092485549,3470.06,20.05815028901734,65.9,True,57.540332369942206,Medium,Bengaluru,Treatment,0.15,Off-Peak Incentive,0.35,0.3818,False,0,60,0.0
CUST02538,Price_Sensitive,180,54,0.3,1979.83,10.999055555555556,69.9,True,57.53375000000001,Medium,Mumbai,Control,0.0,No Incentive,0.3,0.3398,False,0,54,0.0
CUST07416,Routine_Commuter,189,57,0.3015873015873015,5178.16,27.397671957671957,69.2,True,57.52849206349207,Medium,Chandigarh,Control,0.0,No Incentive,0.35,0.38839999999999997,False,0,57,0.0
CUST05168,Routine_Commuter,176,62,0.3522727272727273,2748.56,15.616818181818182,65.0,True,57.527159090909095,Medium,Delhi NCR,Treatment,0.15,Off-Peak Incentive,0.35,0.38,True,36,26,0.5806451612903226
CUST03218,Routine_Commuter,177,65,0.3672316384180791,3317.66,18.743841807909604,63.4,True,57.51801553672316,Medium,Pune,Control,0.0,No Incentive,0.35,0.37679999999999997,False,0,65,0.0
CUST01615,Routine_Commuter,180,60,0.3333333333333333,2156.38,11.97988888888889,66.5,True,57.50708333333334,Medium,Hyderabad,Treatment,0.15,Off-Peak Incentive,0.35,0.383,True,35,25,0.5833333333333334
CUST00087,Routine_Commuter,156,64,0.4102564102564102,3325.67,21.318397435897435,62.1,True,57.50275641025641,Medium,Hyderabad,Treatment,0.15,Off-Peak Incentive,0.35,0.3742,False,0,64,0.0
CUST05106,Routine_Commuter,193,61,0.3160621761658031,4340.82,22.49129533678756,67.5,True,57.49498704663213,Medium,Mumbai,Control,0.0,No Incentive,0.35,0.38499999999999995,False,0,61,0.0
CUST01428,Routine_Commuter,199,66,0.3316582914572864,2853.92,14.341306532663316,65.8,True,57.492581658291456,Medium,Bengaluru,Treatment,0.15,Off-Peak Incentive,0.35,0.3816,False,0,66,0.0
CUST05424,Routine_Commuter,188,62,0.3297872340425531,2693.5,14.327127659574469,66.3,True,57.48023936170212,Medium,Bengaluru,Treatment,0.15,Off-Peak Incentive,0.35,0.3826,True,36,26,0.5806451612903226
CUST07075,High_Mileage,277,90,0.3249097472924188,7872.32,28.419927797833935,65.7,True,57.44888989169675,Medium,Delhi NCR,Control,0.0,No Incentive,0.45,0.4814,False,0,90,0.0
CUST06372,Routine_Commuter,210,66,0.3142857142857143,4452.91,21.204333333333334,67.2,True,57.43767857142857,Medium,Pune,Control,0.0,No Incentive,0.35,0.38439999999999996,False,0,66,0.0
CUST02418,Routine_Commuter,223,71,0.3183856502242152,4980.93,22.336008968609868,66.7,True,57.43042600896861,Medium,Jaipur,Control,0.0,No Incentive,0.35,0.38339999999999996,False,0,71,0.0
CUST05653,Routine_Commuter,174,64,0.367816091954023,4214.58,24.221724137931034,63.4,True,57.423893678160915,Medium,Delhi NCR,Control,0.0,No Incentive,0.35,0.37679999999999997,False,0,64,0.0
CUST03298,Routine_Commuter,184,61,0.3315217391304347,3627.65,19.715489130434783,66.2,True,57.4221195652174,Medium,Jaipur,Control,0.0,No Incentive,0.35,0.38239999999999996,False,0,61,0.0
CUST00076,Routine_Commuter,190,62,0.3263157894736842,5811.5,30.58684210526316,66.4,True,57.42013157894738,Medium,Kolkata,Treatment,0.15,Off-Peak Incentive,0.35,0.3828,False,0,62,0.0
CUST02259,Routine_Commuter,155,66,0.4258064516129032,5239.52,33.80335483870968,60.5,True,57.414758064516136,Medium,Mumbai,Treatment,0.15,Off-Peak Incentive,0.35,0.371,False,0,66,0.0
CUST06037,Price_Sensitive,174,61,0.3505747126436782,4634.4,26.63448275862069,65.1,True,57.41423850574713,Medium,Delhi NCR,Treatment,0.15,Off-Peak Incentive,0.3,0.3302,False,0,61,0.0
CUST05322,Routine_Commuter,176,65,0.3693181818181818,3277.8,18.623863636363637,63.0,True,57.40897727272728,Medium,Chennai,Treatment,0.15,Off-Peak Incentive,0.35,0.376,True,37,28,0.5692307692307692
CUST04047,High_Mileage,268,83,0.3097014925373134,8818.24,32.903880597014926,67.2,True,57.40430970149254,Medium,Lucknow,Control,0.0,No Incentive,0.45,0.4844,False,0,83,0.0
CUST01351,Routine_Commuter,169,59,0.3491124260355029,4132.51,24.452721893491127,65.7,True,57.38699704142011,Medium,Delhi NCR,Treatment,0.15,Off-Peak Incentive,0.35,0.38139999999999996,False,0,59,0.0
CUST04495,Routine_Commuter,172,60,0.3488372093023256,3328.39,19.35110465116279,65.4,True,57.38348837209303,Medium,Delhi NCR,Treatment,0.15,Off-Peak Incentive,0.35,0.38079999999999997,True,35,25,0.5833333333333334
CUST00927,Routine_Commuter,180,58,0.3222222222222222,5166.29,28.70161111111111,67.3,True,57.38263888888889,Medium,Delhi NCR,Treatment,0.15,Off-Peak Incentive,0.35,0.38459999999999994,True,34,24,0.5862068965517241
CUST07205,Routine_Commuter,191,58,0.3036649214659686,4428.39,23.185287958115183,68.5,True,57.37284685863875,Medium,Hyderabad,Treatment,0.15,Off-Peak Incentive,0.35,0.38699999999999996,False,0,58,0.0
CUST07337,Routine_Commuter,181,55,0.3038674033149171,4284.2300000000005,23.669779005524862,69.0,True,57.36969613259669,Medium,Mumbai,Control,0.0,No Incentive,0.35,0.388,False,0,55,0.0
CUST04419,Routine_Commuter,196,60,0.3061224489795918,5269.32,26.884285714285713,68.1,True,57.36614795918367,Medium,Mumbai,Treatment,0.15,Off-Peak Incentive,0.35,0.3862,False,0,60,0.0
CUST07469,Routine_Commuter,173,64,0.3699421965317919,3932.31,22.730115606936415,63.1,True,57.34518786127168,Medium,Chandigarh,Treatment,0.15,Off-Peak Incentive,0.35,0.3762,True,36,28,0.5625
CUST03827,Routine_Commuter,174,56,0.3218390804597701,3620.0,20.804597701149422,67.8,True,57.3448132183908,Medium,Pune,Treatment,0.15,Off-Peak Incentive,0.35,0.38559999999999994,False,0,56,0.0
CUST01961,Routine_Commuter,170,60,0.3529411764705882,3918.23,23.04841176470588,65.1,True,57.34389705882353,Medium,Hyderabad,Treatment,0.15,Off-Peak Incentive,0.35,0.3802,True,35,25,0.5833333333333334
CUST04395,Routine_Commuter,184,58,0.3152173913043478,2187.58,11.889021739130436,67.6,True,57.32994565217392,Medium,Bengaluru,Control,0.0,No Incentive,0.35,0.3852,False,0,58,0.0
CUST03078,High_Mileage,291,88,0.3024054982817869,8367.79,28.755292096219936,67.4,True,57.32496993127148,Medium,Delhi NCR,Treatment,0.15,Off-Peak Incentive,0.45,0.4848,False,0,88,0.0
CUST05548,Routine_Commuter,179,64,0.3575418994413408,3629.25,20.27513966480447,63.7,True,57.30917597765364,Medium,Hyderabad,Treatment,0.15,Off-Peak Incentive,0.35,0.37739999999999996,False,0,64,0.0
CUST04031,Routine_Commuter,174,60,0.3448275862068966,3138.08,18.03494252873563,65.4,True,57.30435344827587,Medium,Bengaluru,Treatment,0.15,Off-Peak Incentive,0.35,0.38079999999999997,False,0,60,0.0
CUST00347,Routine_Commuter,191,71,0.3717277486910995,4151.1,21.733507853403143,61.5,True,57.29535994764399,Medium,Kochi,Control,0.0,No Incentive,0.35,0.373,False,0,71,0.0
CUST06772,Routine_Commuter,185,58,0.3135135135135135,1820.05,9.838108108108107,67.6,True,57.28679054054054,Medium,Delhi NCR,Control,0.0,No Incentive,0.35,0.3852,False,0,58,0.0
CUST00329,Routine_Commuter,171,58,0.3391812865497076,4259.95,24.911988304093565,66.2,True,57.276001461988315,Medium,Lucknow,Control,0.0,No Incentive,0.35,0.38239999999999996,False,0,58,0.0
CUST07363,Routine_Commuter,236,80,0.3389830508474576,5234.14,22.178559322033895,64.2,True,57.2730720338983,Medium,Kolkata,Control,0.0,No Incentive,0.35,0.37839999999999996,False,0,80,0.0
CUST01078,Routine_Commuter,190,67,0.3526315789473684,3732.27,19.643526315789472,63.4,True,57.272763157894744,Medium,Lucknow,Control,0.0,No Incentive,0.35,0.37679999999999997,False,0,67,0.0
CUST07817,Routine_Commuter,165,58,0.3515151515151515,3493.97,21.175575757575757,65.7,True,57.27060606060607,Medium,Hyderabad,Treatment,0.15,Off-Peak Incentive,0.35,0.38139999999999996,False,0,58,0.0
CUST03727,Routine_Commuter,189,62,0.328042328042328,3258.89,17.242804232804232,65.9,True,57.26669312169312,Medium,Lucknow,Treatment,0.15,Off-Peak Incentive,0.35,0.3818,False,0,62,0.0
CUST01090,Routine_Commuter,179,55,0.3072625698324022,4123.11,23.03413407821229,68.6,True,57.258002793296086,Medium,Chennai,Control,0.0,No Incentive,0.35,0.3872,False,0,55,0.0
CUST07239,Routine_Commuter,199,64,0.321608040201005,5961.04,29.95497487437186,66.2,True,57.25057160804021,Medium,Kochi,Treatment,0.15,Off-Peak Incentive,0.35,0.38239999999999996,False,0,64,0.0
CUST02737,Routine_Commuter,161,63,0.391304347826087,3852.38,23.92782608695652,62.3,True,57.24467391304348,Medium,Ahmedabad,Control,0.0,No Incentive,0.35,0.3746,False,0,63,0.0
CUST07731,Routine_Commuter,153,66,0.4313725490196078,4657.13,30.43875816993464,60.0,True,57.242401960784306,Medium,Pune,Treatment,0.15,Off-Peak Incentive,0.35,0.37,False,0,66,0.0
CUST03826,Routine_Commuter,190,60,0.3157894736842105,5986.21,31.50636842105263,67.0,True,57.23907894736843,Medium,Kolkata,Control,0.0,No Incentive,0.35,0.384,False,0,60,0.0
CUST05910,Routine_Commuter,184,61,0.3315217391304347,5230.61,28.42722826086956,65.7,True,57.2221195652174,Medium,Jaipur,Control,0.0,No Incentive,0.35,0.38139999999999996,False,0,61,0.0
CUST03207,Routine_Commuter,163,60,0.3680981595092024,3602.21,22.099447852760736,64.2,True,57.2214263803681,Medium,Delhi NCR,Control,0.0,No Incentive,0.35,0.37839999999999996,False,0,60,0.0
CUST02945,Routine_Commuter,181,65,0.3591160220994475,5615.7699999999995,31.02635359116022,63.1,True,57.2196408839779,Medium,Pune,Control,0.0,No Incentive,0.35,0.3762,False,0,65,0.0
CUST02421,Routine_Commuter,158,61,0.3860759493670886,3228.39,20.432848101265822,63.4,True,57.21053797468355,Medium,Ahmedabad,Control,0.0,No Incentive,0.35,0.37679999999999997,False,0,61,0.0
CUST00918,Routine_Commuter,181,60,0.3314917127071823,4629.81,25.579060773480663,65.8,True,57.19466850828729,Medium,Mumbai,Control,0.0,No Incentive,0.35,0.3816,False,0,60,0.0
CUST00312,Routine_Commuter,243,73,0.3004115226337449,4944.92,20.349465020576133,67.8,True,57.188960905349795,Medium,Chennai,Treatment,0.15,Off-Peak Incentive,0.35,0.38559999999999994,False,0,73,0.0
CUST03742,Routine_Commuter,216,66,0.3055555555555556,3974.95,18.402546296296297,67.4,True,57.18222222222223,Medium,Bengaluru,Treatment,0.15,Off-Peak Incentive,0.35,0.3848,True,39,27,0.5909090909090909
CUST04453,Price_Sensitive,161,60,0.3726708074534161,4531.95,28.148757763975155,64.0,True,57.17933229813664,Medium,Pune,Control,0.0,No Incentive,0.3,0.328,False,0,60,0.0
CUST03460,Routine_Commuter,168,62,0.369047619047619,3943.23,23.471607142857145,63.3,True,57.17690476190476,Medium,Mumbai,Treatment,0.15,Off-Peak Incentive,0.35,0.3766,False,0,62,0.0
CUST00818,Routine_Commuter,174,61,0.3505747126436782,4749.7,27.297126436781607,64.5,True,57.174238505747134,Medium,Hyderabad,Treatment,0.15,Off-Peak Incentive,0.35,0.379,True,35,26,0.5737704918032787
CUST05819,Routine_Commuter,196,61,0.3112244897959184,5887.1,30.03622448979592,67.1,True,57.17022959183674,Medium,Mumbai,Control,0.0,No Incentive,0.35,0.3842,False,0,61,0.0
CUST06474,Routine_Commuter,178,58,0.3258426966292135,2987.26,16.782359550561797,66.6,True,57.16870786516854,Medium,Kolkata,Control,0.0,No Incentive,0.35,0.3832,False,0,58,0.0
CUST01958,Routine_Commuter,176,53,0.3011363636363636,3880.06,22.045795454545456,69.2,True,57.16170454545455,Medium,Delhi NCR,Treatment,0.15,Off-Peak Incentive,0.35,0.38839999999999997,False,0,53,0.0
CUST03530,Routine_Commuter,174,59,0.3390804597701149,3479.3,19.995977011494254,65.6,True,57.154468390804595,Medium,Delhi NCR,Treatment,0.15,Off-Peak Incentive,0.35,0.3812,True,34,25,0.576271186440678
CUST05495,Routine_Commuter,176,60,0.3409090909090909,3671.18,20.858977272727273,65.2,True,57.15261363636364,Medium,Kolkata,Treatment,0.15,Off-Peak Incentive,0.35,0.38039999999999996,True,35,25,0.5833333333333334
CUST03219,Routine_Commuter,176,54,0.3068181818181818,3626.49,20.60505681818182,68.6,True,57.14897727272727,Medium,Chandigarh,Treatment,0.15,Off-Peak Incentive,0.35,0.3872,False,0,54,0.0
CUST04478,Routine_Commuter,165,57,0.3454545454545454,3518.92,21.32678787878788,66.0,True,57.148181818181826,Medium,Lucknow,Control,0.0,No Incentive,0.35,0.382,False,0,57,0.0
CUST00126,Routine_Commuter,163,59,0.3619631901840491,3000.19,18.4060736196319,64.6,True,57.13602760736197,Medium,Delhi NCR,Treatment,0.15,Off-Peak Incentive,0.35,0.3792,True,34,25,0.576271186440678
CUST06964,Routine_Commuter,179,60,0.3351955307262569,4505.03,25.167765363128492,65.5,True,57.13532122905028,Medium,Bengaluru,Treatment,0.15,Off-Peak Incentive,0.35,0.381,True,35,25,0.5833333333333334
CUST03684,Routine_Commuter,180,54,0.3,2700.44,15.002444444444444,68.9,True,57.133750000000006,Medium,Delhi NCR,Control,0.0,No Incentive,0.35,0.3878,False,0,54,0.0
CUST04650,Routine_Commuter,186,63,0.3387096774193548,4310.27,23.173494623655916,64.6,True,57.1196370967742,Medium,Mumbai,Treatment,0.15,Off-Peak Incentive,0.35,0.3792,False,0,63,0.0
CUST07326,Routine_Commuter,206,70,0.3398058252427184,5852.86,28.411941747572815,63.9,True,57.11098300970874,Medium,Chandigarh,Treatment,0.15,Off-Peak Incentive,0.35,0.37779999999999997,True,40,30,0.5714285714285714
CUST03361,Routine_Commuter,168,55,0.3273809523809524,3672.76,21.861666666666665,67.3,True,57.110238095238095,Medium,Kochi,Control,0.0,No Incentive,0.35,0.38459999999999994,False,0,55,0.0
CUST03795,Routine_Commuter,169,60,0.3550295857988165,3213.89,19.017100591715977,64.4,True,57.10368343195266,Medium,Mumbai,Control,0.0,No Incentive,0.35,0.37879999999999997,False,0,60,0.0
CUST05213,Routine_Commuter,190,58,0.3052631578947368,4200.1,22.10578947368421,67.7,True,57.09802631578948,Medium,Bengaluru,Control,0.0,No Incentive,0.35,0.38539999999999996,False,0,58,0.0
CUST00742,Routine_Commuter,169,62,0.3668639053254438,2347.88,13.89278106508876,63.2,True,57.09705621301775,Medium,Kolkata,Control,0.0,No Incentive,0.35,0.37639999999999996,False,0,62,0.0
CUST03094,Routine_Commuter,167,60,0.3592814371257485,3784.05,22.658982035928144,64.2,True,57.09250748502994,Medium,Jaipur,Treatment,0.15,Off-Peak Incentive,0.35,0.37839999999999996,True,34,26,0.5666666666666667
CUST07604,Routine_Commuter,193,63,0.3264248704663212,4752.4,24.62383419689119,65.4,True,57.069494818652856,Medium,Jaipur,Control,0.0,No Incentive,0.35,0.38079999999999997,False,0,63,0.0
CUST05325,Routine_Commuter,206,65,0.3155339805825243,3707.44,17.997281553398057,66.2,True,57.06010922330098,Medium,Delhi NCR,Control,0.0,No Incentive,0.35,0.38239999999999996,False,0,65,0.0
CUST01241,Routine_Commuter,206,66,0.3203883495145631,4616.58,22.410582524271845,65.7,True,57.054283980582525,Medium,Mumbai,Control,0.0,No Incentive,0.35,0.38139999999999996,False,0,66,0.0
CUST02036,Routine_Commuter,167,59,0.3532934131736527,3785.18,22.66574850299401,64.7,True,57.052986526946114,Medium,Bengaluru,Control,0.0,No Incentive,0.35,0.37939999999999996,False,0,59,0.0
CUST00984,Routine_Commuter,192,64,0.3333333333333333,3775.08,19.661875,64.7,True,57.050833333333344,Medium,Hyderabad,Control,0.0,No Incentive,0.35,0.37939999999999996,False,0,64,0.0
CUST04256,Routine_Commuter,199,64,0.321608040201005,5820.75,29.25,65.7,True,57.0505716080402,Medium,Kolkata,Control,0.0,No Incentive,0.35,0.38139999999999996,False,0,64,0.0
CUST02153,Routine_Commuter,169,64,0.378698224852071,4202.71,24.86810650887574,61.9,True,57.05042899408285,Medium,Delhi NCR,Treatment,0.15,Off-Peak Incentive,0.35,0.37379999999999997,False,0,64,0.0
CUST05484,Routine_Commuter,202,61,0.3019801980198019,4555.61,22.552524752475247,67.6,True,57.04920792079208,Medium,Mumbai,Control,0.0,No Incentive,0.35,0.3852,False,0,61,0.0
CUST00510,Routine_Commuter,175,55,0.3142857142857143,5480.38,31.316457142857143,67.7,True,57.04767857142858,Medium,Hyderabad,Treatment,0.15,Off-Peak Incentive,0.35,0.38539999999999996,True,32,23,0.5818181818181818
CUST05872,Routine_Commuter,172,57,0.3313953488372093,2680.98,15.587093023255814,66.3,True,57.04581395348837,Medium,Kolkata,Control,0.0,No Incentive,0.35,0.3826,False,0,57,0.0
CUST02624,Routine_Commuter,173,58,0.3352601156069364,4273.22,24.7006936416185,65.8,True,57.03790462427746,Medium,Delhi NCR,Control,0.0,No Incentive,0.35,0.3816,False,0,58,0.0
CUST07002,Routine_Commuter,197,62,0.3147208121827411,3440.7,17.465482233502538,66.4,True,57.03758248730965,Medium,Kolkata,Control,0.0,No Incentive,0.35,0.3828,False,0,62,0.0
CUST02973,Routine_Commuter,191,60,0.3141361256544502,4139.46,21.672565445026176,66.6,True,57.031695026178014,Medium,Kolkata,Control,0.0,No Incentive,0.35,0.3832,False,0,60,0.0
CUST04827,Routine_Commuter,215,72,0.3348837209302325,6058.73,28.18013953488372,64.1,True,57.0315988372093,Medium,Pune,Treatment,0.15,Off-Peak Incentive,0.35,0.3782,True,41,31,0.5694444444444444
CUST02176,Routine_Commuter,176,57,0.3238636363636363,3950.32,22.445,66.6,True,57.030795454545455,Medium,Chennai,Control,0.0,No Incentive,0.35,0.3832,False,0,57,0.0
CUST03303,Price_Sensitive,165,57,0.3454545454545454,5243.34,31.777818181818184,65.7,True,57.02818181818182,Medium,Chennai,Control,0.0,No Incentive,0.3,0.3314,False,0,57,0.0
CUST02680,Routine_Commuter,169,59,0.3491124260355029,2551.45,15.097337278106508,64.8,True,57.02699704142012,Medium,Lucknow,Treatment,0.15,Off-Peak Incentive,0.35,0.3796,True,34,25,0.576271186440678
CUST04793,Routine_Commuter,174,60,0.3448275862068966,2845.58,16.35390804597701,64.7,True,57.02435344827587,Medium,Ahmedabad,Treatment,0.15,Off-Peak Incentive,0.35,0.37939999999999996,True,34,26,0.5666666666666667
CUST02635,Routine_Commuter,173,55,0.3179190751445087,4632.46,26.777225433526013,67.5,True,57.024263005780355,Medium,Hyderabad,Treatment,0.15,Off-Peak Incentive,0.35,0.38499999999999995,True,32,23,0.5818181818181818
CUST01850,Routine_Commuter,170,61,0.3588235294117647,4028.33,23.696058823529413,63.7,True,57.01919117647059,Medium,Lucknow,Control,0.0,No Incentive,0.35,0.37739999999999996,False,0,61,0.0
CUST07342,Routine_Commuter,179,58,0.3240223463687151,5656.87,31.602625698324022,66.3,True,57.00839385474861,Medium,Bengaluru,Treatment,0.15,Off-Peak Incentive,0.35,0.3826,True,34,24,0.5862068965517241
CUST00371,Routine_Commuter,178,56,0.3146067415730337,2651.16,14.894157303370786,67.3,True,56.99926966292135,Medium,Bengaluru,Control,0.0,No Incentive,0.35,0.38459999999999994,False,0,56,0.0
CUST06834,Routine_Commuter,170,57,0.3352941176470588,3784.18,22.259882352941176,66.0,True,56.998014705882355,Medium,Bengaluru,Treatment,0.15,Off-Peak Incentive,0.35,0.382,False,0,57,0.0
CUST03615,Routine_Commuter,159,61,0.3836477987421384,4519.21,28.422704402515723,62.9,True,56.99716194968554,Medium,Pune,Control,0.0,No Incentive,0.35,0.37579999999999997,False,0,61,0.0
CUST06804,Routine_Commuter,154,60,0.3896103896103896,3871.26,25.13805194805195,63.3,True,56.99316558441559,Medium,Kolkata,Treatment,0.15,Off-Peak Incentive,0.35,0.3766,False,0,60,0.0
CUST05429,Routine_Commuter,169,58,0.3431952662721893,5658.72,33.48355029585799,65.3,True,56.99031065088758,Medium,Delhi NCR,Control,0.0,No Incentive,0.35,0.3806,False,0,58,0.0
CUST00816,Routine_Commuter,180,60,0.3333333333333333,4761.69,26.453833333333332,65.2,True,56.98708333333333,Medium,Mumbai,Treatment,0.15,Off-Peak Incentive,0.35,0.38039999999999996,True,35,25,0.5833333333333334
CUST05117,Routine_Commuter,160,56,0.35,4387.34,27.420875,66.0,True,56.98125,Medium,Bengaluru,Control,0.0,No Incentive,0.35,0.382,False,0,56,0.0
CUST07915,Routine_Commuter,171,54,0.3157894736842105,4788.45,28.00263157894737,67.8,True,56.98032894736842,Medium,Chennai,Control,0.0,No Incentive,0.35,0.38559999999999994,False,0,54,0.0
CUST03621,Routine_Commuter,162,62,0.382716049382716,3506.21,21.64327160493827,62.3,True,56.97989197530864,Medium,Lucknow,Control,0.0,No Incentive,0.35,0.3746,False,0,62,0.0
CUST07071,Routine_Commuter,167,52,0.311377245508982,3635.73,21.770838323353292,68.7,True,56.976339820359286,Medium,Bengaluru,Control,0.0,No Incentive,0.35,0.38739999999999997,False,0,52,0.0
CUST04761,Routine_Commuter,173,56,0.3236994219653179,4885.89,28.242138728323702,66.8,True,56.97547687861272,Medium,Pune,Treatment,0.15,Off-Peak Incentive,0.35,0.3836,True,33,23,0.5892857142857143
CUST00693,Routine_Commuter,181,57,0.3149171270718232,3518.82,19.440994475138123,66.9,True,56.97168508287293,Medium,Bengaluru,Treatment,0.15,Off-Peak Incentive,0.35,0.3838,False,0,57,0.0
CUST02370,Routine_Commuter,161,59,0.3664596273291925,2919.42,18.13304347826087,64.1,True,56.9708850931677,Medium,Delhi NCR,Treatment,0.15,Off-Peak Incentive,0.35,0.3782,False,0,59,0.0
CUST00237,Routine_Commuter,202,64,0.3168316831683168,4774.78,23.637524752475247,65.9,True,56.96326732673268,Medium,Bengaluru,Treatment,0.15,Off-Peak Incentive,0.35,0.3818,False,0,64,0.0
CUST00776,Routine_Commuter,177,59,0.3333333333333333,4760.24,26.89401129943503,65.4,True,56.96208333333334,Medium,Bengaluru,Control,0.0,No Incentive,0.35,0.38079999999999997,False,0,59,0.0
CUST07644,Routine_Commuter,166,58,0.3493975903614458,3845.52,23.16578313253012,65.0,True,56.95840361445784,Medium,Chandigarh,Control,0.0,No Incentive,0.35,0.38,False,0,58,0.0
CUST06963,Routine_Commuter,153,58,0.3790849673202614,3381.07,22.098496732026145,64.5,True,56.950898692810455,Medium,Kolkata,Control,0.0,No Incentive,0.35,0.379,False,0,58,0.0
CUST03966,High_Mileage,267,81,0.3033707865168539,8224.35,30.802808988764045,66.7,True,56.94733146067416,Medium,Bengaluru,Control,0.0,No Incentive,0.45,0.4834,False,0,81,0.0
CUST07787,Routine_Commuter,193,61,0.3160621761658031,4218.41,21.85704663212435,66.1,True,56.93498704663213,Medium,Jaipur,Control,0.0,No Incentive,0.35,0.3822,False,0,61,0.0
CUST02851,Routine_Commuter,167,56,0.3353293413173652,4118.72,24.66299401197605,66.2,True,56.93442365269462,Medium,Ahmedabad,Control,0.0,No Incentive,0.35,0.38239999999999996,False,0,56,0.0
CUST02298,Routine_Commuter,186,61,0.3279569892473118,4557.21,24.501129032258063,65.2,True,56.92952956989248,Medium,Mumbai,Treatment,0.15,Off-Peak Incentive,0.35,0.38039999999999996,False,0,61,0.0
CUST03750,Routine_Commuter,179,56,0.3128491620111732,3127.07,17.469664804469275,67.2,True,56.92146648044694,Medium,Bengaluru,Treatment,0.15,Off-Peak Incentive,0.35,0.38439999999999996,True,33,23,0.5892857142857143
CUST03413,Routine_Commuter,164,60,0.3658536585365853,3306.96,20.16439024390244,63.5,True,56.91414634146341,Medium,Kochi,Control,0.0,No Incentive,0.35,0.377,False,0,60,0.0
CUST05985,Routine_Commuter,165,56,0.3393939393939394,3619.72,21.93769696969697,66.0,True,56.90575757575759,Medium,Mumbai,Control,0.0,No Incentive,0.35,0.382,False,0,56,0.0
CUST04697,Routine_Commuter,187,57,0.3048128342245989,3178.69,16.998342245989306,67.4,True,56.90501336898396,Medium,Ahmedabad,Treatment,0.15,Off-Peak Incentive,0.35,0.3848,False,0,57,0.0
CUST00039,Routine_Commuter,161,60,0.3726708074534161,4075.61,25.31434782608696,63.3,True,56.89933229813664,Medium,Mumbai,Control,0.0,No Incentive,0.35,0.3766,False,0,60,0.0
CUST03269,Routine_Commuter,189,61,0.3227513227513227,4935.32,26.11280423280423,65.5,True,56.89505291005291,Medium,Kochi,Control,0.0,No Incentive,0.35,0.381,False,0,61,0.0
CUST01139,Routine_Commuter,167,59,0.3532934131736527,2967.79,17.77119760479042,64.3,True,56.8929865269461,Medium,Bengaluru,Treatment,0.15,Off-Peak Incentive,0.35,0.3786,False,0,59,0.0
CUST05373,Routine_Commuter,160,59,0.36875,3558.07,22.2379375,63.9,True,56.89125,Medium,Chennai,Treatment,0.15,Off-Peak Incentive,0.35,0.37779999999999997,False,0,59,0.0
CUST02042,Routine_Commuter,171,56,0.327485380116959,3613.89,21.133859649122805,66.4,True,56.88816520467836,Medium,Ahmedabad,Control,0.0,No Incentive,0.35,0.3828,False,0,56,0.0
CUST00277,Routine_Commuter,164,53,0.3231707317073171,5029.4,30.667073170731705,67.7,True,56.886829268292686,Medium,Chennai,Control,0.0,No Incentive,0.35,0.38539999999999996,False,0,53,0.0
CUST00200,Routine_Commuter,199,60,0.3015075376884422,3454.7,17.360301507537688,67.3,True,56.88655150753769,Medium,Chennai,Treatment,0.15,Off-Peak Incentive,0.35,0.38459999999999994,True,35,25,0.5833333333333334
CUST00066,Routine_Commuter,169,54,0.3195266272189349,4810.91,28.466923076923077,67.4,True,56.88356508875741,Medium,Chennai,Control,0.0,No Incentive,0.35,0.3848,False,0,54,0.0
CUST07153,Routine_Commuter,158,57,0.360759493670886,4713.85,29.83449367088608,65.1,True,56.87787974683544,Medium,Lucknow,Treatment,0.15,Off-Peak Incentive,0.35,0.3802,True,33,24,0.5789473684210527
CUST06605,Routine_Commuter,186,60,0.3225806451612903,4032.75,21.681451612903224,65.6,True,56.87447580645161,Medium,Mumbai,Control,0.0,No Incentive,0.35,0.3812,False,0,60,0.0
CUST00656,Routine_Commuter,165,59,0.3575757575757576,3721.58,22.555030303030303,64.1,True,56.873030303030305,Medium,Jaipur,Treatment,0.15,Off-Peak Incentive,0.35,0.3782,True,34,25,0.576271186440678
CUST07103,Routine_Commuter,165,59,0.3575757575757576,2299.9,13.93878787878788,64.1,True,56.873030303030305,Medium,Lucknow,Control,0.0,No Incentive,0.35,0.3782,False,0,59,0.0
CUST00500,Routine_Commuter,176,60,0.3409090909090909,5615.19,31.90448863636363,64.5,True,56.87261363636364,Medium,Delhi NCR,Treatment,0.15,Off-Peak Incentive,0.35,0.379,True,34,26,0.5666666666666667
CUST07917,Routine_Commuter,182,58,0.3186813186813186,5481.67,30.119065934065933,66.2,True,56.86850274725275,Medium,Jaipur,Treatment,0.15,Off-Peak Incentive,0.35,0.38239999999999996,True,34,24,0.5862068965517241
CUST06585,Routine_Commuter,162,63,0.3888888888888889,5548.9,34.252469135802464,61.4,True,56.86680555555556,Medium,Mumbai,Control,0.0,No Incentive,0.35,0.37279999999999996,False,0,63,0.0
CUST04417,Routine_Commuter,165,55,0.3333333333333333,2848.69,17.264787878787878,66.5,True,56.863333333333344,Medium,Bengaluru,Treatment,0.15,Off-Peak Incentive,0.35,0.383,False,0,55,0.0
CUST07108,Routine_Commuter,180,58,0.3222222222222222,3868.15,21.489722222222223,66.0,True,56.862638888888895,Medium,Chandigarh,Treatment,0.15,Off-Peak Incentive,0.35,0.382,True,34,24,0.5862068965517241
CUST01925,Routine_Commuter,194,62,0.3195876288659793,4101.41,21.141288659793815,65.5,True,56.84725515463918,Medium,Jaipur,Treatment,0.15,Off-Peak Incentive,0.35,0.381,False,0,62,0.0
CUST00563,Routine_Commuter,162,60,0.3703703703703703,3658.83,22.58537037037037,63.2,True,56.84606481481481,Medium,Mumbai,Control,0.0,No Incentive,0.35,0.37639999999999996,False,0,60,0.0
CUST02591,Price_Sensitive,164,51,0.3109756097560975,4706.24,28.696585365853657,68.8,True,56.83902439024389,Medium,Chennai,Control,0.0,No Incentive,0.3,0.3376,False,0,51,0.0
CUST05787,Price_Sensitive,159,54,0.3396226415094339,2571.47,16.172767295597485,66.9,True,56.836155660377365,Medium,Delhi NCR,Control,0.0,No Incentive,0.3,0.3338,False,0,54,0.0
CUST06807,Routine_Commuter,164,60,0.3658536585365853,3365.58,20.52182926829268,63.3,True,56.83414634146341,Medium,Lucknow,Treatment,0.15,Off-Peak Incentive,0.35,0.3766,True,34,26,0.5666666666666667
CUST05438,Routine_Commuter,159,57,0.3584905660377358,3959.96,24.905408805031445,65.0,True,56.83087264150944,Medium,Lucknow,Treatment,0.15,Off-Peak Incentive,0.35,0.38,True,33,24,0.5789473684210527
CUST05953,Routine_Commuter,169,59,0.3491124260355029,5204.3,30.794674556213018,64.3,True,56.826997041420114,Medium,Lucknow,Treatment,0.15,Off-Peak Incentive,0.35,0.3786,False,0,59,0.0
CUST01494,Routine_Commuter,170,60,0.3529411764705882,4816.57,28.33276470588235,63.8,True,56.82389705882353,Medium,Bengaluru,Control,0.0,No Incentive,0.35,0.3776,False,0,60,0.0
CUST00254,Routine_Commuter,190,62,0.3263157894736842,3344.87,17.60457894736842,64.9,True,56.82013157894738,Medium,Mumbai,Control,0.0,No Incentive,0.35,0.37979999999999997,False,0,62,0.0
CUST00840,Price_Sensitive,167,55,0.3293413173652694,2540.11,15.210239520958083,66.5,True,56.81490269461078,Medium,Delhi NCR,Control,0.0,No Incentive,0.3,0.33299999999999996,False,0,55,0.0
CUST06395,Routine_Commuter,175,55,0.3142857142857143,3808.57,21.763257142857142,67.1,True,56.807678571428575,Medium,Kolkata,Control,0.0,No Incentive,0.35,0.3842,False,0,55,0.0
CUST02626,Routine_Commuter,170,56,0.3294117647058823,4424.25,26.025,66.1,True,56.80272058823529,Medium,Bengaluru,Treatment,0.15,Off-Peak Incentive,0.35,0.3822,False,0,56,0.0
CUST03908,Routine_Commuter,186,60,0.3225806451612903,4421.2300000000005,23.770053763440863,65.4,True,56.794475806451615,Medium,Kolkata,Control,0.0,No Incentive,0.35,0.38079999999999997,False,0,60,0.0
CUST02187,Routine_Commuter,163,61,0.3742331288343558,3267.57,20.046441717791417,62.5,True,56.78682515337423,Medium,Hyderabad,Treatment,0.15,Off-Peak Incentive,0.35,0.375,True,34,27,0.5573770491803278
CUST03467,Routine_Commuter,180,56,0.3111111111111111,4214.24,23.412444444444443,66.9,True,56.77819444444445,Medium,Delhi NCR,Treatment,0.15,Off-Peak Incentive,0.35,0.3838,False,0,56,0.0
CUST00585,Routine_Commuter,181,63,0.3480662983425414,3576.69,19.7607182320442,63.1,True,56.77765193370166,Medium,Chennai,Treatment,0.15,Off-Peak Incentive,0.35,0.3762,True,36,27,0.5714285714285714
CUST02166,Routine_Commuter,172,61,0.3546511627906977,4471.3,25.99593023255814,63.3,True,56.77604651162791,Medium,Delhi NCR,Treatment,0.15,Off-Peak Incentive,0.35,0.3766,True,35,26,0.5737704918032787
CUST03582,Routine_Commuter,158,49,0.310126582278481,4545.64,28.76987341772152,69.9,True,56.77256329113924,Medium,Bengaluru,Treatment,0.15,Off-Peak Incentive,0.35,0.3898,False,0,49,0.0
CUST03313,Routine_Commuter,161,59,0.3664596273291925,5189.48,32.2327950310559,63.6,True,56.770885093167706,Medium,Chennai,Treatment,0.15,Off-Peak Incentive,0.35,0.3772,True,34,25,0.576271186440678
CUST06331,Routine_Commuter,161,59,0.3664596273291925,2574.24,15.989068322981366,63.6,True,56.770885093167706,Medium,Mumbai,Treatment,0.15,Off-Peak Incentive,0.35,0.3772,False,0,59,0.0
CUST07111,Routine_Commuter,172,57,0.3313953488372093,5062.12,29.43093023255814,65.6,True,56.76581395348837,Medium,Kolkata,Control,0.0,No Incentive,0.35,0.3812,False,0,57,0.0
CUST06864,Routine_Commuter,160,58,0.3625,2480.81,15.5050625,64.2,True,56.76125,Medium,Kochi,Treatment,0.15,Off-Peak Incentive,0.35,0.37839999999999996,True,33,25,0.5689655172413793
CUST06645,Routine_Commuter,180,57,0.3166666666666666,3612.33,20.0685,66.3,True,56.76041666666667,Medium,Delhi NCR,Treatment,0.15,Off-Peak Incentive,0.35,0.3826,False,0,57,0.0
CUST04112,Routine_Commuter,170,57,0.3352941176470588,2666.99,15.688176470588234,65.4,True,56.75801470588236,Medium,Ahmedabad,Control,0.0,No Incentive,0.35,0.38079999999999997,False,0,57,0.0
CUST05501,Routine_Commuter,183,59,0.3224043715846995,2883.79,15.758415300546448,65.5,True,56.75742486338798,Medium,Mumbai,Control,0.0,No Incentive,0.35,0.381,False,0,59,0.0
CUST01516,Routine_Commuter,169,57,0.3372781065088757,5176.21,30.62846153846154,65.3,True,56.753624260355025,Medium,Jaipur,Control,0.0,No Incentive,0.35,0.3806,False,0,57,0.0
CUST04629,Routine_Commuter,171,52,0.3040935672514619,3847.5,22.5,68.4,True,56.75249269005849,Medium,Bengaluru,Treatment,0.15,Off-Peak Incentive,0.35,0.3868,False,0,52,0.0
CUST07204,Routine_Commuter,175,53,0.3028571428571429,4150.19,23.715371428571427,68.1,True,56.75053571428572,Medium,Bengaluru,Control,0.0,No Incentive,0.35,0.3862,False,0,53,0.0
CUST07740,Routine_Commuter,168,55,0.3273809523809524,5436.14,32.357976190476194,66.4,True,56.750238095238096,Medium,Kolkata,Treatment,0.15,Off-Peak Incentive,0.35,0.3828,True,32,23,0.5818181818181818
CUST07959,Routine_Commuter,163,54,0.3312883435582822,1794.89,11.01159509202454,66.7,True,56.74903374233129,Medium,Hyderabad,Treatment,0.15,Off-Peak Incentive,0.35,0.38339999999999996,True,32,22,0.5925925925925926
CUST00533,Routine_Commuter,164,58,0.3536585365853658,2426.2,14.79390243902439,64.3,True,56.74634146341462,Medium,Bengaluru,Control,0.0,No Incentive,0.35,0.3786,False,0,58,0.0
CUST02913,Routine_Commuter,164,57,0.3475609756097561,3641.57,22.20469512195122,64.9,True,56.74243902439025,Medium,Kolkata,Control,0.0,No Incentive,0.35,0.37979999999999997,False,0,57,0.0
CUST05433,Routine_Commuter,163,59,0.3619631901840491,2393.35,14.683128834355829,63.6,True,56.73602760736197,Medium,Delhi NCR,Control,0.0,No Incentive,0.35,0.3772,False,0,59,0.0
CUST02640,Routine_Commuter,186,56,0.3010752688172043,4279.39,23.00747311827957,67.4,True,56.73426075268817,Medium,Hyderabad,Control,0.0,No Incentive,0.35,0.3848,False,0,56,0.0
CUST00938,Routine_Commuter,181,59,0.3259668508287293,4187.95,23.1378453038674,65.2,True,56.73367403314918,Medium,Kochi,Control,0.0,No Incentive,0.35,0.38039999999999996,False,0,59,0.0
CUST01312,Routine_Commuter,182,57,0.3131868131868132,4626.03,25.41774725274725,66.4,True,56.72872252747253,Medium,Kochi,Treatment,0.15,Off-Peak Incentive,0.35,0.3828,False,0,57,0.0
CUST00338,Routine_Commuter,185,58,0.3135135135135135,5301.08,28.654486486486487,66.2,True,56.72679054054055,Medium,Mumbai,Treatment,0.15,Off-Peak Incentive,0.35,0.38239999999999996,False,0,58,0.0
CUST06869,Routine_Commuter,162,54,0.3333333333333333,2974.21,18.35932098765432,66.6,True,56.72458333333333,Medium,Ahmedabad,Treatment,0.15,Off-Peak Incentive,0.35,0.3832,False,0,54,0.0
CUST07664,Routine_Commuter,160,62,0.3875,4219.2,26.369999999999997,61.6,True,56.72125,Medium,Kochi,Treatment,0.15,Off-Peak Incentive,0.35,0.3732,False,0,62,0.0
CUST03042,Routine_Commuter,178,56,0.3146067415730337,2139.4,12.019101123595506,66.6,True,56.71926966292135,Medium,Hyderabad,Control,0.0,No Incentive,0.35,0.3832,False,0,56,0.0
CUST06443,Routine_Commuter,176,57,0.3238636363636363,5062.28,28.762954545454544,65.8,True,56.710795454545455,Medium,Delhi NCR,Treatment,0.15,Off-Peak Incentive,0.35,0.3816,False,0,57,0.0
CUST04416,Routine_Commuter,177,57,0.3220338983050847,3509.88,19.829830508474576,65.9,True,56.71010593220339,Medium,Chandigarh,Control,0.0,No Incentive,0.35,0.3818,False,0,57,0.0
CUST06289,Routine_Commuter,171,54,0.3157894736842105,3926.81,22.96380116959064,67.1,True,56.70032894736842,Medium,Pune,Control,0.0,No Incentive,0.35,0.3842,False,0,54,0.0
CUST02203,Routine_Commuter,157,55,0.3503184713375796,4847.14,30.87350318471338,65.9,True,56.69648885350318,Medium,Chennai,Control,0.0,No Incentive,0.35,0.3818,False,0,55,0.0
CUST01912,Routine_Commuter,167,56,0.3353293413173652,3405.74,20.393652694610775,65.6,True,56.69442365269461,Medium,Hyderabad,Treatment,0.15,Off-Peak Incentive,0.35,0.3812,True,32,24,0.5714285714285714
CUST04393,Routine_Commuter,163,56,0.3435582822085889,4230.17,25.95196319018405,65.3,True,56.67983128834356,Medium,Bengaluru,Treatment,0.15,Off-Peak Incentive,0.35,0.3806,False,0,56,0.0
CUST03082,Price_Sensitive,158,54,0.3417721518987341,3550.17,22.469430379746836,66.5,True,56.67838607594936,Medium,Pune,Control,0.0,No Incentive,0.3,0.33299999999999996,False,0,54,0.0
CUST04729,Routine_Commuter,168,51,0.3035714285714285,3126.4,18.60952380952381,68.6,True,56.677857142857135,Medium,Hyderabad,Control,0.0,No Incentive,0.35,0.3872,False,0,51,0.0
CUST04846,Routine_Commuter,171,52,0.3040935672514619,2803.56,16.395087719298246,68.2,True,56.67249269005848,Medium,Ahmedabad,Control,0.0,No Incentive,0.35,0.38639999999999997,False,0,52,0.0
CUST07041,Routine_Commuter,162,58,0.3580246913580246,3074.51,18.97845679012346,64.0,True,56.67223765432099,Medium,Bengaluru,Control,0.0,No Incentive,0.35,0.378,False,0,58,0.0
CUST00288,Routine_Commuter,163,54,0.3312883435582822,3218.16,19.743312883435586,66.5,True,56.669033742331294,Medium,Bengaluru,Control,0.0,No Incentive,0.35,0.383,False,0,54,0.0
CUST06986,Routine_Commuter,157,61,0.3885350318471338,2132.22,13.581019108280254,62.0,True,56.66515127388536,Medium,Bengaluru,Treatment,0.15,Off-Peak Incentive,0.35,0.374,True,34,27,0.5573770491803278
CUST01282,Routine_Commuter,165,53,0.3212121212121212,4727.36,28.650666666666663,67.2,True,56.65848484848486,Medium,Mumbai,Control,0.0,No Incentive,0.35,0.38439999999999996,False,0,53,0.0
CUST00051,Routine_Commuter,181,57,0.3149171270718232,3419.27,18.89099447513812,66.1,True,56.65168508287292,Medium,Hyderabad,Treatment,0.15,Off-Peak Incentive,0.35,0.3822,False,0,57,0.0
CUST01651,Routine_Commuter,186,58,0.3118279569892473,2931.75,15.762096774193548,66.1,True,56.64436827956989,Medium,Delhi NCR,Control,0.0,No Incentive,0.35,0.3822,False,0,58,0.0
CUST07925,Routine_Commuter,166,54,0.3253012048192771,5379.3,32.40542168674699,66.6,True,56.634548192771085,Medium,Jaipur,Control,0.0,No Incentive,0.35,0.3832,False,0,54,0.0
CUST05118,Routine_Commuter,173,54,0.3121387283236994,4218.4,24.383815028901733,67.1,True,56.633049132947974,Medium,Chennai,Control,0.0,No Incentive,0.35,0.3842,False,0,54,0.0
CUST05453,Routine_Commuter,168,55,0.3273809523809524,2270.42,13.514404761904762,66.1,True,56.63023809523809,Medium,Ahmedabad,Treatment,0.15,Off-Peak Incentive,0.35,0.3822,True,32,23,0.5818181818181818
CUST00612,Routine_Commuter,168,60,0.3571428571428571,3708.58,22.07488095238095,63.1,True,56.620714285714286,Medium,Pune,Treatment,0.15,Off-Peak Incentive,0.35,0.3762,True,34,26,0.5666666666666667
CUST05775,Routine_Commuter,169,61,0.3609467455621302,3892.73,23.033905325443783,62.6,True,56.620369822485216,Medium,Hyderabad,Control,0.0,No Incentive,0.35,0.3752,False,0,61,0.0
CUST00773,Routine_Commuter,168,61,0.3630952380952381,3529.88,21.01119047619048,62.5,True,56.61880952380952,Medium,Chandigarh,Treatment,0.15,Off-Peak Incentive,0.35,0.375,False,0,61,0.0
CUST05404,Routine_Commuter,159,59,0.3710691823899371,3142.31,19.762955974842768,63.2,True,56.614017295597485,Medium,Jaipur,Treatment,0.15,Off-Peak Incentive,0.35,0.37639999999999996,False,0,59,0.0
CUST03531,Routine_Commuter,180,54,0.3,3287.62,18.264555555555553,67.6,True,56.61375,Medium,Bengaluru,Treatment,0.15,Off-Peak Incentive,0.35,0.3852,False,0,54,0.0
CUST05296,Routine_Commuter,162,61,0.3765432098765432,4133.75,25.516975308641975,62.0,True,56.61297839506173,Medium,Chandigarh,Treatment,0.15,Off-Peak Incentive,0.35,0.374,False,0,61,0.0
CUST06454,Routine_Commuter,163,58,0.3558282208588957,2924.89,17.944110429447854,63.9,True,56.61062883435583,Medium,Delhi NCR,Treatment,0.15,Off-Peak Incentive,0.35,0.37779999999999997,False,0,58,0.0
CUST02515,Routine_Commuter,199,61,0.3065326633165829,4825.11,24.246783919597988,66.1,True,56.60755653266332,Medium,Kochi,Control,0.0,No Incentive,0.35,0.3822,False,0,61,0.0
CUST00235,Routine_Commuter,185,58,0.3135135135135135,4389.64,23.727783783783785,65.9,True,56.606790540540544,Medium,Delhi NCR,Treatment,0.15,Off-Peak Incentive,0.35,0.3818,False,0,58,0.0
CUST02324,Routine_Commuter,161,58,0.3602484472049689,3437.88,21.35329192546584,63.8,True,56.60243788819875,Medium,Delhi NCR,Treatment,0.15,Off-Peak Incentive,0.35,0.3776,False,0,58,0.0
CUST03114,Routine_Commuter,179,56,0.3128491620111732,4782.8,26.7195530726257,66.4,True,56.60146648044693,Medium,Jaipur,Treatment,0.15,Off-Peak Incentive,0.35,0.3828,False,0,56,0.0
CUST05421,Price_Sensitive,157,51,0.3248407643312102,3473.77,22.12592356687898,68.2,True,56.597380573248415,Medium,Lucknow,Treatment,0.15,Off-Peak Incentive,0.3,0.3364,False,0,51,0.0
CUST03290,Routine_Commuter,174,55,0.3160919540229885,3620.53,20.80764367816092,66.5,True,56.594928160919544,Medium,Jaipur,Treatment,0.15,Off-Peak Incentive,0.35,0.383,False,0,55,0.0
CUST07706,Routine_Commuter,174,55,0.3160919540229885,3912.25,22.48419540229885,66.5,True,56.594928160919544,Medium,Jaipur,Control,0.0,No Incentive,0.35,0.383,False,0,55,0.0
CUST05420,Routine_Commuter,155,56,0.3612903225806451,1992.7,12.856129032258066,64.9,True,56.594112903225806,Medium,Jaipur,Treatment,0.15,Off-Peak Incentive,0.35,0.37979999999999997,False,0,56,0.0
CUST01395,Routine_Commuter,173,54,0.3121387283236994,3847.77,22.2414450867052,67.0,True,56.59304913294798,Medium,Kochi,Treatment,0.15,Off-Peak Incentive,0.35,0.384,True,32,22,0.5925925925925926
CUST04421,Routine_Commuter,166,52,0.3132530120481928,5177.8,31.19156626506024,67.7,True,56.59262048192772,Medium,Bengaluru,Treatment,0.15,Off-Peak Incentive,0.35,0.38539999999999996,False,0,52,0.0
CUST06410,Routine_Commuter,177,54,0.3050847457627119,4816.65,27.212711864406774,67.3,True,56.59213983050848,Medium,Chandigarh,Treatment,0.15,Off-Peak Incentive,0.35,0.38459999999999994,True,32,22,0.5925925925925926
CUST06268,Routine_Commuter,159,53,0.3333333333333333,5553.89,34.93012578616352,66.9,True,56.584583333333335,Medium,Delhi NCR,Treatment,0.15,Off-Peak Incentive,0.35,0.3838,True,31,22,0.5849056603773585
CUST04626,Routine_Commuter,167,54,0.3233532934131736,4072.25,24.384730538922156,66.5,True,56.57538173652695,Medium,Hyderabad,Treatment,0.15,Off-Peak Incentive,0.35,0.383,False,0,54,0.0
CUST04070,Routine_Commuter,167,55,0.3293413173652694,3317.47,19.86508982035928,65.9,True,56.574902694610785,Medium,Delhi NCR,Control,0.0,No Incentive,0.35,0.3818,False,0,55,0.0
CUST01559,Routine_Commuter,187,62,0.3315508021390374,3142.47,16.804652406417112,63.9,True,56.5745320855615,Medium,Delhi NCR,Treatment,0.15,Off-Peak Incentive,0.35,0.37779999999999997,True,35,27,0.5645161290322581
CUST03663,Routine_Commuter,182,55,0.3021978021978022,5177.38,28.447142857142858,67.1,True,56.56916208791209,Medium,Lucknow,Control,0.0,No Incentive,0.35,0.3842,False,0,55,0.0
CUST02784,Routine_Commuter,157,57,0.3630573248407643,3091.28,19.689681528662422,64.3,True,56.566042993630575,Medium,Bengaluru,Treatment,0.15,Off-Peak Incentive,0.35,0.3786,False,0,57,0.0
CUST03734,Routine_Commuter,173,53,0.3063583815028902,4256.39,24.60341040462428,67.5,True,56.561835260115615,Medium,Chandigarh,Treatment,0.15,Off-Peak Incentive,0.35,0.38499999999999995,False,0,53,0.0
CUST03620,Routine_Commuter,183,57,0.3114754098360656,4657.79,25.4524043715847,66.1,True,56.56026639344262,Medium,Pune,Treatment,0.15,Off-Peak Incentive,0.35,0.3822,True,33,24,0.5789473684210527
CUST03461,Routine_Commuter,183,57,0.3114754098360656,3320.76,18.14622950819672,66.1,True,56.56026639344262,Medium,Chennai,Control,0.0,No Incentive,0.35,0.3822,False,0,57,0.0
CUST03718,Routine_Commuter,170,57,0.3352941176470588,3581.71,21.068882352941177,64.9,True,56.55801470588236,Medium,Mumbai,Control,0.0,No Incentive,0.35,0.37979999999999997,False,0,57,0.0
CUST07982,Routine_Commuter,158,57,0.360759493670886,2918.7,18.47278481012658,64.3,True,56.55787974683544,Medium,Chennai,Treatment,0.15,Off-Peak Incentive,0.35,0.3786,False,0,57,0.0
CUST07216,Routine_Commuter,158,60,0.379746835443038,3019.36,19.10987341772152,62.4,True,56.55737341772152,Medium,Mumbai,Treatment,0.15,Off-Peak Incentive,0.35,0.37479999999999997,True,34,26,0.5666666666666667
CUST05334,Routine_Commuter,163,55,0.3374233128834356,3426.58,21.02196319018405,65.6,True,56.554432515337425,Medium,Bengaluru,Treatment,0.15,Off-Peak Incentive,0.35,0.3812,False,0,55,0.0
CUST01672,Routine_Commuter,152,58,0.3815789473684211,2307.69,15.18217105263158,63.5,True,56.55440789473685,Medium,Lucknow,Treatment,0.15,Off-Peak Incentive,0.35,0.377,False,0,58,0.0
CUST04915,Routine_Commuter,160,57,0.35625,3417.55,21.3596875,64.3,True,56.55125,Medium,Mumbai,Control,0.0,No Incentive,0.35,0.3786,False,0,57,0.0
CUST00632,Routine_Commuter,168,55,0.3273809523809524,3824.41,22.76434523809524,65.9,True,56.5502380952381,Medium,Delhi NCR,Treatment,0.15,Off-Peak Incentive,0.35,0.3818,True,32,23,0.5818181818181818
CUST07417,Routine_Commuter,157,53,0.3375796178343949,4756.8,30.298089171974524,66.8,True,56.54693471337579,Medium,Ahmedabad,Treatment,0.15,Off-Peak Incentive,0.35,0.3836,True,31,22,0.5849056603773585
CUST02244,Routine_Commuter,161,55,0.3416149068322981,5064.48,31.456397515527943,65.5,True,56.53709627329193,Medium,Pune,Control,0.0,No Incentive,0.35,0.381,False,0,55,0.0
CUST05790,Routine_Commuter,164,51,0.3109756097560975,4165.27,25.397987804878053,68.0,True,56.5190243902439,Medium,Kochi,Treatment,0.15,Off-Peak Incentive,0.35,0.38599999999999995,True,30,21,0.5882352941176471
CUST04217,Routine_Commuter,158,57,0.360759493670886,4561.36,28.869367088607593,64.2,True,56.51787974683544,Medium,Pune,Treatment,0.15,Off-Peak Incentive,0.35,0.37839999999999996,False,0,57,0.0
CUST00220,Routine_Commuter,159,57,0.3584905660377358,5211.34,32.77572327044025,64.2,True,56.51087264150944,Medium,Mumbai,Control,0.0,No Incentive,0.35,0.37839999999999996,False,0,57,0.0
CUST01725,Routine_Commuter,168,55,0.3273809523809524,3789.29,22.555297619047614,65.8,True,56.510238095238094,Medium,Hyderabad,Treatment,0.15,Off-Peak Incentive,0.35,0.3816,True,32,23,0.5818181818181818
CUST04973,Routine_Commuter,171,53,0.3099415204678362,3515.69,20.559590643274856,67.2,True,56.50641081871345,Medium,Lucknow,Treatment,0.15,Off-Peak Incentive,0.35,0.38439999999999996,False,0,53,0.0
CUST05804,Routine_Commuter,153,52,0.3398692810457516,4006.88,26.18875816993464,67.3,True,56.50227124183006,Medium,Mumbai,Treatment,0.15,Off-Peak Incentive,0.35,0.38459999999999994,True,30,22,0.5769230769230769
CUST07824,Routine_Commuter,175,54,0.3085714285714285,1902.05,10.868857142857143,66.9,True,56.49910714285715,Medium,Kochi,Control,0.0,No Incentive,0.35,0.3838,False,0,54,0.0
CUST02901,Routine_Commuter,188,57,0.3031914893617021,2200.09,11.702606382978724,66.5,True,56.49640957446809,Medium,Jaipur,Treatment,0.15,Off-Peak Incentive,0.35,0.383,False,0,57,0.0
CUST06052,Routine_Commuter,150,53,0.3533333333333333,2508.09,16.7206,66.6,True,56.49583333333334,Medium,Lucknow,Treatment,0.15,Off-Peak Incentive,0.35,0.3832,True,31,22,0.5849056603773585
CUST03237,Routine_Commuter,174,53,0.3045977011494253,3590.49,20.635,67.4,True,56.495158045977014,Medium,Mumbai,Treatment,0.15,Off-Peak Incentive,0.35,0.3848,False,0,53,0.0
CUST03346,Routine_Commuter,169,51,0.301775147928994,3089.87,18.28325443786982,68.2,True,56.493505917159766,Medium,Kolkata,Treatment,0.15,Off-Peak Incentive,0.35,0.38639999999999997,True,30,21,0.5882352941176471
CUST04206,Routine_Commuter,175,58,0.3314285714285714,4476.34,25.57908571428571,64.6,True,56.49339285714286,Medium,Hyderabad,Control,0.0,No Incentive,0.35,0.3792,False,0,58,0.0
CUST01879,Routine_Commuter,173,52,0.3005780346820809,4943.09,28.57277456647399,67.9,True,56.49062138728324,Medium,Kolkata,Treatment,0.15,Off-Peak Incentive,0.35,0.3858,False,0,52,0.0
CUST01723,Routine_Commuter,159,61,0.3836477987421384,4448.51,27.97805031446541,61.6,True,56.47716194968554,Medium,Lucknow,Control,0.0,No Incentive,0.35,0.3732,False,0,61,0.0
CUST06199,Routine_Commuter,178,54,0.3033707865168539,2957.2,16.613483146067416,67.1,True,56.46983146067416,Medium,Delhi NCR,Control,0.0,No Incentive,0.35,0.3842,False,0,54,0.0
CUST04370,Routine_Commuter,162,57,0.3518518518518518,3912.63,24.152037037037037,64.1,True,56.46532407407408,Medium,Delhi NCR,Control,0.0,No Incentive,0.35,0.3782,False,0,57,0.0
CUST05465,Routine_Commuter,145,56,0.3862068965517241,2986.12,20.59393103448276,64.4,True,56.46327586206897,Medium,Delhi NCR,Treatment,0.15,Off-Peak Incentive,0.35,0.37879999999999997,False,0,56,0.0
CUST00297,Routine_Commuter,179,55,0.3072625698324022,5419.16,30.274636871508378,66.6,True,56.45800279329609,Medium,Bengaluru,Control,0.0,No Incentive,0.35,0.3832,False,0,55,0.0
CUST00026,Routine_Commuter,161,55,0.3416149068322981,4372.04,27.15552795031056,65.3,True,56.45709627329192,Medium,Bengaluru,Control,0.0,No Incentive,0.35,0.3806,False,0,55,0.0
CUST01502,Routine_Commuter,155,57,0.3677419354838709,4056.13,26.168580645161292,63.9,True,56.45217741935484,Medium,Pune,Treatment,0.15,Off-Peak Incentive,0.35,0.37779999999999997,True,32,25,0.5614035087719298
CUST03968,Routine_Commuter,161,59,0.3664596273291925,4285.67,26.619068322981366,62.8,True,56.4508850931677,Medium,Bengaluru,Control,0.0,No Incentive,0.35,0.3756,False,0,59,0.0
CUST02718,Routine_Commuter,161,54,0.3354037267080745,2886.86,17.93080745341615,65.9,True,56.44864906832298,Medium,Mumbai,Control,0.0,No Incentive,0.35,0.3818,False,0,54,0.0
CUST07988,Routine_Commuter,161,54,0.3354037267080745,4937.37,30.66689440993789,65.9,True,56.44864906832298,Medium,Hyderabad,Treatment,0.15,Off-Peak Incentive,0.35,0.3818,False,0,54,0.0
CUST01043,Routine_Commuter,160,58,0.3625,2983.91,18.6494375,63.4,True,56.44125,Medium,Kolkata,Control,0.0,No Incentive,0.35,0.37679999999999997,False,0,58,0.0
CUST03760,Routine_Commuter,159,54,0.3396226415094339,4122.84,25.92981132075472,65.9,True,56.43615566037736,Medium,Pune,Treatment,0.15,Off-Peak Incentive,0.35,0.3818,True,31,23,0.5740740740740741
CUST07598,Routine_Commuter,176,57,0.3238636363636363,3546.97,20.153238636363636,65.1,True,56.43079545454545,Medium,Chandigarh,Control,0.0,No Incentive,0.35,0.3802,False,0,57,0.0
CUST01112,Routine_Commuter,155,60,0.3870967741935484,3128.24,20.182193548387097,61.9,True,56.426370967741946,Medium,Kochi,Control,0.0,No Incentive,0.35,0.37379999999999997,False,0,60,0.0
CUST00383,Routine_Commuter,163,53,0.3251533742331288,3357.3,20.596932515337425,66.5,True,56.42363496932516,Medium,Pune,Treatment,0.15,Off-Peak Incentive,0.35,0.383,False,0,53,0.0
CUST00581,Price_Sensitive,149,60,0.4026845637583892,3831.78,25.716644295302014,61.7,True,56.42238255033557,Medium,Delhi NCR,Control,0.0,No Incentive,0.3,0.3234,False,0,60,0.0
CUST07421,Routine_Commuter,148,57,0.3851351351351351,3403.96,22.99972972972973,63.7,True,56.419155405405405,Medium,Hyderabad,Treatment,0.15,Off-Peak Incentive,0.35,0.37739999999999996,False,0,57,0.0
CUST05685,Routine_Commuter,163,52,0.3190184049079754,3670.58,22.518895705521473,67.1,True,56.41823619631902,Medium,Ahmedabad,Control,0.0,No Incentive,0.35,0.3842,False,0,52,0.0
CUST01055,Routine_Commuter,188,57,0.3031914893617021,4230.6,22.503191489361704,66.3,True,56.41640957446808,Medium,Lucknow,Control,0.0,No Incentive,0.35,0.3826,False,0,57,0.0
CUST03387,Routine_Commuter,160,51,0.31875,4713.57,29.4598125,67.7,True,56.411249999999995,Medium,Delhi NCR,Treatment,0.15,Off-Peak Incentive,0.35,0.38539999999999996,False,0,51,0.0
CUST04283,Routine_Commuter,175,55,0.3142857142857143,2763.1,15.789142857142856,66.1,True,56.40767857142857,Medium,Ahmedabad,Treatment,0.15,Off-Peak Incentive,0.35,0.3822,True,32,23,0.5818181818181818
CUST03836,Routine_Commuter,159,58,0.3647798742138364,2400.13,15.095157232704404,63.3,True,56.40244496855346,Medium,Jaipur,Treatment,0.15,Off-Peak Incentive,0.35,0.3766,True,33,25,0.5689655172413793
CUST02601,Routine_Commuter,166,56,0.3373493975903614,3136.52,18.894698795180723,64.8,True,56.39647590361446,Medium,Delhi NCR,Treatment,0.15,Off-Peak Incentive,0.35,0.3796,True,32,24,0.5714285714285714
CUST00888,Price_Sensitive,174,55,0.3160919540229885,3386.37,19.461896551724134,66.0,True,56.39492816091954,Medium,Jaipur,Treatment,0.15,Off-Peak Incentive,0.3,0.33199999999999996,True,32,23,0.5818181818181818
CUST04817,Routine_Commuter,166,53,0.3192771084337349,5039.76,30.360000000000003,66.6,True,56.393584337349395,Medium,Pune,Treatment,0.15,Off-Peak Incentive,0.35,0.3832,True,31,22,0.5849056603773585
CUST07488,Routine_Commuter,177,54,0.3050847457627119,2316.49,13.087514124293786,66.8,True,56.39213983050848,Medium,Chennai,Treatment,0.15,Off-Peak Incentive,0.35,0.3836,False,0,54,0.0
CUST03590,Routine_Commuter,161,52,0.3229813664596273,4290.51,26.64913043478261,67.0,True,56.391754658385096,Medium,Chennai,Treatment,0.15,Off-Peak Incentive,0.35,0.384,False,0,52,0.0
CUST06489,Routine_Commuter,159,57,0.3584905660377358,5134.48,32.29232704402516,63.9,True,56.39087264150944,Medium,Delhi NCR,Control,0.0,No Incentive,0.35,0.37779999999999997,False,0,57,0.0
CUST03569,Routine_Commuter,149,56,0.3758389261744966,4024.59,27.0106711409396,64.3,True,56.38855704697986,Medium,Chandigarh,Control,0.0,No Incentive,0.35,0.3786,False,0,56,0.0
CUST03018,Routine_Commuter,172,54,0.313953488372093,4980.5,28.95639534883721,66.4,True,56.38813953488373,Medium,Chennai,Control,0.0,No Incentive,0.35,0.3828,False,0,54,0.0
CUST07187,Routine_Commuter,161,56,0.3478260869565217,3186.14,19.789689440993783,64.5,True,56.38554347826087,Medium,Jaipur,Treatment,0.15,Off-Peak Incentive,0.35,0.379,False,0,56,0.0
CUST06256,Price_Sensitive,161,50,0.3105590062111801,4082.48,25.357018633540378,68.2,True,56.374860248447206,Medium,Jaipur,Control,0.0,No Incentive,0.3,0.3364,False,0,50,0.0
CUST06090,Routine_Commuter,154,59,0.3831168831168831,2681.61,17.413051948051947,62.4,True,56.37342532467533,Medium,Kolkata,Control,0.0,No Incentive,0.35,0.37479999999999997,False,0,59,0.0
CUST05139,Routine_Commuter,162,55,0.3395061728395062,3143.91,19.40685185185185,65.1,True,56.371496913580245,Medium,Kolkata,Treatment,0.15,Off-Peak Incentive,0.35,0.3802,True,32,23,0.5818181818181818
CUST07283,Routine_Commuter,153,53,0.3464052287581699,3771.41,24.649738562091503,66.3,True,56.3637091503268,Medium,Jaipur,Treatment,0.15,Off-Peak Incentive,0.35,0.3826,True,31,22,0.5849056603773585
CUST06045,Routine_Commuter,163,56,0.3435582822085889,2828.27,17.351349693251535,64.5,True,56.35983128834357,Medium,Hyderabad,Control,0.0,No Incentive,0.35,0.379,False,0,56,0.0
CUST05850,Routine_Commuter,166,57,0.3433734939759036,4237.92,25.529638554216863,64.1,True,56.35743975903615,Medium,Kolkata,Treatment,0.15,Off-Peak Incentive,0.35,0.3782,False,0,57,0.0
CUST06039,Routine_Commuter,160,57,0.35625,3039.13,18.9945625,63.8,True,56.35124999999999,Medium,Pune,Control,0.0,No Incentive,0.35,0.3776,False,0,57,0.0
CUST03272,Routine_Commuter,160,53,0.33125,2838.68,17.74175,66.3,True,56.35124999999999,Medium,Lucknow,Control,0.0,No Incentive,0.35,0.3826,False,0,53,0.0
CUST06608,Routine_Commuter,176,54,0.3068181818181818,4589.62,26.077386363636364,66.6,True,56.348977272727275,Medium,Mumbai,Treatment,0.15,Off-Peak Incentive,0.35,0.3832,True,31,23,0.5740740740740741
CUST02939,Routine_Commuter,182,58,0.3186813186813186,5216.25,28.660714285714285,64.9,True,56.34850274725275,Medium,Hyderabad,Treatment,0.15,Off-Peak Incentive,0.35,0.37979999999999997,True,33,25,0.5689655172413793
CUST05409,Routine_Commuter,147,57,0.3877551020408163,3227.67,21.956938775510206,63.5,True,56.34645408163266,Medium,Pune,Control,0.0,No Incentive,0.35,0.377,False,0,57,0.0
CUST00549,Routine_Commuter,158,50,0.3164556962025316,4101.1,25.956329113924053,68.2,True,56.34572784810126,Medium,Jaipur,Control,0.0,No Incentive,0.35,0.38639999999999997,False,0,50,0.0
CUST02482,Price_Sensitive,158,56,0.3544303797468354,2768.05,17.519303797468357,64.4,True,56.34471518987342,Medium,Lucknow,Treatment,0.15,Off-Peak Incentive,0.3,0.3288,False,0,56,0.0
CUST06425,Routine_Commuter,162,50,0.3086419753086419,4120.92,25.43777777777778,68.1,True,56.33692901234568,Medium,Mumbai,Control,0.0,No Incentive,0.35,0.3862,False,0,50,0.0
CUST01111,Price_Sensitive,161,49,0.3043478260869565,5257.89,32.65770186335404,68.7,True,56.32641304347826,Medium,Kolkata,Control,0.0,No Incentive,0.3,0.3374,False,0,49,0.0
CUST03631,Routine_Commuter,169,54,0.3195266272189349,4571.57,27.050710059171596,66.0,True,56.323565088757405,Medium,Pune,Control,0.0,No Incentive,0.35,0.382,False,0,54,0.0
CUST04778,Routine_Commuter,166,58,0.3493975903614458,2974.51,17.918734939759037,63.4,True,56.31840361445784,Medium,Pune,Control,0.0,No Incentive,0.35,0.37679999999999997,False,0,58,0.0
CUST06875,Routine_Commuter,192,62,0.3229166666666667,4294.54,22.367395833333333,63.9,True,56.31416666666668,Medium,Hyderabad,Treatment,0.15,Off-Peak Incentive,0.35,0.37779999999999997,False,0,62,0.0
CUST03683,Routine_Commuter,166,53,0.3192771084337349,3869.61,23.310903614457832,66.4,True,56.3135843373494,Medium,Mumbai,Treatment,0.15,Off-Peak Incentive,0.35,0.3828,False,0,53,0.0
CUST07813,Routine_Commuter,156,57,0.3653846153846153,3531.58,22.638333333333332,63.6,True,56.30788461538461,Medium,Bengaluru,Control,0.0,No Incentive,0.35,0.3772,False,0,57,0.0
CUST04895,Routine_Commuter,160,52,0.325,5346.82,33.417625,66.8,True,56.30125,Medium,Pune,Treatment,0.15,Off-Peak Incentive,0.35,0.3836,True,30,22,0.5769230769230769
CUST00761,Routine_Commuter,186,59,0.3172043010752688,5135.06,27.607849462365593,64.7,True,56.29942204301075,Medium,Pune,Control,0.0,No Incentive,0.35,0.37939999999999996,False,0,59,0.0
CUST04101,Routine_Commuter,159,56,0.3522012578616352,4836.47,30.41805031446541,64.3,True,56.299300314465405,Medium,Kolkata,Control,0.0,No Incentive,0.35,0.3786,False,0,56,0.0
CUST04080,Routine_Commuter,175,54,0.3085714285714285,3431.11,19.60634285714286,66.4,True,56.299107142857146,Medium,Pune,Treatment,0.15,Off-Peak Incentive,0.35,0.3828,False,0,54,0.0
CUST07836,Routine_Commuter,162,50,0.3086419753086419,5103.21,31.501296296296296,68.0,True,56.29692901234568,Medium,Delhi NCR,Control,0.0,No Incentive,0.35,0.38599999999999995,False,0,50,0.0
CUST03201,Routine_Commuter,170,53,0.3117647058823529,4624.46,27.20270588235294,66.6,True,56.29683823529412,Medium,Chandigarh,Treatment,0.15,Off-Peak Incentive,0.35,0.3832,True,31,22,0.5849056603773585
CUST06510,Routine_Commuter,154,55,0.3571428571428571,3797.12,24.656623376623376,64.8,True,56.29446428571429,Medium,Lucknow,Control,0.0,No Incentive,0.35,0.3796,False,0,55,0.0
CUST03994,Routine_Commuter,158,52,0.3291139240506329,4366.73,27.637531645569617,66.8,True,56.29205696202531,Medium,Pune,Treatment,0.15,Off-Peak Incentive,0.35,0.3836,True,30,22,0.5769230769230769
CUST07642,Routine_Commuter,156,56,0.358974358974359,3332.05,21.359294871794873,64.2,True,56.29147435897437,Medium,Pune,Control,0.0,No Incentive,0.35,0.37839999999999996,False,0,56,0.0
CUST03127,Routine_Commuter,161,59,0.3664596273291925,4708.46,29.245093167701864,62.4,True,56.2908850931677,Medium,Bengaluru,Control,0.0,No Incentive,0.35,0.37479999999999997,False,0,59,0.0
CUST05172,Routine_Commuter,180,57,0.3166666666666666,4290.15,23.834166666666665,65.1,True,56.28041666666667,Medium,Pune,Treatment,0.15,Off-Peak Incentive,0.35,0.3802,False,0,57,0.0
CUST03250,Routine_Commuter,166,56,0.3373493975903614,4229.21,25.477168674698795,64.5,True,56.27647590361446,Medium,Kolkata,Control,0.0,No Incentive,0.35,0.379,False,0,56,0.0
CUST04742,Routine_Commuter,161,52,0.3229813664596273,2305.3,14.318633540372671,66.7,True,56.27175465838509,Medium,Delhi NCR,Control,0.0,No Incentive,0.35,0.38339999999999996,False,0,52,0.0
CUST01188,Routine_Commuter,164,57,0.3475609756097561,3173.94,19.35329268292683,63.7,True,56.26243902439025,Medium,Chennai,Control,0.0,No Incentive,0.35,0.37739999999999996,False,0,57,0.0
CUST02061,Routine_Commuter,164,51,0.3109756097560975,3449.23,21.03189024390244,67.3,True,56.2390243902439,Medium,Mumbai,Control,0.0,No Incentive,0.35,0.38459999999999994,False,0,51,0.0
CUST02206,Routine_Commuter,168,52,0.3095238095238095,4585.36,27.29380952380952,66.9,True,56.235952380952384,Medium,Chandigarh,Control,0.0,No Incentive,0.35,0.3838,False,0,52,0.0
CUST02599,Routine_Commuter,158,53,0.3354430379746835,3392.05,21.46867088607595,66.0,True,56.22522151898734,Medium,Pune,Treatment,0.15,Off-Peak Incentive,0.35,0.382,True,31,22,0.5849056603773585
CUST03812,Routine_Commuter,165,52,0.3151515151515151,3811.95,23.10272727272727,66.7,True,56.21606060606061,Medium,Kochi,Control,0.0,No Incentive,0.35,0.38339999999999996,False,0,52,0.0
CUST01581,Routine_Commuter,145,58,0.4,3274.35,22.581724137931033,62.4,True,56.215,Medium,Kolkata,Treatment,0.15,Off-Peak Incentive,0.35,0.37479999999999997,False,0,58,0.0
CUST02543,Routine_Commuter,154,53,0.3441558441558441,3619.12,23.50077922077922,65.9,True,56.21498376623377,Medium,Pune,Control,0.0,No Incentive,0.35,0.3818,False,0,53,0.0
CUST01978,Routine_Commuter,151,58,0.3841059602649007,2481.32,16.432582781456954,62.6,True,56.21423841059603,Medium,Ahmedabad,Control,0.0,No Incentive,0.35,0.3752,False,0,58,0.0
CUST04245,Routine_Commuter,165,51,0.3090909090909091,3572.68,21.65260606060606,67.3,True,56.21363636363637,Medium,Jaipur,Treatment,0.15,Off-Peak Incentive,0.35,0.38459999999999994,False,0,51,0.0
CUST02024,Routine_Commuter,160,55,0.34375,2737.2,17.107499999999998,64.7,True,56.21125000000001,Medium,Chandigarh,Treatment,0.15,Off-Peak Incentive,0.35,0.37939999999999996,True,32,23,0.5818181818181818
CUST00417,Routine_Commuter,151,53,0.3509933774834437,3175.09,21.027086092715233,65.9,True,56.20973509933776,Medium,Bengaluru,Control,0.0,No Incentive,0.35,0.3818,False,0,53,0.0
CUST03992,Routine_Commuter,153,57,0.3725490196078431,1827.86,11.946797385620917,63.3,True,56.20946078431372,Medium,Ahmedabad,Treatment,0.15,Off-Peak Incentive,0.35,0.3766,False,0,57,0.0
CUST07020,Routine_Commuter,150,57,0.38,4199.68,27.997866666666667,63.2,True,56.2025,Medium,Chandigarh,Control,0.0,No Incentive,0.35,0.37639999999999996,False,0,57,0.0
CUST04384,Routine_Commuter,157,54,0.3439490445859872,1433.32,9.129426751592357,65.3,True,56.20171178343949,Medium,Lucknow,Treatment,0.15,Off-Peak Incentive,0.35,0.3806,False,0,54,0.0
CUST03838,Routine_Commuter,160,54,0.3375,3210.9,20.068125,65.3,True,56.20125,Medium,Hyderabad,Control,0.0,No Incentive,0.35,0.3806,False,0,54,0.0
CUST00181,Price_Sensitive,152,46,0.3026315789473684,3759.26,24.731973684210526,70.5,True,56.19651315789474,Medium,Kolkata,Treatment,0.15,Off-Peak Incentive,0.3,0.34099999999999997,False,0,46,0.0
CUST01821,Routine_Commuter,153,54,0.3529411764705882,4598.8,30.05751633986928,65.2,True,56.18514705882353,Medium,Hyderabad,Treatment,0.15,Off-Peak Incentive,0.35,0.38039999999999996,False,0,54,0.0
CUST07514,Routine_Commuter,167,53,0.3173652694610778,4230.69,25.333473053892213,66.1,True,56.17586077844311,Medium,Delhi NCR,Control,0.0,No Incentive,0.35,0.3822,False,0,53,0.0
CUST04444,Routine_Commuter,157,51,0.3248407643312102,3494.87,22.26031847133758,67.1,True,56.1573805732484,Medium,Pune,Control,0.0,No Incentive,0.35,0.3842,False,0,51,0.0
CUST04648,Routine_Commuter,159,54,0.3396226415094339,3881.46,24.411698113207542,65.2,True,56.15615566037736,Medium,Pune,Treatment,0.15,Off-Peak Incentive,0.35,0.38039999999999996,False,0,54,0.0
CUST03226,Routine_Commuter,148,48,0.3243243243243243,5623.62,37.99743243243243,69.1,True,56.14672297297297,Medium,Mumbai,Treatment,0.15,Off-Peak Incentive,0.35,0.3882,True,29,19,0.6041666666666666
CUST06867,Routine_Commuter,170,52,0.3058823529411765,4563.04,26.84141176470588,66.8,True,56.14154411764706,Medium,Hyderabad,Control,0.0,No Incentive,0.35,0.3836,False,0,52,0.0
CUST05289,Routine_Commuter,167,51,0.3053892215568862,2160.63,12.937904191616768,67.2,True,56.13681886227545,Medium,Mumbai,Control,0.0,No Incentive,0.35,0.38439999999999996,False,0,51,0.0
CUST00205,Routine_Commuter,174,53,0.3045977011494253,3499.54,20.11229885057471,66.5,True,56.135158045977015,Medium,Hyderabad,Treatment,0.15,Off-Peak Incentive,0.35,0.383,False,0,53,0.0
CUST05265,Price_Sensitive,154,53,0.3441558441558441,2689.88,17.466753246753246,65.7,True,56.13498376623377,Medium,Chennai,Control,0.0,No Incentive,0.3,0.3314,False,0,53,0.0
CUST05508,Routine_Commuter,167,55,0.3293413173652694,6003.89,35.951437125748505,64.8,True,56.13490269461077,Medium,Jaipur,Control,0.0,No Incentive,0.35,0.3796,False,0,55,0.0
CUST05683,Routine_Commuter,161,50,0.3105590062111801,1919.77,11.924037267080744,67.6,True,56.1348602484472,Medium,Jaipur,Control,0.0,No Incentive,0.35,0.3852,False,0,50,0.0
CUST01952,Routine_Commuter,160,55,0.34375,3328.69,20.8043125,64.5,True,56.131249999999994,Medium,Lucknow,Control,0.0,No Incentive,0.35,0.379,False,0,55,0.0
CUST01779,Routine_Commuter,173,53,0.3063583815028902,3513.37,20.30849710982659,66.4,True,56.12183526011562,Medium,Delhi NCR,Control,0.0,No Incentive,0.35,0.3828,False,0,53,0.0
CUST06438,Routine_Commuter,159,51,0.320754716981132,4152.12,26.113962264150945,67.0,True,56.12143867924528,Medium,Chandigarh,Treatment,0.15,Off-Peak Incentive,0.35,0.384,False,0,51,0.0
CUST05342,Routine_Commuter,160,54,0.3375,4639.76,28.9985,65.1,True,56.12125,Medium,Bengaluru,Control,0.0,No Incentive,0.35,0.3802,False,0,54,0.0
CUST07489,Routine_Commuter,166,55,0.3313253012048193,2701.04,16.27132530120482,64.7,True,56.11551204819278,Medium,Pune,Control,0.0,No Incentive,0.35,0.37939999999999996,False,0,55,0.0
CUST07968,Routine_Commuter,162,58,0.3580246913580246,4672.87,28.844876543209875,62.6,True,56.112237654320985,Medium,Chandigarh,Control,0.0,No Incentive,0.35,0.3752,False,0,58,0.0
CUST04322,Routine_Commuter,146,60,0.410958904109589,3664.83,25.10157534246575,60.8,True,56.112106164383555,Medium,Pune,Treatment,0.15,Off-Peak Incentive,0.35,0.3716,True,33,27,0.55
CUST06714,Routine_Commuter,172,59,0.3430232558139535,4833.48,28.10162790697674,62.8,True,56.11093023255815,Medium,Mumbai,Treatment,0.15,Off-Peak Incentive,0.35,0.3756,True,33,26,0.559322033898305
CUST01697,Routine_Commuter,163,53,0.3251533742331288,4458.65,27.35368098159509,65.7,True,56.10363496932516,Medium,Pune,Control,0.0,No Incentive,0.35,0.38139999999999996,False,0,53,0.0
CUST01753,Routine_Commuter,172,55,0.3197674418604651,3940.01,22.907034883720932,65.1,True,56.100697674418605,Medium,Kolkata,Treatment,0.15,Off-Peak Incentive,0.35,0.3802,False,0,55,0.0
CUST07199,Routine_Commuter,165,53,0.3212121212121212,4541.47,27.52406060606061,65.8,True,56.09848484848486,Medium,Delhi NCR,Control,0.0,No Incentive,0.35,0.3816,False,0,53,0.0
CUST07518,Routine_Commuter,167,52,0.311377245508982,3928.07,23.521377245508983,66.5,True,56.09633982035929,Medium,Kolkata,Treatment,0.15,Off-Peak Incentive,0.35,0.383,False,0,52,0.0
CUST04824,Routine_Commuter,150,53,0.3533333333333333,4709.89,31.39926666666667,65.6,True,56.09583333333333,Medium,Delhi NCR,Control,0.0,No Incentive,0.35,0.3812,False,0,53,0.0
CUST02604,Routine_Commuter,156,56,0.358974358974359,2438.75,15.63301282051282,63.7,True,56.09147435897437,Medium,Hyderabad,Control,0.0,No Incentive,0.35,0.37739999999999996,False,0,56,0.0
CUST04607,Routine_Commuter,160,55,0.34375,4724.94,29.530875,64.4,True,56.09125,Medium,Delhi NCR,Treatment,0.15,Off-Peak Incentive,0.35,0.37879999999999997,False,0,55,0.0
CUST01788,Routine_Commuter,151,53,0.3509933774834437,3621.72,23.984900662251658,65.6,True,56.08973509933775,Medium,Chennai,Treatment,0.15,Off-Peak Incentive,0.35,0.3812,False,0,53,0.0
CUST07573,Routine_Commuter,181,55,0.3038674033149171,3800.44,20.996906077348065,65.8,True,56.089696132596686,Medium,Jaipur,Control,0.0,No Incentive,0.35,0.3816,False,0,55,0.0
CUST01703,Routine_Commuter,159,55,0.3459119496855345,3160.76,19.878993710691827,64.4,True,56.08772798742139,Medium,Pune,Control,0.0,No Incentive,0.35,0.37879999999999997,False,0,55,0.0
CUST07081,Routine_Commuter,152,55,0.3618421052631579,2608.41,17.160592105263156,64.3,True,56.08493421052631,Medium,Mumbai,Treatment,0.15,Off-Peak Incentive,0.35,0.3786,False,0,55,0.0
CUST05656,Routine_Commuter,159,51,0.320754716981132,2883.64,18.136100628930816,66.9,True,56.08143867924529,Medium,Kolkata,Control,0.0,No Incentive,0.35,0.3838,False,0,51,0.0
CUST06216,Routine_Commuter,164,50,0.3048780487804878,4263.0,25.99390243902439,67.5,True,56.075121951219515,Medium,Bengaluru,Control,0.0,No Incentive,0.35,0.38499999999999995,False,0,50,0.0
CUST03494,Routine_Commuter,179,54,0.3016759776536313,4867.96,27.19530726256983,66.2,True,56.07453910614525,Medium,Lucknow,Treatment,0.15,Off-Peak Incentive,0.35,0.38239999999999996,False,0,54,0.0
CUST02304,Routine_Commuter,157,50,0.3184713375796178,3411.55,21.729617834394904,67.5,True,56.06260350318472,Medium,Mumbai,Treatment,0.15,Off-Peak Incentive,0.35,0.38499999999999995,False,0,50,0.0
CUST01487,Routine_Commuter,165,54,0.3272727272727272,3286.95,19.92090909090909,65.1,True,56.06090909090909,Medium,Jaipur,Treatment,0.15,Off-Peak Incentive,0.35,0.3802,True,31,23,0.5740740740740741
CUST07166,Routine_Commuter,171,54,0.3157894736842105,4325.5,25.295321637426905,65.5,True,56.06032894736843,Medium,Bengaluru,Treatment,0.15,Off-Peak Incentive,0.35,0.381,True,31,23,0.5740740740740741
CUST02198,Routine_Commuter,165,52,0.3151515151515151,3463.33,20.989878787878787,66.3,True,56.05606060606061,Medium,Delhi NCR,Treatment,0.15,Off-Peak Incentive,0.35,0.3826,False,0,52,0.0
CUST01310,Price_Sensitive,167,53,0.3173652694610778,3402.16,20.372215568862273,65.8,True,56.05586077844312,Medium,Lucknow,Treatment,0.15,Off-Peak Incentive,0.3,0.3316,False,0,53,0.0
CUST05150,Routine_Commuter,167,56,0.3353293413173652,4182.07,25.042335329341316,64.0,True,56.05442365269461,Medium,Lucknow,Control,0.0,No Incentive,0.35,0.378,False,0,56,0.0
CUST02137,Price_Sensitive,155,52,0.3354838709677419,3441.41,22.20264516129032,66.1,True,56.04185483870968,Medium,Hyderabad,Treatment,0.15,Off-Peak Incentive,0.3,0.3322,False,0,52,0.0
CUST06758,Routine_Commuter,159,51,0.320754716981132,4733.77,29.772138364779877,66.8,True,56.04143867924528,Medium,Mumbai,Control,0.0,No Incentive,0.35,0.3836,False,0,51,0.0
CUST07164,Routine_Commuter,154,48,0.3116883116883117,5220.81,33.90136363636364,68.7,True,56.03628246753247,Medium,Kochi,Treatment,0.15,Off-Peak Incentive,0.35,0.38739999999999997,True,28,20,0.5833333333333334
CUST07687,Routine_Commuter,163,54,0.3312883435582822,6976.3,42.79938650306749,64.9,True,56.02903374233129,Medium,Pune,Treatment,0.15,Off-Peak Incentive,0.35,0.37979999999999997,True,31,23,0.5740740740740741
CUST05248,Routine_Commuter,165,53,0.3212121212121212,2552.91,15.472181818181816,65.6,True,56.01848484848486,Medium,Lucknow,Control,0.0,No Incentive,0.35,0.3812,False,0,53,0.0
CUST06084,Routine_Commuter,160,55,0.34375,4837.16,30.23225,64.2,True,56.01125,Medium,Jaipur,Control,0.0,No Incentive,0.35,0.37839999999999996,False,0,55,0.0
CUST07209,Routine_Commuter,166,53,0.3192771084337349,3215.05,19.36777108433735,65.6,True,55.9935843373494,Medium,Delhi NCR,Treatment,0.15,Off-Peak Incentive,0.35,0.3812,False,0,53,0.0
CUST07649,Routine_Commuter,166,52,0.3132530120481928,3273.94,19.722530120481927,66.2,True,55.99262048192771,Medium,Chennai,Treatment,0.15,Off-Peak Incentive,0.35,0.38239999999999996,False,0,52,0.0
CUST03769,Routine_Commuter,157,53,0.3375796178343949,4488.74,28.590700636942675,65.4,True,55.9869347133758,Medium,Kolkata,Treatment,0.15,Off-Peak Incentive,0.35,0.38079999999999997,True,31,22,0.5849056603773585
CUST02835,Routine_Commuter,164,56,0.3414634146341463,3946.75,24.06554878048781,63.6,True,55.978536585365845,Medium,Chandigarh,Control,0.0,No Incentive,0.35,0.3772,False,0,56,0.0
CUST01434,Routine_Commuter,157,55,0.3503184713375796,4063.36,25.88127388535032,64.1,True,55.976488853503184,Medium,Delhi NCR,Treatment,0.15,Off-Peak Incentive,0.35,0.3782,False,0,55,0.0
CUST04839,Routine_Commuter,157,55,0.3503184713375796,2703.54,17.22,64.1,True,55.976488853503184,Medium,Pune,Treatment,0.15,Off-Peak Incentive,0.35,0.3782,False,0,55,0.0
CUST00655,Routine_Commuter,167,54,0.3233532934131736,3431.02,20.54502994011976,65.0,True,55.97538173652694,Medium,Jaipur,Treatment,0.15,Off-Peak Incentive,0.35,0.38,False,0,54,0.0
CUST03885,Routine_Commuter,157,52,0.3312101910828025,4766.81,30.36184713375797,66.0,True,55.9721576433121,Medium,Mumbai,Treatment,0.15,Off-Peak Incentive,0.35,0.382,True,30,22,0.5769230769230769
CUST07147,Routine_Commuter,148,54,0.3648648648648648,3037.94,20.526621621621626,64.6,True,55.9683445945946,Medium,Delhi NCR,Control,0.0,No Incentive,0.35,0.3792,False,0,54,0.0
CUST07475,Routine_Commuter,148,54,0.3648648648648648,5032.06,34.00040540540541,64.6,True,55.9683445945946,Medium,Delhi NCR,Control,0.0,No Incentive,0.35,0.3792,False,0,54,0.0
CUST05201,Routine_Commuter,161,49,0.3043478260869565,4472.56,27.779875776397517,67.8,True,55.96641304347826,Medium,Ahmedabad,Treatment,0.15,Off-Peak Incentive,0.35,0.38559999999999994,False,0,49,0.0
CUST02134,Price_Sensitive,141,56,0.3971631205673759,2582.85,18.318085106382977,63.1,True,55.96402482269504,Medium,Chennai,Treatment,0.15,Off-Peak Incentive,0.3,0.3262,False,0,56,0.0
CUST04630,Routine_Commuter,150,60,0.4,4523.3,30.155333333333335,60.6,True,55.962500000000006,Medium,Ahmedabad,Treatment,0.15,Off-Peak Incentive,0.35,0.3712,False,0,60,0.0
CUST05735,Routine_Commuter,156,53,0.3397435897435897,2532.63,16.234807692307694,65.3,True,55.96224358974359,Medium,Chandigarh,Treatment,0.15,Off-Peak Incentive,0.35,0.3806,True,31,22,0.5849056603773585
CUST07154,Routine_Commuter,154,56,0.3636363636363636,3186.17,20.689415584415585,63.3,True,55.954204545454544,Medium,Lucknow,Control,0.0,No Incentive,0.35,0.3766,False,0,56,0.0
CUST06158,Routine_Commuter,166,50,0.3012048192771084,4121.01,24.825361445783138,67.3,True,55.95069277108434,Medium,Mumbai,Control,0.0,No Incentive,0.35,0.38459999999999994,False,0,50,0.0
CUST03656,Routine_Commuter,152,56,0.3684210526315789,2831.97,18.63138157894737,63.3,True,55.94809210526316,Medium,Mumbai,Control,0.0,No Incentive,0.35,0.3766,False,0,56,0.0
CUST03930,Routine_Commuter,155,60,0.3870967741935484,2323.92,14.993032258064517,60.7,True,55.94637096774194,Medium,Jaipur,Control,0.0,No Incentive,0.35,0.3714,False,0,60,0.0
CUST03525,Routine_Commuter,153,52,0.3398692810457516,2749.54,17.970849673202615,65.9,True,55.94227124183007,Medium,Lucknow,Control,0.0,No Incentive,0.35,0.3818,False,0,52,0.0
CUST05528,Routine_Commuter,154,51,0.3311688311688311,3292.36,21.37896103896104,66.5,True,55.93550324675324,Medium,Pune,Control,0.0,No Incentive,0.35,0.383,False,0,51,0.0
CUST03677,Routine_Commuter,161,50,0.3105590062111801,4822.23,29.95173913043478,67.1,True,55.93486024844721,Medium,Kochi,Treatment,0.15,Off-Peak Incentive,0.35,0.3842,False,0,50,0.0
CUST01957,Routine_Commuter,148,58,0.3918918918918919,2982.96,20.155135135135136,61.8,True,55.929425675675674,Medium,Pune,Treatment,0.15,Off-Peak Incentive,0.35,0.3736,False,0,58,0.0
CUST07501,Routine_Commuter,161,49,0.3043478260869565,4196.91,26.06776397515528,67.7,True,55.92641304347826,Medium,Ahmedabad,Treatment,0.15,Off-Peak Incentive,0.35,0.38539999999999996,True,29,20,0.5918367346938775
CUST01070,Routine_Commuter,150,54,0.36,2290.15,15.267666666666669,64.5,True,55.9225,Medium,Mumbai,Control,0.0,No Incentive,0.35,0.379,False,0,54,0.0
CUST03172,Routine_Commuter,158,48,0.3037974683544304,4306.33,27.25525316455696,68.4,True,55.91939873417722,Medium,Delhi NCR,Treatment,0.15,Off-Peak Incentive,0.35,0.3868,False,0,48,0.0
CUST00723,Price_Sensitive,148,51,0.3445945945945945,3421.96,23.12135135135135,66.5,True,55.91753378378378,Medium,Kolkata,Control,0.0,No Incentive,0.3,0.33299999999999996,False,0,51,0.0
CUST02736,Routine_Commuter,154,50,0.3246753246753247,3664.33,23.794350649350648,67.1,True,55.91576298701298,Medium,Pune,Control,0.0,No Incentive,0.35,0.3842,False,0,50,0.0
CUST03315,Routine_Commuter,149,56,0.3758389261744966,4200.19,28.18919463087248,63.1,True,55.908557046979865,Medium,Chandigarh,Control,0.0,No Incentive,0.35,0.3762,False,0,56,0.0
CUST00321,Routine_Commuter,160,52,0.325,4593.95,28.7121875,65.8,True,55.901250000000005,Medium,Hyderabad,Treatment,0.15,Off-Peak Incentive,0.35,0.3816,False,0,52,0.0
CUST01893,Routine_Commuter,148,54,0.3648648648648648,4231.24,28.58945945945946,64.4,True,55.8883445945946,Medium,Hyderabad,Treatment,0.15,Off-Peak Incentive,0.35,0.37879999999999997,False,0,54,0.0
CUST06316,Routine_Commuter,148,51,0.3445945945945945,3026.73,20.450878378378377,66.4,True,55.87753378378379,Medium,Kolkata,Treatment,0.15,Off-Peak Incentive,0.35,0.3828,True,30,21,0.5882352941176471
CUST05109,Routine_Commuter,154,48,0.3116883116883117,3999.87,25.973181818181818,68.3,True,55.87628246753248,Medium,Pune,Control,0.0,No Incentive,0.35,0.38659999999999994,False,0,48,0.0
CUST06777,Routine_Commuter,166,50,0.3012048192771084,4277.2699999999995,25.76668674698795,67.1,True,55.870692771084336,Medium,Kolkata,Control,0.0,No Incentive,0.35,0.3842,False,0,50,0.0
CUST04539,Routine_Commuter,167,51,0.3053892215568862,4472.45,26.7811377245509,66.5,True,55.856818862275446,Medium,Hyderabad,Control,0.0,No Incentive,0.35,0.383,False,0,51,0.0
CUST07150,Routine_Commuter,159,52,0.3270440251572327,3702.66,23.287169811320755,65.7,True,55.85301100628931,Medium,Ahmedabad,Treatment,0.15,Off-Peak Incentive,0.35,0.38139999999999996,False,0,52,0.0
CUST07790,Routine_Commuter,156,51,0.3269230769230769,3998.55,25.63173076923077,66.3,True,55.849423076923074,Medium,Pune,Treatment,0.15,Off-Peak Incentive,0.35,0.3826,True,30,21,0.5882352941176471
CUST04969,Routine_Commuter,157,49,0.3121019108280254,3953.11,25.179044585987263,67.6,True,55.847826433121014,Medium,Bengaluru,Treatment,0.15,Off-Peak Incentive,0.35,0.3852,False,0,49,0.0
CUST07827,Routine_Commuter,151,48,0.3178807947019867,3279.57,21.719006622516556,68.3,True,55.845231788079474,Medium,Lucknow,Control,0.0,No Incentive,0.35,0.38659999999999994,False,0,48,0.0
CUST00007,Price_Sensitive,140,56,0.4,3380.43,24.14592857142857,62.8,True,55.84375000000001,Medium,Jaipur,Control,0.0,No Incentive,0.3,0.3256,False,0,56,0.0
CUST03611,Routine_Commuter,151,51,0.3377483443708609,3313.91,21.9464238410596,66.3,True,55.839933774834435,Medium,Mumbai,Treatment,0.15,Off-Peak Incentive,0.35,0.3826,False,0,51,0.0
CUST06419,Price_Sensitive,160,49,0.30625,3052.08,19.0755,67.5,True,55.83125,Medium,Mumbai,Control,0.0,No Incentive,0.3,0.33499999999999996,False,0,49,0.0
CUST05074,Routine_Commuter,162,52,0.3209876543209876,4755.26,29.35345679012346,65.6,True,55.8307561728395,Medium,Hyderabad,Treatment,0.15,Off-Peak Incentive,0.35,0.3812,True,30,22,0.5769230769230769
CUST07356,Routine_Commuter,166,50,0.3012048192771084,4198.74,25.293614457831325,67.0,True,55.830692771084344,Medium,Kolkata,Control,0.0,No Incentive,0.35,0.384,False,0,50,0.0
CUST06748,Routine_Commuter,148,56,0.3783783783783784,3030.07,20.473445945945947,62.9,True,55.82888513513514,Medium,Ahmedabad,Treatment,0.15,Off-Peak Incentive,0.35,0.37579999999999997,True,32,24,0.5714285714285714
CUST03534,Price_Sensitive,152,49,0.3223684210526316,2488.88,16.37421052631579,67.6,True,55.825986842105266,Medium,Bengaluru,Treatment,0.15,Off-Peak Incentive,0.3,0.3352,True,29,20,0.5918367346938775
CUST04943,Price_Sensitive,145,56,0.3862068965517241,4401.05,30.352068965517244,62.8,True,55.82327586206897,Medium,Pune,Control,0.0,No Incentive,0.3,0.3256,False,0,56,0.0
CUST07509,Routine_Commuter,154,51,0.3311688311688311,4402.1,28.58506493506494,66.2,True,55.81550324675325,Medium,Pune,Treatment,0.15,Off-Peak Incentive,0.35,0.38239999999999996,False,0,51,0.0
CUST02452,Routine_Commuter,151,50,0.3311258278145695,5239.33,34.697549668874174,66.9,True,55.81503311258279,Medium,Delhi NCR,Treatment,0.15,Off-Peak Incentive,0.35,0.3838,False,0,50,0.0
CUST02711,Routine_Commuter,158,55,0.3481012658227848,5018.28,31.761265822784807,63.7,True,55.81155063291139,Medium,Mumbai,Treatment,0.15,Off-Peak Incentive,0.35,0.37739999999999996,False,0,55,0.0
CUST01355,Price_Sensitive,146,51,0.3493150684931507,3254.33,22.28993150684931,66.2,True,55.80635273972603,Medium,Lucknow,Treatment,0.15,Off-Peak Incentive,0.3,0.3324,True,30,21,0.5882352941176471
CUST04292,Price_Sensitive,150,51,0.34,2547.86,16.985733333333336,66.2,True,55.80250000000001,Medium,Ahmedabad,Control,0.0,No Incentive,0.3,0.3324,False,0,51,0.0
CUST04585,Routine_Commuter,149,55,0.3691275167785235,2761.75,18.53523489932886,63.5,True,55.80010067114094,Medium,Kochi,Control,0.0,No Incentive,0.35,0.377,False,0,55,0.0
CUST06342,Routine_Commuter,154,52,0.3376623376623376,3245.3,21.073376623376625,65.5,True,55.795243506493506,Medium,Bengaluru,Control,0.0,No Incentive,0.35,0.381,False,0,52,0.0
CUST07261,Routine_Commuter,161,52,0.3229813664596273,4831.94,30.012049689440992,65.5,True,55.791754658385095,Medium,Mumbai,Treatment,0.15,Off-Peak Incentive,0.35,0.381,True,30,22,0.5769230769230769
CUST07656,Routine_Commuter,160,49,0.30625,4809.68,30.0605,67.4,True,55.791250000000005,Medium,Lucknow,Control,0.0,No Incentive,0.35,0.3848,False,0,49,0.0
CUST05918,Routine_Commuter,150,49,0.3266666666666666,4107.39,27.382600000000004,67.5,True,55.78916666666666,Medium,Ahmedabad,Treatment,0.15,Off-Peak Incentive,0.35,0.38499999999999995,True,29,20,0.5918367346938775
CUST04240,Price_Sensitive,148,49,0.3310810810810811,4942.12,33.3927027027027,67.5,True,55.77699324324324,Medium,Bengaluru,Treatment,0.15,Off-Peak Incentive,0.3,0.33499999999999996,False,0,49,0.0
CUST00574,Routine_Commuter,151,50,0.3311258278145695,3303.0,21.874172185430464,66.8,True,55.77503311258278,Medium,Kochi,Treatment,0.15,Off-Peak Incentive,0.35,0.3836,False,0,50,0.0
CUST05163,Routine_Commuter,160,51,0.31875,2999.33,18.7458125,66.1,True,55.771249999999995,Medium,Mumbai,Control,0.0,No Incentive,0.35,0.3822,False,0,51,0.0
CUST01737,Routine_Commuter,148,54,0.3648648648648648,4031.56,27.24027027027027,64.1,True,55.768344594594595,Medium,Kolkata,Control,0.0,No Incentive,0.35,0.3782,False,0,54,0.0
CUST00400,Routine_Commuter,153,53,0.3464052287581699,4035.61,26.37653594771242,64.8,True,55.7637091503268,Medium,Ahmedabad,Control,0.0,No Incentive,0.35,0.3796,False,0,53,0.0
CUST05304,Routine_Commuter,148,59,0.3986486486486486,3735.33,25.238716216216215,60.7,True,55.75969594594595,Medium,Lucknow,Control,0.0,No Incentive,0.35,0.3714,False,0,59,0.0
CUST03996,Routine_Commuter,152,53,0.3486842105263157,3649.27,24.008355263157895,64.8,True,55.75861842105263,Medium,Kolkata,Treatment,0.15,Off-Peak Incentive,0.35,0.3796,False,0,53,0.0
CUST06694,Routine_Commuter,159,54,0.3396226415094339,3166.62,19.915849056603772,64.2,True,55.75615566037736,Medium,Mumbai,Control,0.0,No Incentive,0.35,0.37839999999999996,False,0,54,0.0
CUST00856,Routine_Commuter,153,54,0.3529411764705882,3008.46,19.66313725490196,64.1,True,55.745147058823534,Medium,Hyderabad,Control,0.0,No Incentive,0.35,0.3782,False,0,54,0.0
CUST06412,Routine_Commuter,141,58,0.4113475177304964,2318.43,16.442765957446806,61.1,True,55.731400709219855,Medium,Chandigarh,Treatment,0.15,Off-Peak Incentive,0.35,0.3722,True,32,26,0.5517241379310345
CUST06610,Routine_Commuter,157,49,0.3121019108280254,4155.49,26.468089171974523,67.3,True,55.727826433121024,Medium,Delhi NCR,Treatment,0.15,Off-Peak Incentive,0.35,0.38459999999999994,False,0,49,0.0
CUST02560,Routine_Commuter,144,53,0.3680555555555556,4987.67,34.63659722222222,64.6,True,55.719722222222224,Medium,Bengaluru,Treatment,0.15,Off-Peak Incentive,0.35,0.3792,True,30,23,0.5660377358490566
CUST05616,Routine_Commuter,152,53,0.3486842105263157,4089.83,26.90677631578947,64.7,True,55.71861842105263,Medium,Chandigarh,Control,0.0,No Incentive,0.35,0.37939999999999996,False,0,53,0.0
CUST00299,Routine_Commuter,155,54,0.3483870967741935,4222.88,27.244387096774194,64.0,True,55.71798387096774,Medium,Kolkata,Treatment,0.15,Off-Peak Incentive,0.35,0.378,False,0,54,0.0
CUST02924,Routine_Commuter,155,56,0.3612903225806451,3107.55,20.048709677419357,62.7,True,55.71411290322581,Medium,Chennai,Control,0.0,No Incentive,0.35,0.37539999999999996,False,0,56,0.0
CUST00302,Routine_Commuter,166,53,0.3192771084337349,6650.04,40.060481927710846,64.9,True,55.7135843373494,Medium,Ahmedabad,Treatment,0.15,Off-Peak Incentive,0.35,0.37979999999999997,False,0,53,0.0
CUST01730,Routine_Commuter,166,51,0.3072289156626506,3023.38,18.21313253012048,66.1,True,55.71165662650603,Medium,Kolkata,Control,0.0,No Incentive,0.35,0.3822,False,0,51,0.0
CUST07256,Routine_Commuter,151,52,0.3443708609271523,3764.61,24.931192052980133,65.3,True,55.7048344370861,Medium,Kolkata,Treatment,0.15,Off-Peak Incentive,0.35,0.3806,False,0,52,0.0
CUST04216,Routine_Commuter,139,56,0.4028776978417266,2901.83,20.876474820143883,62.4,True,55.69510791366906,Medium,Delhi NCR,Treatment,0.15,Off-Peak Incentive,0.35,0.37479999999999997,False,0,56,0.0
CUST04219,Routine_Commuter,153,46,0.3006535947712418,3691.17,24.12529411764706,69.2,True,55.69364379084968,Medium,Kolkata,Treatment,0.15,Off-Peak Incentive,0.35,0.38839999999999997,True,27,19,0.5869565217391305
CUST04195,Routine_Commuter,147,54,0.3673469387755102,2875.3,19.559863945578233,63.9,True,55.69012755102041,Medium,Pune,Treatment,0.15,Off-Peak Incentive,0.35,0.37779999999999997,False,0,54,0.0
CUST00936,Routine_Commuter,141,57,0.4042553191489361,2665.79,18.906312056737587,61.7,True,55.68771276595745,Medium,Mumbai,Control,0.0,No Incentive,0.35,0.3734,False,0,57,0.0
CUST02655,Routine_Commuter,156,50,0.3205128205128205,3414.21,21.88596153846154,66.5,True,55.673012820512824,Medium,Mumbai,Treatment,0.15,Off-Peak Incentive,0.35,0.383,True,29,21,0.58
CUST05768,Price_Sensitive,155,47,0.3032258064516129,3087.2,19.91741935483871,68.4,True,55.67153225806451,Medium,Chennai,Control,0.0,No Incentive,0.3,0.3368,False,0,47,0.0
CUST07285,Routine_Commuter,162,52,0.3209876543209876,4272.69,26.374629629629627,65.2,True,55.6707561728395,Medium,Mumbai,Treatment,0.15,Off-Peak Incentive,0.35,0.38039999999999996,False,0,52,0.0
CUST07302,Routine_Commuter,153,54,0.3529411764705882,2446.01,15.986993464052288,63.9,True,55.665147058823536,Medium,Jaipur,Treatment,0.15,Off-Peak Incentive,0.35,0.37779999999999997,True,31,23,0.5740740740740741
CUST06240,Routine_Commuter,151,52,0.3443708609271523,1705.0,11.291390728476822,65.2,True,55.6648344370861,Medium,Hyderabad,Control,0.0,No Incentive,0.35,0.38039999999999996,False,0,52,0.0
CUST03390,Routine_Commuter,160,48,0.3,3568.27,22.3016875,67.7,True,55.661249999999995,Medium,Delhi NCR,Treatment,0.15,Off-Peak Incentive,0.35,0.38539999999999996,True,28,20,0.5833333333333334
CUST03225,Routine_Commuter,147,53,0.3605442176870748,4594.14,31.252653061224493,64.5,True,55.658018707482995,Medium,Pune,Control,0.0,No Incentive,0.35,0.379,False,0,53,0.0
CUST02876,Routine_Commuter,154,49,0.3181818181818182,3499.14,22.72168831168831,67.1,True,55.65602272727273,Medium,Pune,Control,0.0,No Incentive,0.35,0.3842,False,0,49,0.0
CUST04792,Routine_Commuter,165,51,0.3090909090909091,3997.35,24.226363636363637,65.9,True,55.653636363636366,Medium,Ahmedabad,Control,0.0,No Incentive,0.35,0.3818,False,0,51,0.0
CUST07835,Routine_Commuter,160,51,0.31875,4846.82,30.292624999999997,65.8,True,55.651250000000005,Medium,Delhi NCR,Treatment,0.15,Off-Peak Incentive,0.35,0.3816,True,30,21,0.5882352941176471
CUST07478,Routine_Commuter,153,57,0.3725490196078431,3740.14,24.445359477124185,61.9,True,55.64946078431373,Medium,Hyderabad,Treatment,0.15,Off-Peak Incentive,0.35,0.37379999999999997,True,32,25,0.5614035087719298
CUST06166,Routine_Commuter,145,50,0.3448275862068966,2608.72,17.9911724137931,66.5,True,55.64810344827587,Medium,Mumbai,Control,0.0,No Incentive,0.35,0.383,False,0,50,0.0
CUST02145,Routine_Commuter,151,51,0.3377483443708609,3883.32,25.717350993377483,65.8,True,55.63993377483444,Medium,Jaipur,Treatment,0.15,Off-Peak Incentive,0.35,0.3816,False,0,51,0.0
CUST04276,Routine_Commuter,154,50,0.3246753246753247,5242.63,34.04305194805195,66.4,True,55.635762987012995,Medium,Chennai,Treatment,0.15,Off-Peak Incentive,0.35,0.3828,False,0,50,0.0
CUST00553,Routine_Commuter,164,50,0.3048780487804878,4254.06,25.93939024390244,66.4,True,55.63512195121952,Medium,Kochi,Treatment,0.15,Off-Peak Incentive,0.35,0.3828,True,29,21,0.58
CUST06027,Price_Sensitive,138,56,0.4057971014492754,3588.78,26.005652173913045,62.2,True,55.63438405797102,Medium,Chennai,Control,0.0,No Incentive,0.3,0.3244,False,0,56,0.0
CUST02871,Routine_Commuter,148,53,0.3581081081081081,4329.04,29.25027027027027,64.4,True,55.618074324324326,Medium,Bengaluru,Control,0.0,No Incentive,0.35,0.37879999999999997,False,0,53,0.0
CUST03066,Routine_Commuter,154,51,0.3311688311688311,3790.59,24.61422077922078,65.7,True,55.61550324675325,Medium,Kolkata,Control,0.0,No Incentive,0.35,0.38139999999999996,False,0,51,0.0
CUST04120,Routine_Commuter,154,53,0.3441558441558441,3678.76,23.88805194805195,64.4,True,55.61498376623378,Medium,Jaipur,Control,0.0,No Incentive,0.35,0.37879999999999997,False,0,53,0.0
CUST04598,Routine_Commuter,158,49,0.310126582278481,4471.93,28.30335443037975,67.0,True,55.61256329113924,Medium,Mumbai,Treatment,0.15,Off-Peak Incentive,0.35,0.384,False,0,49,0.0
CUST03168,Routine_Commuter,162,49,0.3024691358024691,3200.07,19.75351851851852,66.9,True,55.61001543209877,Medium,Lucknow,Control,0.0,No Incentive,0.35,0.3838,False,0,49,0.0
CUST02301,Routine_Commuter,161,54,0.3354037267080745,3650.68,22.67503105590062,63.8,True,55.608649068322975,Medium,Chennai,Treatment,0.15,Off-Peak Incentive,0.35,0.3776,False,0,54,0.0
CUST04719,Routine_Commuter,148,50,0.3378378378378378,2213.55,14.95641891891892,66.4,True,55.60726351351352,Medium,Kochi,Control,0.0,No Incentive,0.35,0.3828,False,0,50,0.0
CUST06699,Routine_Commuter,159,48,0.3018867924528302,4360.2300000000005,27.42283018867925,67.6,True,55.60672169811321,Medium,Lucknow,Treatment,0.15,Off-Peak Incentive,0.35,0.3852,True,28,20,0.5833333333333334
CUST07753,Routine_Commuter,146,58,0.3972602739726027,3164.47,21.67445205479452,60.9,True,55.60416095890411,Medium,Mumbai,Control,0.0,No Incentive,0.35,0.37179999999999996,False,0,58,0.0
CUST03624,Routine_Commuter,142,51,0.3591549295774648,3386.05,23.84542253521127,65.7,True,55.59619718309859,Medium,Lucknow,Treatment,0.15,Off-Peak Incentive,0.35,0.38139999999999996,False,0,51,0.0
CUST07971,Routine_Commuter,152,51,0.3355263157894737,3224.24,21.212105263157895,65.7,True,55.592302631578946,Medium,Pune,Treatment,0.15,Off-Peak Incentive,0.35,0.38139999999999996,False,0,51,0.0
CUST07637,Routine_Commuter,137,51,0.3722627737226277,2254.88,16.458978102189782,65.7,True,55.59051094890511,Medium,Kochi,Treatment,0.15,Off-Peak Incentive,0.35,0.38139999999999996,False,0,51,0.0
CUST02228,Routine_Commuter,150,49,0.3266666666666666,3625.94,24.172933333333333,67.0,True,55.58916666666666,Medium,Lucknow,Treatment,0.15,Off-Peak Incentive,0.35,0.384,True,29,20,0.5918367346938775
CUST04590,Routine_Commuter,155,51,0.3290322580645161,4090.5,26.39032258064516,65.6,True,55.58379032258064,Medium,Mumbai,Treatment,0.15,Off-Peak Incentive,0.35,0.3812,False,0,51,0.0
CUST00998,Routine_Commuter,154,49,0.3181818181818182,2891.92,18.7787012987013,66.9,True,55.57602272727273,Medium,Delhi NCR,Control,0.0,No Incentive,0.35,0.3838,False,0,49,0.0
CUST02496,Routine_Commuter,146,50,0.3424657534246575,2512.24,17.207123287671234,66.3,True,55.572380136986304,Medium,Hyderabad,Treatment,0.15,Off-Peak Incentive,0.35,0.3826,True,29,21,0.58
CUST00762,Price_Sensitive,146,51,0.3493150684931507,2121.1,14.528082191780822,65.6,True,55.56635273972602,Medium,Hyderabad,Control,0.0,No Incentive,0.3,0.3312,False,0,51,0.0
CUST05293,Routine_Commuter,149,55,0.3691275167785235,4073.86,27.341342281879196,62.9,True,55.56010067114094,Medium,Pune,Treatment,0.15,Off-Peak Incentive,0.35,0.37579999999999997,True,31,24,0.5636363636363636
CUST06091,Routine_Commuter,152,53,0.3486842105263157,2989.92,19.670526315789473,64.3,True,55.55861842105263,Medium,Hyderabad,Control,0.0,No Incentive,0.35,0.3786,False,0,53,0.0
CUST06033,Routine_Commuter,154,50,0.3246753246753247,2851.47,18.51603896103896,66.2,True,55.555762987013,Medium,Jaipur,Treatment,0.15,Off-Peak Incentive,0.35,0.38239999999999996,False,0,50,0.0
CUST06638,Routine_Commuter,152,51,0.3355263157894737,3997.06,26.296447368421052,65.6,True,55.55230263157895,Medium,Chennai,Control,0.0,No Incentive,0.35,0.3812,False,0,51,0.0
CUST04603,Routine_Commuter,166,51,0.3072289156626506,3664.92,22.077831325301204,65.7,True,55.55165662650603,Medium,Kochi,Control,0.0,No Incentive,0.35,0.38139999999999996,False,0,51,0.0
CUST03010,Routine_Commuter,148,53,0.3581081081081081,2421.42,16.360945945945947,64.2,True,55.53807432432433,Medium,Delhi NCR,Treatment,0.15,Off-Peak Incentive,0.35,0.37839999999999996,False,0,53,0.0
CUST03487,Routine_Commuter,154,49,0.3181818181818182,3496.37,22.703701298701297,66.8,True,55.53602272727272,Medium,Mumbai,Control,0.0,No Incentive,0.35,0.3836,False,0,49,0.0
CUST02682,Routine_Commuter,154,53,0.3441558441558441,4323.34,28.073636363636364,64.2,True,55.534983766233765,Medium,Pune,Treatment,0.15,Off-Peak Incentive,0.35,0.37839999999999996,False,0,53,0.0
CUST03730,Routine_Commuter,161,53,0.3291925465838509,4861.58,30.19614906832298,64.2,True,55.52020186335404,Medium,Pune,Treatment,0.15,Off-Peak Incentive,0.35,0.37839999999999996,True,30,23,0.5660377358490566
CUST05238,Routine_Commuter,155,54,0.3483870967741935,2772.52,17.887225806451614,63.5,True,55.51798387096774,Medium,Delhi NCR,Control,0.0,No Incentive,0.35,0.377,False,0,54,0.0
CUST05133,Routine_Commuter,164,50,0.3048780487804878,4264.83,26.005060975609755,66.1,True,55.51512195121951,Medium,Mumbai,Control,0.0,No Incentive,0.35,0.3822,False,0,50,0.0
CUST04108,Routine_Commuter,156,50,0.3205128205128205,3806.44,24.40025641025641,66.1,True,55.51301282051281,Medium,Delhi NCR,Treatment,0.15,Off-Peak Incentive,0.35,0.3822,True,29,21,0.58
CUST04803,Routine_Commuter,147,57,0.3877551020408163,2956.49,20.112176870748296,61.4,True,55.506454081632654,Medium,Kochi,Treatment,0.15,Off-Peak Incentive,0.35,0.37279999999999996,True,32,25,0.5614035087719298
CUST06126,Routine_Commuter,158,50,0.3164556962025316,3194.39,20.2176582278481,66.1,True,55.50572784810126,Medium,Delhi NCR,Control,0.0,No Incentive,0.35,0.3822,False,0,50,0.0
CUST03308,Routine_Commuter,160,48,0.3,3849.32,24.05825,67.3,True,55.50125,Medium,Bengaluru,Control,0.0,No Incentive,0.35,0.38459999999999994,False,0,48,0.0
CUST03428,Routine_Commuter,153,48,0.3137254901960784,4320.18,28.236470588235296,67.4,True,55.49651960784314,Medium,Ahmedabad,Control,0.0,No Incentive,0.35,0.3848,False,0,48,0.0
CUST04914,Price_Sensitive,146,50,0.3424657534246575,3896.58,26.68890410958904,66.1,True,55.4923801369863,Medium,Ahmedabad,Control,0.0,No Incentive,0.3,0.3322,False,0,50,0.0
CUST04260,Routine_Commuter,155,50,0.3225806451612903,3576.44,23.073806451612903,66.0,True,55.48572580645161,Medium,Mumbai,Control,0.0,No Incentive,0.35,0.382,False,0,50,0.0
CUST06196,Routine_Commuter,151,51,0.3377483443708609,3562.22,23.590860927152317,65.4,True,55.47993377483444,Medium,Hyderabad,Treatment,0.15,Off-Peak Incentive,0.35,0.38079999999999997,True,29,22,0.5686274509803921
CUST01716,Routine_Commuter,154,48,0.3116883116883117,3055.47,19.840714285714284,67.3,True,55.47628246753247,Medium,Pune,Control,0.0,No Incentive,0.35,0.38459999999999994,False,0,48,0.0
CUST07921,Routine_Commuter,145,54,0.3724137931034483,2858.45,19.713448275862067,63.3,True,55.47155172413794,Medium,Bengaluru,Treatment,0.15,Off-Peak Incentive,0.35,0.3766,True,31,23,0.5740740740740741
CUST04888,Routine_Commuter,157,53,0.3375796178343949,4857.36,30.93859872611465,64.1,True,55.46693471337579,Medium,Hyderabad,Control,0.0,No Incentive,0.35,0.3782,False,0,53,0.0
CUST05292,Price_Sensitive,152,52,0.3421052631578947,3745.58,24.641973684210527,64.7,True,55.45546052631579,Medium,Delhi NCR,Treatment,0.15,Off-Peak Incentive,0.3,0.32939999999999997,False,0,52,0.0
CUST05241,Routine_Commuter,152,48,0.3157894736842105,2850.21,18.75138157894737,67.3,True,55.442828947368426,Medium,Chennai,Control,0.0,No Incentive,0.35,0.38459999999999994,False,0,48,0.0
CUST03743,Routine_Commuter,157,54,0.3439490445859872,2395.61,15.258662420382166,63.4,True,55.44171178343949,Medium,Mumbai,Control,0.0,No Incentive,0.35,0.37679999999999997,False,0,54,0.0
CUST04366,Routine_Commuter,143,52,0.3636363636363636,1908.1,13.343356643356644,64.6,True,55.44170454545454,Medium,Hyderabad,Control,0.0,No Incentive,0.35,0.3792,False,0,52,0.0
CUST07571,Routine_Commuter,148,51,0.3445945945945945,2973.63,20.092094594594595,65.3,True,55.43753378378378,Medium,Chennai,Control,0.0,No Incentive,0.35,0.3806,False,0,51,0.0
CUST03741,Routine_Commuter,160,49,0.30625,3809.54,23.809625,66.5,True,55.431250000000006,Medium,Mumbai,Treatment,0.15,Off-Peak Incentive,0.35,0.383,False,0,49,0.0
CUST05788,Routine_Commuter,151,57,0.3774834437086092,4108.32,27.207417218543043,61.3,True,55.429337748344366,Medium,Bengaluru,Control,0.0,No Incentive,0.35,0.3726,False,0,57,0.0
CUST00446,Routine_Commuter,158,50,0.3164556962025316,2258.05,14.291455696202531,65.9,True,55.42572784810127,Medium,Kochi,Treatment,0.15,Off-Peak Incentive,0.35,0.3818,False,0,50,0.0
CUST04794,Routine_Commuter,153,52,0.3398692810457516,3317.91,21.6856862745098,64.6,True,55.42227124183006,Medium,Chandigarh,Treatment,0.15,Off-Peak Incentive,0.35,0.3792,False,0,52,0.0
CUST01211,Routine_Commuter,148,57,0.3851351351351351,3662.21,24.74466216216216,61.2,True,55.419155405405405,Medium,Delhi NCR,Treatment,0.15,Off-Peak Incentive,0.35,0.3724,True,32,25,0.5614035087719298
CUST03667,Routine_Commuter,149,50,0.3355704697986577,4619.02,31.00013422818792,65.9,True,55.41781879194631,Medium,Kochi,Treatment,0.15,Off-Peak Incentive,0.35,0.3818,False,0,50,0.0
CUST05818,Routine_Commuter,159,52,0.3270440251572327,4038.36,25.398490566037736,64.6,True,55.41301100628931,Medium,Delhi NCR,Treatment,0.15,Off-Peak Incentive,0.35,0.3792,True,30,22,0.5769230769230769
CUST02888,Routine_Commuter,155,48,0.3096774193548387,2978.07,19.21335483870968,67.1,True,55.409596774193545,Medium,Lucknow,Control,0.0,No Incentive,0.35,0.3842,False,0,48,0.0
CUST04196,Routine_Commuter,143,53,0.3706293706293706,2994.23,20.93867132867133,63.8,True,55.40142482517482,Medium,Lucknow,Control,0.0,No Incentive,0.35,0.3776,False,0,53,0.0
CUST04117,Price_Sensitive,149,45,0.3020134228187919,3822.93,25.657248322147648,69.2,True,55.39553691275167,Medium,Bengaluru,Control,0.0,No Incentive,0.3,0.3384,False,0,45,0.0
CUST04545,Routine_Commuter,151,54,0.3576158940397351,3807.5,25.21523178807947,63.2,True,55.394635761589406,Medium,Jaipur,Treatment,0.15,Off-Peak Incentive,0.35,0.37639999999999996,False,0,54,0.0
CUST02445,Routine_Commuter,153,54,0.3529411764705882,4666.36,30.499084967320258,63.2,True,55.385147058823534,Medium,Kochi,Treatment,0.15,Off-Peak Incentive,0.35,0.37639999999999996,True,31,23,0.5740740740740741
CUST03632,Routine_Commuter,153,54,0.3529411764705882,2692.13,17.59562091503268,63.2,True,55.385147058823534,Medium,Pune,Treatment,0.15,Off-Peak Incentive,0.35,0.37639999999999996,False,0,54,0.0
CUST07852,Routine_Commuter,151,47,0.3112582781456953,4651.48,30.804503311258276,67.8,True,55.380331125827816,Medium,Pune,Control,0.0,No Incentive,0.35,0.38559999999999994,False,0,47,0.0
CUST05563,Routine_Commuter,163,50,0.3067484662576687,2874.77,17.636625766871166,65.7,True,55.36743865030675,Medium,Bengaluru,Control,0.0,No Incentive,0.35,0.38139999999999996,False,0,50,0.0
CUST01424,Routine_Commuter,161,49,0.3043478260869565,4128.9,25.64534161490683,66.3,True,55.36641304347826,Medium,Chennai,Treatment,0.15,Off-Peak Incentive,0.35,0.3826,False,0,49,0.0
CUST05912,Routine_Commuter,151,48,0.3178807947019867,2138.22,14.160397350993376,67.1,True,55.36523178807947,Medium,Pune,Control,0.0,No Incentive,0.35,0.3842,False,0,48,0.0
CUST04992,Routine_Commuter,153,53,0.3464052287581699,3532.57,23.088692810457516,63.8,True,55.3637091503268,Medium,Pune,Treatment,0.15,Off-Peak Incentive,0.35,0.3776,False,0,53,0.0
CUST06399,Routine_Commuter,136,58,0.4264705882352941,2011.26,14.788676470588236,60.0,True,55.35632352941177,Medium,Kolkata,Treatment,0.15,Off-Peak Incentive,0.35,0.37,False,0,58,0.0
CUST06898,Routine_Commuter,151,54,0.3576158940397351,3825.83,25.33662251655629,63.1,True,55.35463576158941,Medium,Delhi NCR,Treatment,0.15,Off-Peak Incentive,0.35,0.3762,False,0,54,0.0
CUST00183,Routine_Commuter,157,48,0.3057324840764331,3033.33,19.320573248407644,67.0,True,55.35304936305732,Medium,Chennai,Treatment,0.15,Off-Peak Incentive,0.35,0.384,True,28,20,0.5833333333333334
CUST02357,Routine_Commuter,136,49,0.3602941176470588,3044.75,22.387867647058822,66.6,True,55.349264705882355,Medium,Hyderabad,Control,0.0,No Incentive,0.35,0.3832,False,0,49,0.0
CUST06141,Routine_Commuter,156,52,0.3333333333333333,1611.1,10.327564102564102,64.4,True,55.34583333333333,Medium,Hyderabad,Control,0.0,No Incentive,0.35,0.37879999999999997,False,0,52,0.0
CUST01914,Price_Sensitive,145,46,0.3172413793103448,3375.85,23.281724137931032,68.5,True,55.3446551724138,Medium,Chandigarh,Treatment,0.15,Off-Peak Incentive,0.3,0.33699999999999997,False,0,46,0.0
CUST07946,Routine_Commuter,160,48,0.3,3015.8,18.848750000000003,66.9,True,55.34125,Medium,Delhi NCR,Control,0.0,No Incentive,0.35,0.3838,False,0,48,0.0
CUST02009,Routine_Commuter,159,48,0.3018867924528302,3838.82,24.143522012578615,66.9,True,55.32672169811321,Medium,Delhi NCR,Control,0.0,No Incentive,0.35,0.3838,False,0,48,0.0
CUST07580,Routine_Commuter,150,51,0.34,5463.97,36.42646666666667,65.0,True,55.322500000000005,Medium,Jaipur,Control,0.0,No Incentive,0.35,0.38,False,0,51,0.0
CUST00643,Routine_Commuter,147,50,0.3401360544217687,3331.24,22.661496598639456,65.7,True,55.32169217687075,Medium,Delhi NCR,Control,0.0,No Incentive,0.35,0.38139999999999996,False,0,50,0.0
CUST05646,Routine_Commuter,154,50,0.3246753246753247,2482.59,16.120714285714286,65.6,True,55.31576298701299,Medium,Pune,Treatment,0.15,Off-Peak Incentive,0.35,0.3812,False,0,50,0.0
CUST00094,Routine_Commuter,157,48,0.3057324840764331,2942.11,18.73955414012739,66.9,True,55.31304936305733,Medium,Pune,Control,0.0,No Incentive,0.35,0.3838,False,0,48,0.0
CUST04842,Price_Sensitive,150,46,0.3066666666666666,3940.92,26.2728,68.3,True,55.30916666666667,Medium,Hyderabad,Treatment,0.15,Off-Peak Incentive,0.3,0.3366,False,0,46,0.0
CUST01885,Routine_Commuter,145,55,0.3793103448275862,3218.19,22.19441379310345,62.2,True,55.30741379310346,Medium,Ahmedabad,Control,0.0,No Incentive,0.35,0.37439999999999996,False,0,55,0.0
CUST06436,Routine_Commuter,155,51,0.3290322580645161,2926.56,18.881032258064515,64.9,True,55.30379032258065,Medium,Hyderabad,Treatment,0.15,Off-Peak Incentive,0.35,0.37979999999999997,False,0,51,0.0
CUST02510,Price_Sensitive,148,49,0.3310810810810811,2337.07,15.791013513513514,66.3,True,55.29699324324323,Medium,Chennai,Control,0.0,No Incentive,0.3,0.3326,False,0,49,0.0
CUST01069,Routine_Commuter,154,49,0.3181818181818182,3508.48,22.782337662337664,66.2,True,55.29602272727273,Medium,Chandigarh,Treatment,0.15,Off-Peak Incentive,0.35,0.38239999999999996,True,28,21,0.5714285714285714
CUST05210,Routine_Commuter,159,48,0.3018867924528302,2980.82,18.74729559748428,66.8,True,55.286721698113205,Medium,Bengaluru,Treatment,0.15,Off-Peak Incentive,0.35,0.3836,False,0,48,0.0
CUST02516,Routine_Commuter,153,55,0.3594771241830065,4231.52,27.65699346405229,62.3,True,55.286584967320266,Medium,Mumbai,Control,0.0,No Incentive,0.35,0.3746,False,0,55,0.0
CUST07587,Routine_Commuter,143,50,0.3496503496503496,3383.63,23.661748251748257,65.6,True,55.28226398601398,Medium,Jaipur,Control,0.0,No Incentive,0.35,0.3812,False,0,50,0.0
CUST02554,Routine_Commuter,147,50,0.3401360544217687,2546.17,17.320884353741498,65.6,True,55.28169217687075,Medium,Bengaluru,Treatment,0.15,Off-Peak Incentive,0.35,0.3812,False,0,50,0.0
CUST05483,Routine_Commuter,152,58,0.3815789473684211,5175.78,34.051184210526316,60.3,True,55.27440789473685,Medium,Lucknow,Control,0.0,No Incentive,0.35,0.3706,False,0,58,0.0
CUST00875,Routine_Commuter,145,54,0.3724137931034483,2467.46,17.01696551724138,62.8,True,55.271551724137936,Medium,Kolkata,Control,0.0,No Incentive,0.35,0.3756,False,0,54,0.0
CUST07931,Routine_Commuter,158,50,0.3164556962025316,2813.76,17.80860759493671,65.5,True,55.265727848101264,Medium,Delhi NCR,Treatment,0.15,Off-Peak Incentive,0.35,0.381,True,29,21,0.58
CUST07214,Routine_Commuter,156,49,0.3141025641025641,3502.47,22.451730769230767,66.1,True,55.256602564102565,Medium,Ahmedabad,Control,0.0,No Incentive,0.35,0.3822,False,0,49,0.0
CUST02558,Routine_Commuter,159,48,0.3018867924528302,4770.35,30.00220125786164,66.7,True,55.24672169811321,Medium,Mumbai,Treatment,0.15,Off-Peak Incentive,0.35,0.38339999999999996,True,28,20,0.5833333333333334
CUST01936,Routine_Commuter,154,48,0.3116883116883117,4823.57,31.32188311688311,66.7,True,55.23628246753248,Medium,Chennai,Control,0.0,No Incentive,0.35,0.38339999999999996,False,0,48,0.0
CUST00164,Routine_Commuter,146,48,0.3287671232876712,4772.34,32.687260273972605,66.8,True,55.22443493150684,Medium,Lucknow,Treatment,0.15,Off-Peak Incentive,0.35,0.3836,True,28,20,0.5833333333333334
CUST07809,Routine_Commuter,145,50,0.3448275862068966,2327.22,16.049793103448273,65.4,True,55.20810344827587,Medium,Hyderabad,Treatment,0.15,Off-Peak Incentive,0.35,0.38079999999999997,False,0,50,0.0
CUST03489,Routine_Commuter,149,51,0.3422818791946309,3308.98,22.207919463087247,64.7,True,55.20627516778523,Medium,Pune,Control,0.0,No Incentive,0.35,0.37939999999999996,False,0,51,0.0
CUST03231,Routine_Commuter,151,48,0.3178807947019867,3781.01,25.039801324503312,66.7,True,55.20523178807947,Medium,Mumbai,Control,0.0,No Incentive,0.35,0.38339999999999996,False,0,48,0.0
CUST03830,Price_Sensitive,144,51,0.3541666666666667,2768.38,19.22486111111111,64.7,True,55.20416666666667,Medium,Mumbai,Control,0.0,No Incentive,0.3,0.32939999999999997,False,0,51,0.0
CUST04935,Routine_Commuter,153,49,0.3202614379084967,4541.85,29.68529411764706,66.0,True,55.19795751633987,Medium,Pune,Control,0.0,No Incentive,0.35,0.382,False,0,49,0.0
CUST02742,Convenience_First,142,51,0.3591549295774648,3328.76,23.441971830985914,64.7,True,55.1961971830986,Medium,Mumbai,Control,0.0,No Incentive,0.2,0.22940000000000002,False,0,51,0.0
CUST07630,Routine_Commuter,151,46,0.304635761589404,2821.65,18.686423841059604,68.0,True,55.195430463576166,Medium,Kolkata,Control,0.0,No Incentive,0.35,0.38599999999999995,False,0,46,0.0
CUST01539,Routine_Commuter,149,52,0.348993288590604,2123.1,14.248993288590604,64.0,True,55.194731543624165,Medium,Mumbai,Control,0.0,No Incentive,0.35,0.378,False,0,52,0.0
CUST07101,Routine_Commuter,149,52,0.348993288590604,4583.51,30.761812080536913,64.0,True,55.194731543624165,Medium,Ahmedabad,Treatment,0.15,Off-Peak Incentive,0.35,0.378,True,30,22,0.5769230769230769
CUST07593,Price_Sensitive,146,48,0.3287671232876712,3493.96,23.93123287671233,66.7,True,55.18443493150685,Medium,Chennai,Treatment,0.15,Off-Peak Incentive,0.3,0.3334,True,28,20,0.5833333333333334
CUST03932,Routine_Commuter,148,49,0.3310810810810811,5081.74,34.336081081081076,66.0,True,55.176993243243246,Medium,Hyderabad,Treatment,0.15,Off-Peak Incentive,0.35,0.382,True,28,21,0.5714285714285714
CUST01590,Routine_Commuter,154,49,0.3181818181818182,2140.4,13.8987012987013,65.9,True,55.17602272727274,Medium,Pune,Control,0.0,No Incentive,0.35,0.3818,False,0,49,0.0
CUST01653,Routine_Commuter,153,46,0.3006535947712418,3626.93,23.705424836601303,67.9,True,55.17364379084968,Medium,Hyderabad,Treatment,0.15,Off-Peak Incentive,0.35,0.3858,False,0,46,0.0
CUST01135,Routine_Commuter,146,50,0.3424657534246575,2348.55,16.08595890410959,65.3,True,55.1723801369863,Medium,Delhi NCR,Treatment,0.15,Off-Peak Incentive,0.35,0.3806,True,29,21,0.58
CUST01924,Routine_Commuter,157,49,0.3121019108280254,5124.1,32.6375796178344,65.9,True,55.16782643312102,Medium,Chennai,Control,0.0,No Incentive,0.35,0.3818,False,0,49,0.0
CUST00602,Routine_Commuter,150,54,0.36,3932.76,26.2184,62.6,True,55.16250000000001,Medium,Mumbai,Treatment,0.15,Off-Peak Incentive,0.35,0.3752,True,30,24,0.5555555555555556
CUST03849,Routine_Commuter,146,52,0.3561643835616438,2401.05,16.44554794520548,63.9,True,55.160325342465754,Medium,Ahmedabad,Treatment,0.15,Off-Peak Incentive,0.35,0.37779999999999997,False,0,52,0.0
CUST02579,Routine_Commuter,164,50,0.3048780487804878,3779.8,23.047560975609755,65.2,True,55.15512195121951,Medium,Delhi NCR,Control,0.0,No Incentive,0.35,0.38039999999999996,False,0,50,0.0
CUST03854,Routine_Commuter,146,47,0.3219178082191781,3359.17,23.008013698630137,67.3,True,55.15046232876713,Medium,Kolkata,Control,0.0,No Incentive,0.35,0.38459999999999994,False,0,47,0.0
CUST00079,Price_Sensitive,136,49,0.3602941176470588,2862.01,21.04419117647059,66.1,True,55.14926470588235,Medium,Pune,Treatment,0.15,Off-Peak Incentive,0.3,0.3322,True,28,21,0.5714285714285714
CUST00105,Routine_Commuter,156,52,0.3333333333333333,2628.93,16.852115384615384,63.9,True,55.14583333333333,Medium,Bengaluru,Treatment,0.15,Off-Peak Incentive,0.35,0.37779999999999997,False,0,52,0.0
CUST05268,Routine_Commuter,158,50,0.3164556962025316,3300.18,20.887215189873416,65.2,True,55.14572784810127,Medium,Chandigarh,Treatment,0.15,Off-Peak Incentive,0.35,0.38039999999999996,False,0,50,0.0
CUST02608,Routine_Commuter,147,47,0.3197278911564626,3925.93,26.70700680272109,67.3,True,55.14536564625851,Medium,Mumbai,Control,0.0,No Incentive,0.35,0.38459999999999994,False,0,47,0.0
CUST01059,Price_Sensitive,141,50,0.3546099290780142,3181.71,22.56531914893617,65.3,True,55.14189716312057,Medium,Chandigarh,Control,0.0,No Incentive,0.3,0.3306,False,0,50,0.0
CUST02946,Routine_Commuter,147,55,0.3741496598639456,3636.95,24.74115646258503,61.8,True,55.122236394557824,Medium,Hyderabad,Treatment,0.15,Off-Peak Incentive,0.35,0.3736,False,0,55,0.0
CUST00543,Routine_Commuter,149,48,0.3221476510067114,3988.69,26.76973154362416,66.5,True,55.12090604026846,Medium,Mumbai,Control,0.0,No Incentive,0.35,0.383,False,0,48,0.0
CUST03199,Routine_Commuter,142,53,0.3732394366197183,1991.16,14.02225352112676,63.1,True,55.11957746478874,Medium,Bengaluru,Treatment,0.15,Off-Peak Incentive,0.35,0.3762,False,0,53,0.0
CUST05219,Routine_Commuter,152,46,0.3026315789473684,3999.58,26.31302631578947,67.8,True,55.11651315789474,Medium,Delhi NCR,Treatment,0.15,Off-Peak Incentive,0.35,0.38559999999999994,True,27,19,0.5869565217391305
CUST03971,Routine_Commuter,149,45,0.3020134228187919,4978.09,33.410000000000004,68.5,True,55.11553691275167,Medium,Jaipur,Control,0.0,No Incentive,0.35,0.38699999999999996,False,0,45,0.0
CUST01140,Routine_Commuter,139,48,0.3453237410071942,3192.59,22.968273381294964,66.7,True,55.11294964028777,Medium,Bengaluru,Treatment,0.15,Off-Peak Incentive,0.35,0.38339999999999996,True,28,20,0.5833333333333334
CUST02331,Routine_Commuter,149,49,0.3288590604026846,3384.84,22.717046979865778,65.8,True,55.10936241610738,Medium,Chandigarh,Treatment,0.15,Off-Peak Incentive,0.35,0.3816,True,28,21,0.5714285714285714
CUST05344,Routine_Commuter,150,49,0.3266666666666666,4094.03,27.293533333333336,65.8,True,55.10916666666667,Medium,Kochi,Treatment,0.15,Off-Peak Incentive,0.35,0.3816,True,28,21,0.5714285714285714
CUST07864,Routine_Commuter,150,47,0.3133333333333333,3814.93,25.432866666666666,67.1,True,55.09583333333333,Medium,Delhi NCR,Control,0.0,No Incentive,0.35,0.3842,False,0,47,0.0
CUST00976,Routine_Commuter,163,51,0.3128834355828221,3518.53,21.586073619631904,64.4,True,55.09283742331289,Medium,Chandigarh,Control,0.0,No Incentive,0.35,0.37879999999999997,False,0,51,0.0
CUST03050,Routine_Commuter,144,48,0.3333333333333333,2907.97,20.19423611111111,66.5,True,55.090833333333336,Medium,Chandigarh,Control,0.0,No Incentive,0.35,0.383,False,0,48,0.0
CUST05540,Routine_Commuter,144,49,0.3402777777777778,3472.06,24.111527777777777,65.8,True,55.08861111111111,Medium,Bengaluru,Treatment,0.15,Off-Peak Incentive,0.35,0.3816,True,28,21,0.5714285714285714
CUST05800,Routine_Commuter,143,48,0.3356643356643357,2764.29,19.3306993006993,66.5,True,55.08282342657343,Medium,Jaipur,Treatment,0.15,Off-Peak Incentive,0.35,0.383,False,0,48,0.0
CUST07046,Routine_Commuter,150,51,0.34,2892.43,19.282866666666667,64.4,True,55.08250000000001,Medium,Chandigarh,Control,0.0,No Incentive,0.35,0.37879999999999997,False,0,51,0.0
CUST02738,Routine_Commuter,150,48,0.32,1696.12,11.307466666666668,66.4,True,55.0825,Medium,Mumbai,Treatment,0.15,Off-Peak Incentive,0.35,0.3828,True,28,20,0.5833333333333334
CUST06181,Routine_Commuter,133,53,0.3984962406015037,2484.84,18.683007518796995,63.0,True,55.07609962406015,Medium,Pune,Control,0.0,No Incentive,0.35,0.376,False,0,53,0.0
CUST00125,Routine_Commuter,150,49,0.3266666666666666,2740.62,18.2708,65.7,True,55.06916666666666,Medium,Chennai,Control,0.0,No Incentive,0.35,0.38139999999999996,False,0,49,0.0
CUST02371,Routine_Commuter,147,53,0.3605442176870748,3710.94,25.24448979591837,63.0,True,55.058018707482994,Medium,Chennai,Treatment,0.15,Off-Peak Incentive,0.35,0.376,True,30,23,0.5660377358490566
CUST02606,Routine_Commuter,156,49,0.3141025641025641,2869.37,18.39339743589743,65.6,True,55.05660256410256,Medium,Pune,Control,0.0,No Incentive,0.35,0.3812,False,0,49,0.0
CUST04918,Routine_Commuter,139,50,0.3597122302158273,3638.59,26.176906474820147,65.1,True,55.04848920863309,Medium,Ahmedabad,Treatment,0.15,Off-Peak Incentive,0.35,0.3802,False,0,50,0.0
CUST04437,Routine_Commuter,148,50,0.3378378378378378,2721.85,18.39087837837838,65.0,True,55.04726351351351,Medium,Mumbai,Treatment,0.15,Off-Peak Incentive,0.35,0.38,False,0,50,0.0
CUST03274,Routine_Commuter,139,49,0.3525179856115107,2303.79,16.574028776978416,65.8,True,55.04071942446043,Medium,Bengaluru,Control,0.0,No Incentive,0.35,0.3816,False,0,49,0.0
CUST05674,Routine_Commuter,130,55,0.4230769230769231,1649.6,12.689230769230768,61.4,True,55.03182692307692,Medium,Delhi NCR,Control,0.0,No Incentive,0.35,0.37279999999999996,False,0,55,0.0
CUST05403,Routine_Commuter,140,45,0.3214285714285714,4145.47,29.6105,68.6,True,55.020892857142854,Medium,Bengaluru,Control,0.0,No Incentive,0.35,0.3872,False,0,45,0.0
CUST07493,Routine_Commuter,152,47,0.3092105263157895,2470.21,16.25138157894737,66.9,True,55.01967105263159,Medium,Chandigarh,Control,0.0,No Incentive,0.35,0.3838,False,0,47,0.0
CUST06658,Routine_Commuter,153,46,0.3006535947712418,3555.1,23.2359477124183,67.5,True,55.01364379084967,Medium,Bengaluru,Control,0.0,No Incentive,0.35,0.38499999999999995,False,0,46,0.0
CUST00173,Routine_Commuter,153,46,0.3006535947712418,2361.78,15.436470588235297,67.5,True,55.01364379084967,Medium,Bengaluru,Control,0.0,No Incentive,0.35,0.38499999999999995,False,0,46,0.0
CUST04959,Routine_Commuter,149,49,0.3288590604026846,4591.67,30.816577181208057,65.5,True,54.98936241610738,Medium,Ahmedabad,Control,0.0,No Incentive,0.35,0.381,False,0,49,0.0
CUST03170,Routine_Commuter,145,56,0.3862068965517241,3633.85,25.061034482758625,60.7,True,54.983275862068965,Medium,Mumbai,Treatment,0.15,Off-Peak Incentive,0.35,0.3714,True,31,25,0.5535714285714286
CUST03197,Price_Sensitive,152,47,0.3092105263157895,2943.18,19.363026315789472,66.8,True,54.97967105263158,Medium,Kochi,Control,0.0,No Incentive,0.3,0.3336,False,0,47,0.0
CUST01437,Routine_Commuter,153,50,0.326797385620915,4356.07,28.471045751633984,64.8,True,54.97939542483659,Medium,Chandigarh,Control,0.0,No Incentive,0.35,0.3796,False,0,50,0.0
CUST05650,Routine_Commuter,153,48,0.3137254901960784,4727.88,30.901176470588236,66.1,True,54.97651960784313,Medium,Bengaluru,Treatment,0.15,Off-Peak Incentive,0.35,0.3822,True,28,20,0.5833333333333334
CUST03152,Routine_Commuter,148,45,0.304054054054054,3390.38,22.907972972972978,68.2,True,54.97591216216216,Medium,Chandigarh,Treatment,0.15,Off-Peak Incentive,0.35,0.38639999999999997,True,27,18,0.6
CUST06002,Routine_Commuter,139,50,0.3597122302158273,2009.63,14.457769784172662,64.9,True,54.968489208633095,Medium,Jaipur,Treatment,0.15,Off-Peak Incentive,0.35,0.37979999999999997,True,29,21,0.58
CUST03349,Routine_Commuter,143,52,0.3636363636363636,3665.61,25.633636363636363,63.4,True,54.961704545454545,Medium,Mumbai,Treatment,0.15,Off-Peak Incentive,0.35,0.37679999999999997,False,0,52,0.0
CUST07175,Routine_Commuter,143,52,0.3636363636363636,2616.31,18.295874125874125,63.4,True,54.961704545454545,Medium,Chennai,Control,0.0,No Incentive,0.35,0.37679999999999997,False,0,52,0.0
CUST02968,Routine_Commuter,142,49,0.3450704225352112,2790.77,19.65330985915493,65.5,True,54.952816901408454,Medium,Chennai,Treatment,0.15,Off-Peak Incentive,0.35,0.381,False,0,49,0.0
CUST06032,Routine_Commuter,155,47,0.3032258064516129,3871.88,24.979870967741935,66.6,True,54.95153225806452,Medium,Mumbai,Control,0.0,No Incentive,0.35,0.3832,False,0,47,0.0
CUST02313,Routine_Commuter,134,51,0.3805970149253731,4036.93,30.126343283582088,64.1,True,54.94138059701493,Medium,Delhi NCR,Control,0.0,No Incentive,0.35,0.3782,False,0,51,0.0
CUST05491,Routine_Commuter,150,47,0.3133333333333333,3853.44,25.6896,66.7,True,54.935833333333335,Medium,Hyderabad,Control,0.0,No Incentive,0.35,0.38339999999999996,False,0,47,0.0
CUST06966,Routine_Commuter,141,47,0.3333333333333333,4305.06,30.532340425531917,66.9,True,54.93083333333333,Medium,Chennai,Treatment,0.15,Off-Peak Incentive,0.35,0.3838,False,0,47,0.0
CUST04149,Price_Sensitive,144,48,0.3333333333333333,3618.67,25.12965277777778,66.1,True,54.930833333333325,Medium,Hyderabad,Treatment,0.15,Off-Peak Incentive,0.3,0.3322,False,0,48,0.0
CUST06776,Routine_Commuter,156,51,0.3269230769230769,2582.16,16.552307692307693,64.0,True,54.92942307692309,Medium,Ahmedabad,Control,0.0,No Incentive,0.35,0.378,False,0,51,0.0
CUST02118,Routine_Commuter,145,50,0.3448275862068966,4952.15,34.15275862068965,64.7,True,54.92810344827587,Medium,Pune,Control,0.0,No Incentive,0.35,0.37939999999999996,False,0,50,0.0
CUST00054,Price_Sensitive,138,53,0.3840579710144927,3583.7,25.968840579710143,62.6,True,54.92481884057971,Medium,Delhi NCR,Treatment,0.15,Off-Peak Incentive,0.3,0.3252,False,0,53,0.0
CUST07279,Routine_Commuter,156,48,0.3076923076923077,3540.04,22.692564102564106,65.9,True,54.92019230769232,Medium,Bengaluru,Control,0.0,No Incentive,0.35,0.3818,False,0,48,0.0
CUST07022,Routine_Commuter,154,48,0.3116883116883117,2932.17,19.040064935064937,65.9,True,54.91628246753247,Medium,Delhi NCR,Treatment,0.15,Off-Peak Incentive,0.35,0.3818,False,0,48,0.0
CUST03213,Routine_Commuter,155,47,0.3032258064516129,3518.27,22.698516129032257,66.5,True,54.911532258064526,Medium,Mumbai,Control,0.0,No Incentive,0.35,0.383,False,0,47,0.0
CUST00144,Routine_Commuter,140,46,0.3285714285714285,2485.7,17.755,67.6,True,54.90660714285715,Medium,Bengaluru,Treatment,0.15,Off-Peak Incentive,0.35,0.3852,True,27,19,0.5869565217391305
CUST07459,Routine_Commuter,152,47,0.3092105263157895,2346.85,15.439802631578948,66.6,True,54.89967105263158,Medium,Hyderabad,Treatment,0.15,Off-Peak Incentive,0.35,0.3832,True,27,20,0.574468085106383
CUST04666,Price_Sensitive,154,47,0.3051948051948052,1436.64,9.328831168831169,66.5,True,54.89654220779221,Medium,Kolkata,Control,0.0,No Incentive,0.3,0.33299999999999996,False,0,47,0.0
CUST06265,Routine_Commuter,143,46,0.3216783216783216,4267.99,29.846083916083913,67.4,True,54.883382867132866,Medium,Bengaluru,Treatment,0.15,Off-Peak Incentive,0.35,0.3848,False,0,46,0.0
CUST02423,Routine_Commuter,143,47,0.3286713286713286,3380.34,23.63874125874126,66.7,True,54.883103146853145,Medium,Mumbai,Treatment,0.15,Off-Peak Incentive,0.35,0.38339999999999996,False,0,47,0.0
CUST07658,Price_Sensitive,134,50,0.373134328358209,3466.93,25.872611940298505,64.7,True,54.88287313432837,Medium,Lucknow,Treatment,0.15,Off-Peak Incentive,0.3,0.32939999999999997,True,29,21,0.58
CUST07748,Routine_Commuter,146,52,0.3561643835616438,3314.81,22.70417808219178,63.2,True,54.88032534246575,Medium,Hyderabad,Treatment,0.15,Off-Peak Incentive,0.35,0.37639999999999996,True,29,23,0.5576923076923077
CUST00342,Routine_Commuter,147,46,0.3129251700680272,3860.79,26.263877551020407,67.3,True,54.873256802721095,Medium,Mumbai,Control,0.0,No Incentive,0.35,0.38459999999999994,False,0,46,0.0
CUST03435,Price_Sensitive,140,47,0.3357142857142857,2628.06,18.771857142857144,66.8,True,54.87232142857143,Medium,Chennai,Treatment,0.15,Off-Peak Incentive,0.3,0.3336,True,27,20,0.574468085106383
CUST00763,Price_Sensitive,150,46,0.3066666666666666,3139.09,20.927266666666668,67.2,True,54.86916666666667,Medium,Mumbai,Control,0.0,No Incentive,0.3,0.3344,False,0,46,0.0
CUST03229,Routine_Commuter,148,48,0.3243243243243243,4880.28,32.97486486486486,65.9,True,54.86672297297298,Medium,Bengaluru,Control,0.0,No Incentive,0.35,0.3818,False,0,48,0.0
CUST00582,Routine_Commuter,153,50,0.326797385620915,3422.98,22.372418300653596,64.5,True,54.859395424836606,Medium,Kolkata,Treatment,0.15,Off-Peak Incentive,0.35,0.379,True,29,21,0.58
CUST01354,Routine_Commuter,147,53,0.3605442176870748,2044.84,13.91047619047619,62.5,True,54.85801870748299,Medium,Kochi,Treatment,0.15,Off-Peak Incentive,0.35,0.375,False,0,53,0.0
CUST03870,Price_Sensitive,136,51,0.375,4445.09,32.68448529411765,63.9,True,54.8575,Medium,Bengaluru,Control,0.0,No Incentive,0.3,0.3278,False,0,51,0.0
CUST05658,Price_Sensitive,145,48,0.3310344827586207,2500.92,17.247724137931034,65.9,True,54.856379310344835,Medium,Delhi NCR,Control,0.0,No Incentive,0.3,0.3318,False,0,48,0.0
CUST06050,Routine_Commuter,153,46,0.3006535947712418,4327.57,28.284771241830065,67.1,True,54.853643790849674,Medium,Pune,Control,0.0,No Incentive,0.35,0.3842,False,0,46,0.0
CUST00268,Routine_Commuter,145,49,0.3379310344827586,3086.34,21.285103448275866,65.2,True,54.85224137931035,Medium,Delhi NCR,Control,0.0,No Incentive,0.35,0.38039999999999996,False,0,49,0.0
CUST07169,Routine_Commuter,143,50,0.3496503496503496,4435.56,31.017902097902105,64.5,True,54.84226398601398,Medium,Ahmedabad,Treatment,0.15,Off-Peak Incentive,0.35,0.379,False,0,50,0.0
CUST05441,Routine_Commuter,148,51,0.3445945945945945,3338.83,22.55966216216216,63.8,True,54.83753378378378,Medium,Chandigarh,Treatment,0.15,Off-Peak Incentive,0.35,0.3776,False,0,51,0.0
CUST05577,Price_Sensitive,142,48,0.3380281690140845,3644.62,25.66633802816901,65.9,True,54.831126760563386,Medium,Pune,Control,0.0,No Incentive,0.3,0.3318,False,0,48,0.0
CUST02292,Routine_Commuter,146,47,0.3219178082191781,4278.37,29.30390410958904,66.5,True,54.830462328767126,Medium,Ahmedabad,Treatment,0.15,Off-Peak Incentive,0.35,0.383,True,27,20,0.574468085106383
CUST06148,Routine_Commuter,150,46,0.3066666666666666,4125.03,27.5002,67.1,True,54.829166666666666,Medium,Kolkata,Control,0.0,No Incentive,0.35,0.3842,False,0,46,0.0
CUST06696,Routine_Commuter,148,52,0.3513513513513513,2410.32,16.285945945945947,63.1,True,54.827804054054056,Medium,Bengaluru,Control,0.0,No Incentive,0.35,0.3762,False,0,52,0.0
CUST07875,Routine_Commuter,155,49,0.3161290322580645,4097.27,26.434,65.0,True,54.82766129032258,Medium,Chennai,Control,0.0,No Incentive,0.35,0.38,False,0,49,0.0
CUST03032,Routine_Commuter,141,51,0.3617021276595745,4625.79,32.80702127659575,63.8,True,54.82558510638298,Medium,Lucknow,Treatment,0.15,Off-Peak Incentive,0.35,0.3776,True,29,22,0.5686274509803921
CUST00443,Routine_Commuter,148,45,0.304054054054054,3802.37,25.691689189189187,67.8,True,54.81591216216216,Medium,Chennai,Treatment,0.15,Off-Peak Incentive,0.35,0.38559999999999994,False,0,45,0.0
CUST06153,Routine_Commuter,133,52,0.3909774436090225,1877.99,14.120225563909775,63.1,True,54.815347744360906,Medium,Bengaluru,Treatment,0.15,Off-Peak Incentive,0.35,0.3762,False,0,52,0.0
CUST04966,Routine_Commuter,144,48,0.3333333333333333,3668.68,25.47694444444444,65.8,True,54.810833333333335,Medium,Kolkata,Treatment,0.15,Off-Peak Incentive,0.35,0.3816,True,28,20,0.5833333333333334
CUST01639,Routine_Commuter,144,48,0.3333333333333333,1839.15,12.771875,65.8,True,54.810833333333335,Medium,Delhi NCR,Control,0.0,No Incentive,0.35,0.3816,False,0,48,0.0
CUST05365,Routine_Commuter,141,47,0.3333333333333333,2740.51,19.436241134751775,66.6,True,54.81083333333333,Medium,Hyderabad,Treatment,0.15,Off-Peak Incentive,0.35,0.3832,True,27,20,0.574468085106383
CUST06176,Routine_Commuter,146,44,0.3013698630136986,4280.83,29.320753424657532,68.5,True,54.80854452054795,Medium,Delhi NCR,Treatment,0.15,Off-Peak Incentive,0.35,0.38699999999999996,False,0,44,0.0
CUST04601,Routine_Commuter,146,51,0.3493150684931507,3492.09,23.91842465753425,63.7,True,54.80635273972603,Medium,Bengaluru,Treatment,0.15,Off-Peak Incentive,0.35,0.37739999999999996,False,0,51,0.0
CUST03285,Routine_Commuter,143,49,0.3426573426573426,2537.18,17.74251748251748,65.1,True,54.802543706293704,Medium,Kolkata,Treatment,0.15,Off-Peak Incentive,0.35,0.3802,False,0,49,0.0
CUST03453,Routine_Commuter,153,51,0.3333333333333333,3242.47,21.192614379084965,63.7,True,54.80083333333333,Medium,Kochi,Control,0.0,No Incentive,0.35,0.37739999999999996,False,0,51,0.0
CUST02085,Routine_Commuter,134,56,0.417910447761194,2695.95,20.119029850746266,60.0,True,54.79391791044776,Medium,Hyderabad,Treatment,0.15,Off-Peak Incentive,0.35,0.37,False,0,56,0.0
CUST04980,Routine_Commuter,151,49,0.3245033112582781,2915.68,19.30913907284768,65.0,True,54.79013245033113,Medium,Hyderabad,Control,0.0,No Incentive,0.35,0.38,False,0,49,0.0
CUST01464,Routine_Commuter,148,48,0.3243243243243243,2940.44,19.86783783783784,65.7,True,54.78672297297297,Medium,Bengaluru,Treatment,0.15,Off-Peak Incentive,0.35,0.38139999999999996,False,0,48,0.0
CUST01380,Routine_Commuter,146,48,0.3287671232876712,4680.05,32.05513698630137,65.7,True,54.78443493150685,Medium,Kolkata,Control,0.0,No Incentive,0.35,0.38139999999999996,False,0,48,0.0
CUST00757,Routine_Commuter,150,50,0.3333333333333333,2876.54,19.176933333333334,64.3,True,54.77583333333333,Medium,Pune,Treatment,0.15,Off-Peak Incentive,0.35,0.3786,False,0,50,0.0
CUST00754,Routine_Commuter,150,50,0.3333333333333333,4291.34,28.608933333333333,64.3,True,54.77583333333333,Medium,Delhi NCR,Treatment,0.15,Off-Peak Incentive,0.35,0.3786,True,29,21,0.58
CUST00390,Routine_Commuter,145,50,0.3448275862068966,3413.79,23.54337931034483,64.3,True,54.768103448275866,Medium,Ahmedabad,Control,0.0,No Incentive,0.35,0.3786,False,0,50,0.0
CUST00123,Routine_Commuter,142,53,0.3732394366197183,3216.5,22.651408450704224,62.2,True,54.75957746478874,Medium,Kolkata,Control,0.0,No Incentive,0.35,0.37439999999999996,False,0,53,0.0
CUST00403,Routine_Commuter,155,49,0.3161290322580645,3922.02,25.303354838709676,64.8,True,54.74766129032258,Medium,Ahmedabad,Control,0.0,No Incentive,0.35,0.3796,False,0,49,0.0
CUST02388,Routine_Commuter,145,47,0.3241379310344827,3668.12,25.297379310344827,66.3,True,54.740517241379315,Medium,Mumbai,Treatment,0.15,Off-Peak Incentive,0.35,0.3826,False,0,47,0.0
CUST04654,Routine_Commuter,144,47,0.3263888888888889,3722.59,25.85131944444445,66.3,True,54.73305555555555,Medium,Hyderabad,Treatment,0.15,Off-Peak Incentive,0.35,0.3826,False,0,47,0.0
CUST05935,Routine_Commuter,150,45,0.3,4895.05,32.63366666666667,67.5,True,54.7225,Medium,Kochi,Control,0.0,No Incentive,0.35,0.38499999999999995,False,0,45,0.0
CUST06737,Routine_Commuter,137,52,0.3795620437956204,5009.92,36.56875912408759,62.8,True,54.722481751824816,Medium,Chandigarh,Treatment,0.15,Off-Peak Incentive,0.35,0.3756,True,29,23,0.5576923076923077
CUST03490,Routine_Commuter,147,45,0.3061224489795918,3254.14,22.13700680272109,67.6,True,54.721147959183675,Medium,Kochi,Control,0.0,No Incentive,0.35,0.3852,False,0,45,0.0
CUST00487,Routine_Commuter,146,53,0.363013698630137,2607.53,17.859794520547947,62.1,True,54.71429794520548,Medium,Ahmedabad,Control,0.0,No Incentive,0.35,0.3742,False,0,53,0.0
CUST03457,Routine_Commuter,142,49,0.3450704225352112,2342.22,16.49450704225352,64.9,True,54.71281690140846,Medium,Lucknow,Control,0.0,No Incentive,0.35,0.37979999999999997,False,0,49,0.0
CUST00462,Routine_Commuter,152,48,0.3157894736842105,3469.34,22.824605263157896,65.4,True,54.68282894736842,Medium,Chandigarh,Control,0.0,No Incentive,0.35,0.38079999999999997,False,0,48,0.0
CUST02075,Routine_Commuter,136,44,0.3235294117647059,3481.87,25.601985294117647,68.6,True,54.67867647058823,Medium,Mumbai,Control,0.0,No Incentive,0.35,0.3872,False,0,44,0.0
CUST01145,Routine_Commuter,133,53,0.3984962406015037,2569.12,19.316691729323303,62.0,True,54.67609962406015,Medium,Mumbai,Treatment,0.15,Off-Peak Incentive,0.35,0.374,False,0,53,0.0
CUST00874,Routine_Commuter,153,47,0.3071895424836601,3120.84,20.39764705882353,66.0,True,54.67508169934641,Medium,Hyderabad,Treatment,0.15,Off-Peak Incentive,0.35,0.382,True,27,20,0.574468085106383
CUST05197,Routine_Commuter,142,48,0.3380281690140845,2645.89,18.63302816901408,65.5,True,54.67112676056338,Medium,Bengaluru,Control,0.0,No Incentive,0.35,0.381,False,0,48,0.0
CUST01503,Routine_Commuter,142,47,0.3309859154929577,2851.41,20.080352112676056,66.2,True,54.66943661971831,Medium,Delhi NCR,Treatment,0.15,Off-Peak Incentive,0.35,0.38239999999999996,True,27,20,0.574468085106383
CUST00985,Routine_Commuter,147,47,0.3197278911564626,4217.78,28.69238095238095,66.1,True,54.66536564625851,Medium,Delhi NCR,Treatment,0.15,Off-Peak Incentive,0.35,0.3822,True,27,20,0.574468085106383
CUST02394,Routine_Commuter,131,43,0.3282442748091603,3126.67,23.867709923664123,69.6,True,54.664770992366414,Medium,Ahmedabad,Treatment,0.15,Off-Peak Incentive,0.35,0.3892,False,0,43,0.0
CUST07369,Routine_Commuter,145,46,0.3172413793103448,4072.49,28.08613793103448,66.8,True,54.664655172413795,Medium,Delhi NCR,Control,0.0,No Incentive,0.35,0.3836,False,0,46,0.0
CUST01130,Routine_Commuter,149,46,0.3087248322147651,5123.7,34.38724832214765,66.7,True,54.66399328859061,Medium,Ahmedabad,Control,0.0,No Incentive,0.35,0.38339999999999996,False,0,46,0.0
CUST05203,Routine_Commuter,150,47,0.3133333333333333,2584.5,17.23,66.0,True,54.655833333333334,Medium,Bengaluru,Control,0.0,No Incentive,0.35,0.382,False,0,47,0.0
CUST00670,Routine_Commuter,150,50,0.3333333333333333,4015.9,26.772666666666662,64.0,True,54.655833333333334,Medium,Mumbai,Treatment,0.15,Off-Peak Incentive,0.35,0.378,False,0,50,0.0
CUST02770,Routine_Commuter,152,52,0.3421052631578947,3121.93,20.539013157894736,62.7,True,54.65546052631579,Medium,Lucknow,Treatment,0.15,Off-Peak Incentive,0.35,0.37539999999999996,False,0,52,0.0
CUST06499,Routine_Commuter,133,50,0.3759398496240601,2785.38,20.942706766917293,64.2,True,54.65384398496241,Medium,Hyderabad,Control,0.0,No Incentive,0.35,0.37839999999999996,False,0,50,0.0
CUST00644,Routine_Commuter,152,50,0.3289473684210526,2623.35,17.258881578947367,64.0,True,54.6491447368421,Medium,Bengaluru,Treatment,0.15,Off-Peak Incentive,0.35,0.378,False,0,50,0.0
CUST00653,Price_Sensitive,142,51,0.3591549295774648,4956.29,34.90345070422535,63.3,True,54.636197183098595,Medium,Hyderabad,Control,0.0,No Incentive,0.3,0.3266,False,0,51,0.0
CUST06872,Routine_Commuter,146,47,0.3219178082191781,2055.28,14.077260273972604,66.0,True,54.63046232876712,Medium,Bengaluru,Control,0.0,No Incentive,0.35,0.382,False,0,47,0.0
CUST07009,Price_Sensitive,145,45,0.3103448275862069,3008.98,20.75158620689655,67.4,True,54.62879310344828,Medium,Lucknow,Treatment,0.15,Off-Peak Incentive,0.3,0.3348,False,0,45,0.0
CUST07128,Price_Sensitive,134,47,0.3507462686567164,4168.16,31.105671641791044,66.3,True,54.62735074626866,Medium,Pune,Treatment,0.15,Off-Peak Incentive,0.3,0.3326,False,0,47,0.0
CUST06936,Price_Sensitive,140,51,0.3642857142857142,3576.19,25.54421428571429,63.3,True,54.61517857142857,Medium,Lucknow,Treatment,0.15,Off-Peak Incentive,0.3,0.3266,False,0,51,0.0
CUST03089,Routine_Commuter,131,52,0.3969465648854962,2792.16,21.31419847328244,62.6,True,54.61286259541985,Medium,Kochi,Control,0.0,No Incentive,0.35,0.3752,False,0,52,0.0
CUST07241,Routine_Commuter,144,49,0.3402777777777778,4296.13,29.83423611111111,64.6,True,54.60861111111111,Medium,Hyderabad,Control,0.0,No Incentive,0.35,0.3792,False,0,49,0.0
CUST01815,Routine_Commuter,143,45,0.3146853146853147,3472.97,24.286503496503496,67.4,True,54.60366258741259,Medium,Pune,Treatment,0.15,Off-Peak Incentive,0.35,0.3848,True,26,19,0.5777777777777777
CUST02135,Routine_Commuter,136,50,0.3676470588235294,3416.76,25.12323529411765,64.0,True,54.603382352941175,Medium,Hyderabad,Control,0.0,No Incentive,0.35,0.378,False,0,50,0.0
CUST01840,Routine_Commuter,143,54,0.3776223776223776,2742.32,19.17706293706294,61.1,True,54.6011451048951,Medium,Delhi NCR,Treatment,0.15,Off-Peak Incentive,0.35,0.3722,False,0,54,0.0
CUST03075,Routine_Commuter,135,52,0.3851851851851852,2719.38,20.14355555555556,62.5,True,54.5974074074074,Medium,Kolkata,Treatment,0.15,Off-Peak Incentive,0.35,0.375,False,0,52,0.0
CUST03873,Routine_Commuter,147,51,0.3469387755102041,4160.57,28.30319727891156,63.2,True,54.593801020408165,Medium,Chennai,Control,0.0,No Incentive,0.35,0.37639999999999996,False,0,51,0.0
CUST04680,Routine_Commuter,148,48,0.3243243243243243,3702.35,25.01587837837838,65.2,True,54.58672297297298,Medium,Hyderabad,Treatment,0.15,Off-Peak Incentive,0.35,0.38039999999999996,False,0,48,0.0
CUST06621,Routine_Commuter,142,43,0.3028169014084507,4290.23,30.212887323943654,68.8,True,54.58267605633803,Medium,Bengaluru,Treatment,0.15,Off-Peak Incentive,0.35,0.38759999999999994,True,26,17,0.6046511627906976
CUST07963,Routine_Commuter,141,50,0.3546099290780142,2501.91,17.744042553191488,63.9,True,54.581897163120566,Medium,Chennai,Control,0.0,No Incentive,0.35,0.37779999999999997,False,0,50,0.0
CUST06223,Routine_Commuter,147,48,0.3265306122448979,4302.99,29.27204081632653,65.2,True,54.57747448979592,Medium,Delhi NCR,Treatment,0.15,Off-Peak Incentive,0.35,0.38039999999999996,False,0,48,0.0
CUST07561,Price_Sensitive,129,51,0.3953488372093023,2011.21,15.59077519379845,63.4,True,54.57270348837209,Medium,Delhi NCR,Control,0.0,No Incentive,0.3,0.3268,False,0,51,0.0
CUST01518,Price_Sensitive,141,46,0.3262411347517731,2866.06,20.326666666666668,66.7,True,54.56714539007093,Medium,Chennai,Treatment,0.15,Off-Peak Incentive,0.3,0.3334,False,0,46,0.0
CUST03434,Routine_Commuter,134,48,0.3582089552238806,2787.45,20.80186567164179,65.4,True,54.56585820895523,Medium,Chandigarh,Treatment,0.15,Off-Peak Incentive,0.35,0.38079999999999997,True,28,20,0.5833333333333334
CUST02987,Routine_Commuter,138,49,0.3550724637681159,4703.96,34.086666666666666,64.6,True,54.56539855072464,Medium,Jaipur,Treatment,0.15,Off-Peak Incentive,0.35,0.3792,False,0,49,0.0
CUST02010,Routine_Commuter,143,49,0.3426573426573426,3727.66,26.067552447552448,64.5,True,54.5625437062937,Medium,Bengaluru,Treatment,0.15,Off-Peak Incentive,0.35,0.379,True,28,21,0.5714285714285714
CUST02001,Routine_Commuter,137,45,0.3284671532846715,2371.04,17.306861313868612,67.5,True,54.558686131386864,Medium,Chennai,Treatment,0.15,Off-Peak Incentive,0.35,0.38499999999999995,True,26,19,0.5777777777777777
CUST07398,Routine_Commuter,142,51,0.3591549295774648,5136.17,36.17021126760564,63.1,True,54.5561971830986,Medium,Delhi NCR,Treatment,0.15,Off-Peak Incentive,0.35,0.3762,True,29,22,0.5686274509803921
CUST04254,Routine_Commuter,151,46,0.304635761589404,3872.26,25.644105960264906,66.4,True,54.555430463576165,Medium,Ahmedabad,Control,0.0,No Incentive,0.35,0.3828,False,0,46,0.0
CUST03065,Routine_Commuter,151,46,0.304635761589404,3261.74,21.60092715231788,66.4,True,54.555430463576165,Medium,Hyderabad,Treatment,0.15,Off-Peak Incentive,0.35,0.3828,False,0,46,0.0
CUST03729,Routine_Commuter,139,48,0.3453237410071942,3412.48,24.55021582733813,65.3,True,54.55294964028777,Medium,Bengaluru,Treatment,0.15,Off-Peak Incentive,0.35,0.3806,False,0,48,0.0
CUST06588,Price_Sensitive,150,46,0.3066666666666666,3865.77,25.7718,66.4,True,54.549166666666665,Medium,Mumbai,Treatment,0.15,Off-Peak Incentive,0.3,0.3328,True,27,19,0.5869565217391305
CUST06010,Price_Sensitive,134,51,0.3805970149253731,1751.02,13.06731343283582,63.1,True,54.54138059701493,Medium,Delhi NCR,Treatment,0.15,Off-Peak Incentive,0.3,0.3262,False,0,51,0.0
CUST02795,Price_Sensitive,123,54,0.4390243902439024,2995.49,24.35357723577236,61.2,True,54.538475609756105,Medium,Delhi NCR,Treatment,0.15,Off-Peak Incentive,0.3,0.3224,False,0,54,0.0
CUST03965,Routine_Commuter,136,51,0.375,3892.07,28.618161764705885,63.1,True,54.5375,Medium,Bengaluru,Control,0.0,No Incentive,0.35,0.3762,False,0,51,0.0
CUST04762,Routine_Commuter,151,50,0.3311258278145695,4273.67,28.30245033112583,63.7,True,54.53503311258279,Medium,Hyderabad,Treatment,0.15,Off-Peak Incentive,0.35,0.37739999999999996,False,0,50,0.0
CUST06241,Routine_Commuter,144,48,0.3333333333333333,3256.77,22.616458333333338,65.1,True,54.530833333333334,Medium,Pune,Control,0.0,No Incentive,0.35,0.3802,False,0,48,0.0
CUST00065,Routine_Commuter,140,49,0.35,2673.21,19.09435714285714,64.5,True,54.52375,Medium,Hyderabad,Control,0.0,No Incentive,0.35,0.379,False,0,49,0.0
CUST04690,Routine_Commuter,141,53,0.375886524822695,3654.38,25.91758865248227,61.6,True,54.5129609929078,Medium,Chandigarh,Treatment,0.15,Off-Peak Incentive,0.35,0.3732,False,0,53,0.0
CUST03104,Price_Sensitive,142,47,0.3309859154929577,1761.06,12.401830985915492,65.8,True,54.509436619718315,Medium,Mumbai,Treatment,0.15,Off-Peak Incentive,0.3,0.3316,False,0,47,0.0
CUST03814,Routine_Commuter,134,47,0.3507462686567164,3218.23,24.016641791044776,66.0,True,54.507350746268656,Medium,Pune,Treatment,0.15,Off-Peak Incentive,0.35,0.382,False,0,47,0.0
CUST07001,Routine_Commuter,140,46,0.3285714285714285,5062.65,36.16178571428571,66.6,True,54.50660714285714,Medium,Chennai,Control,0.0,No Incentive,0.35,0.3832,False,0,46,0.0
CUST01326,Routine_Commuter,155,51,0.3290322580645161,3393.42,21.893032258064515,62.9,True,54.50379032258064,Medium,Chandigarh,Treatment,0.15,Off-Peak Incentive,0.35,0.37579999999999997,False,0,51,0.0
CUST04813,Price_Sensitive,129,50,0.3875968992248062,4155.36,32.21209302325581,64.0,True,54.502625968992255,Medium,Pune,Control,0.0,No Incentive,0.3,0.328,False,0,50,0.0
CUST00701,Routine_Commuter,140,52,0.3714285714285714,3338.54,23.846714285714285,62.3,True,54.50089285714286,Medium,Hyderabad,Control,0.0,No Incentive,0.35,0.3746,False,0,52,0.0
CUST00346,Routine_Commuter,159,49,0.3081761006289308,3274.1,20.591823899371068,64.2,True,54.49829402515723,Medium,Chennai,Control,0.0,No Incentive,0.35,0.37839999999999996,False,0,49,0.0
CUST01176,Routine_Commuter,140,50,0.3571428571428571,3354.64,23.961714285714283,63.7,True,54.48946428571429,Medium,Bengaluru,Control,0.0,No Incentive,0.35,0.37739999999999996,False,0,50,0.0
CUST05515,Routine_Commuter,133,42,0.3157894736842105,2346.04,17.639398496240602,69.8,True,54.48782894736843,Medium,Bengaluru,Control,0.0,No Incentive,0.35,0.38959999999999995,False,0,42,0.0
CUST03399,Routine_Commuter,144,50,0.3472222222222222,3091.81,21.470902777777777,63.6,True,54.48638888888889,Medium,Jaipur,Treatment,0.15,Off-Peak Incentive,0.35,0.3772,False,0,50,0.0
CUST00803,Routine_Commuter,146,45,0.3082191780821918,4176.62,28.60698630136986,67.0,True,54.48251712328767,Medium,Ahmedabad,Treatment,0.15,Off-Peak Incentive,0.35,0.384,True,26,19,0.5777777777777777
CUST04226,Routine_Commuter,142,51,0.3591549295774648,3085.46,21.728591549295775,62.9,True,54.47619718309859,Medium,Lucknow,Treatment,0.15,Off-Peak Incentive,0.35,0.37579999999999997,True,29,22,0.5686274509803921
CUST02171,Routine_Commuter,149,45,0.3020134228187919,3228.03,21.664630872483222,66.9,True,54.47553691275168,Medium,Lucknow,Control,0.0,No Incentive,0.35,0.3838,False,0,45,0.0
CUST03099,Price_Sensitive,145,44,0.3034482758620689,2474.6,17.066206896551723,67.7,True,54.47293103448276,Medium,Chennai,Control,0.0,No Incentive,0.3,0.3354,False,0,44,0.0
CUST03240,Routine_Commuter,137,51,0.3722627737226277,3026.09,22.08824817518248,62.9,True,54.470510948905115,Medium,Bengaluru,Control,0.0,No Incentive,0.35,0.37579999999999997,False,0,51,0.0
CUST05643,Price_Sensitive,134,47,0.3507462686567164,3977.42,29.68223880597015,65.9,True,54.467350746268664,Medium,Delhi NCR,Treatment,0.15,Off-Peak Incentive,0.3,0.3318,True,27,20,0.574468085106383
CUST07699,Routine_Commuter,152,47,0.3092105263157895,3478.08,22.882105263157893,65.5,True,54.459671052631585,Medium,Bengaluru,Control,0.0,No Incentive,0.35,0.381,False,0,47,0.0
CUST07138,Price_Sensitive,147,48,0.3265306122448979,5435.68,36.9774149659864,64.9,True,54.45747448979592,Medium,Ahmedabad,Treatment,0.15,Off-Peak Incentive,0.3,0.3298,False,0,48,0.0
CUST02088,Routine_Commuter,149,47,0.3154362416107382,3209.68,21.541476510067113,65.5,True,54.45244966442953,Medium,Delhi NCR,Treatment,0.15,Off-Peak Incentive,0.35,0.381,False,0,47,0.0
CUST03188,Routine_Commuter,152,48,0.3157894736842105,4763.38,31.33802631578947,64.8,True,54.442828947368426,Medium,Jaipur,Control,0.0,No Incentive,0.35,0.3796,False,0,48,0.0
CUST03917,Routine_Commuter,139,49,0.3525179856115107,3479.43,25.031870503597123,64.3,True,54.440719424460426,Medium,Jaipur,Treatment,0.15,Off-Peak Incentive,0.35,0.3786,False,0,49,0.0
CUST03512,Routine_Commuter,136,49,0.3602941176470588,2969.65,21.835661764705883,64.3,True,54.42926470588235,Medium,Hyderabad,Treatment,0.15,Off-Peak Incentive,0.35,0.3786,True,28,21,0.5714285714285714
CUST06382,Price_Sensitive,142,46,0.323943661971831,2486.41,17.50992957746479,66.3,True,54.427746478873246,Medium,Bengaluru,Control,0.0,No Incentive,0.3,0.3326,False,0,46,0.0
CUST00091,Routine_Commuter,134,47,0.3507462686567164,4314.38,32.196865671641795,65.8,True,54.42735074626866,Medium,Pune,Treatment,0.15,Off-Peak Incentive,0.35,0.3816,True,27,20,0.574468085106383
CUST04233,Routine_Commuter,140,46,0.3285714285714285,5411.04,38.650285714285715,66.4,True,54.426607142857144,Medium,Hyderabad,Treatment,0.15,Off-Peak Incentive,0.35,0.3828,False,0,46,0.0
CUST03920,Routine_Commuter,141,50,0.3546099290780142,3240.51,22.982340425531916,63.5,True,54.42189716312057,Medium,Chennai,Treatment,0.15,Off-Peak Incentive,0.35,0.377,False,0,50,0.0
CUST02233,Routine_Commuter,131,49,0.3740458015267175,1737.69,13.264809160305344,64.4,True,54.4168320610687,Medium,Jaipur,Treatment,0.15,Off-Peak Incentive,0.35,0.37879999999999997,True,28,21,0.5714285714285714
CUST02184,Routine_Commuter,136,45,0.3308823529411764,2850.36,20.958529411764708,67.2,True,54.41279411764706,Medium,Kolkata,Control,0.0,No Incentive,0.35,0.38439999999999996,False,0,45,0.0
CUST04188,Price_Sensitive,135,43,0.3185185185185185,2829.66,20.960444444444445,68.7,True,54.41074074074075,Medium,Delhi NCR,Control,0.0,No Incentive,0.3,0.3374,False,0,43,0.0
CUST03565,Routine_Commuter,141,45,0.3191489361702128,2957.6,20.975886524822695,67.0,True,54.40345744680851,Medium,Pune,Treatment,0.15,Off-Peak Incentive,0.35,0.384,True,26,19,0.5777777777777777
CUST01900,Convenience_First,131,50,0.3816793893129771,2870.14,21.90946564885496,63.6,True,54.40217557251909,Medium,Mumbai,Treatment,0.15,Off-Peak Incentive,0.2,0.2272,False,0,50,0.0
CUST04558,Routine_Commuter,137,45,0.3284671532846715,2497.5,18.22992700729927,67.1,True,54.39868613138687,Medium,Delhi NCR,Treatment,0.15,Off-Peak Incentive,0.35,0.3842,False,0,45,0.0
CUST04375,Routine_Commuter,142,48,0.3380281690140845,3533.41,24.883169014084505,64.8,True,54.39112676056338,Medium,Chennai,Control,0.0,No Incentive,0.35,0.3796,False,0,48,0.0
CUST05311,Routine_Commuter,146,47,0.3219178082191781,3038.68,20.81287671232877,65.4,True,54.39046232876713,Medium,Bengaluru,Control,0.0,No Incentive,0.35,0.38079999999999997,False,0,47,0.0
CUST07683,Routine_Commuter,152,49,0.3223684210526316,3569.85,23.485855263157895,64.0,True,54.38598684210527,Medium,Hyderabad,Control,0.0,No Incentive,0.35,0.378,False,0,49,0.0
CUST04954,Routine_Commuter,145,46,0.3172413793103448,2437.42,16.809793103448275,66.1,True,54.384655172413794,Medium,Mumbai,Treatment,0.15,Off-Peak Incentive,0.35,0.3822,True,27,19,0.5869565217391305
CUST07856,Routine_Commuter,149,46,0.3087248322147651,3479.99,23.355637583892616,66.0,True,54.38399328859061,Medium,Chennai,Treatment,0.15,Off-Peak Incentive,0.35,0.382,True,27,19,0.5869565217391305
CUST02650,Routine_Commuter,137,50,0.364963503649635,3975.37,29.017299270072993,63.4,True,54.3785401459854,Medium,Bengaluru,Treatment,0.15,Off-Peak Incentive,0.35,0.37679999999999997,False,0,50,0.0
CUST00545,Routine_Commuter,144,45,0.3125,3508.07,24.361597222222223,66.8,True,54.3775,Medium,Bengaluru,Control,0.0,No Incentive,0.35,0.3836,False,0,45,0.0
CUST05782,Routine_Commuter,150,45,0.3,2430.08,16.200533333333333,66.6,True,54.3625,Medium,Kolkata,Treatment,0.15,Off-Peak Incentive,0.35,0.3832,True,26,19,0.5777777777777777
CUST02393,Routine_Commuter,147,45,0.3061224489795918,2603.53,17.71108843537415,66.7,True,54.361147959183675,Medium,Chandigarh,Control,0.0,No Incentive,0.35,0.38339999999999996,False,0,45,0.0
CUST02204,Routine_Commuter,147,46,0.3129251700680272,2029.28,13.804625850340136,66.0,True,54.35325680272109,Medium,Chandigarh,Control,0.0,No Incentive,0.35,0.382,False,0,46,0.0
CUST04845,Routine_Commuter,139,48,0.3453237410071942,2870.65,20.652158273381296,64.8,True,54.35294964028777,Medium,Delhi NCR,Treatment,0.15,Off-Peak Incentive,0.35,0.3796,False,0,48,0.0
CUST04122,Routine_Commuter,142,46,0.323943661971831,3780.3,26.621830985915494,66.1,True,54.34774647887324,Medium,Mumbai,Treatment,0.15,Off-Peak Incentive,0.35,0.3822,True,27,19,0.5869565217391305
CUST04434,Routine_Commuter,131,51,0.3893129770992366,3158.63,24.11167938931298,62.7,True,54.347519083969466,Medium,Bengaluru,Treatment,0.15,Off-Peak Incentive,0.35,0.37539999999999996,False,0,51,0.0
CUST06498,Routine_Commuter,144,44,0.3055555555555556,2988.94,20.756527777777777,67.4,True,54.33972222222223,Medium,Chennai,Treatment,0.15,Off-Peak Incentive,0.35,0.3848,False,0,44,0.0
CUST00628,Routine_Commuter,138,50,0.3623188405797101,2767.14,20.051739130434783,63.3,True,54.33525362318841,Medium,Mumbai,Treatment,0.15,Off-Peak Incentive,0.35,0.3766,True,28,22,0.56
CUST03774,Routine_Commuter,144,47,0.3263888888888889,4206.4,29.21111111111111,65.3,True,54.33305555555556,Medium,Mumbai,Control,0.0,No Incentive,0.35,0.3806,False,0,47,0.0
CUST02938,Routine_Commuter,141,46,0.3262411347517731,1794.63,12.727872340425533,66.1,True,54.32714539007092,Medium,Delhi NCR,Treatment,0.15,Off-Peak Incentive,0.35,0.3822,True,27,19,0.5869565217391305
CUST07200,Routine_Commuter,136,50,0.3676470588235294,2320.88,17.06529411764706,63.3,True,54.323382352941174,Medium,Hyderabad,Treatment,0.15,Off-Peak Incentive,0.35,0.3766,False,0,50,0.0
CUST01967,Routine_Commuter,132,53,0.4015151515151515,4063.97,30.787651515151513,61.1,True,54.316856060606064,Medium,Kochi,Control,0.0,No Incentive,0.35,0.3722,False,0,53,0.0
CUST00940,Routine_Commuter,138,44,0.3188405797101449,3559.0,25.78985507246377,67.6,True,54.3161231884058,Medium,Delhi NCR,Control,0.0,No Incentive,0.35,0.3852,False,0,44,0.0
CUST04913,Routine_Commuter,147,46,0.3129251700680272,2464.04,16.7621768707483,65.9,True,54.31325680272109,Medium,Delhi NCR,Treatment,0.15,Off-Peak Incentive,0.35,0.3818,False,0,46,0.0
CUST02838,Routine_Commuter,134,45,0.3358208955223881,3959.18,29.546119402985074,67.0,True,54.31033582089552,Medium,Ahmedabad,Control,0.0,No Incentive,0.35,0.384,False,0,45,0.0
CUST03263,Routine_Commuter,142,46,0.323943661971831,2783.89,19.604859154929574,66.0,True,54.30774647887325,Medium,Mumbai,Control,0.0,No Incentive,0.35,0.382,False,0,46,0.0
CUST07846,Routine_Commuter,146,49,0.3356164383561644,2037.41,13.954863013698631,63.8,True,54.29840753424657,Medium,Hyderabad,Control,0.0,No Incentive,0.35,0.3776,False,0,49,0.0
CUST00652,Price_Sensitive,133,48,0.3609022556390977,3535.24,26.58075187969925,64.8,True,54.29234022556391,Medium,Kolkata,Control,0.0,No Incentive,0.3,0.3296,False,0,48,0.0
CUST05016,Routine_Commuter,144,48,0.3333333333333333,2911.12,20.21611111111111,64.5,True,54.29083333333333,Medium,Chennai,Treatment,0.15,Off-Peak Incentive,0.35,0.379,True,27,21,0.5625
CUST07873,Price_Sensitive,135,43,0.3185185185185185,2965.11,21.96377777777778,68.4,True,54.290740740740745,Medium,Bengaluru,Control,0.0,No Incentive,0.3,0.3368,False,0,43,0.0
CUST04127,Price_Sensitive,136,42,0.3088235294117647,2360.73,17.358308823529413,69.1,True,54.29044117647059,Medium,Hyderabad,Treatment,0.15,Off-Peak Incentive,0.3,0.3382,True,25,17,0.5952380952380952
CUST00411,Routine_Commuter,144,50,0.3472222222222222,2783.18,19.327638888888888,63.1,True,54.286388888888894,Medium,Lucknow,Control,0.0,No Incentive,0.35,0.3762,False,0,50,0.0
CUST04220,Routine_Commuter,143,45,0.3146853146853147,3719.82,26.012727272727275,66.6,True,54.283662587412586,Medium,Ahmedabad,Control,0.0,No Incentive,0.35,0.3832,False,0,45,0.0
CUST02076,Convenience_First,143,52,0.3636363636363636,1987.21,13.896573426573427,61.7,True,54.281704545454545,Medium,Delhi NCR,Treatment,0.15,Off-Peak Incentive,0.2,0.22340000000000002,True,29,23,0.5576923076923077
CUST01868,Routine_Commuter,147,45,0.3061224489795918,3690.26,25.103809523809524,66.5,True,54.28114795918368,Medium,Hyderabad,Treatment,0.15,Off-Peak Incentive,0.35,0.383,False,0,45,0.0
CUST02756,Routine_Commuter,141,44,0.3120567375886525,2875.33,20.39241134751773,67.4,True,54.2797695035461,Medium,Delhi NCR,Control,0.0,No Incentive,0.35,0.3848,False,0,44,0.0
CUST02131,Routine_Commuter,130,48,0.3692307692307692,2955.45,22.734230769230766,64.9,True,54.27798076923078,Medium,Chennai,Control,0.0,No Incentive,0.35,0.37979999999999997,False,0,48,0.0
CUST02794,Price_Sensitive,131,45,0.3435114503816794,2540.46,19.392824427480917,67.1,True,54.275458015267176,Medium,Kochi,Treatment,0.15,Off-Peak Incentive,0.3,0.3342,False,0,45,0.0
CUST03755,Routine_Commuter,145,44,0.3034482758620689,2663.59,18.369586206896553,67.2,True,54.27293103448276,Medium,Ahmedabad,Control,0.0,No Incentive,0.35,0.38439999999999996,False,0,44,0.0
CUST07545,Price_Sensitive,131,48,0.366412213740458,2404.2,18.35267175572519,64.8,True,54.27148854961832,Medium,Delhi NCR,Control,0.0,No Incentive,0.3,0.3296,False,0,48,0.0
CUST00607,Price_Sensitive,131,51,0.3893129770992366,2992.58,22.84412213740458,62.5,True,54.26751908396947,Medium,Chennai,Treatment,0.15,Off-Peak Incentive,0.3,0.325,False,0,51,0.0
CUST02444,Routine_Commuter,140,46,0.3285714285714285,3059.31,21.85221428571429,66.0,True,54.26660714285715,Medium,Hyderabad,Treatment,0.15,Off-Peak Incentive,0.35,0.382,True,27,19,0.5869565217391305
CUST02454,Routine_Commuter,141,50,0.3546099290780142,4560.8,32.346099290780145,63.1,True,54.26189716312057,Medium,Bengaluru,Treatment,0.15,Off-Peak Incentive,0.35,0.3762,False,0,50,0.0
CUST02548,Price_Sensitive,140,45,0.3214285714285714,2870.37,20.502642857142856,66.7,True,54.26089285714286,Medium,Kochi,Control,0.0,No Incentive,0.3,0.3334,False,0,45,0.0
CUST06897,Routine_Commuter,151,47,0.3112582781456953,4703.95,31.151986754966885,65.0,True,54.26033112582782,Medium,Kochi,Treatment,0.15,Off-Peak Incentive,0.35,0.38,False,0,47,0.0
CUST06262,Routine_Commuter,133,50,0.3759398496240601,1679.04,12.624360902255638,63.2,True,54.2538439849624,Medium,Pune,Control,0.0,No Incentive,0.35,0.37639999999999996,False,0,50,0.0
CUST04382,Routine_Commuter,139,50,0.3597122302158273,3409.34,24.527625899280576,63.1,True,54.248489208633096,Medium,Jaipur,Treatment,0.15,Off-Peak Incentive,0.35,0.3762,True,28,22,0.56
CUST06219,Routine_Commuter,136,53,0.3897058823529412,3719.31,27.347867647058823,60.9,True,54.24573529411765,Medium,Mumbai,Control,0.0,No Incentive,0.35,0.37179999999999996,False,0,53,0.0
CUST00538,Routine_Commuter,146,46,0.3150684931506849,3373.4,23.10547945205479,65.7,True,54.23648972602739,Medium,Pune,Treatment,0.15,Off-Peak Incentive,0.35,0.38139999999999996,True,27,19,0.5869565217391305
CUST00251,Routine_Commuter,141,43,0.3049645390070922,2467.82,17.5022695035461,68.0,True,54.23608156028369,Medium,Delhi NCR,Treatment,0.15,Off-Peak Incentive,0.35,0.38599999999999995,True,25,18,0.5813953488372093
CUST07414,Routine_Commuter,136,49,0.3602941176470588,4292.98,31.566029411764703,63.8,True,54.22926470588236,Medium,Delhi NCR,Control,0.0,No Incentive,0.35,0.3776,False,0,49,0.0
CUST05944,Routine_Commuter,145,47,0.3241379310344827,4765.28,32.864,65.0,True,54.22051724137931,Medium,Kochi,Treatment,0.15,Off-Peak Incentive,0.35,0.38,False,0,47,0.0
CUST02649,Routine_Commuter,141,49,0.3475177304964539,2975.43,21.102340425531914,63.7,True,54.21820921985816,Medium,Delhi NCR,Control,0.0,No Incentive,0.35,0.37739999999999996,False,0,49,0.0
CUST04332,Routine_Commuter,148,45,0.304054054054054,3125.87,21.120743243243243,66.3,True,54.215912162162155,Medium,Chandigarh,Control,0.0,No Incentive,0.35,0.3826,False,0,45,0.0
CUST07541,Routine_Commuter,141,48,0.3404255319148936,4161.74,29.515886524822697,64.4,True,54.21452127659575,Medium,Bengaluru,Control,0.0,No Incentive,0.35,0.37879999999999997,False,0,48,0.0
CUST00884,Routine_Commuter,133,48,0.3609022556390977,3045.25,22.896616541353385,64.6,True,54.212340225563906,Medium,Chandigarh,Control,0.0,No Incentive,0.35,0.3792,False,0,48,0.0
CUST05321,Price_Sensitive,134,50,0.373134328358209,4165.06,31.082537313432837,63.0,True,54.20287313432837,Medium,Jaipur,Treatment,0.15,Off-Peak Incentive,0.3,0.326,False,0,50,0.0
CUST07754,Routine_Commuter,137,52,0.3795620437956204,3579.98,26.131240875912408,61.5,True,54.20248175182482,Medium,Kolkata,Control,0.0,No Incentive,0.35,0.373,False,0,52,0.0
CUST05718,Routine_Commuter,146,46,0.3150684931506849,2158.15,14.781849315068492,65.6,True,54.196489726027394,Medium,Bengaluru,Control,0.0,No Incentive,0.35,0.3812,False,0,46,0.0
CUST02060,Routine_Commuter,138,44,0.3188405797101449,3318.06,24.04391304347826,67.3,True,54.1961231884058,Medium,Ahmedabad,Treatment,0.15,Off-Peak Incentive,0.35,0.38459999999999994,False,0,44,0.0
CUST04930,Routine_Commuter,142,47,0.3309859154929577,3677.33,25.89669014084507,65.0,True,54.18943661971831,Medium,Mumbai,Treatment,0.15,Off-Peak Incentive,0.35,0.38,False,0,47,0.0
CUST00824,Routine_Commuter,145,45,0.3103448275862069,3535.35,24.38172413793103,66.3,True,54.18879310344828,Medium,Mumbai,Control,0.0,No Incentive,0.35,0.3826,False,0,45,0.0
CUST06299,Routine_Commuter,147,48,0.3265306122448979,5974.8,40.64489795918367,64.2,True,54.17747448979592,Medium,Bengaluru,Treatment,0.15,Off-Peak Incentive,0.35,0.37839999999999996,True,27,21,0.5625
CUST04235,Price_Sensitive,133,42,0.3157894736842105,2407.16,18.09894736842105,69.0,True,54.16782894736842,Medium,Bengaluru,Control,0.0,No Incentive,0.3,0.33799999999999997,False,0,42,0.0
CUST02139,Routine_Commuter,143,43,0.3006993006993007,2864.28,20.02993006993007,67.7,True,54.16422202797202,Medium,Hyderabad,Control,0.0,No Incentive,0.35,0.38539999999999996,False,0,43,0.0
CUST05783,Routine_Commuter,142,47,0.3309859154929577,2933.59,20.659084507042255,64.9,True,54.149436619718315,Medium,Bengaluru,Control,0.0,No Incentive,0.35,0.37979999999999997,False,0,47,0.0
CUST01358,Routine_Commuter,142,45,0.3169014084507042,3456.59,24.34218309859155,66.3,True,54.146056338028174,Medium,Pune,Treatment,0.15,Off-Peak Incentive,0.35,0.3826,True,26,19,0.5777777777777777
CUST00024,Routine_Commuter,140,44,0.3142857142857143,5789.8,41.355714285714285,67.1,True,54.135178571428575,Medium,Delhi NCR,Treatment,0.15,Off-Peak Incentive,0.35,0.3842,True,26,18,0.5909090909090909
CUST01749,Routine_Commuter,140,44,0.3142857142857143,2953.88,21.09914285714286,67.1,True,54.135178571428575,Medium,Mumbai,Treatment,0.15,Off-Peak Incentive,0.35,0.3842,False,0,44,0.0
CUST05541,Routine_Commuter,141,47,0.3333333333333333,2840.02,20.141985815602837,64.9,True,54.130833333333335,Medium,Kochi,Treatment,0.15,Off-Peak Incentive,0.35,0.37979999999999997,False,0,47,0.0
CUST00686,Routine_Commuter,141,47,0.3333333333333333,3729.34,26.44921985815603,64.9,True,54.130833333333335,Medium,Mumbai,Control,0.0,No Incentive,0.35,0.37979999999999997,False,0,47,0.0
CUST04087,Routine_Commuter,137,49,0.3576642335766423,3058.71,22.326350364963503,63.5,True,54.1265693430657,Medium,Kolkata,Control,0.0,No Incentive,0.35,0.377,False,0,49,0.0
CUST04934,Routine_Commuter,135,50,0.3703703703703703,4532.45,33.5737037037037,62.8,True,54.12481481481481,Medium,Pune,Treatment,0.15,Off-Peak Incentive,0.35,0.3756,True,28,22,0.56
CUST06400,Price_Sensitive,136,41,0.3014705882352941,3268.5,24.033088235294116,69.4,True,54.11632352941177,Medium,Bengaluru,Treatment,0.15,Off-Peak Incentive,0.3,0.3388,True,24,17,0.5853658536585366
CUST00283,Routine_Commuter,137,44,0.3211678832116788,4175.3,30.476642335766424,67.1,True,54.10671532846715,Medium,Lucknow,Control,0.0,No Incentive,0.35,0.3842,False,0,44,0.0
CUST01227,Routine_Commuter,138,46,0.3333333333333333,2884.54,20.902463768115943,65.6,True,54.09583333333333,Medium,Pune,Treatment,0.15,Off-Peak Incentive,0.35,0.3812,False,0,46,0.0
CUST04257,Routine_Commuter,138,45,0.3260869565217391,3410.06,24.710579710144927,66.3,True,54.08597826086956,Medium,Hyderabad,Control,0.0,No Incentive,0.35,0.3826,False,0,45,0.0
CUST00573,Routine_Commuter,136,47,0.3455882352941176,2314.33,17.017132352941175,64.9,True,54.08102941176471,Medium,Chennai,Treatment,0.15,Off-Peak Incentive,0.35,0.37979999999999997,False,0,47,0.0
CUST07492,Routine_Commuter,136,44,0.3235294117647059,2300.38,16.91455882352941,67.1,True,54.078676470588235,Medium,Pune,Control,0.0,No Incentive,0.35,0.3842,False,0,44,0.0
CUST05586,Price_Sensitive,134,41,0.3059701492537313,2550.25,19.03171641791045,69.4,True,54.07630597014926,Medium,Kolkata,Treatment,0.15,Off-Peak Incentive,0.3,0.3388,False,0,41,0.0
CUST04693,Routine_Commuter,140,47,0.3357142857142857,3145.05,22.46464285714286,64.8,True,54.072321428571435,Medium,Hyderabad,Control,0.0,No Incentive,0.35,0.3796,False,0,47,0.0
CUST01177,Routine_Commuter,129,50,0.3875968992248062,3332.23,25.83124031007752,62.9,True,54.06262596899225,Medium,Chandigarh,Treatment,0.15,Off-Peak Incentive,0.35,0.37579999999999997,True,28,22,0.56
CUST01108,Routine_Commuter,135,46,0.3407407407407407,3112.59,23.056222222222225,65.6,True,54.059629629629626,Medium,Chandigarh,Control,0.0,No Incentive,0.35,0.3812,False,0,46,0.0
CUST05232,Routine_Commuter,131,49,0.3740458015267175,2899.22,22.13145038167939,63.5,True,54.056832061068704,Medium,Delhi NCR,Treatment,0.15,Off-Peak Incentive,0.35,0.377,False,0,49,0.0
CUST06407,Routine_Commuter,137,43,0.3138686131386861,4541.08,33.14656934306569,67.7,True,54.05474452554745,Medium,Mumbai,Treatment,0.15,Off-Peak Incentive,0.35,0.38539999999999996,False,0,43,0.0
CUST00719,Routine_Commuter,139,45,0.3237410071942446,2857.27,20.555899280575535,66.2,True,54.04964028776978,Medium,Delhi NCR,Control,0.0,No Incentive,0.35,0.38239999999999996,False,0,45,0.0
CUST04830,Routine_Commuter,139,45,0.3237410071942446,4104.62,29.529640287769784,66.2,True,54.04964028776978,Medium,Ahmedabad,Treatment,0.15,Off-Peak Incentive,0.35,0.38239999999999996,False,0,45,0.0
CUST04022,Price_Sensitive,141,46,0.3262411347517731,2428.5,17.22340425531915,65.4,True,54.04714539007093,Medium,Pune,Treatment,0.15,Off-Peak Incentive,0.3,0.3308,False,0,46,0.0
CUST06286,Routine_Commuter,131,47,0.3587786259541984,3760.53,28.706335877862593,65.0,True,54.046145038167936,Medium,Kolkata,Treatment,0.15,Off-Peak Incentive,0.35,0.38,False,0,47,0.0
CUST00959,Routine_Commuter,137,42,0.3065693430656934,3145.32,22.958540145985403,68.4,True,54.04277372262774,Medium,Chennai,Treatment,0.15,Off-Peak Incentive,0.35,0.3868,False,0,42,0.0
CUST01792,Routine_Commuter,137,48,0.3503649635036496,2845.62,20.77094890510949,64.0,True,54.034598540145986,Medium,Jaipur,Treatment,0.15,Off-Peak Incentive,0.35,0.378,False,0,48,0.0
CUST05402,Routine_Commuter,128,50,0.390625,3373.88,26.3584375,62.9,True,54.03375,Medium,Bengaluru,Control,0.0,No Incentive,0.35,0.37579999999999997,False,0,50,0.0
CUST05430,Routine_Commuter,129,49,0.3798449612403101,2764.57,21.43077519379845,63.6,True,54.032548449612406,Medium,Hyderabad,Treatment,0.15,Off-Peak Incentive,0.35,0.3772,False,0,49,0.0
CUST07705,Routine_Commuter,141,50,0.3546099290780142,4577.23,32.46262411347517,62.5,True,54.02189716312056,Medium,Bengaluru,Control,0.0,No Incentive,0.35,0.375,False,0,50,0.0
CUST06466,Routine_Commuter,131,49,0.3740458015267175,4103.07,31.321145038167938,63.4,True,54.0168320610687,Medium,Mumbai,Control,0.0,No Incentive,0.35,0.37679999999999997,False,0,49,0.0
CUST01020,Routine_Commuter,137,43,0.3138686131386861,3038.55,22.17919708029197,67.6,True,54.01474452554744,Medium,Kochi,Treatment,0.15,Off-Peak Incentive,0.35,0.3852,True,25,18,0.5813953488372093
CUST01065,Routine_Commuter,141,48,0.3404255319148936,3600.37,25.5345390070922,63.9,True,54.014521276595744,Medium,Delhi NCR,Control,0.0,No Incentive,0.35,0.37779999999999997,False,0,48,0.0
CUST02699,Routine_Commuter,136,42,0.3088235294117647,2882.83,21.197279411764704,68.4,True,54.01044117647059,Medium,Bengaluru,Control,0.0,No Incentive,0.35,0.3868,False,0,42,0.0
CUST02070,Routine_Commuter,137,49,0.3576642335766423,3508.89,25.612335766423357,63.2,True,54.00656934306569,Medium,Lucknow,Control,0.0,No Incentive,0.35,0.37639999999999996,False,0,49,0.0
CUST03707,Routine_Commuter,143,46,0.3216783216783216,2459.09,17.196433566433566,65.2,True,54.00338286713286,Medium,Kochi,Treatment,0.15,Off-Peak Incentive,0.35,0.38039999999999996,False,0,46,0.0
CUST01984,Routine_Commuter,137,48,0.3503649635036496,2991.82,21.838102189781026,63.9,True,53.99459854014599,Medium,Ahmedabad,Treatment,0.15,Off-Peak Incentive,0.35,0.37779999999999997,False,0,48,0.0
CUST07275,Routine_Commuter,137,48,0.3503649635036496,2374.01,17.328540145985404,63.9,True,53.99459854014599,Medium,Chennai,Treatment,0.15,Off-Peak Incentive,0.35,0.37779999999999997,True,27,21,0.5625
CUST06250,Routine_Commuter,126,52,0.4126984126984127,4031.97,31.999761904761904,61.3,True,53.9904365079365,Medium,Jaipur,Control,0.0,No Incentive,0.35,0.3726,False,0,52,0.0
CUST04114,Routine_Commuter,133,45,0.3383458646616541,4014.87,30.186992481203006,66.3,True,53.99008458646617,Medium,Ahmedabad,Control,0.0,No Incentive,0.35,0.3826,False,0,45,0.0
CUST07415,Routine_Commuter,137,47,0.3430656934306569,3032.78,22.137080291970804,64.6,True,53.98262773722628,Medium,Bengaluru,Control,0.0,No Incentive,0.35,0.3792,False,0,47,0.0
CUST06479,Routine_Commuter,131,49,0.3740458015267175,2716.23,20.734580152671757,63.3,True,53.9768320610687,Medium,Kochi,Treatment,0.15,Off-Peak Incentive,0.35,0.3766,True,28,21,0.5714285714285714
CUST06406,Routine_Commuter,141,48,0.3404255319148936,2353.83,16.69382978723404,63.8,True,53.974521276595745,Medium,Chandigarh,Control,0.0,No Incentive,0.35,0.3776,False,0,48,0.0
CUST07581,Routine_Commuter,149,47,0.3154362416107382,3675.93,24.670671140939596,64.3,True,53.972449664429526,Medium,Pune,Treatment,0.15,Off-Peak Incentive,0.35,0.3786,False,0,47,0.0
CUST00578,Routine_Commuter,145,50,0.3448275862068966,1486.15,10.249310344827586,62.3,True,53.96810344827587,Medium,Chandigarh,Control,0.0,No Incentive,0.35,0.3746,False,0,50,0.0
CUST03788,Price_Sensitive,134,50,0.373134328358209,3714.08,27.717014925373135,62.4,True,53.96287313432836,Medium,Delhi NCR,Treatment,0.15,Off-Peak Incentive,0.3,0.3248,False,0,50,0.0
CUST05885,Routine_Commuter,129,52,0.4031007751937984,3540.92,27.448992248062016,61.1,True,53.962781007751936,Medium,Chandigarh,Control,0.0,No Incentive,0.35,0.3722,False,0,52,0.0
CUST03412,Routine_Commuter,130,48,0.3692307692307692,2824.55,21.727307692307697,64.1,True,53.95798076923077,Medium,Kolkata,Control,0.0,No Incentive,0.35,0.3782,False,0,48,0.0
CUST02995,Price_Sensitive,131,43,0.3282442748091603,3315.15,25.30648854961832,67.8,True,53.944770992366415,Medium,Chandigarh,Treatment,0.15,Off-Peak Incentive,0.3,0.3356,False,0,43,0.0
CUST06462,Routine_Commuter,127,49,0.3858267716535433,3226.51,25.405590551181103,63.5,True,53.930570866141736,Medium,Chennai,Treatment,0.15,Off-Peak Incentive,0.35,0.377,False,0,49,0.0
CUST06224,Routine_Commuter,130,47,0.3615384615384615,4379.2300000000005,33.68638461538462,64.8,True,53.93028846153847,Medium,Delhi NCR,Control,0.0,No Incentive,0.35,0.3796,False,0,47,0.0
CUST02885,Routine_Commuter,139,45,0.3237410071942446,2775.66,19.968776978417264,65.9,True,53.929640287769786,Medium,Chennai,Treatment,0.15,Off-Peak Incentive,0.35,0.3818,False,0,45,0.0
CUST03650,Routine_Commuter,128,48,0.375,2067.03,16.148671875,64.2,True,53.92875000000001,Medium,Delhi NCR,Control,0.0,No Incentive,0.35,0.37839999999999996,False,0,48,0.0
CUST01562,Routine_Commuter,132,43,0.3257575757575757,3758.16,28.47090909090909,67.7,True,53.92655303030303,Medium,Hyderabad,Control,0.0,No Incentive,0.35,0.38539999999999996,False,0,43,0.0
CUST02382,Routine_Commuter,143,44,0.3076923076923077,3256.48,22.772587412587413,66.4,True,53.92394230769231,Medium,Pune,Control,0.0,No Incentive,0.35,0.3828,False,0,44,0.0
CUST05875,Price_Sensitive,140,42,0.3,3696.05,26.400357142857143,68.0,True,53.923750000000005,Medium,Chandigarh,Treatment,0.15,Off-Peak Incentive,0.3,0.33599999999999997,False,0,42,0.0
CUST00121,Routine_Commuter,131,53,0.4045801526717557,3677.3,28.070992366412217,60.1,True,53.91820610687023,Medium,Delhi NCR,Treatment,0.15,Off-Peak Incentive,0.35,0.3702,True,29,24,0.5471698113207547
CUST05982,Routine_Commuter,142,47,0.3309859154929577,3650.33,25.706549295774646,64.3,True,53.909436619718306,Medium,Ahmedabad,Treatment,0.15,Off-Peak Incentive,0.35,0.3786,True,27,20,0.574468085106383
CUST06978,Routine_Commuter,130,49,0.3769230769230769,3524.13,27.10869230769231,63.2,True,53.90567307692308,Medium,Mumbai,Control,0.0,No Incentive,0.35,0.37639999999999996,False,0,49,0.0
CUST06821,Convenience_First,137,47,0.3430656934306569,3363.83,24.553503649635037,64.4,True,53.90262773722628,Medium,Chandigarh,Treatment,0.15,Off-Peak Incentive,0.2,0.22880000000000003,False,0,47,0.0
CUST06111,Price_Sensitive,135,46,0.3407407407407407,3710.58,27.485777777777777,65.2,True,53.89962962962963,Medium,Pune,Treatment,0.15,Off-Peak Incentive,0.3,0.33039999999999997,True,26,20,0.5652173913043478
CUST07368,Price_Sensitive,132,41,0.3106060606060606,2581.07,19.553560606060607,69.1,True,53.880492424242426,Medium,Hyderabad,Treatment,0.15,Off-Peak Incentive,0.3,0.3382,False,0,41,0.0
CUST05315,Price_Sensitive,140,48,0.3428571428571428,4373.04,31.236,63.6,True,53.87803571428571,Medium,Lucknow,Control,0.0,No Incentive,0.3,0.3272,False,0,48,0.0
CUST02032,Routine_Commuter,134,43,0.3208955223880597,3050.65,22.766044776119404,67.4,True,53.8733208955224,Medium,Bengaluru,Treatment,0.15,Off-Peak Incentive,0.35,0.3848,False,0,43,0.0
CUST03211,Routine_Commuter,134,43,0.3208955223880597,2998.05,22.373507462686568,67.4,True,53.8733208955224,Medium,Chennai,Control,0.0,No Incentive,0.35,0.3848,False,0,43,0.0
CUST06105,Price_Sensitive,130,42,0.3230769230769231,2733.53,21.027153846153848,68.5,True,53.87182692307693,Medium,Ahmedabad,Control,0.0,No Incentive,0.3,0.33699999999999997,False,0,42,0.0
CUST00880,Convenience_First,133,47,0.3533834586466165,3436.05,25.83496240601504,64.5,True,53.871588345864666,Medium,Delhi NCR,Control,0.0,No Incentive,0.2,0.229,False,0,47,0.0
CUST00324,Routine_Commuter,134,47,0.3507462686567164,2245.14,16.754776119402983,64.4,True,53.86735074626866,Medium,Chandigarh,Control,0.0,No Incentive,0.35,0.37879999999999997,False,0,47,0.0
CUST00613,Convenience_First,136,43,0.3161764705882353,4329.56,31.835000000000004,67.3,True,53.864558823529414,Medium,Lucknow,Control,0.0,No Incentive,0.2,0.2346,False,0,43,0.0
CUST01927,Routine_Commuter,140,45,0.3214285714285714,4912.42,35.08871428571429,65.7,True,53.86089285714286,Medium,Kochi,Control,0.0,No Incentive,0.35,0.38139999999999996,False,0,45,0.0
CUST06356,Routine_Commuter,140,45,0.3214285714285714,4178.62,29.84728571428571,65.7,True,53.86089285714286,Medium,Mumbai,Treatment,0.15,Off-Peak Incentive,0.35,0.38139999999999996,False,0,45,0.0
CUST00370,Price_Sensitive,134,42,0.3134328358208955,2494.55,18.61604477611941,68.1,True,53.85481343283582,Medium,Jaipur,Control,0.0,No Incentive,0.3,0.3362,False,0,42,0.0
CUST00490,Routine_Commuter,136,45,0.3308823529411764,2771.94,20.381911764705883,65.8,True,53.85279411764706,Medium,Ahmedabad,Control,0.0,No Incentive,0.35,0.3816,False,0,45,0.0
CUST01048,Routine_Commuter,136,45,0.3308823529411764,2722.21,20.01625,65.8,True,53.85279411764706,Medium,Hyderabad,Control,0.0,No Incentive,0.35,0.3816,False,0,45,0.0
CUST02225,Routine_Commuter,132,50,0.3787878787878788,3562.98,26.992272727272727,62.2,True,53.847765151515155,Medium,Bengaluru,Control,0.0,No Incentive,0.35,0.37439999999999996,False,0,50,0.0
CUST02956,Routine_Commuter,131,50,0.3816793893129771,4014.37,30.644045801526715,62.2,True,53.84217557251909,Medium,Pune,Control,0.0,No Incentive,0.35,0.37439999999999996,False,0,50,0.0
CUST05173,Routine_Commuter,131,45,0.3435114503816794,2481.13,18.939923664122137,66.0,True,53.83545801526718,Medium,Mumbai,Control,0.0,No Incentive,0.35,0.382,False,0,45,0.0
CUST03789,Routine_Commuter,139,43,0.3093525179856115,3944.5,28.37769784172662,67.1,True,53.834100719424455,Medium,Chennai,Treatment,0.15,Off-Peak Incentive,0.35,0.3842,True,25,18,0.5813953488372093
CUST03943,Routine_Commuter,145,44,0.3034482758620689,3270.26,22.553517241379307,66.1,True,53.832931034482755,Medium,Delhi NCR,Treatment,0.15,Off-Peak Incentive,0.35,0.3822,False,0,44,0.0
CUST07961,Routine_Commuter,140,47,0.3357142857142857,2573.19,18.37992857142857,64.2,True,53.83232142857143,Medium,Chennai,Treatment,0.15,Off-Peak Incentive,0.35,0.37839999999999996,True,27,20,0.574468085106383
CUST03571,Routine_Commuter,142,45,0.3169014084507042,3157.01,22.232464788732397,65.5,True,53.826056338028174,Medium,Lucknow,Treatment,0.15,Off-Peak Incentive,0.35,0.381,False,0,45,0.0
CUST03845,Routine_Commuter,130,49,0.3769230769230769,2695.44,20.734153846153845,63.0,True,53.82567307692308,Medium,Delhi NCR,Treatment,0.15,Off-Peak Incentive,0.35,0.376,True,28,21,0.5714285714285714
CUST01761,Routine_Commuter,131,43,0.3282442748091603,2155.7,16.455725190839694,67.5,True,53.82477099236641,Medium,Delhi NCR,Treatment,0.15,Off-Peak Incentive,0.35,0.38499999999999995,False,0,43,0.0
CUST01567,Routine_Commuter,134,49,0.3656716417910448,3688.29,27.52455223880597,62.8,True,53.82436567164179,Medium,Delhi NCR,Treatment,0.15,Off-Peak Incentive,0.35,0.3756,False,0,49,0.0
CUST04333,Price_Sensitive,133,40,0.3007518796992481,2828.75,21.268796992481203,69.6,True,53.806325187969925,Medium,Pune,Control,0.0,No Incentive,0.3,0.3392,False,0,40,0.0
CUST04867,Routine_Commuter,143,45,0.3146853146853147,3266.1,22.83986013986014,65.4,True,53.80366258741259,Medium,Delhi NCR,Treatment,0.15,Off-Peak Incentive,0.35,0.38079999999999997,True,26,19,0.5777777777777777
CUST01086,Routine_Commuter,139,44,0.316546762589928,3067.91,22.071294964028777,66.3,True,53.801870503597115,Medium,Mumbai,Control,0.0,No Incentive,0.35,0.3826,False,0,44,0.0
CUST02492,Price_Sensitive,141,44,0.3120567375886525,2176.95,15.43936170212766,66.2,True,53.7997695035461,Medium,Mumbai,Control,0.0,No Incentive,0.3,0.3324,False,0,44,0.0
CUST00676,Routine_Commuter,137,45,0.3284671532846715,2400.32,17.52058394160584,65.6,True,53.79868613138686,Medium,Chennai,Treatment,0.15,Off-Peak Incentive,0.35,0.3812,True,26,19,0.5777777777777777
CUST07576,Routine_Commuter,134,43,0.3208955223880597,2461.42,18.368805970149253,67.2,True,53.79332089552239,Medium,Kochi,Treatment,0.15,Off-Peak Incentive,0.35,0.38439999999999996,False,0,43,0.0
CUST03772,Price_Sensitive,136,43,0.3161764705882353,4038.02,29.691323529411765,67.1,True,53.78455882352941,Medium,Delhi NCR,Treatment,0.15,Off-Peak Incentive,0.3,0.3342,True,25,18,0.5813953488372093
CUST04059,Routine_Commuter,142,43,0.3028169014084507,3709.99,26.126690140845067,66.8,True,53.78267605633803,Medium,Lucknow,Control,0.0,No Incentive,0.35,0.3836,False,0,43,0.0
CUST05153,Routine_Commuter,129,46,0.3565891472868217,3254.84,25.231317829457364,65.3,True,53.78231589147287,Medium,Delhi NCR,Treatment,0.15,Off-Peak Incentive,0.35,0.3806,True,27,19,0.5869565217391305
CUST07471,Routine_Commuter,140,44,0.3142857142857143,3397.13,24.265214285714286,66.2,True,53.775178571428576,Medium,Delhi NCR,Control,0.0,No Incentive,0.35,0.38239999999999996,False,0,44,0.0
CUST07172,Routine_Commuter,134,42,0.3134328358208955,1364.84,10.185373134328358,67.9,True,53.77481343283583,Medium,Jaipur,Control,0.0,No Incentive,0.35,0.3858,False,0,42,0.0
CUST07629,Routine_Commuter,137,42,0.3065693430656934,4949.4,36.12700729927007,67.7,True,53.76277372262774,Medium,Jaipur,Control,0.0,No Incentive,0.35,0.38539999999999996,False,0,42,0.0
CUST07404,Routine_Commuter,142,48,0.3380281690140845,4243.45,29.88345070422535,63.2,True,53.75112676056338,Medium,Hyderabad,Treatment,0.15,Off-Peak Incentive,0.35,0.37639999999999996,False,0,48,0.0
CUST00475,Routine_Commuter,135,49,0.362962962962963,3324.34,24.62474074074074,62.6,True,53.74851851851852,Medium,Pune,Treatment,0.15,Off-Peak Incentive,0.35,0.3752,False,0,49,0.0
CUST01383,Routine_Commuter,142,45,0.3169014084507042,3568.68,25.131549295774647,65.3,True,53.74605633802817,Medium,Kochi,Treatment,0.15,Off-Peak Incentive,0.35,0.3806,False,0,45,0.0
CUST06671,Routine_Commuter,129,46,0.3565891472868217,3364.72,26.083100775193795,65.2,True,53.74231589147287,Medium,Mumbai,Treatment,0.15,Off-Peak Incentive,0.35,0.38039999999999996,False,0,46,0.0
CUST07044,Routine_Commuter,132,47,0.3560606060606061,2954.94,22.38590909090909,64.2,True,53.73867424242425,Medium,Hyderabad,Treatment,0.15,Off-Peak Incentive,0.35,0.37839999999999996,False,0,47,0.0
CUST04946,Routine_Commuter,139,46,0.3309352517985611,5184.6,37.29928057553957,64.7,True,53.73741007194244,Medium,Chennai,Control,0.0,No Incentive,0.35,0.37939999999999996,False,0,46,0.0
CUST05390,Routine_Commuter,133,50,0.3759398496240601,2441.04,18.35368421052631,61.9,True,53.733843984962405,Medium,Lucknow,Control,0.0,No Incentive,0.35,0.37379999999999997,False,0,50,0.0
CUST01022,Routine_Commuter,129,47,0.3643410852713178,2644.19,20.497596899224806,64.4,True,53.732393410852715,Medium,Chennai,Control,0.0,No Incentive,0.35,0.37879999999999997,False,0,47,0.0
CUST07104,Price_Sensitive,131,44,0.3358778625954198,1811.54,13.82854961832061,66.5,True,53.73011450381679,Medium,Bengaluru,Control,0.0,No Incentive,0.3,0.33299999999999996,False,0,44,0.0
CUST00290,Routine_Commuter,148,47,0.3175675675675675,3112.33,21.029256756756755,63.7,True,53.71645270270271,Medium,Kochi,Treatment,0.15,Off-Peak Incentive,0.35,0.37739999999999996,False,0,47,0.0
CUST06418,Routine_Commuter,136,43,0.3161764705882353,2638.22,19.398676470588235,66.9,True,53.70455882352942,Medium,Kochi,Control,0.0,No Incentive,0.35,0.3838,False,0,43,0.0
CUST07116,Routine_Commuter,128,46,0.359375,2803.62,21.90328125,65.2,True,53.70375,Medium,Jaipur,Control,0.0,No Incentive,0.35,0.38039999999999996,False,0,46,0.0
CUST02037,Routine_Commuter,131,49,0.3740458015267175,4134.25,31.55916030534351,62.6,True,53.696832061068704,Medium,Mumbai,Control,0.0,No Incentive,0.35,0.3752,False,0,49,0.0
CUST05771,Routine_Commuter,140,43,0.3071428571428571,3270.27,23.35907142857143,66.7,True,53.68946428571429,Medium,Delhi NCR,Control,0.0,No Incentive,0.35,0.38339999999999996,False,0,43,0.0
CUST05513,Price_Sensitive,137,42,0.3065693430656934,2990.9,21.83138686131387,67.5,True,53.682773722627736,Medium,Hyderabad,Treatment,0.15,Off-Peak Incentive,0.3,0.33499999999999996,False,0,42,0.0
CUST05601,Routine_Commuter,135,42,0.3111111111111111,3996.28,29.602074074074075,67.6,True,53.67444444444445,Medium,Kolkata,Treatment,0.15,Off-Peak Incentive,0.35,0.3852,False,0,42,0.0
CUST07480,Price_Sensitive,128,45,0.3515625,3502.3,27.36171875,65.9,True,53.67125,Medium,Chandigarh,Treatment,0.15,Off-Peak Incentive,0.3,0.3318,True,26,19,0.5777777777777777
CUST04097,Price_Sensitive,133,45,0.3383458646616541,3260.38,24.514135338345863,65.5,True,53.67008458646617,Medium,Delhi NCR,Treatment,0.15,Off-Peak Incentive,0.3,0.33099999999999996,True,26,19,0.5777777777777777
CUST00275,Routine_Commuter,139,42,0.302158273381295,2623.68,18.875395683453235,67.4,True,53.6663309352518,Medium,Mumbai,Control,0.0,No Incentive,0.35,0.3848,False,0,42,0.0
CUST03486,Price_Sensitive,128,46,0.359375,2510.33,19.611953125,65.1,True,53.66375,Medium,Ahmedabad,Treatment,0.15,Off-Peak Incentive,0.3,0.3302,False,0,46,0.0
CUST01965,Routine_Commuter,132,42,0.3181818181818182,2525.72,19.134242424242423,67.8,True,53.66352272727273,Medium,Delhi NCR,Control,0.0,No Incentive,0.35,0.38559999999999994,False,0,42,0.0
CUST04749,Price_Sensitive,127,47,0.3700787401574803,2470.24,19.45070866141732,64.4,True,53.660649606299216,Medium,Chandigarh,Control,0.0,No Incentive,0.3,0.3288,False,0,47,0.0
CUST06980,Routine_Commuter,135,46,0.3407407407407407,2999.4,22.21777777777778,64.6,True,53.659629629629634,Medium,Lucknow,Treatment,0.15,Off-Peak Incentive,0.35,0.3792,True,26,20,0.5652173913043478
CUST02266,Routine_Commuter,132,47,0.3560606060606061,3721.94,28.19651515151515,64.0,True,53.65867424242425,Medium,Mumbai,Treatment,0.15,Off-Peak Incentive,0.35,0.378,False,0,47,0.0
CUST07444,Price_Sensitive,148,45,0.304054054054054,3362.59,22.720202702702704,64.9,True,53.65591216216217,Medium,Bengaluru,Control,0.0,No Incentive,0.3,0.3298,False,0,45,0.0
CUST00194,Price_Sensitive,136,45,0.3308823529411764,3451.93,25.381838235294115,65.3,True,53.652794117647055,Medium,Chennai,Control,0.0,No Incentive,0.3,0.3306,False,0,45,0.0
CUST01570,Routine_Commuter,129,51,0.3953488372093023,3910.07,30.31062015503876,61.1,True,53.65270348837209,Medium,Hyderabad,Treatment,0.15,Off-Peak Incentive,0.35,0.3722,True,28,23,0.5490196078431373
CUST02831,Price_Sensitive,130,44,0.3384615384615385,3373.69,25.95146153846154,66.4,True,53.64721153846155,Medium,Pune,Treatment,0.15,Off-Peak Incentive,0.3,0.3328,False,0,44,0.0
CUST03145,Routine_Commuter,141,45,0.3191489361702128,3620.72,25.67886524822695,65.1,True,53.64345744680851,Medium,Kochi,Control,0.0,No Incentive,0.35,0.3802,False,0,45,0.0
CUST00134,Routine_Commuter,143,47,0.3286713286713286,2626.48,18.36699300699301,63.6,True,53.64310314685314,Medium,Delhi NCR,Treatment,0.15,Off-Peak Incentive,0.35,0.3772,True,27,20,0.574468085106383
CUST02926,Routine_Commuter,121,53,0.4380165289256198,1718.59,14.203223140495869,60.0,True,53.63941115702479,Medium,Ahmedabad,Control,0.0,No Incentive,0.35,0.37,False,0,53,0.0
CUST05134,Routine_Commuter,136,44,0.3235294117647059,2670.42,19.63544117647059,66.0,True,53.63867647058824,Medium,Chandigarh,Treatment,0.15,Off-Peak Incentive,0.35,0.382,False,0,44,0.0
CUST07435,Routine_Commuter,133,49,0.3684210526315789,2957.36,22.23578947368421,62.4,True,53.63309210526316,Medium,Pune,Treatment,0.15,Off-Peak Incentive,0.35,0.37479999999999997,False,0,49,0.0
CUST00419,Routine_Commuter,127,45,0.3543307086614173,2335.67,18.391102362204727,65.9,True,53.63072834645669,Medium,Jaipur,Treatment,0.15,Off-Peak Incentive,0.35,0.3818,True,26,19,0.5777777777777777
CUST01724,Routine_Commuter,132,42,0.3181818181818182,3675.18,27.842272727272725,67.7,True,53.623522727272736,Medium,Chennai,Control,0.0,No Incentive,0.35,0.38539999999999996,False,0,42,0.0
CUST02598,Routine_Commuter,132,43,0.3257575757575757,3283.36,24.873939393939395,66.9,True,53.60655303030304,Medium,Mumbai,Control,0.0,No Incentive,0.35,0.3838,False,0,43,0.0
CUST07330,Routine_Commuter,139,44,0.316546762589928,2848.79,20.494892086330935,65.8,True,53.60187050359712,Medium,Bengaluru,Treatment,0.15,Off-Peak Incentive,0.35,0.3816,True,25,19,0.5681818181818182
CUST05625,Routine_Commuter,141,44,0.3120567375886525,2290.56,16.245106382978722,65.7,True,53.5997695035461,Medium,Delhi NCR,Control,0.0,No Incentive,0.35,0.38139999999999996,False,0,44,0.0
CUST00785,Price_Sensitive,127,44,0.3464566929133858,3087.49,24.31094488188976,66.6,True,53.595767716535434,Medium,Bengaluru,Treatment,0.15,Off-Peak Incentive,0.3,0.3332,True,26,18,0.5909090909090909
CUST03519,Routine_Commuter,138,43,0.3115942028985507,2279.39,16.51731884057971,66.5,True,53.58626811594203,Medium,Mumbai,Treatment,0.15,Off-Peak Incentive,0.35,0.383,False,0,43,0.0
CUST00340,Routine_Commuter,136,43,0.3161764705882353,3169.36,23.304117647058824,66.6,True,53.58455882352941,Medium,Kolkata,Treatment,0.15,Off-Peak Incentive,0.35,0.3832,True,25,18,0.5813953488372093
CUST06891,Routine_Commuter,127,49,0.3858267716535433,3416.55,26.90196850393701,62.6,True,53.570570866141736,Medium,Chennai,Treatment,0.15,Off-Peak Incentive,0.35,0.3752,False,0,49,0.0
CUST01110,Price_Sensitive,131,44,0.3358778625954198,3368.33,25.712442748091604,66.1,True,53.57011450381679,Medium,Lucknow,Control,0.0,No Incentive,0.3,0.3322,False,0,44,0.0
CUST03763,Routine_Commuter,131,42,0.3206106870229007,3537.91,27.006946564885496,67.6,True,53.55942748091603,Medium,Chennai,Treatment,0.15,Off-Peak Incentive,0.35,0.3852,True,25,17,0.5952380952380952
CUST04583,Price_Sensitive,136,44,0.3235294117647059,3525.83,25.925220588235295,65.8,True,53.55867647058824,Medium,Hyderabad,Control,0.0,No Incentive,0.3,0.3316,False,0,44,0.0
CUST07497,Routine_Commuter,131,45,0.3435114503816794,2883.47,22.0112213740458,65.3,True,53.55545801526718,Medium,Delhi NCR,Treatment,0.15,Off-Peak Incentive,0.35,0.3806,True,26,19,0.5777777777777777
CUST01607,Price_Sensitive,133,49,0.3684210526315789,3298.42,24.80015037593985,62.2,True,53.55309210526316,Medium,Ahmedabad,Control,0.0,No Incentive,0.3,0.3244,False,0,49,0.0
CUST00472,Routine_Commuter,132,42,0.3181818181818182,2960.25,22.426136363636363,67.5,True,53.54352272727273,Medium,Chandigarh,Treatment,0.15,Off-Peak Incentive,0.35,0.38499999999999995,False,0,42,0.0
CUST02188,Routine_Commuter,131,46,0.3511450381679389,3432.64,26.203358778625955,64.5,True,53.54080152671756,Medium,Bengaluru,Control,0.0,No Incentive,0.35,0.379,False,0,46,0.0
CUST02786,Routine_Commuter,135,45,0.3333333333333333,2829.36,20.958222222222226,65.0,True,53.523333333333326,Medium,Chennai,Treatment,0.15,Off-Peak Incentive,0.35,0.38,False,0,45,0.0
CUST05090,Price_Sensitive,126,49,0.3888888888888889,3397.57,26.964841269841273,62.5,True,53.51805555555555,Medium,Lucknow,Treatment,0.15,Off-Peak Incentive,0.3,0.325,True,28,21,0.5714285714285714
CUST00330,Routine_Commuter,137,48,0.3503649635036496,3296.91,24.065036496350363,62.7,True,53.51459854014598,Medium,Kolkata,Control,0.0,No Incentive,0.35,0.37539999999999996,False,0,48,0.0
CUST03204,Routine_Commuter,139,43,0.3093525179856115,3127.61,22.500791366906476,66.3,True,53.514100719424455,Medium,Delhi NCR,Control,0.0,No Incentive,0.35,0.3826,False,0,43,0.0
CUST05691,Routine_Commuter,125,48,0.384,2815.59,22.52472,63.3,True,53.50875,Medium,Kolkata,Control,0.0,No Incentive,0.35,0.3766,False,0,48,0.0
CUST07640,Routine_Commuter,125,51,0.408,2743.63,21.94904,60.9,True,53.50875,Medium,Ahmedabad,Treatment,0.15,Off-Peak Incentive,0.35,0.37179999999999996,False,0,51,0.0
CUST05158,Routine_Commuter,146,49,0.3356164383561644,4460.39,30.550616438356165,61.8,True,53.498407534246574,Medium,Bengaluru,Control,0.0,No Incentive,0.35,0.3736,False,0,49,0.0
CUST02025,Price_Sensitive,138,42,0.3043478260869565,2963.78,21.476666666666667,67.0,True,53.49641304347826,Medium,Bengaluru,Control,0.0,No Incentive,0.3,0.33399999999999996,False,0,42,0.0
CUST03008,Routine_Commuter,136,45,0.3308823529411764,3636.84,26.741470588235295,64.9,True,53.49279411764706,Medium,Kochi,Control,0.0,No Incentive,0.35,0.37979999999999997,False,0,45,0.0
CUST02912,Routine_Commuter,134,44,0.3283582089552239,3516.83,26.245,65.7,True,53.49182835820896,Medium,Hyderabad,Treatment,0.15,Off-Peak Incentive,0.35,0.38139999999999996,True,25,19,0.5681818181818182
CUST02929,Routine_Commuter,133,46,0.3458646616541353,2733.88,20.55548872180451,64.3,True,53.49083646616541,Medium,Ahmedabad,Control,0.0,No Incentive,0.35,0.3786,False,0,46,0.0
CUST02345,Routine_Commuter,127,49,0.3858267716535433,2028.75,15.974409448818898,62.4,True,53.49057086614174,Medium,Bengaluru,Control,0.0,No Incentive,0.35,0.37479999999999997,False,0,49,0.0
CUST04481,Routine_Commuter,136,42,0.3088235294117647,3350.89,24.638897058823527,67.1,True,53.49044117647059,Medium,Bengaluru,Control,0.0,No Incentive,0.35,0.3842,False,0,42,0.0
CUST04479,Price_Sensitive,141,43,0.3049645390070922,3452.73,24.48744680851064,66.1,True,53.47608156028368,Medium,Ahmedabad,Treatment,0.15,Off-Peak Incentive,0.3,0.3322,False,0,43,0.0
CUST07728,Price_Sensitive,130,45,0.3461538461538461,2843.15,21.870384615384616,65.2,True,53.47490384615385,Medium,Mumbai,Treatment,0.15,Off-Peak Incentive,0.3,0.33039999999999997,False,0,45,0.0
CUST04647,Routine_Commuter,134,45,0.3358208955223881,3836.51,28.630671641791047,64.9,True,53.47033582089553,Medium,Jaipur,Control,0.0,No Incentive,0.35,0.37979999999999997,False,0,45,0.0
CUST01480,Routine_Commuter,128,46,0.359375,3913.79,30.576484375,64.6,True,53.463750000000005,Medium,Chennai,Control,0.0,No Incentive,0.35,0.3792,False,0,46,0.0
CUST07165,Price_Sensitive,124,45,0.3629032258064516,3514.29,28.341048387096773,65.7,True,53.46362903225807,Medium,Mumbai,Control,0.0,No Incentive,0.3,0.3314,False,0,45,0.0
CUST04909,Routine_Commuter,137,47,0.3430656934306569,2842.9,20.75109489051095,63.3,True,53.46262773722628,Medium,Mumbai,Treatment,0.15,Off-Peak Incentive,0.35,0.3766,False,0,47,0.0
CUST07954,Price_Sensitive,132,40,0.303030303030303,3121.07,23.644469696969697,68.8,True,53.45746212121213,Medium,Chennai,Treatment,0.15,Off-Peak Incentive,0.3,0.3376,False,0,40,0.0
CUST05822,Routine_Commuter,134,42,0.3134328358208955,1651.58,12.325223880597015,67.1,True,53.45481343283582,Medium,Ahmedabad,Control,0.0,No Incentive,0.35,0.3842,False,0,42,0.0
CUST05436,Routine_Commuter,128,42,0.328125,3775.7,29.49765625,67.7,True,53.45375,Medium,Mumbai,Treatment,0.15,Off-Peak Incentive,0.35,0.38539999999999996,True,25,17,0.5952380952380952
CUST03210,Routine_Commuter,134,44,0.3283582089552239,2936.01,21.910522388059704,65.6,True,53.45182835820896,Medium,Chandigarh,Treatment,0.15,Off-Peak Incentive,0.35,0.3812,False,0,44,0.0
CUST01605,Routine_Commuter,139,44,0.316546762589928,4443.17,31.96525179856115,65.4,True,53.44187050359712,Medium,Hyderabad,Control,0.0,No Incentive,0.35,0.38079999999999997,False,0,44,0.0
CUST00796,Price_Sensitive,125,44,0.352,2885.19,23.08152,66.3,True,53.428749999999994,Medium,Kochi,Control,0.0,No Incentive,0.3,0.3326,False,0,44,0.0
CUST07222,Routine_Commuter,138,43,0.3115942028985507,1939.47,14.054130434782609,66.1,True,53.42626811594203,Medium,Mumbai,Control,0.0,No Incentive,0.35,0.3822,False,0,43,0.0
CUST05820,Routine_Commuter,122,50,0.4098360655737705,2365.89,19.392540983606555,61.8,True,53.42594262295082,Medium,Kolkata,Treatment,0.15,Off-Peak Incentive,0.35,0.3736,False,0,50,0.0
CUST05100,Routine_Commuter,139,47,0.3381294964028777,3523.86,25.35151079136691,63.2,True,53.42517985611511,Medium,Kochi,Treatment,0.15,Off-Peak Incentive,0.35,0.37639999999999996,False,0,47,0.0
CUST04491,Routine_Commuter,142,44,0.3098591549295774,4620.8,32.540845070422534,65.2,True,53.424366197183105,Medium,Ahmedabad,Control,0.0,No Incentive,0.35,0.38039999999999996,False,0,44,0.0
CUST04514,Price_Sensitive,135,41,0.3037037037037037,3237.83,23.983925925925924,67.7,True,53.41814814814815,Medium,Mumbai,Treatment,0.15,Off-Peak Incentive,0.3,0.3354,False,0,41,0.0
CUST05448,Price_Sensitive,130,44,0.3384615384615385,3803.77,29.25976923076923,65.8,True,53.40721153846154,Medium,Kolkata,Treatment,0.15,Off-Peak Incentive,0.3,0.3316,False,0,44,0.0
CUST01797,Price_Sensitive,143,43,0.3006993006993007,3295.22,23.043496503496502,65.8,True,53.404222027972025,Medium,Lucknow,Treatment,0.15,Off-Peak Incentive,0.3,0.3316,False,0,43,0.0
CUST00282,Price_Sensitive,132,41,0.3106060606060606,1689.47,12.799015151515151,67.9,True,53.40049242424244,Medium,Jaipur,Control,0.0,No Incentive,0.3,0.3358,False,0,41,0.0
CUST01250,Routine_Commuter,132,44,0.3333333333333333,3422.6,25.92878787878788,65.6,True,53.389583333333334,Medium,Kochi,Control,0.0,No Incentive,0.35,0.3812,False,0,44,0.0
CUST04816,Routine_Commuter,125,48,0.384,3326.84,26.61472,63.0,True,53.38875,Medium,Bengaluru,Control,0.0,No Incentive,0.35,0.376,False,0,48,0.0
CUST02174,Routine_Commuter,134,47,0.3507462686567164,3564.32,26.59940298507463,63.2,True,53.38735074626866,Medium,Kolkata,Control,0.0,No Incentive,0.35,0.37639999999999996,False,0,47,0.0
CUST04519,Routine_Commuter,137,44,0.3211678832116788,3021.72,22.056350364963503,65.3,True,53.386715328467155,Medium,Bengaluru,Treatment,0.15,Off-Peak Incentive,0.35,0.3806,True,25,19,0.5681818181818182
CUST02065,Routine_Commuter,124,46,0.3709677419354839,2732.61,22.03717741935484,64.7,True,53.38620967741936,Medium,Bengaluru,Treatment,0.15,Off-Peak Incentive,0.35,0.37939999999999996,False,0,46,0.0
CUST06327,Routine_Commuter,128,46,0.359375,2898.17,22.641953125,64.4,True,53.383750000000006,Medium,Hyderabad,Treatment,0.15,Off-Peak Incentive,0.35,0.37879999999999997,False,0,46,0.0
CUST00869,Routine_Commuter,116,46,0.396551724137931,3984.33,34.347672413793106,65.4,True,53.38206896551724,Medium,Lucknow,Treatment,0.15,Off-Peak Incentive,0.35,0.38079999999999997,False,0,46,0.0
CUST02985,Routine_Commuter,132,47,0.3560606060606061,2432.99,18.431742424242422,63.3,True,53.378674242424246,Medium,Mumbai,Treatment,0.15,Off-Peak Incentive,0.35,0.3766,False,0,47,0.0
CUST05647,Price_Sensitive,126,41,0.3253968253968254,3950.77,31.355317460317465,68.5,True,53.37837301587302,Medium,Delhi NCR,Treatment,0.15,Off-Peak Incentive,0.3,0.33699999999999997,True,24,17,0.5853658536585366
CUST04727,Routine_Commuter,137,43,0.3138686131386861,3965.31,28.943868613138687,66.0,True,53.37474452554745,Medium,Jaipur,Treatment,0.15,Off-Peak Incentive,0.35,0.382,False,0,43,0.0
CUST00305,Routine_Commuter,136,42,0.3088235294117647,2687.67,19.762279411764705,66.8,True,53.370441176470585,Medium,Delhi NCR,Control,0.0,No Incentive,0.35,0.3836,False,0,42,0.0
CUST01801,Routine_Commuter,126,45,0.3571428571428571,3819.32,30.312063492063498,65.3,True,53.36821428571428,Medium,Kolkata,Control,0.0,No Incentive,0.35,0.3806,False,0,45,0.0
CUST00787,Price_Sensitive,137,42,0.3065693430656934,2638.05,19.255839416058397,66.7,True,53.36277372262774,Medium,Mumbai,Treatment,0.15,Off-Peak Incentive,0.3,0.3334,True,25,17,0.5952380952380952
CUST02192,Routine_Commuter,129,44,0.3410852713178294,1662.99,12.891395348837207,65.8,True,53.36216085271318,Medium,Bengaluru,Treatment,0.15,Off-Peak Incentive,0.35,0.3816,False,0,44,0.0
CUST02151,Routine_Commuter,141,43,0.3049645390070922,3714.9,26.346808510638297,65.8,True,53.35608156028369,Medium,Jaipur,Control,0.0,No Incentive,0.35,0.3816,False,0,43,0.0
CUST04253,Routine_Commuter,125,47,0.376,2771.16,22.16928,63.7,True,53.34875,Medium,Jaipur,Control,0.0,No Incentive,0.35,0.37739999999999996,False,0,47,0.0
CUST05978,Price_Sensitive,125,43,0.344,2079.4,16.6352,66.9,True,53.34875,Medium,Kochi,Control,0.0,No Incentive,0.3,0.3338,False,0,43,0.0
CUST04843,Routine_Commuter,137,44,0.3211678832116788,3224.68,23.5378102189781,65.2,True,53.346715328467155,Medium,Chennai,Treatment,0.15,Off-Peak Incentive,0.35,0.38039999999999996,True,25,19,0.5681818181818182
CUST01829,Routine_Commuter,138,43,0.3115942028985507,2807.55,20.344565217391303,65.9,True,53.34626811594203,Medium,Bengaluru,Control,0.0,No Incentive,0.35,0.3818,False,0,43,0.0
CUST00011,Routine_Commuter,130,43,0.3307692307692307,2856.13,21.97023076923077,66.4,True,53.33951923076923,Medium,Chennai,Treatment,0.15,Off-Peak Incentive,0.35,0.3828,True,25,18,0.5813953488372093
CUST06088,Routine_Commuter,132,47,0.3560606060606061,3373.29,25.555227272727272,63.2,True,53.33867424242425,Medium,Ahmedabad,Treatment,0.15,Off-Peak Incentive,0.35,0.37639999999999996,False,0,47,0.0
CUST03504,Routine_Commuter,126,41,0.3253968253968254,2268.55,18.00436507936508,68.4,True,53.33837301587302,Medium,Hyderabad,Treatment,0.15,Off-Peak Incentive,0.35,0.3868,False,0,41,0.0
CUST07458,Routine_Commuter,133,46,0.3458646616541353,2626.55,19.748496240601504,63.9,True,53.330836466165415,Medium,Ahmedabad,Treatment,0.15,Off-Peak Incentive,0.35,0.37779999999999997,False,0,46,0.0
CUST04327,Routine_Commuter,133,46,0.3458646616541353,2109.58,15.861503759398497,63.9,True,53.330836466165415,Medium,Lucknow,Treatment,0.15,Off-Peak Incentive,0.35,0.37779999999999997,False,0,46,0.0
CUST00169,Routine_Commuter,134,46,0.3432835820895522,2882.54,21.511492537313433,63.8,True,53.32884328358209,Medium,Chennai,Treatment,0.15,Off-Peak Incentive,0.35,0.3776,True,26,20,0.5652173913043478
CUST01964,Routine_Commuter,133,42,0.3157894736842105,3356.0,25.23308270676692,66.9,True,53.32782894736843,Medium,Chandigarh,Control,0.0,No Incentive,0.35,0.3838,False,0,42,0.0
CUST06383,Price_Sensitive,130,41,0.3153846153846154,2182.79,16.790692307692307,67.9,True,53.32413461538462,Medium,Kolkata,Treatment,0.15,Off-Peak Incentive,0.3,0.3358,False,0,41,0.0
CUST05882,Routine_Commuter,131,50,0.3816793893129771,4207.0,32.11450381679389,60.9,True,53.322175572519086,Medium,Kochi,Treatment,0.15,Off-Peak Incentive,0.35,0.37179999999999996,True,28,22,0.56
CUST04633,Routine_Commuter,128,44,0.34375,4426.88,34.585,65.8,True,53.31875,Medium,Chennai,Treatment,0.15,Off-Peak Incentive,0.35,0.3816,False,0,44,0.0
CUST07098,Routine_Commuter,130,46,0.3538461538461538,3350.36,25.772,64.0,True,53.30259615384615,Medium,Kochi,Treatment,0.15,Off-Peak Incentive,0.35,0.378,False,0,46,0.0
CUST02632,Price_Sensitive,130,40,0.3076923076923077,2876.56,22.127384615384617,68.6,True,53.2964423076923,Medium,Lucknow,Treatment,0.15,Off-Peak Incentive,0.3,0.3372,True,24,16,0.6
CUST07322,Routine_Commuter,121,47,0.3884297520661157,4135.35,34.17644628099174,64.1,True,53.29594008264463,Medium,Kolkata,Treatment,0.15,Off-Peak Incentive,0.35,0.3782,False,0,47,0.0
CUST02109,Price_Sensitive,128,42,0.328125,3270.32,25.549375,67.3,True,53.29375,Medium,Mumbai,Treatment,0.15,Off-Peak Incentive,0.3,0.3346,False,0,42,0.0
CUST00645,Routine_Commuter,133,42,0.3157894736842105,2651.85,19.93872180451128,66.8,True,53.287828947368425,Medium,Delhi NCR,Control,0.0,No Incentive,0.35,0.3836,False,0,42,0.0
CUST04162,Routine_Commuter,140,42,0.3,3928.25,28.05892857142857,66.4,True,53.283750000000005,Medium,Bengaluru,Control,0.0,No Incentive,0.35,0.3828,False,0,42,0.0
CUST00951,Routine_Commuter,137,42,0.3065693430656934,2359.89,17.225474452554742,66.5,True,53.28277372262774,Medium,Kochi,Treatment,0.15,Off-Peak Incentive,0.35,0.383,True,24,18,0.5714285714285714
CUST07121,Routine_Commuter,131,42,0.3206106870229007,3132.34,23.910992366412216,66.9,True,53.279427480916034,Medium,Kochi,Control,0.0,No Incentive,0.35,0.3838,False,0,42,0.0
CUST05273,Routine_Commuter,134,41,0.3059701492537313,3350.62,25.00462686567164,67.4,True,53.27630597014925,Medium,Lucknow,Control,0.0,No Incentive,0.35,0.3848,False,0,41,0.0
CUST01745,Routine_Commuter,135,47,0.3481481481481481,3544.36,26.25451851851852,62.9,True,53.27592592592592,Medium,Delhi NCR,Control,0.0,No Incentive,0.35,0.37579999999999997,False,0,47,0.0
CUST06695,Convenience_First,134,47,0.3507462686567164,3555.82,26.535970149253732,62.9,True,53.26735074626866,Medium,Chennai,Control,0.0,No Incentive,0.2,0.2258,False,0,47,0.0
CUST04527,Routine_Commuter,124,46,0.3709677419354839,2415.8,19.48225806451613,64.4,True,53.26620967741936,Medium,Pune,Control,0.0,No Incentive,0.35,0.37879999999999997,False,0,46,0.0
CUST01770,Price_Sensitive,123,47,0.3821138211382114,2973.08,24.17138211382114,63.7,True,53.26205284552846,Medium,Chennai,Control,0.0,No Incentive,0.3,0.3274,False,0,47,0.0
CUST03105,Routine_Commuter,133,46,0.3458646616541353,2540.61,19.10233082706767,63.7,True,53.25083646616542,Medium,Jaipur,Control,0.0,No Incentive,0.35,0.37739999999999996,False,0,46,0.0
CUST07437,Routine_Commuter,120,51,0.425,3990.4,33.25333333333334,60.7,True,53.245000000000005,Medium,Kolkata,Treatment,0.15,Off-Peak Incentive,0.35,0.3714,False,0,51,0.0
CUST06112,Routine_Commuter,134,41,0.3059701492537313,2863.57,21.36992537313433,67.3,True,53.23630597014925,Medium,Bengaluru,Treatment,0.15,Off-Peak Incentive,0.35,0.38459999999999994,False,0,41,0.0
CUST07566,Routine_Commuter,129,41,0.3178294573643411,2091.0,16.209302325581394,67.8,True,53.23192829457364,Medium,Lucknow,Treatment,0.15,Off-Peak Incentive,0.35,0.38559999999999994,True,24,17,0.5853658536585366
CUST03955,Routine_Commuter,130,42,0.3230769230769231,2498.21,19.217,66.9,True,53.23182692307692,Medium,Hyderabad,Treatment,0.15,Off-Peak Incentive,0.35,0.3838,False,0,42,0.0
CUST07084,Routine_Commuter,131,43,0.3282442748091603,2444.43,18.65977099236641,66.0,True,53.224770992366416,Medium,Pune,Treatment,0.15,Off-Peak Incentive,0.35,0.382,True,25,18,0.5813953488372093
CUST05940,Price_Sensitive,129,43,0.3333333333333333,2709.67,21.005193798449618,66.2,True,53.21208333333333,Medium,Delhi NCR,Treatment,0.15,Off-Peak Incentive,0.3,0.3324,True,25,18,0.5813953488372093
CUST01773,Routine_Commuter,137,42,0.3065693430656934,2875.69,20.99043795620438,66.3,True,53.20277372262774,Medium,Hyderabad,Control,0.0,No Incentive,0.35,0.3826,False,0,42,0.0
CUST05427,Routine_Commuter,136,44,0.3235294117647059,4261.93,31.337720588235296,64.9,True,53.19867647058824,Medium,Pune,Control,0.0,No Incentive,0.35,0.37979999999999997,False,0,44,0.0
CUST04252,Routine_Commuter,139,43,0.3093525179856115,2179.13,15.677194244604316,65.5,True,53.19410071942446,Medium,Mumbai,Control,0.0,No Incentive,0.35,0.381,False,0,43,0.0
CUST00685,Routine_Commuter,128,45,0.3515625,3279.7,25.62265625,64.7,True,53.19125,Medium,Bengaluru,Treatment,0.15,Off-Peak Incentive,0.35,0.37939999999999996,False,0,45,0.0
CUST04049,Price_Sensitive,128,45,0.3515625,3111.31,24.307109375,64.7,True,53.19125,Medium,Kolkata,Treatment,0.15,Off-Peak Incentive,0.3,0.32939999999999997,True,26,19,0.5777777777777777
CUST05989,Routine_Commuter,123,41,0.3333333333333333,2798.92,22.755447154471547,68.4,True,53.19083333333334,Medium,Chennai,Control,0.0,No Incentive,0.35,0.3868,False,0,41,0.0
CUST03163,Routine_Commuter,133,45,0.3383458646616541,2995.53,22.52278195488722,64.3,True,53.19008458646616,Medium,Mumbai,Control,0.0,No Incentive,0.35,0.3786,False,0,45,0.0
CUST07332,Routine_Commuter,127,46,0.3622047244094488,2230.8,17.56535433070866,64.0,True,53.18568897637796,Medium,Mumbai,Control,0.0,No Incentive,0.35,0.378,False,0,46,0.0
CUST01194,Price_Sensitive,127,39,0.3070866141732283,2689.63,21.178188976377953,69.5,True,53.180964566929134,Medium,Chennai,Control,0.0,No Incentive,0.3,0.33899999999999997,False,0,39,0.0
CUST04084,Routine_Commuter,122,44,0.360655737704918,2708.55,22.20122950819672,66.1,True,53.17872950819672,Medium,Mumbai,Control,0.0,No Incentive,0.35,0.3822,False,0,44,0.0
CUST07955,Routine_Commuter,135,41,0.3037037037037037,2993.41,22.173407407407407,67.1,True,53.17814814814815,Medium,Mumbai,Treatment,0.15,Off-Peak Incentive,0.35,0.3842,True,24,17,0.5853658536585366
CUST01367,Routine_Commuter,138,42,0.3043478260869565,3328.53,24.119782608695655,66.2,True,53.17641304347826,Medium,Hyderabad,Treatment,0.15,Off-Peak Incentive,0.35,0.38239999999999996,False,0,42,0.0
CUST04027,Routine_Commuter,136,42,0.3088235294117647,4203.92,30.91117647058823,66.3,True,53.17044117647059,Medium,Chandigarh,Treatment,0.15,Off-Peak Incentive,0.35,0.3826,True,24,18,0.5714285714285714
CUST05099,Routine_Commuter,131,44,0.3358778625954198,3318.59,25.332748091603055,65.1,True,53.17011450381679,Medium,Delhi NCR,Control,0.0,No Incentive,0.35,0.3802,False,0,44,0.0
CUST05226,Routine_Commuter,126,46,0.365079365079365,1148.74,9.116984126984129,64.0,True,53.1656746031746,Medium,Bengaluru,Control,0.0,No Incentive,0.35,0.378,False,0,46,0.0
CUST00046,Routine_Commuter,129,41,0.3178294573643411,2510.39,19.460387596899224,67.6,True,53.15192829457364,Medium,Jaipur,Treatment,0.15,Off-Peak Incentive,0.35,0.3852,False,0,41,0.0
CUST05126,Routine_Commuter,127,45,0.3543307086614173,3914.2,30.82047244094488,64.7,True,53.1507283464567,Medium,Hyderabad,Control,0.0,No Incentive,0.35,0.37939999999999996,False,0,45,0.0
CUST02868,Routine_Commuter,128,43,0.3359375,2587.08,20.2115625,66.1,True,53.12625,Medium,Chennai,Treatment,0.15,Off-Peak Incentive,0.35,0.3822,False,0,43,0.0
CUST07460,Routine_Commuter,130,41,0.3153846153846154,3460.44,26.61876923076923,67.4,True,53.12413461538462,Medium,Kochi,Treatment,0.15,Off-Peak Incentive,0.35,0.3848,True,24,17,0.5853658536585366
CUST07579,Routine_Commuter,128,49,0.3828125,2414.5,18.86328125,61.4,True,53.12125,Medium,Kochi,Treatment,0.15,Off-Peak Incentive,0.35,0.37279999999999996,False,0,49,0.0
CUST05888,Routine_Commuter,126,48,0.3809523809523809,2617.77,20.77595238095238,62.3,True,53.120595238095234,Medium,Delhi NCR,Treatment,0.15,Off-Peak Incentive,0.35,0.3746,True,27,21,0.5625
CUST03377,Routine_Commuter,141,43,0.3049645390070922,3958.25,28.072695035460992,65.2,True,53.11608156028369,Medium,Delhi NCR,Control,0.0,No Incentive,0.35,0.38039999999999996,False,0,43,0.0
CUST03739,Routine_Commuter,135,42,0.3111111111111111,3457.34,25.60992592592593,66.2,True,53.114444444444445,Medium,Chennai,Treatment,0.15,Off-Peak Incentive,0.35,0.38239999999999996,False,0,42,0.0
CUST00018,Price_Sensitive,125,45,0.36,2300.51,18.40408,64.7,True,53.10875,Medium,Mumbai,Control,0.0,No Incentive,0.3,0.32939999999999997,False,0,45,0.0
CUST05042,Price_Sensitive,125,48,0.384,3460.05,27.6804,62.3,True,53.10875,Medium,Pune,Control,0.0,No Incentive,0.3,0.3246,False,0,48,0.0
CUST03108,Routine_Commuter,136,43,0.3161764705882353,2904.52,21.35676470588235,65.4,True,53.104558823529416,Medium,Chennai,Treatment,0.15,Off-Peak Incentive,0.35,0.38079999999999997,True,25,18,0.5813953488372093
CUST03305,Routine_Commuter,127,40,0.3149606299212598,3381.02,26.62220472440945,68.5,True,53.09592519685039,Medium,Kolkata,Treatment,0.15,Off-Peak Incentive,0.35,0.38699999999999996,False,0,40,0.0
CUST01735,Routine_Commuter,126,43,0.3412698412698413,2746.78,21.79984126984127,66.2,True,53.093293650793655,Medium,Kochi,Control,0.0,No Incentive,0.35,0.38239999999999996,False,0,43,0.0
CUST00930,Routine_Commuter,133,42,0.3157894736842105,3061.85,23.021428571428572,66.3,True,53.08782894736842,Medium,Delhi NCR,Treatment,0.15,Off-Peak Incentive,0.35,0.3826,True,24,18,0.5714285714285714
CUST03203,Price_Sensitive,121,46,0.3801652892561983,1613.19,13.33214876033058,64.4,True,53.08536157024793,Medium,Delhi NCR,Control,0.0,No Incentive,0.3,0.3288,False,0,46,0.0
CUST01680,Routine_Commuter,128,44,0.34375,2561.47,20.011484375,65.2,True,53.07875,Medium,Delhi NCR,Treatment,0.15,Off-Peak Incentive,0.35,0.38039999999999996,False,0,44,0.0
CUST03853,Routine_Commuter,128,40,0.3125,2344.0,18.3125,68.3,True,53.06875,Medium,Pune,Control,0.0,No Incentive,0.35,0.38659999999999994,False,0,40,0.0
CUST04457,Routine_Commuter,131,40,0.3053435114503817,3325.29,25.383893129770993,67.9,True,53.06874045801527,Medium,Lucknow,Control,0.0,No Incentive,0.35,0.3858,False,0,40,0.0
CUST02054,Routine_Commuter,137,44,0.3211678832116788,2436.16,17.7821897810219,64.5,True,53.066715328467154,Medium,Delhi NCR,Treatment,0.15,Off-Peak Incentive,0.35,0.379,True,25,19,0.5681818181818182
CUST02843,Routine_Commuter,132,42,0.3181818181818182,3191.53,24.178257575757577,66.3,True,53.06352272727273,Medium,Jaipur,Treatment,0.15,Off-Peak Incentive,0.35,0.3826,True,24,18,0.5714285714285714
CUST04401,Price_Sensitive,126,42,0.3333333333333333,2745.57,21.790238095238095,66.9,True,53.05583333333333,Medium,Chennai,Control,0.0,No Incentive,0.3,0.3338,False,0,42,0.0
CUST00571,Routine_Commuter,126,42,0.3333333333333333,3000.33,23.812142857142856,66.9,True,53.05583333333333,Medium,Hyderabad,Treatment,0.15,Off-Peak Incentive,0.35,0.3838,False,0,42,0.0
CUST00368,Price_Sensitive,134,42,0.3134328358208955,3045.44,22.727164179104477,66.1,True,53.054813432835815,Medium,Hyderabad,Treatment,0.15,Off-Peak Incentive,0.3,0.3322,False,0,42,0.0
CUST06813,Routine_Commuter,137,43,0.3138686131386861,3170.15,23.13978102189781,65.2,True,53.05474452554745,Medium,Mumbai,Treatment,0.15,Off-Peak Incentive,0.35,0.38039999999999996,False,0,43,0.0
CUST04849,Routine_Commuter,131,41,0.3129770992366412,3955.24,30.19267175572519,67.1,True,53.05408396946565,Medium,Bengaluru,Treatment,0.15,Off-Peak Incentive,0.35,0.3842,True,24,17,0.5853658536585366
CUST00868,Routine_Commuter,120,47,0.3916666666666666,2526.92,21.057666666666663,63.5,True,53.031666666666666,Medium,Lucknow,Control,0.0,No Incentive,0.35,0.377,False,0,47,0.0
CUST00278,Routine_Commuter,123,47,0.3821138211382114,2165.97,17.60951219512195,63.1,True,53.022052845528464,Medium,Mumbai,Control,0.0,No Incentive,0.35,0.3762,False,0,47,0.0
CUST03083,Routine_Commuter,126,43,0.3412698412698413,2883.92,22.88825396825397,66.0,True,53.01329365079365,Medium,Mumbai,Treatment,0.15,Off-Peak Incentive,0.35,0.382,True,25,18,0.5813953488372093
CUST01256,Price_Sensitive,127,41,0.3228346456692913,1869.13,14.71755905511811,67.5,True,53.010885826771656,Medium,Bengaluru,Control,0.0,No Incentive,0.3,0.33499999999999996,False,0,41,0.0
CUST03699,Routine_Commuter,130,41,0.3153846153846154,2159.91,16.614692307692305,67.1,True,53.004134615384615,Medium,Hyderabad,Treatment,0.15,Off-Peak Incentive,0.35,0.3842,True,24,17,0.5853658536585366
CUST06723,Routine_Commuter,140,42,0.3,4252.36,30.374,65.7,True,53.00375,Medium,Chennai,Treatment,0.15,Off-Peak Incentive,0.35,0.38139999999999996,True,24,18,0.5714285714285714
CUST00728,Routine_Commuter,142,44,0.3098591549295774,3392.07,23.887816901408453,64.1,True,52.9843661971831,Medium,Mumbai,Control,0.0,No Incentive,0.35,0.3782,False,0,44,0.0
CUST04515,Routine_Commuter,134,42,0.3134328358208955,3485.08,26.008059701492535,65.9,True,52.97481343283582,Medium,Jaipur,Control,0.0,No Incentive,0.35,0.3818,False,0,42,0.0
CUST05792,Price_Sensitive,124,41,0.3306451612903225,2464.19,19.8725,67.7,True,52.973306451612906,Medium,Ahmedabad,Treatment,0.15,Off-Peak Incentive,0.3,0.3354,False,0,41,0.0
CUST05694,Price_Sensitive,129,43,0.3333333333333333,2812.88,21.805271317829455,65.6,True,52.97208333333333,Medium,Lucknow,Treatment,0.15,Off-Peak Incentive,0.3,0.3312,False,0,43,0.0
CUST07775,Routine_Commuter,130,44,0.3384615384615385,3235.89,24.891461538461535,64.7,True,52.96721153846154,Medium,Delhi NCR,Control,0.0,No Incentive,0.35,0.37939999999999996,False,0,44,0.0
CUST03485,Price_Sensitive,122,42,0.3442622950819672,3713.9,30.441803278688525,67.2,True,52.96299180327869,Medium,Mumbai,Control,0.0,No Incentive,0.3,0.3344,False,0,42,0.0
CUST03257,Routine_Commuter,129,44,0.3410852713178294,4611.25,35.74612403100775,64.8,True,52.962160852713176,Medium,Mumbai,Treatment,0.15,Off-Peak Incentive,0.35,0.3796,False,0,44,0.0
CUST00218,Routine_Commuter,129,40,0.3100775193798449,3137.85,24.32441860465116,67.9,True,52.9618507751938,Medium,Bengaluru,Treatment,0.15,Off-Peak Incentive,0.35,0.3858,True,24,16,0.6
CUST05264,Routine_Commuter,129,45,0.3488372093023256,3726.1,28.884496124031006,64.0,True,52.95223837209303,Medium,Kochi,Control,0.0,No Incentive,0.35,0.378,False,0,45,0.0
CUST02726,Routine_Commuter,124,48,0.3870967741935484,2228.04,17.968064516129033,62.0,True,52.95137096774194,Medium,Kochi,Treatment,0.15,Off-Peak Incentive,0.35,0.374,False,0,48,0.0
CUST01182,Routine_Commuter,139,42,0.302158273381295,4205.44,30.254964028776975,65.6,True,52.946330935251794,Medium,Delhi NCR,Treatment,0.15,Off-Peak Incentive,0.35,0.3812,False,0,42,0.0
CUST06456,Routine_Commuter,132,40,0.303030303030303,5223.8099999999995,39.57431818181818,67.5,True,52.93746212121212,Medium,Pune,Treatment,0.15,Off-Peak Incentive,0.35,0.38499999999999995,True,24,16,0.6
CUST03654,Routine_Commuter,128,42,0.328125,2863.03,22.367421875,66.4,True,52.93375,Medium,Jaipur,Treatment,0.15,Off-Peak Incentive,0.35,0.3828,False,0,42,0.0
CUST07965,Routine_Commuter,129,39,0.3023255813953488,1865.9,14.464341085271318,68.6,True,52.93177325581395,Medium,Delhi NCR,Treatment,0.15,Off-Peak Incentive,0.35,0.3872,True,23,16,0.5897435897435898
CUST00132,Routine_Commuter,133,40,0.3007518796992481,4250.62,31.95954887218045,67.4,True,52.92632518796993,Medium,Pune,Control,0.0,No Incentive,0.35,0.3848,False,0,40,0.0
CUST04150,Price_Sensitive,123,43,0.3495934959349593,2826.6,22.98048780487805,66.1,True,52.921239837398375,Medium,Lucknow,Control,0.0,No Incentive,0.3,0.3322,False,0,43,0.0
CUST04643,Price_Sensitive,120,47,0.3916666666666666,3362.17,28.018083333333333,63.2,True,52.91166666666666,Medium,Mumbai,Control,0.0,No Incentive,0.3,0.3264,False,0,47,0.0
CUST01028,Price_Sensitive,125,43,0.344,2816.26,22.53008,65.8,True,52.90875,Medium,Bengaluru,Control,0.0,No Incentive,0.3,0.3316,False,0,43,0.0
CUST03778,Routine_Commuter,135,44,0.3259259259259259,2437.94,18.058814814814816,64.2,True,52.90703703703704,Medium,Pune,Treatment,0.15,Off-Peak Incentive,0.35,0.37839999999999996,True,25,19,0.5681818181818182
CUST01536,Routine_Commuter,131,43,0.3282442748091603,3353.07,25.595954198473283,65.2,True,52.904770992366416,Medium,Hyderabad,Treatment,0.15,Off-Peak Incentive,0.35,0.38039999999999996,False,0,43,0.0
CUST07162,Routine_Commuter,136,43,0.3161764705882353,1701.15,12.508455882352942,64.9,True,52.90455882352941,Medium,Lucknow,Control,0.0,No Incentive,0.35,0.37979999999999997,False,0,43,0.0
CUST06130,Routine_Commuter,130,43,0.3307692307692307,2417.62,18.597076923076923,65.3,True,52.89951923076923,Medium,Mumbai,Treatment,0.15,Off-Peak Incentive,0.35,0.3806,True,25,18,0.5813953488372093
CUST02477,Routine_Commuter,130,43,0.3307692307692307,2558.83,19.683307692307693,65.3,True,52.89951923076923,Medium,Pune,Control,0.0,No Incentive,0.35,0.3806,False,0,43,0.0
CUST05261,Routine_Commuter,132,45,0.3409090909090909,3176.39,24.063560606060605,63.6,True,52.89261363636364,Medium,Pune,Control,0.0,No Incentive,0.35,0.3772,False,0,45,0.0
CUST07662,Routine_Commuter,133,44,0.3308270676691729,3240.44,24.36421052631579,64.3,True,52.889332706766915,Medium,Lucknow,Treatment,0.15,Off-Peak Incentive,0.35,0.3786,False,0,44,0.0
CUST00860,Routine_Commuter,133,42,0.3157894736842105,2142.48,16.10887218045113,65.8,True,52.88782894736842,Medium,Jaipur,Treatment,0.15,Off-Peak Incentive,0.35,0.3816,True,24,18,0.5714285714285714
CUST03363,Routine_Commuter,125,46,0.368,2813.46,22.50768,63.3,True,52.86875,Medium,Chennai,Treatment,0.15,Off-Peak Incentive,0.35,0.3766,True,26,20,0.5652173913043478
CUST05089,Routine_Commuter,121,44,0.3636363636363636,2574.02,21.272892561983472,65.5,True,52.86420454545455,Medium,Bengaluru,Treatment,0.15,Off-Peak Incentive,0.35,0.381,True,25,19,0.5681818181818182
CUST04664,Routine_Commuter,129,42,0.3255813953488372,3319.58,25.733178294573644,66.1,True,52.86200581395348,Medium,Mumbai,Treatment,0.15,Off-Peak Incentive,0.35,0.3822,True,24,18,0.5714285714285714
CUST06541,Routine_Commuter,122,43,0.3524590163934426,3467.43,28.42155737704918,66.1,True,52.850860655737705,Medium,Delhi NCR,Treatment,0.15,Off-Peak Incentive,0.35,0.3822,False,0,43,0.0
CUST05263,Routine_Commuter,129,40,0.3100775193798449,3029.86,23.48728682170543,67.6,True,52.8418507751938,Medium,Hyderabad,Control,0.0,No Incentive,0.35,0.3852,False,0,40,0.0
CUST04367,Routine_Commuter,128,44,0.34375,2054.07,16.047421875,64.6,True,52.838750000000005,Medium,Hyderabad,Control,0.0,No Incentive,0.35,0.3792,False,0,44,0.0
CUST03277,Price_Sensitive,130,42,0.3230769230769231,4213.53,32.41176923076923,65.9,True,52.83182692307693,Medium,Chandigarh,Control,0.0,No Incentive,0.3,0.3318,False,0,42,0.0
CUST07015,Price_Sensitive,126,38,0.3015873015873015,1960.04,15.555873015873017,69.5,True,52.82599206349206,Medium,Kochi,Treatment,0.15,Off-Peak Incentive,0.3,0.33899999999999997,True,23,15,0.6052631578947368
CUST06571,Price_Sensitive,128,41,0.3203125,3025.55,23.637109375,66.9,True,52.821250000000006,Medium,Bengaluru,Treatment,0.15,Off-Peak Incentive,0.3,0.3338,False,0,41,0.0
CUST04147,Routine_Commuter,138,42,0.3043478260869565,5565.42,40.32913043478261,65.3,True,52.81641304347826,Medium,Mumbai,Treatment,0.15,Off-Peak Incentive,0.35,0.3806,False,0,42,0.0
CUST01044,Routine_Commuter,129,39,0.3023255813953488,1917.57,14.864883720930232,68.3,True,52.811773255813954,Medium,Mumbai,Treatment,0.15,Off-Peak Incentive,0.35,0.38659999999999994,True,23,16,0.5897435897435898
CUST06818,Routine_Commuter,126,44,0.3492063492063492,3405.77,27.029920634920636,64.7,True,52.81075396825397,Medium,Bengaluru,Control,0.0,No Incentive,0.35,0.37939999999999996,False,0,44,0.0
CUST00192,Routine_Commuter,129,44,0.3410852713178294,3060.89,23.72782945736434,64.4,True,52.80216085271318,Medium,Delhi NCR,Treatment,0.15,Off-Peak Incentive,0.35,0.37879999999999997,True,25,19,0.5681818181818182
CUST02749,Routine_Commuter,129,40,0.3100775193798449,2000.36,15.506666666666666,67.5,True,52.8018507751938,Medium,Bengaluru,Treatment,0.15,Off-Peak Incentive,0.35,0.38499999999999995,False,0,40,0.0
CUST03698,Routine_Commuter,134,41,0.3059701492537313,2821.97,21.0594776119403,66.2,True,52.796305970149255,Medium,Chennai,Control,0.0,No Incentive,0.35,0.38239999999999996,False,0,41,0.0
CUST06075,Routine_Commuter,129,41,0.3178294573643411,3694.92,28.642790697674418,66.7,True,52.79192829457365,Medium,Hyderabad,Treatment,0.15,Off-Peak Incentive,0.35,0.38339999999999996,False,0,41,0.0
CUST06135,Price_Sensitive,125,40,0.32,3725.96,29.80768,67.9,True,52.78875000000001,Medium,Pune,Treatment,0.15,Off-Peak Incentive,0.3,0.3358,False,0,40,0.0
CUST02471,Routine_Commuter,125,41,0.328,3535.27,28.28216,67.1,True,52.78875,Medium,Lucknow,Treatment,0.15,Off-Peak Incentive,0.35,0.3842,True,24,17,0.5853658536585366
CUST01386,Price_Sensitive,130,40,0.3076923076923077,3853.46,29.642,67.3,True,52.77644230769231,Medium,Delhi NCR,Control,0.0,No Incentive,0.3,0.3346,False,0,40,0.0
CUST04780,Price_Sensitive,128,42,0.328125,2764.24,21.595625,66.0,True,52.77375000000001,Medium,Hyderabad,Control,0.0,No Incentive,0.3,0.33199999999999996,False,0,42,0.0
CUST06484,Routine_Commuter,128,43,0.3359375,4014.6,31.3640625,65.2,True,52.76625,Medium,Chennai,Treatment,0.15,Off-Peak Incentive,0.35,0.38039999999999996,False,0,43,0.0
CUST04428,Routine_Commuter,129,41,0.3178294573643411,2592.14,20.09410852713178,66.6,True,52.751928294573645,Medium,Hyderabad,Control,0.0,No Incentive,0.35,0.3832,False,0,41,0.0
CUST02949,Routine_Commuter,126,45,0.3571428571428571,3374.17,26.779126984126982,63.7,True,52.72821428571429,Medium,Chennai,Control,0.0,No Incentive,0.35,0.37739999999999996,False,0,45,0.0
CUST02805,Routine_Commuter,122,47,0.3852459016393442,2733.86,22.408688524590165,62.5,True,52.72233606557377,Medium,Mumbai,Control,0.0,No Incentive,0.35,0.375,False,0,47,0.0
CUST03102,Routine_Commuter,121,45,0.371900826446281,1171.36,9.680661157024792,64.3,True,52.714783057851236,Medium,Hyderabad,Treatment,0.15,Off-Peak Incentive,0.35,0.3786,False,0,45,0.0
CUST04733,Price_Sensitive,130,39,0.3,2315.48,17.811384615384615,67.9,True,52.70875000000001,Medium,Delhi NCR,Treatment,0.15,Off-Peak Incentive,0.3,0.3358,True,23,16,0.5897435897435898
CUST04750,Routine_Commuter,139,42,0.302158273381295,3048.01,21.92812949640288,65.0,True,52.7063309352518,Medium,Pune,Control,0.0,No Incentive,0.35,0.38,False,0,42,0.0
CUST07862,Price_Sensitive,123,47,0.3821138211382114,2488.87,20.23471544715447,62.3,True,52.702052845528456,Medium,Mumbai,Treatment,0.15,Off-Peak Incentive,0.3,0.3246,True,26,21,0.5531914893617021
CUST05977,Routine_Commuter,129,42,0.3255813953488372,1503.7,11.65658914728682,65.7,True,52.70200581395349,Medium,Delhi NCR,Control,0.0,No Incentive,0.35,0.38139999999999996,False,0,42,0.0
CUST06190,Routine_Commuter,131,46,0.3511450381679389,3915.95,29.892748091603053,62.4,True,52.70080152671756,Medium,Delhi NCR,Control,0.0,No Incentive,0.35,0.37479999999999997,False,0,46,0.0
CUST01873,Price_Sensitive,130,40,0.3076923076923077,2829.21,21.763153846153845,67.1,True,52.69644230769231,Medium,Pune,Treatment,0.15,Off-Peak Incentive,0.3,0.3342,False,0,40,0.0
CUST06280,Routine_Commuter,129,43,0.3333333333333333,2400.91,18.61170542635659,64.9,True,52.692083333333336,Medium,Chennai,Control,0.0,No Incentive,0.35,0.37979999999999997,False,0,43,0.0
CUST03287,Price_Sensitive,126,44,0.3492063492063492,3452.81,27.403253968253967,64.4,True,52.69075396825397,Medium,Chandigarh,Control,0.0,No Incentive,0.3,0.3288,False,0,44,0.0
CUST00378,Price_Sensitive,133,40,0.3007518796992481,2842.48,21.37203007518797,66.8,True,52.68632518796993,Medium,Chennai,Control,0.0,No Incentive,0.3,0.3336,False,0,40,0.0
CUST05942,Routine_Commuter,127,42,0.3307086614173228,2895.96,22.802834645669293,65.9,True,52.685846456692914,Medium,Ahmedabad,Treatment,0.15,Off-Peak Incentive,0.35,0.3818,True,24,18,0.5714285714285714
CUST06631,Price_Sensitive,123,43,0.3495934959349593,2588.1,21.041463414634144,65.5,True,52.68123983739838,Medium,Delhi NCR,Control,0.0,No Incentive,0.3,0.33099999999999996,False,0,43,0.0
CUST05946,Routine_Commuter,132,41,0.3106060606060606,4239.81,32.11977272727273,66.1,True,52.68049242424242,Medium,Ahmedabad,Control,0.0,No Incentive,0.35,0.3822,False,0,41,0.0
CUST06926,Routine_Commuter,128,44,0.34375,2949.11,23.039921875,64.2,True,52.67875000000001,Medium,Jaipur,Control,0.0,No Incentive,0.35,0.37839999999999996,False,0,44,0.0
CUST03373,Routine_Commuter,122,46,0.3770491803278688,2456.04,20.131475409836064,63.2,True,52.67446721311475,Medium,Bengaluru,Control,0.0,No Incentive,0.35,0.37639999999999996,False,0,46,0.0
CUST07180,Routine_Commuter,130,39,0.3,2601.8,20.013846153846156,67.8,True,52.66875,Medium,Lucknow,Control,0.0,No Incentive,0.35,0.38559999999999994,False,0,39,0.0
CUST01908,Routine_Commuter,125,43,0.344,3035.87,24.28696,65.2,True,52.66875,Medium,Chandigarh,Treatment,0.15,Off-Peak Incentive,0.35,0.38039999999999996,True,25,18,0.5813953488372093
CUST01094,Routine_Commuter,122,40,0.3278688524590163,2309.12,18.927213114754096,68.1,True,52.66725409836065,Medium,Mumbai,Treatment,0.15,Off-Peak Incentive,0.35,0.3862,True,24,16,0.6
CUST05440,Routine_Commuter,135,41,0.3037037037037037,3530.46,26.151555555555557,65.8,True,52.65814814814814,Medium,Bengaluru,Treatment,0.15,Off-Peak Incentive,0.35,0.3816,False,0,41,0.0
CUST03479,Routine_Commuter,130,40,0.3076923076923077,2116.74,16.282615384615386,67.0,True,52.65644230769232,Medium,Ahmedabad,Control,0.0,No Incentive,0.35,0.384,False,0,40,0.0
CUST06879,Routine_Commuter,127,40,0.3149606299212598,3279.94,25.826299212598425,67.4,True,52.65592519685039,Medium,Mumbai,Control,0.0,No Incentive,0.35,0.3848,False,0,40,0.0
CUST03630,Routine_Commuter,126,42,0.3333333333333333,3424.86,27.181428571428572,65.9,True,52.655833333333334,Medium,Mumbai,Control,0.0,No Incentive,0.35,0.3818,False,0,42,0.0
CUST02616,Routine_Commuter,134,44,0.3283582089552239,2488.12,18.568059701492537,63.6,True,52.65182835820896,Medium,Hyderabad,Treatment,0.15,Off-Peak Incentive,0.35,0.3772,False,0,44,0.0
CUST02040,Routine_Commuter,123,44,0.3577235772357723,2109.14,17.147479674796745,64.6,True,52.646443089430896,Medium,Hyderabad,Control,0.0,No Incentive,0.35,0.3792,False,0,44,0.0
CUST03177,Routine_Commuter,127,43,0.3385826771653543,2845.61,22.406377952755907,65.0,True,52.640807086614174,Medium,Pune,Control,0.0,No Incentive,0.35,0.38,False,0,43,0.0
CUST05732,Routine_Commuter,130,45,0.3461538461538461,3303.33,25.41023076923077,63.1,True,52.63490384615385,Medium,Jaipur,Treatment,0.15,Off-Peak Incentive,0.35,0.3762,True,25,20,0.5555555555555556
CUST05758,Routine_Commuter,128,40,0.3125,2763.38,21.58890625,67.2,True,52.62875,Medium,Chandigarh,Control,0.0,No Incentive,0.35,0.38439999999999996,False,0,40,0.0
CUST00928,Routine_Commuter,125,44,0.352,2786.59,22.292720000000003,64.3,True,52.62875,Medium,Hyderabad,Control,0.0,No Incentive,0.35,0.3786,False,0,44,0.0
CUST05569,Routine_Commuter,124,42,0.3387096774193548,4225.04,34.07290322580645,66.0,True,52.6158870967742,Medium,Hyderabad,Control,0.0,No Incentive,0.35,0.382,False,0,42,0.0
CUST02652,Routine_Commuter,124,39,0.314516129032258,4326.72,34.89290322580646,68.4,True,52.60814516129032,Medium,Kochi,Treatment,0.15,Off-Peak Incentive,0.35,0.3868,False,0,39,0.0
CUST05799,Routine_Commuter,132,41,0.3106060606060606,2615.17,19.81189393939394,65.9,True,52.60049242424243,Medium,Mumbai,Control,0.0,No Incentive,0.35,0.3818,False,0,41,0.0
CUST02720,Routine_Commuter,132,41,0.3106060606060606,2943.38,22.298333333333336,65.9,True,52.60049242424243,Medium,Hyderabad,Control,0.0,No Incentive,0.35,0.3818,False,0,41,0.0
CUST04779,Routine_Commuter,132,41,0.3106060606060606,3570.94,27.05257575757576,65.9,True,52.60049242424243,Medium,Hyderabad,Control,0.0,No Incentive,0.35,0.3818,False,0,41,0.0
CUST03725,Convenience_First,134,41,0.3059701492537313,4961.62,37.02701492537313,65.7,True,52.59630597014925,Medium,Delhi NCR,Control,0.0,No Incentive,0.2,0.23140000000000002,False,0,41,0.0
CUST01820,Price_Sensitive,125,42,0.336,2086.21,16.68968,65.8,True,52.588750000000005,Medium,Pune,Control,0.0,No Incentive,0.3,0.3316,False,0,42,0.0
CUST03073,Price_Sensitive,125,46,0.368,2714.68,21.71744,62.6,True,52.588750000000005,Medium,Chandigarh,Treatment,0.15,Off-Peak Incentive,0.3,0.3252,False,0,46,0.0
CUST00712,Routine_Commuter,125,45,0.36,3166.14,25.32912,63.4,True,52.58875,Medium,Mumbai,Control,0.0,No Incentive,0.35,0.37679999999999997,False,0,45,0.0
CUST04737,Routine_Commuter,128,41,0.3203125,2080.12,16.2509375,66.3,True,52.58125,Medium,Mumbai,Treatment,0.15,Off-Peak Incentive,0.35,0.3826,True,24,17,0.5853658536585366
CUST00973,Convenience_First,124,44,0.3548387096774194,4703.35,37.93024193548387,64.3,True,52.58104838709678,Medium,Chennai,Control,0.0,No Incentive,0.2,0.2286,False,0,44,0.0
CUST02195,Routine_Commuter,126,40,0.3174603174603174,3869.46,30.71,67.3,True,52.580912698412696,Medium,Hyderabad,Treatment,0.15,Off-Peak Incentive,0.35,0.38459999999999994,False,0,40,0.0
CUST06051,Routine_Commuter,126,42,0.3333333333333333,3611.54,28.663015873015873,65.7,True,52.57583333333333,Medium,Mumbai,Treatment,0.15,Off-Peak Incentive,0.35,0.38139999999999996,True,24,18,0.5714285714285714
CUST00428,Routine_Commuter,121,42,0.3471074380165289,2987.4,24.68925619834711,66.4,True,52.56304752066116,Medium,Delhi NCR,Control,0.0,No Incentive,0.35,0.3828,False,0,42,0.0
CUST01976,Price_Sensitive,116,45,0.3879310344827586,2194.82,18.92086206896552,64.2,True,52.55724137931035,Medium,Lucknow,Treatment,0.15,Off-Peak Incentive,0.3,0.32839999999999997,True,26,19,0.5777777777777777
CUST07289,Price_Sensitive,130,39,0.3,2249.14,17.301076923076923,67.5,True,52.54875,Medium,Bengaluru,Control,0.0,No Incentive,0.3,0.33499999999999996,False,0,39,0.0
CUST03183,Routine_Commuter,126,39,0.3095238095238095,3214.69,25.513412698412697,68.0,True,52.54345238095238,Medium,Delhi NCR,Treatment,0.15,Off-Peak Incentive,0.35,0.38599999999999995,False,0,39,0.0
CUST04051,Price_Sensitive,126,41,0.3253968253968254,3081.98,24.46015873015873,66.4,True,52.53837301587301,Medium,Ahmedabad,Control,0.0,No Incentive,0.3,0.3328,False,0,41,0.0
CUST07072,Price_Sensitive,120,40,0.3333333333333333,1621.75,13.514583333333333,68.1,True,52.53833333333333,Medium,Chennai,Control,0.0,No Incentive,0.3,0.3362,False,0,40,0.0
CUST04377,Price_Sensitive,124,42,0.3387096774193548,1774.87,14.313467741935485,65.8,True,52.53588709677419,Medium,Kochi,Treatment,0.15,Off-Peak Incentive,0.3,0.3316,False,0,42,0.0
CUST00671,Routine_Commuter,131,41,0.3129770992366412,3837.6,29.294656488549617,65.8,True,52.53408396946565,Medium,Delhi NCR,Control,0.0,No Incentive,0.35,0.3816,False,0,41,0.0
CUST03092,Routine_Commuter,124,41,0.3306451612903225,2231.94,17.99951612903226,66.6,True,52.5333064516129,Medium,Hyderabad,Treatment,0.15,Off-Peak Incentive,0.35,0.3832,True,24,17,0.5853658536585366
CUST07794,Price_Sensitive,124,40,0.3225806451612903,2828.6,22.811290322580643,67.4,True,52.53072580645162,Medium,Chennai,Control,0.0,No Incentive,0.3,0.3348,False,0,40,0.0
CUST04892,Price_Sensitive,124,38,0.3064516129032258,4568.34,36.84145161290323,69.0,True,52.52556451612904,Medium,Jaipur,Control,0.0,No Incentive,0.3,0.33799999999999997,False,0,38,0.0
CUST03790,Routine_Commuter,130,41,0.3153846153846154,3033.17,23.33207692307692,65.9,True,52.524134615384625,Medium,Chennai,Control,0.0,No Incentive,0.35,0.3818,False,0,41,0.0
CUST04293,Routine_Commuter,125,44,0.352,2693.57,21.54856,64.0,True,52.50875,Medium,Hyderabad,Treatment,0.15,Off-Peak Incentive,0.35,0.378,False,0,44,0.0
CUST01510,Routine_Commuter,131,40,0.3053435114503817,3739.36,28.54473282442748,66.5,True,52.50874045801527,Medium,Delhi NCR,Treatment,0.15,Off-Peak Incentive,0.35,0.383,False,0,40,0.0
CUST05112,Price_Sensitive,122,44,0.360655737704918,2792.67,22.890737704918035,64.4,True,52.498729508196725,Medium,Bengaluru,Control,0.0,No Incentive,0.3,0.3288,False,0,44,0.0
CUST00994,Routine_Commuter,138,42,0.3043478260869565,3537.89,25.636884057971013,64.5,True,52.49641304347826,Medium,Mumbai,Control,0.0,No Incentive,0.35,0.379,False,0,42,0.0
CUST00433,Routine_Commuter,127,40,0.3149606299212598,2430.65,19.138976377952755,67.0,True,52.49592519685039,Medium,Delhi NCR,Treatment,0.15,Off-Peak Incentive,0.35,0.384,True,23,17,0.575
CUST03665,Routine_Commuter,127,40,0.3149606299212598,3387.51,26.673307086614173,67.0,True,52.49592519685039,Medium,Pune,Treatment,0.15,Off-Peak Incentive,0.35,0.384,False,0,40,0.0
CUST01551,Routine_Commuter,126,43,0.3412698412698413,3972.04,31.524126984126983,64.7,True,52.49329365079365,Medium,Chennai,Treatment,0.15,Off-Peak Incentive,0.35,0.37939999999999996,False,0,43,0.0
CUST02390,Routine_Commuter,126,43,0.3412698412698413,2839.58,22.536349206349207,64.7,True,52.49329365079365,Medium,Hyderabad,Control,0.0,No Incentive,0.35,0.37939999999999996,False,0,43,0.0
CUST00589,Routine_Commuter,126,45,0.3571428571428571,2235.95,17.74563492063492,63.1,True,52.488214285714285,Medium,Kochi,Treatment,0.15,Off-Peak Incentive,0.35,0.3762,True,25,20,0.5555555555555556
CUST07115,Routine_Commuter,132,43,0.3257575757575757,5207.37,39.44977272727272,64.1,True,52.486553030303035,Medium,Hyderabad,Treatment,0.15,Off-Peak Incentive,0.35,0.3782,False,0,43,0.0
CUST02123,Routine_Commuter,127,43,0.3385826771653543,2639.67,20.7848031496063,64.6,True,52.48080708661418,Medium,Hyderabad,Control,0.0,No Incentive,0.35,0.3792,False,0,43,0.0
CUST03768,Routine_Commuter,121,49,0.4049586776859504,2345.69,19.38586776859504,60.4,True,52.47709710743802,Medium,Hyderabad,Treatment,0.15,Off-Peak Incentive,0.35,0.37079999999999996,True,27,22,0.5510204081632653
CUST06300,Routine_Commuter,128,39,0.3046875,3173.89,24.796015625,67.6,True,52.47625,Medium,Delhi NCR,Control,0.0,No Incentive,0.35,0.3852,False,0,39,0.0
CUST06480,Price_Sensitive,125,43,0.344,3768.8,30.1504,64.7,True,52.46875,Medium,Delhi NCR,Treatment,0.15,Off-Peak Incentive,0.3,0.32939999999999997,True,25,18,0.5813953488372093
CUST06900,Price_Sensitive,131,40,0.3053435114503817,2472.53,18.87427480916031,66.4,True,52.46874045801527,Medium,Ahmedabad,Control,0.0,No Incentive,0.3,0.3328,False,0,40,0.0
CUST06745,Convenience_First,122,39,0.319672131147541,3332.97,27.319426229508196,68.4,True,52.45938524590164,Medium,Jaipur,Control,0.0,No Incentive,0.2,0.2368,False,0,39,0.0
CUST02029,Price_Sensitive,124,43,0.3467741935483871,2227.72,17.96548387096774,64.8,True,52.45846774193549,Medium,Delhi NCR,Control,0.0,No Incentive,0.3,0.3296,False,0,43,0.0
CUST00710,Routine_Commuter,130,40,0.3076923076923077,3930.0,30.23076923076923,66.5,True,52.45644230769231,Medium,Jaipur,Treatment,0.15,Off-Peak Incentive,0.35,0.383,False,0,40,0.0
CUST07773,Routine_Commuter,121,46,0.3801652892561983,3343.44,27.63173553719008,62.8,True,52.44536157024793,Medium,Mumbai,Control,0.0,No Incentive,0.35,0.3756,False,0,46,0.0
CUST01390,Convenience_First,119,43,0.361344537815126,3288.75,27.636554621848735,65.4,True,52.44503151260504,Medium,Lucknow,Control,0.0,No Incentive,0.2,0.23080000000000003,False,0,43,0.0
CUST05807,Price_Sensitive,122,42,0.3442622950819672,2839.27,23.272704918032787,65.9,True,52.44299180327869,Medium,Pune,Treatment,0.15,Off-Peak Incentive,0.3,0.3318,False,0,42,0.0
CUST06125,Price_Sensitive,118,44,0.3728813559322034,2590.34,21.95203389830509,64.6,True,52.43275423728814,Medium,Chennai,Treatment,0.15,Off-Peak Incentive,0.3,0.3292,False,0,44,0.0
CUST02764,Convenience_First,130,42,0.3230769230769231,2886.07,22.200538461538464,64.9,True,52.431826923076926,Medium,Pune,Treatment,0.15,Off-Peak Incentive,0.2,0.22980000000000003,False,0,42,0.0
CUST00650,Routine_Commuter,123,41,0.3333333333333333,3497.35,28.433739837398377,66.5,True,52.43083333333334,Medium,Pune,Control,0.0,No Incentive,0.35,0.383,False,0,41,0.0
CUST03529,Routine_Commuter,130,40,0.3076923076923077,2327.81,17.90623076923077,66.4,True,52.41644230769231,Medium,Ahmedabad,Control,0.0,No Incentive,0.35,0.3828,False,0,40,0.0
CUST05276,Routine_Commuter,129,39,0.3023255813953488,3009.14,23.326666666666664,67.3,True,52.411773255813955,Medium,Pune,Control,0.0,No Incentive,0.35,0.38459999999999994,False,0,39,0.0
CUST07869,Routine_Commuter,118,47,0.3983050847457627,3079.73,26.099406779661017,62.0,True,52.40970338983051,Medium,Mumbai,Control,0.0,No Incentive,0.35,0.374,False,0,47,0.0
CUST06296,Routine_Commuter,121,46,0.3801652892561983,4060.19,33.55528925619835,62.7,True,52.40536157024793,Medium,Kochi,Control,0.0,No Incentive,0.35,0.37539999999999996,False,0,46,0.0
CUST06119,Routine_Commuter,120,45,0.375,2571.32,21.427666666666667,63.6,True,52.405,Medium,Chennai,Treatment,0.15,Off-Peak Incentive,0.35,0.3772,False,0,45,0.0
CUST05933,Routine_Commuter,122,42,0.3442622950819672,2379.75,19.506147540983605,65.8,True,52.40299180327869,Medium,Mumbai,Treatment,0.15,Off-Peak Incentive,0.35,0.3816,True,24,18,0.5714285714285714
CUST05309,Routine_Commuter,128,44,0.34375,3260.64,25.47375,63.5,True,52.39875000000001,Medium,Bengaluru,Control,0.0,No Incentive,0.35,0.377,False,0,44,0.0
CUST01747,Routine_Commuter,119,45,0.3781512605042016,2522.58,21.1981512605042,63.6,True,52.397300420168065,Medium,Pune,Treatment,0.15,Off-Peak Incentive,0.35,0.3772,False,0,45,0.0
CUST03220,Routine_Commuter,134,43,0.3208955223880597,1977.43,14.756940298507462,63.7,True,52.39332089552239,Medium,Bengaluru,Control,0.0,No Incentive,0.35,0.37739999999999996,False,0,43,0.0
CUST00100,Routine_Commuter,125,39,0.312,2450.81,19.60648,67.7,True,52.38875,Medium,Kochi,Control,0.0,No Incentive,0.35,0.38539999999999996,False,0,39,0.0
CUST05853,Routine_Commuter,133,41,0.3082706766917293,2245.94,16.886766917293233,65.3,True,52.387077067669175,Medium,Mumbai,Treatment,0.15,Off-Peak Incentive,0.35,0.3806,False,0,41,0.0
CUST00460,Routine_Commuter,123,40,0.3252032520325203,3157.0,25.666666666666668,67.2,True,52.38563008130082,Medium,Kolkata,Control,0.0,No Incentive,0.35,0.38439999999999996,False,0,40,0.0
CUST03516,Routine_Commuter,126,39,0.3095238095238095,2910.65,23.100396825396825,67.6,True,52.38345238095238,Medium,Bengaluru,Treatment,0.15,Off-Peak Incentive,0.35,0.3852,False,0,39,0.0
CUST06709,Routine_Commuter,128,41,0.3203125,3055.42,23.87046875,65.8,True,52.38125,Medium,Lucknow,Control,0.0,No Incentive,0.35,0.3816,False,0,41,0.0
CUST07818,Convenience_First,127,39,0.3070866141732283,3932.04,30.960944881889763,67.5,True,52.38096456692914,Medium,Ahmedabad,Control,0.0,No Incentive,0.2,0.23500000000000001,False,0,39,0.0
CUST03493,Routine_Commuter,127,39,0.3070866141732283,3815.79,30.045590551181103,67.5,True,52.38096456692914,Medium,Mumbai,Control,0.0,No Incentive,0.35,0.38499999999999995,False,0,39,0.0
CUST07575,Routine_Commuter,123,38,0.3089430894308943,2458.7,19.989430894308946,68.8,True,52.37522357723577,Medium,Ahmedabad,Treatment,0.15,Off-Peak Incentive,0.35,0.38759999999999994,False,0,38,0.0
CUST07671,Routine_Commuter,127,41,0.3228346456692913,3252.76,25.612283464566932,65.9,True,52.370885826771655,Medium,Delhi NCR,Treatment,0.15,Off-Peak Incentive,0.35,0.3818,True,24,17,0.5853658536585366
CUST06770,Price_Sensitive,124,39,0.314516129032258,2480.34,20.002741935483872,67.8,True,52.36814516129033,Medium,Bengaluru,Treatment,0.15,Off-Peak Incentive,0.3,0.3356,True,23,16,0.5897435897435898
CUST04000,Routine_Commuter,133,42,0.3157894736842105,2319.2,17.437593984962405,64.5,True,52.36782894736842,Medium,Pune,Treatment,0.15,Off-Peak Incentive,0.35,0.379,True,24,18,0.5714285714285714
CUST02056,Routine_Commuter,129,40,0.3100775193798449,4067.52,31.531162790697675,66.4,True,52.3618507751938,Medium,Mumbai,Treatment,0.15,Off-Peak Incentive,0.35,0.3828,True,23,17,0.575
CUST01583,Price_Sensitive,127,44,0.3464566929133858,2107.37,16.593464566929132,63.5,True,52.35576771653544,Medium,Ahmedabad,Treatment,0.15,Off-Peak Incentive,0.3,0.327,False,0,44,0.0
CUST03922,Routine_Commuter,130,42,0.3230769230769231,3677.25,28.286538461538463,64.7,True,52.35182692307693,Medium,Bengaluru,Control,0.0,No Incentive,0.35,0.37939999999999996,False,0,42,0.0
CUST01496,Routine_Commuter,125,38,0.304,3040.94,24.32752,68.4,True,52.34875,Medium,Delhi NCR,Treatment,0.15,Off-Peak Incentive,0.35,0.3868,False,0,38,0.0
CUST00835,Price_Sensitive,125,38,0.304,1955.56,15.64448,68.4,True,52.34875,Medium,Delhi NCR,Treatment,0.15,Off-Peak Incentive,0.3,0.3368,True,22,16,0.5789473684210527
CUST01349,Convenience_First,125,42,0.336,3243.66,25.94928,65.2,True,52.34875,Medium,Pune,Control,0.0,No Incentive,0.2,0.23040000000000002,False,0,42,0.0
CUST03473,Routine_Commuter,128,41,0.3203125,3557.16,27.7903125,65.7,True,52.34125,Medium,Bengaluru,Control,0.0,No Incentive,0.35,0.38139999999999996,False,0,41,0.0
CUST04014,Routine_Commuter,128,41,0.3203125,2924.63,22.848671875,65.7,True,52.34125,Medium,Kochi,Control,0.0,No Incentive,0.35,0.38139999999999996,False,0,41,0.0
CUST05810,Convenience_First,124,44,0.3548387096774194,2327.77,18.77233870967742,63.7,True,52.341048387096784,Medium,Mumbai,Control,0.0,No Incentive,0.2,0.22740000000000002,False,0,44,0.0
CUST07059,Routine_Commuter,124,43,0.3467741935483871,4310.72,34.76387096774194,64.5,True,52.33846774193549,Medium,Chennai,Control,0.0,No Incentive,0.35,0.379,False,0,43,0.0
CUST01288,Routine_Commuter,123,46,0.3739837398373983,4354.39,35.40154471544716,62.2,True,52.33684959349594,Medium,Chennai,Control,0.0,No Incentive,0.35,0.37439999999999996,False,0,46,0.0
CUST01047,Routine_Commuter,130,40,0.3076923076923077,2397.37,18.441307692307692,66.2,True,52.33644230769231,Medium,Chandigarh,Control,0.0,No Incentive,0.35,0.38239999999999996,False,0,40,0.0
CUST05825,Price_Sensitive,124,41,0.3306451612903225,3097.28,24.97806451612903,66.1,True,52.3333064516129,Medium,Bengaluru,Control,0.0,No Incentive,0.3,0.3322,False,0,41,0.0
CUST02627,Routine_Commuter,127,41,0.3228346456692913,3122.03,24.582913385826775,65.8,True,52.33088582677165,Medium,Chennai,Treatment,0.15,Off-Peak Incentive,0.35,0.3816,True,24,17,0.5853658536585366
CUST01114,Routine_Commuter,127,42,0.3307086614173228,2681.81,21.116614173228346,65.0,True,52.325846456692915,Medium,Kochi,Treatment,0.15,Off-Peak Incentive,0.35,0.38,False,0,42,0.0
CUST01375,Routine_Commuter,128,40,0.3125,4053.7,31.66953125,66.4,True,52.30875,Medium,Chandigarh,Treatment,0.15,Off-Peak Incentive,0.35,0.3828,True,23,17,0.575
CUST04841,Routine_Commuter,124,45,0.3629032258064516,2566.13,20.69459677419355,62.8,True,52.30362903225807,Medium,Ahmedabad,Treatment,0.15,Off-Peak Incentive,0.35,0.3756,False,0,45,0.0
CUST02312,Price_Sensitive,121,40,0.3305785123966942,3237.77,26.75842975206611,67.4,True,52.301890495867774,Medium,Hyderabad,Control,0.0,No Incentive,0.3,0.3348,False,0,40,0.0
CUST07257,Routine_Commuter,127,39,0.3070866141732283,1625.1,12.796062992125984,67.3,True,52.30096456692914,Medium,Chennai,Treatment,0.15,Off-Peak Incentive,0.35,0.38459999999999994,True,23,16,0.5897435897435898
CUST07092,Routine_Commuter,126,40,0.3174603174603174,3717.01,29.50007936507936,66.6,True,52.300912698412695,Medium,Lucknow,Treatment,0.15,Off-Peak Incentive,0.35,0.3832,True,23,17,0.575
CUST05830,Routine_Commuter,122,44,0.360655737704918,3079.83,25.24450819672131,63.9,True,52.29872950819672,Medium,Delhi NCR,Treatment,0.15,Off-Peak Incentive,0.35,0.37779999999999997,True,25,19,0.5681818181818182
CUST06139,Routine_Commuter,124,43,0.3467741935483871,3576.26,28.840806451612902,64.4,True,52.2984677419355,Medium,Chandigarh,Control,0.0,No Incentive,0.35,0.37879999999999997,False,0,43,0.0
CUST00473,Price_Sensitive,123,43,0.3495934959349593,2108.49,17.142195121951218,64.5,True,52.281239837398374,Medium,Kochi,Treatment,0.15,Off-Peak Incentive,0.3,0.32899999999999996,False,0,43,0.0
CUST05145,Routine_Commuter,117,44,0.376068376068376,2981.77,25.485213675213675,64.3,True,52.27523504273504,Medium,Bengaluru,Control,0.0,No Incentive,0.35,0.3786,False,0,44,0.0
CUST02602,Routine_Commuter,121,44,0.3636363636363636,2771.91,22.908347107438015,64.0,True,52.26420454545455,Medium,Kochi,Control,0.0,No Incentive,0.35,0.378,False,0,44,0.0
CUST06264,Routine_Commuter,130,40,0.3076923076923077,1899.98,14.61523076923077,66.0,True,52.25644230769231,Medium,Mumbai,Treatment,0.15,Off-Peak Incentive,0.35,0.382,True,23,17,0.575
CUST00988,Convenience_First,127,40,0.3149606299212598,3855.81,30.360708661417323,66.4,True,52.2559251968504,Medium,Kolkata,Control,0.0,No Incentive,0.2,0.23280000000000003,False,0,40,0.0
CUST01935,Price_Sensitive,124,42,0.3387096774193548,3080.6,24.843548387096774,65.1,True,52.255887096774195,Medium,Pune,Treatment,0.15,Off-Peak Incentive,0.3,0.3302,False,0,42,0.0
CUST01021,Price_Sensitive,123,38,0.3089430894308943,3154.66,25.64764227642276,68.5,True,52.25522357723578,Medium,Delhi NCR,Treatment,0.15,Off-Peak Incentive,0.3,0.33699999999999997,True,23,15,0.6052631578947368
CUST01236,Price_Sensitive,124,39,0.314516129032258,2016.52,16.26225806451613,67.5,True,52.24814516129032,Medium,Lucknow,Control,0.0,No Incentive,0.3,0.33499999999999996,False,0,39,0.0
CUST07958,Price_Sensitive,122,42,0.3442622950819672,1372.54,11.25032786885246,65.4,True,52.24299180327869,Medium,Chennai,Control,0.0,No Incentive,0.3,0.3308,False,0,42,0.0
CUST03945,Price_Sensitive,125,38,0.304,2543.46,20.34768,68.1,True,52.22875,Medium,Kochi,Treatment,0.15,Off-Peak Incentive,0.3,0.3362,True,22,16,0.5789473684210527
CUST03081,Routine_Commuter,125,43,0.344,3262.43,26.09944,64.1,True,52.22875,Medium,Pune,Control,0.0,No Incentive,0.35,0.3782,False,0,43,0.0
CUST06855,Routine_Commuter,124,45,0.3629032258064516,2980.7,24.03790322580645,62.6,True,52.223629032258074,Medium,Delhi NCR,Treatment,0.15,Off-Peak Incentive,0.35,0.3752,False,0,45,0.0
CUST06886,Convenience_First,119,44,0.3697478991596639,2525.99,21.226806722689073,64.0,True,52.221165966386565,Medium,Lucknow,Control,0.0,No Incentive,0.2,0.228,False,0,44,0.0
CUST00999,Routine_Commuter,127,39,0.3070866141732283,4664.51,36.728425196850395,67.1,True,52.220964566929126,Medium,Jaipur,Control,0.0,No Incentive,0.35,0.3842,False,0,39,0.0
CUST02437,Price_Sensitive,132,40,0.303030303030303,4342.73,32.899469696969696,65.7,True,52.21746212121212,Medium,Jaipur,Control,0.0,No Incentive,0.3,0.3314,False,0,40,0.0
CUST07920,Price_Sensitive,123,38,0.3089430894308943,2843.13,23.11487804878049,68.4,True,52.215223577235776,Medium,Mumbai,Control,0.0,No Incentive,0.3,0.3368,False,0,38,0.0
CUST06118,Convenience_First,127,41,0.3228346456692913,3773.37,29.71157480314961,65.5,True,52.21088582677166,Medium,Bengaluru,Treatment,0.15,Off-Peak Incentive,0.2,0.231,True,24,17,0.5853658536585366
CUST06026,Routine_Commuter,124,40,0.3225806451612903,4814.49,38.82653225806452,66.6,True,52.21072580645162,Medium,Pune,Control,0.0,No Incentive,0.35,0.3832,False,0,40,0.0
CUST05776,Price_Sensitive,124,39,0.314516129032258,2032.4,16.39032258064516,67.4,True,52.20814516129033,Medium,Mumbai,Control,0.0,No Incentive,0.3,0.3348,False,0,39,0.0
CUST01166,Routine_Commuter,123,44,0.3577235772357723,1791.93,14.568536585365852,63.5,True,52.2064430894309,Medium,Delhi NCR,Control,0.0,No Incentive,0.35,0.377,False,0,44,0.0
CUST07272,Routine_Commuter,127,42,0.3307086614173228,4201.01,33.078818897637795,64.7,True,52.20584645669291,Medium,Delhi NCR,Treatment,0.15,Off-Peak Incentive,0.35,0.37939999999999996,True,24,18,0.5714285714285714
CUST00889,Routine_Commuter,120,42,0.35,4241.74,35.347833333333334,65.6,True,52.205,Medium,Kolkata,Treatment,0.15,Off-Peak Incentive,0.35,0.3812,False,0,42,0.0
CUST00964,Routine_Commuter,121,42,0.3471074380165289,3306.01,27.322396694214877,65.5,True,52.20304752066116,Medium,Delhi NCR,Treatment,0.15,Off-Peak Incentive,0.35,0.381,False,0,42,0.0
CUST07923,Routine_Commuter,128,39,0.3046875,3250.03,25.390859375,66.9,True,52.196250000000006,Medium,Bengaluru,Treatment,0.15,Off-Peak Incentive,0.35,0.3838,True,23,16,0.5897435897435898
CUST03368,Convenience_First,122,41,0.3360655737704918,2730.0,22.37704918032787,66.1,True,52.195122950819666,Medium,Hyderabad,Treatment,0.15,Off-Peak Incentive,0.2,0.23220000000000002,True,24,17,0.5853658536585366
CUST04811,Routine_Commuter,129,41,0.3178294573643411,3640.22,28.21875968992248,65.2,True,52.19192829457365,Medium,Kolkata,Treatment,0.15,Off-Peak Incentive,0.35,0.38039999999999996,False,0,41,0.0
CUST01171,Price_Sensitive,129,42,0.3255813953488372,2161.14,16.753023255813954,64.4,True,52.18200581395349,Medium,Mumbai,Control,0.0,No Incentive,0.3,0.3288,False,0,42,0.0
CUST04711,Routine_Commuter,117,47,0.4017094017094017,1962.97,16.777521367521366,61.5,True,52.18087606837607,Medium,Chandigarh,Treatment,0.15,Off-Peak Incentive,0.35,0.373,False,0,47,0.0
CUST00548,Routine_Commuter,113,47,0.415929203539823,3375.96,29.87575221238938,61.7,True,52.17841814159292,Medium,Delhi NCR,Control,0.0,No Incentive,0.35,0.3734,False,0,47,0.0
CUST05358,Price_Sensitive,114,47,0.4122807017543859,2556.08,22.421754385964913,61.6,True,52.17747807017544,Medium,Pune,Control,0.0,No Incentive,0.3,0.3232,False,0,47,0.0
CUST02723,Routine_Commuter,119,41,0.3445378151260504,2315.85,19.460924369747897,66.4,True,52.172762605042024,Medium,Hyderabad,Control,0.0,No Incentive,0.35,0.3828,False,0,41,0.0
CUST01475,Price_Sensitive,118,47,0.3983050847457627,1907.83,16.168050847457625,61.4,True,52.16970338983051,Medium,Mumbai,Treatment,0.15,Off-Peak Incentive,0.3,0.3228,False,0,47,0.0
CUST06475,Routine_Commuter,120,42,0.35,3684.42,30.7035,65.5,True,52.165000000000006,Medium,Delhi NCR,Treatment,0.15,Off-Peak Incentive,0.35,0.381,False,0,42,0.0
CUST04171,Routine_Commuter,119,38,0.3193277310924369,2245.62,18.87075630252101,68.9,True,52.16435924369747,Medium,Ahmedabad,Control,0.0,No Incentive,0.35,0.3878,False,0,38,0.0
CUST01631,Routine_Commuter,122,42,0.3442622950819672,2947.35,24.15860655737705,65.2,True,52.162991803278686,Medium,Lucknow,Control,0.0,No Incentive,0.35,0.38039999999999996,False,0,42,0.0
CUST05663,Routine_Commuter,128,39,0.3046875,4813.84,37.608125,66.8,True,52.15625,Medium,Hyderabad,Treatment,0.15,Off-Peak Incentive,0.35,0.3836,False,0,39,0.0
CUST05525,Price_Sensitive,116,40,0.3448275862068966,2351.83,20.274396551724134,67.5,True,52.153103448275864,Medium,Ahmedabad,Control,0.0,No Incentive,0.3,0.33499999999999996,False,0,40,0.0
CUST06617,Routine_Commuter,123,41,0.3333333333333333,2503.1,20.35040650406504,65.8,True,52.15083333333334,Medium,Pune,Control,0.0,No Incentive,0.35,0.3816,False,0,41,0.0
CUST06961,Price_Sensitive,125,42,0.336,2532.65,20.2612,64.7,True,52.14875000000001,Medium,Bengaluru,Control,0.0,No Incentive,0.3,0.32939999999999997,False,0,42,0.0
CUST05326,Routine_Commuter,122,40,0.3278688524590163,3889.56,31.881639344262293,66.8,True,52.14725409836065,Medium,Jaipur,Treatment,0.15,Off-Peak Incentive,0.35,0.3836,False,0,40,0.0
CUST01544,Price_Sensitive,122,39,0.319672131147541,3323.04,27.238032786885245,67.6,True,52.13938524590164,Medium,Pune,Control,0.0,No Incentive,0.3,0.3352,False,0,39,0.0
CUST03012,Routine_Commuter,126,41,0.3253968253968254,3558.64,28.2431746031746,65.4,True,52.13837301587302,Medium,Delhi NCR,Treatment,0.15,Off-Peak Incentive,0.35,0.38079999999999997,True,24,17,0.5853658536585366
CUST07569,Routine_Commuter,115,42,0.3652173913043478,1900.64,16.52730434782609,65.8,True,52.13619565217391,Medium,Lucknow,Control,0.0,No Incentive,0.35,0.3816,False,0,42,0.0
CUST04771,Price_Sensitive,123,38,0.3089430894308943,2073.76,16.859837398373987,68.2,True,52.13522357723578,Medium,Hyderabad,Treatment,0.15,Off-Peak Incentive,0.3,0.3364,False,0,38,0.0
CUST04900,Routine_Commuter,124,40,0.3225806451612903,2340.13,18.872016129032257,66.4,True,52.13072580645162,Medium,Ahmedabad,Treatment,0.15,Off-Peak Incentive,0.35,0.3828,False,0,40,0.0
CUST00977,Price_Sensitive,116,39,0.3362068965517241,2154.2,18.570689655172412,68.3,True,52.12827586206896,Medium,Kolkata,Control,0.0,No Incentive,0.3,0.3366,False,0,39,0.0
CUST03944,Convenience_First,118,44,0.3728813559322034,2593.11,21.975508474576273,63.8,True,52.11275423728814,Medium,Mumbai,Treatment,0.15,Off-Peak Incentive,0.2,0.22760000000000002,False,0,44,0.0
CUST04685,Price_Sensitive,125,40,0.32,3018.76,24.150080000000003,66.2,True,52.10875,Medium,Kolkata,Treatment,0.15,Off-Peak Incentive,0.3,0.3324,False,0,40,0.0
CUST06902,Routine_Commuter,125,39,0.312,4209.9,33.679199999999994,67.0,True,52.10875,Medium,Bengaluru,Treatment,0.15,Off-Peak Incentive,0.35,0.384,True,23,16,0.5897435897435898
CUST06560,Routine_Commuter,124,43,0.3467741935483871,2560.18,20.646612903225805,63.9,True,52.098467741935494,Medium,Mumbai,Treatment,0.15,Off-Peak Incentive,0.35,0.37779999999999997,False,0,43,0.0
CUST05728,Routine_Commuter,124,41,0.3306451612903225,2821.64,22.75516129032258,65.5,True,52.093306451612904,Medium,Ahmedabad,Treatment,0.15,Off-Peak Incentive,0.35,0.381,False,0,41,0.0
CUST05251,Routine_Commuter,124,39,0.314516129032258,2462.11,19.855725806451613,67.1,True,52.08814516129033,Medium,Mumbai,Treatment,0.15,Off-Peak Incentive,0.35,0.3842,False,0,39,0.0
CUST01818,Routine_Commuter,127,42,0.3307086614173228,5654.73,44.525433070866136,64.4,True,52.08584645669292,Medium,Chandigarh,Control,0.0,No Incentive,0.35,0.37879999999999997,False,0,42,0.0
CUST06303,Routine_Commuter,129,40,0.3100775193798449,3455.1,26.78372093023256,65.7,True,52.0818507751938,Medium,Bengaluru,Control,0.0,No Incentive,0.35,0.38139999999999996,False,0,40,0.0
CUST01302,Routine_Commuter,117,44,0.376068376068376,3579.62,30.595042735042735,63.8,True,52.075235042735045,Medium,Mumbai,Treatment,0.15,Off-Peak Incentive,0.35,0.3776,False,0,44,0.0
CUST01113,Routine_Commuter,121,41,0.3388429752066115,3496.02,28.89272727272727,66.0,True,52.07246900826446,Medium,Hyderabad,Control,0.0,No Incentive,0.35,0.382,False,0,41,0.0
CUST01052,Routine_Commuter,117,42,0.358974358974359,3198.63,27.33871794871795,65.5,True,52.07147435897436,Medium,Chandigarh,Treatment,0.15,Off-Peak Incentive,0.35,0.381,False,0,42,0.0
CUST07307,Convenience_First,128,40,0.3125,2812.67,21.973984375,65.8,True,52.06875,Medium,Jaipur,Control,0.0,No Incentive,0.2,0.2316,False,0,40,0.0
CUST07874,Routine_Commuter,133,41,0.3082706766917293,3928.64,29.538646616541353,64.5,True,52.067077067669175,Medium,Pune,Treatment,0.15,Off-Peak Incentive,0.35,0.379,True,23,18,0.5609756097560976
CUST02943,Routine_Commuter,124,45,0.3629032258064516,3407.97,27.48362903225806,62.2,True,52.06362903225807,Medium,Chandigarh,Control,0.0,No Incentive,0.35,0.37439999999999996,False,0,45,0.0
CUST07506,Routine_Commuter,128,41,0.3203125,1524.29,11.908515625,65.0,True,52.06125,Medium,Mumbai,Treatment,0.15,Off-Peak Incentive,0.35,0.38,False,0,41,0.0
CUST06242,Routine_Commuter,123,39,0.3170731707317073,2691.31,21.880569105691055,67.2,True,52.060426829268295,Medium,Bengaluru,Control,0.0,No Incentive,0.35,0.38439999999999996,False,0,39,0.0
CUST01149,Routine_Commuter,129,39,0.3023255813953488,3732.56,28.934573643410857,66.4,True,52.05177325581395,Medium,Hyderabad,Treatment,0.15,Off-Peak Incentive,0.35,0.3828,False,0,39,0.0
CUST03474,Routine_Commuter,118,45,0.3813559322033898,2303.99,19.525338983050844,62.8,True,52.0517372881356,Medium,Delhi NCR,Control,0.0,No Incentive,0.35,0.3756,False,0,45,0.0
CUST07305,Routine_Commuter,122,43,0.3524590163934426,3063.55,25.111065573770492,64.1,True,52.05086065573771,Medium,Bengaluru,Treatment,0.15,Off-Peak Incentive,0.35,0.3782,False,0,43,0.0
CUST00995,Price_Sensitive,121,42,0.3471074380165289,2727.7,22.54297520661157,65.1,True,52.043047520661155,Medium,Delhi NCR,Control,0.0,No Incentive,0.3,0.3302,False,0,42,0.0
CUST01295,Routine_Commuter,121,42,0.3471074380165289,2246.39,18.565206611570247,65.1,True,52.043047520661155,Medium,Mumbai,Control,0.0,No Incentive,0.35,0.3802,False,0,42,0.0
CUST04199,Routine_Commuter,123,43,0.3495934959349593,5103.13,41.48886178861789,63.9,True,52.04123983739838,Medium,Lucknow,Control,0.0,No Incentive,0.35,0.37779999999999997,False,0,43,0.0
CUST02431,Routine_Commuter,125,38,0.304,2632.2,21.057599999999997,67.6,True,52.02875,Medium,Ahmedabad,Control,0.0,No Incentive,0.35,0.3852,False,0,38,0.0
CUST05208,Routine_Commuter,122,40,0.3278688524590163,1789.1,14.664754098360657,66.5,True,52.02725409836066,Medium,Kochi,Control,0.0,No Incentive,0.35,0.383,False,0,40,0.0
CUST04092,Price_Sensitive,123,40,0.3252032520325203,2403.7,19.542276422764225,66.3,True,52.02563008130082,Medium,Chennai,Treatment,0.15,Off-Peak Incentive,0.3,0.3326,False,0,40,0.0
CUST00806,Price_Sensitive,123,39,0.3170731707317073,2578.08,20.96,67.1,True,52.020426829268295,Medium,Chennai,Treatment,0.15,Off-Peak Incentive,0.3,0.3342,False,0,39,0.0
CUST01599,Convenience_First,120,39,0.325,3392.59,28.271583333333336,67.6,True,52.004999999999995,Medium,Ahmedabad,Treatment,0.15,Off-Peak Incentive,0.2,0.2352,False,0,39,0.0
CUST01576,Price_Sensitive,122,42,0.3442622950819672,2987.68,24.48918032786885,64.8,True,52.00299180327869,Medium,Kolkata,Treatment,0.15,Off-Peak Incentive,0.3,0.3296,False,0,42,0.0
CUST01568,Routine_Commuter,113,44,0.3893805309734513,2995.63,26.51,63.9,True,51.99647123893806,Medium,Jaipur,Control,0.0,No Incentive,0.35,0.37779999999999997,False,0,44,0.0
CUST04451,Price_Sensitive,117,42,0.358974358974359,2247.87,19.2125641025641,65.3,True,51.991474358974365,Medium,Jaipur,Control,0.0,No Incentive,0.3,0.3306,False,0,42,0.0
CUST06843,Routine_Commuter,122,39,0.319672131147541,3309.43,27.126475409836065,67.2,True,51.979385245901646,Medium,Kochi,Control,0.0,No Incentive,0.35,0.38439999999999996,False,0,39,0.0
CUST05345,Routine_Commuter,122,39,0.319672131147541,2464.06,20.1972131147541,67.2,True,51.979385245901646,Medium,Ahmedabad,Control,0.0,No Incentive,0.35,0.38439999999999996,False,0,39,0.0
CUST06109,Routine_Commuter,122,44,0.360655737704918,3277.59,26.86549180327869,63.1,True,51.97872950819672,Medium,Ahmedabad,Control,0.0,No Incentive,0.35,0.3762,False,0,44,0.0
CUST01370,Routine_Commuter,124,43,0.3467741935483871,2370.28,19.115161290322582,63.6,True,51.97846774193549,Medium,Bengaluru,Control,0.0,No Incentive,0.35,0.3772,False,0,43,0.0
CUST02880,Routine_Commuter,105,47,0.4476190476190476,2440.04,23.23847619047619,61.8,True,51.9772619047619,Medium,Jaipur,Control,0.0,No Incentive,0.35,0.3736,False,0,47,0.0
CUST07888,Routine_Commuter,121,43,0.3553719008264462,2616.72,21.625785123966946,64.1,True,51.97362603305785,Medium,Kolkata,Treatment,0.15,Off-Peak Incentive,0.35,0.3782,True,25,18,0.5813953488372093
CUST05898,Routine_Commuter,120,42,0.35,4147.63,34.563583333333334,65.0,True,51.965,Medium,Bengaluru,Control,0.0,No Incentive,0.35,0.38,False,0,42,0.0
CUST00447,Routine_Commuter,129,44,0.3410852713178294,3261.13,25.280077519379844,62.3,True,51.962160852713176,Medium,Bengaluru,Control,0.0,No Incentive,0.35,0.3746,False,0,44,0.0
CUST04691,Price_Sensitive,116,45,0.3879310344827586,3110.57,26.815258620689654,62.7,True,51.95724137931035,Medium,Pune,Treatment,0.15,Off-Peak Incentive,0.3,0.3254,False,0,45,0.0
CUST07232,Price_Sensitive,125,40,0.32,3842.97,30.74376,65.8,True,51.94875,Medium,Chennai,Treatment,0.15,Off-Peak Incentive,0.3,0.3316,False,0,40,0.0
CUST00221,Routine_Commuter,116,43,0.3706896551724138,1168.55,10.073706896551723,64.4,True,51.94758620689656,Medium,Lucknow,Control,0.0,No Incentive,0.35,0.37879999999999997,False,0,43,0.0
CUST02928,Price_Sensitive,123,40,0.3252032520325203,3123.28,25.392520325203257,66.1,True,51.94563008130081,Medium,Bengaluru,Control,0.0,No Incentive,0.3,0.3322,False,0,40,0.0
CUST03641,Routine_Commuter,120,40,0.3333333333333333,3162.47,26.353916666666667,66.6,True,51.93833333333333,Medium,Chennai,Control,0.0,No Incentive,0.35,0.3832,False,0,40,0.0
CUST03307,Routine_Commuter,120,43,0.3583333333333333,2241.28,18.677333333333333,64.1,True,51.93833333333333,Medium,Ahmedabad,Control,0.0,No Incentive,0.35,0.3782,False,0,43,0.0
CUST02349,Routine_Commuter,119,41,0.3445378151260504,2341.51,19.67655462184874,65.8,True,51.932762605042015,Medium,Mumbai,Treatment,0.15,Off-Peak Incentive,0.35,0.3816,False,0,41,0.0
CUST00576,Routine_Commuter,121,39,0.3223140495867768,3822.33,31.589504132231404,67.3,True,51.93131198347107,Medium,Ahmedabad,Treatment,0.15,Off-Peak Incentive,0.35,0.38459999999999994,False,0,39,0.0
CUST07485,Routine_Commuter,127,41,0.3228346456692913,3356.35,26.427952755905512,64.8,True,51.93088582677166,Medium,Hyderabad,Control,0.0,No Incentive,0.35,0.3796,False,0,41,0.0
CUST03430,Routine_Commuter,124,38,0.3064516129032258,4665.5,37.625,67.5,True,51.92556451612904,Medium,Pune,Control,0.0,No Incentive,0.35,0.38499999999999995,False,0,38,0.0
CUST05664,Convenience_First,120,44,0.3666666666666666,3283.68,27.363999999999997,63.2,True,51.91166666666666,Medium,Lucknow,Control,0.0,No Incentive,0.2,0.22640000000000002,False,0,44,0.0
CUST03609,Routine_Commuter,125,41,0.328,2852.85,22.8228,64.9,True,51.908750000000005,Medium,Delhi NCR,Control,0.0,No Incentive,0.35,0.37979999999999997,False,0,41,0.0
CUST06198,Price_Sensitive,131,40,0.3053435114503817,3030.67,23.134885496183205,65.0,True,51.90874045801527,Medium,Delhi NCR,Treatment,0.15,Off-Peak Incentive,0.3,0.32999999999999996,True,23,17,0.575
CUST04748,Price_Sensitive,122,40,0.3278688524590163,1542.79,12.645819672131148,66.2,True,51.90725409836065,Medium,Kochi,Control,0.0,No Incentive,0.3,0.3324,False,0,40,0.0
CUST02828,Routine_Commuter,124,46,0.3709677419354839,3293.14,26.557580645161288,61.0,True,51.90620967741936,Medium,Kolkata,Treatment,0.15,Off-Peak Incentive,0.35,0.372,False,0,46,0.0
CUST06003,Routine_Commuter,121,44,0.3636363636363636,2996.01,24.760413223140493,63.1,True,51.90420454545455,Medium,Hyderabad,Treatment,0.15,Off-Peak Incentive,0.35,0.3762,False,0,44,0.0
CUST04296,Routine_Commuter,116,46,0.396551724137931,2671.94,23.03396551724138,61.7,True,51.902068965517245,Medium,Ahmedabad,Treatment,0.15,Off-Peak Incentive,0.35,0.3734,False,0,46,0.0
CUST05485,Routine_Commuter,122,44,0.360655737704918,2458.66,20.15295081967213,62.9,True,51.89872950819672,Medium,Delhi NCR,Treatment,0.15,Off-Peak Incentive,0.35,0.37579999999999997,True,25,19,0.5681818181818182
CUST05811,Routine_Commuter,121,43,0.3553719008264462,1305.25,10.787190082644628,63.9,True,51.89362603305785,Medium,Ahmedabad,Control,0.0,No Incentive,0.35,0.37779999999999997,False,0,43,0.0
CUST01032,Price_Sensitive,117,39,0.3333333333333333,3202.51,27.371880341880345,67.6,True,51.88583333333334,Medium,Pune,Treatment,0.15,Off-Peak Incentive,0.3,0.3352,False,0,39,0.0
CUST04118,Price_Sensitive,120,39,0.325,2580.02,21.500166666666665,67.3,True,51.885000000000005,Medium,Bengaluru,Treatment,0.15,Off-Peak Incentive,0.3,0.3346,True,23,16,0.5897435897435898
CUST07876,Price_Sensitive,123,41,0.3333333333333333,3249.9,26.421951219512195,65.1,True,51.87083333333334,Medium,Pune,Control,0.0,No Incentive,0.3,0.3302,False,0,41,0.0
CUST01168,Price_Sensitive,121,37,0.3057851239669421,2941.67,24.311322314049587,68.8,True,51.87015495867768,Medium,Ahmedabad,Control,0.0,No Incentive,0.3,0.3376,False,0,37,0.0
CUST01159,Price_Sensitive,119,42,0.3529411764705882,2848.51,23.937058823529412,64.8,True,51.868897058823535,Medium,Hyderabad,Treatment,0.15,Off-Peak Incentive,0.3,0.3296,False,0,42,0.0
CUST02990,Price_Sensitive,125,38,0.304,2515.62,20.12496,67.2,True,51.868750000000006,Medium,Kolkata,Treatment,0.15,Off-Peak Incentive,0.3,0.3344,False,0,38,0.0
CUST03588,Routine_Commuter,123,40,0.3252032520325203,2969.59,24.143008130081306,65.9,True,51.86563008130082,Medium,Pune,Treatment,0.15,Off-Peak Incentive,0.35,0.3818,True,23,17,0.575
CUST07913,Price_Sensitive,121,44,0.3636363636363636,2364.49,19.541239669421486,63.0,True,51.86420454545455,Medium,Ahmedabad,Control,0.0,No Incentive,0.3,0.326,False,0,44,0.0
CUST07422,Routine_Commuter,121,44,0.3636363636363636,1857.81,15.353801652892562,63.0,True,51.86420454545455,Medium,Pune,Treatment,0.15,Off-Peak Incentive,0.35,0.376,False,0,44,0.0
CUST01577,Routine_Commuter,122,39,0.319672131147541,2034.75,16.67827868852459,66.9,True,51.85938524590165,Medium,Delhi NCR,Treatment,0.15,Off-Peak Incentive,0.35,0.3838,False,0,39,0.0
CUST01200,Routine_Commuter,124,41,0.3306451612903225,3214.42,25.92274193548387,64.9,True,51.85330645161291,Medium,Chandigarh,Treatment,0.15,Off-Peak Incentive,0.35,0.37979999999999997,False,0,41,0.0
CUST03714,Routine_Commuter,127,43,0.3385826771653543,2478.64,19.516850393700786,63.0,True,51.84080708661418,Medium,Mumbai,Control,0.0,No Incentive,0.35,0.376,False,0,43,0.0
CUST02334,Routine_Commuter,123,42,0.3414634146341463,2133.25,17.34349593495935,64.2,True,51.83603658536586,Medium,Chennai,Treatment,0.15,Off-Peak Incentive,0.35,0.37839999999999996,True,24,18,0.5714285714285714
CUST06238,Price_Sensitive,122,41,0.3360655737704918,2653.98,21.75393442622951,65.2,True,51.835122950819674,Medium,Kolkata,Control,0.0,No Incentive,0.3,0.33039999999999997,False,0,41,0.0
CUST02520,Routine_Commuter,120,38,0.3166666666666666,3318.93,27.65775,68.0,True,51.83166666666666,Medium,Ahmedabad,Treatment,0.15,Off-Peak Incentive,0.35,0.38599999999999995,False,0,38,0.0
CUST07556,Price_Sensitive,117,42,0.358974358974359,914.63,7.817350427350427,64.9,True,51.83147435897437,Medium,Bengaluru,Control,0.0,No Incentive,0.3,0.3298,False,0,42,0.0
CUST06819,Routine_Commuter,123,41,0.3333333333333333,2753.17,22.38349593495935,65.0,True,51.83083333333333,Medium,Pune,Treatment,0.15,Off-Peak Incentive,0.35,0.38,True,24,17,0.5853658536585366
CUST04502,Routine_Commuter,122,40,0.3278688524590163,2536.5,20.790983606557376,66.0,True,51.827254098360655,Medium,Delhi NCR,Treatment,0.15,Off-Peak Incentive,0.35,0.382,False,0,40,0.0
CUST04941,Routine_Commuter,121,44,0.3636363636363636,1722.58,14.236198347107438,62.9,True,51.82420454545454,Medium,Kolkata,Treatment,0.15,Off-Peak Incentive,0.35,0.37579999999999997,False,0,44,0.0
CUST03280,Price_Sensitive,123,39,0.3170731707317073,2255.5,18.33739837398374,66.6,True,51.8204268292683,Medium,Lucknow,Control,0.0,No Incentive,0.3,0.3332,False,0,39,0.0
CUST05475,Routine_Commuter,127,40,0.3149606299212598,3362.08,26.473070866141732,65.3,True,51.81592519685039,Medium,Bengaluru,Control,0.0,No Incentive,0.35,0.3806,False,0,40,0.0
CUST07994,Routine_Commuter,120,45,0.375,3268.59,27.23825,62.1,True,51.80500000000001,Medium,Lucknow,Treatment,0.15,Off-Peak Incentive,0.35,0.3742,True,25,20,0.5555555555555556
CUST05398,Routine_Commuter,119,45,0.3781512605042016,2179.35,18.313865546218487,62.1,True,51.79730042016807,Medium,Mumbai,Treatment,0.15,Off-Peak Incentive,0.35,0.3742,False,0,45,0.0
CUST05446,Routine_Commuter,118,42,0.3559322033898305,3077.95,26.084322033898303,64.7,True,51.79478813559323,Medium,Kochi,Control,0.0,No Incentive,0.35,0.37939999999999996,False,0,42,0.0
CUST06727,Price_Sensitive,125,41,0.328,1872.14,14.97712,64.6,True,51.78875,Medium,Ahmedabad,Control,0.0,No Incentive,0.3,0.3292,False,0,41,0.0
CUST06956,Routine_Commuter,126,38,0.3015873015873015,3528.38,28.003015873015872,66.9,True,51.78599206349207,Medium,Mumbai,Treatment,0.15,Off-Peak Incentive,0.35,0.3838,False,0,38,0.0
CUST02802,Price_Sensitive,122,39,0.319672131147541,3720.65,30.497131147540983,66.7,True,51.77938524590164,Medium,Delhi NCR,Treatment,0.15,Off-Peak Incentive,0.3,0.3334,False,0,39,0.0
CUST03417,Price_Sensitive,115,42,0.3652173913043478,3776.91,32.84269565217391,64.9,True,51.77619565217391,Medium,Kolkata,Control,0.0,No Incentive,0.3,0.3298,False,0,42,0.0
CUST01207,Price_Sensitive,115,42,0.3652173913043478,3635.67,31.614521739130435,64.9,True,51.77619565217391,Medium,Delhi NCR,Control,0.0,No Incentive,0.3,0.3298,False,0,42,0.0
CUST01373,Routine_Commuter,128,42,0.328125,2963.89,23.155390625,63.5,True,51.77375000000001,Medium,Pune,Control,0.0,No Incentive,0.35,0.377,False,0,42,0.0
CUST06322,Routine_Commuter,119,41,0.3445378151260504,2850.31,23.95218487394958,65.4,True,51.77276260504202,Medium,Ahmedabad,Control,0.0,No Incentive,0.35,0.38079999999999997,False,0,41,0.0
CUST05707,Routine_Commuter,124,39,0.314516129032258,2935.84,23.676129032258064,66.3,True,51.76814516129032,Medium,Mumbai,Treatment,0.15,Off-Peak Incentive,0.35,0.3826,True,23,16,0.5897435897435898
CUST04859,Convenience_First,115,43,0.3739130434782609,1975.4,17.177391304347825,64.0,True,51.76402173913044,Medium,Hyderabad,Treatment,0.15,Off-Peak Incentive,0.2,0.228,False,0,43,0.0
CUST03682,Price_Sensitive,114,41,0.3596491228070175,1149.64,10.084561403508772,65.8,True,51.7522149122807,Medium,Kolkata,Treatment,0.15,Off-Peak Incentive,0.3,0.3316,False,0,41,0.0
CUST03884,Routine_Commuter,127,40,0.3149606299212598,2932.75,23.09251968503937,65.1,True,51.73592519685039,Medium,Lucknow,Treatment,0.15,Off-Peak Incentive,0.35,0.3802,True,23,17,0.575
CUST04982,Price_Sensitive,115,43,0.3739130434782609,2731.48,23.752,63.9,True,51.724021739130436,Medium,Mumbai,Treatment,0.15,Off-Peak Incentive,0.3,0.3278,False,0,43,0.0
CUST06170,Price_Sensitive,121,38,0.3140495867768595,3853.27,31.845206611570248,67.6,True,51.720733471074375,Medium,Bengaluru,Treatment,0.15,Off-Peak Incentive,0.3,0.3352,True,22,16,0.5789473684210527
CUST00478,Routine_Commuter,120,44,0.3666666666666666,3003.3,25.0275,62.7,True,51.71166666666667,Medium,Bengaluru,Treatment,0.15,Off-Peak Incentive,0.35,0.37539999999999996,True,25,19,0.5681818181818182
CUST02898,Convenience_First,117,40,0.3418803418803419,2650.77,22.656153846153845,66.3,True,51.70771367521368,Medium,Bengaluru,Control,0.0,No Incentive,0.2,0.2326,False,0,40,0.0
CUST05347,Routine_Commuter,126,39,0.3095238095238095,2924.38,23.20936507936508,65.9,True,51.70345238095238,Medium,Mumbai,Treatment,0.15,Off-Peak Incentive,0.35,0.3818,False,0,39,0.0
CUST05506,Convenience_First,120,43,0.3583333333333333,2464.71,20.53925,63.5,True,51.69833333333334,Medium,Lucknow,Treatment,0.15,Off-Peak Incentive,0.2,0.227,False,0,43,0.0
CUST04126,Convenience_First,118,39,0.3305084745762712,2537.57,21.504830508474576,67.0,True,51.69783898305085,Medium,Chandigarh,Control,0.0,No Incentive,0.2,0.234,False,0,39,0.0
CUST05341,Routine_Commuter,123,38,0.3089430894308943,4157.32,33.79934959349593,67.1,True,51.69522357723578,Medium,Bengaluru,Control,0.0,No Incentive,0.35,0.3842,False,0,38,0.0
CUST05593,Routine_Commuter,114,43,0.3771929824561403,3171.87,27.823421052631577,63.9,True,51.69396929824561,Medium,Hyderabad,Control,0.0,No Incentive,0.35,0.37779999999999997,False,0,43,0.0
CUST03791,Convenience_First,117,43,0.3675213675213675,2579.18,22.0442735042735,63.7,True,51.693354700854705,Medium,Bengaluru,Control,0.0,No Incentive,0.2,0.22740000000000002,False,0,43,0.0
CUST05156,Routine_Commuter,123,37,0.3008130081300813,2046.93,16.64170731707317,67.9,True,51.690020325203264,Medium,Jaipur,Control,0.0,No Incentive,0.35,0.3858,False,0,37,0.0
CUST04274,Routine_Commuter,117,44,0.376068376068376,2526.14,21.59094017094017,62.8,True,51.675235042735046,Medium,Lucknow,Treatment,0.15,Off-Peak Incentive,0.35,0.3756,False,0,44,0.0
CUST05274,Routine_Commuter,118,42,0.3559322033898305,3149.0,26.6864406779661,64.4,True,51.674788135593225,Medium,Mumbai,Treatment,0.15,Off-Peak Incentive,0.35,0.37879999999999997,True,24,18,0.5714285714285714
CUST01531,Price_Sensitive,118,44,0.3728813559322034,2992.53,25.36042372881356,62.7,True,51.67275423728814,Medium,Chandigarh,Control,0.0,No Incentive,0.3,0.3254,False,0,44,0.0
CUST05120,Price_Sensitive,125,39,0.312,1883.55,15.0684,65.9,True,51.66875,Medium,Mumbai,Treatment,0.15,Off-Peak Incentive,0.3,0.3318,False,0,39,0.0
CUST05996,Routine_Commuter,116,43,0.3706896551724138,2537.0,21.870689655172413,63.7,True,51.66758620689656,Medium,Delhi NCR,Treatment,0.15,Off-Peak Incentive,0.35,0.37739999999999996,False,0,43,0.0
CUST03915,Price_Sensitive,122,39,0.319672131147541,1808.46,14.82344262295082,66.4,True,51.659385245901646,Medium,Bengaluru,Treatment,0.15,Off-Peak Incentive,0.3,0.3328,False,0,39,0.0
CUST03623,Routine_Commuter,124,42,0.3387096774193548,2942.71,23.731532258064515,63.6,True,51.655887096774194,Medium,Kolkata,Treatment,0.15,Off-Peak Incentive,0.35,0.3772,False,0,42,0.0
CUST07643,Price_Sensitive,114,43,0.3771929824561403,2493.2,21.87017543859649,63.8,True,51.65396929824561,Medium,Delhi NCR,Treatment,0.15,Off-Peak Incentive,0.3,0.3276,False,0,43,0.0
CUST01796,Routine_Commuter,129,39,0.3023255813953488,2293.16,17.77643410852713,65.4,True,51.65177325581396,Medium,Pune,Treatment,0.15,Off-Peak Incentive,0.35,0.38079999999999997,False,0,39,0.0
CUST02474,Routine_Commuter,122,38,0.3114754098360656,2849.13,23.353524590163936,67.2,True,51.65151639344263,Medium,Delhi NCR,Control,0.0,No Incentive,0.35,0.38439999999999996,False,0,38,0.0
CUST00839,Price_Sensitive,122,38,0.3114754098360656,2486.52,20.38131147540983,67.2,True,51.65151639344263,Medium,Kochi,Control,0.0,No Incentive,0.3,0.3344,False,0,38,0.0
CUST03295,Price_Sensitive,124,40,0.3225806451612903,3589.66,28.948870967741936,65.2,True,51.65072580645162,Medium,Chennai,Treatment,0.15,Off-Peak Incentive,0.3,0.33039999999999997,True,23,17,0.575
CUST05162,Routine_Commuter,117,41,0.3504273504273504,1845.36,15.772307692307692,65.3,True,51.64959401709402,Medium,Mumbai,Control,0.0,No Incentive,0.35,0.3806,False,0,41,0.0
CUST01972,Routine_Commuter,117,37,0.3162393162393162,1839.84,15.725128205128204,68.7,True,51.642072649572654,Medium,Hyderabad,Treatment,0.15,Off-Peak Incentive,0.35,0.38739999999999997,False,0,37,0.0
CUST06120,Routine_Commuter,117,37,0.3162393162393162,3028.89,25.887948717948717,68.7,True,51.642072649572654,Medium,Mumbai,Control,0.0,No Incentive,0.35,0.38739999999999997,False,0,37,0.0
CUST06760,Routine_Commuter,121,41,0.3388429752066115,2223.79,18.378429752066115,64.9,True,51.632469008264465,Medium,Mumbai,Control,0.0,No Incentive,0.35,0.37979999999999997,False,0,41,0.0
CUST02470,Routine_Commuter,120,41,0.3416666666666667,2254.27,18.78558333333333,65.0,True,51.63166666666666,Medium,Mumbai,Treatment,0.15,Off-Peak Incentive,0.35,0.38,True,24,17,0.5853658536585366
CUST07981,Routine_Commuter,121,37,0.3057851239669421,3335.36,27.56495867768595,68.2,True,51.630154958677686,Medium,Ahmedabad,Control,0.0,No Incentive,0.35,0.38639999999999997,False,0,37,0.0
CUST00064,Routine_Commuter,119,42,0.3529411764705882,3265.2,27.438655462184872,64.2,True,51.628897058823526,Medium,Delhi NCR,Control,0.0,No Incentive,0.35,0.37839999999999996,False,0,42,0.0
CUST07155,Routine_Commuter,125,41,0.328,2707.27,21.65816,64.2,True,51.62875,Medium,Mumbai,Control,0.0,No Incentive,0.35,0.37839999999999996,False,0,41,0.0
CUST02896,Price_Sensitive,114,46,0.4035087719298245,2394.37,21.003245614035087,61.1,True,51.626600877192985,Medium,Hyderabad,Control,0.0,No Incentive,0.3,0.3222,False,0,46,0.0
CUST03045,Routine_Commuter,122,44,0.360655737704918,2968.1,24.328688524590163,62.2,True,51.61872950819672,Medium,Chennai,Control,0.0,No Incentive,0.35,0.37439999999999996,False,0,44,0.0
CUST07243,Routine_Commuter,116,41,0.3534482758620689,3154.94,27.197758620689655,65.3,True,51.61793103448276,Medium,Jaipur,Treatment,0.15,Off-Peak Incentive,0.35,0.3806,False,0,41,0.0
CUST06429,Routine_Commuter,131,41,0.3129770992366412,3789.92,28.930687022900763,63.5,True,51.614083969465646,Medium,Delhi NCR,Control,0.0,No Incentive,0.35,0.377,False,0,41,0.0
CUST07054,Routine_Commuter,114,43,0.3771929824561403,1928.06,16.91280701754386,63.7,True,51.613969298245614,Medium,Chennai,Control,0.0,No Incentive,0.35,0.37739999999999996,False,0,43,0.0
CUST06151,Routine_Commuter,118,45,0.3813559322033898,2901.57,24.58957627118644,61.7,True,51.6117372881356,Medium,Pune,Control,0.0,No Incentive,0.35,0.3734,False,0,45,0.0
CUST01676,Routine_Commuter,117,41,0.3504273504273504,2763.8,23.622222222222224,65.2,True,51.609594017094025,Medium,Bengaluru,Treatment,0.15,Off-Peak Incentive,0.35,0.38039999999999996,True,24,17,0.5853658536585366
CUST04261,Price_Sensitive,120,42,0.35,2412.5,20.104166666666668,64.1,True,51.605,Medium,Chennai,Control,0.0,No Incentive,0.3,0.3282,False,0,42,0.0
CUST06132,Routine_Commuter,118,38,0.3220338983050847,4079.05,34.56822033898305,67.6,True,51.59885593220339,Medium,Kolkata,Treatment,0.15,Off-Peak Incentive,0.35,0.3852,False,0,38,0.0
CUST03746,Routine_Commuter,116,45,0.3879310344827586,1998.39,17.2275,61.8,True,51.59724137931035,Medium,Chennai,Control,0.0,No Incentive,0.35,0.3736,False,0,45,0.0
CUST05598,Routine_Commuter,123,42,0.3414634146341463,2722.6,22.134959349593498,63.6,True,51.59603658536585,Medium,Mumbai,Treatment,0.15,Off-Peak Incentive,0.35,0.3772,False,0,42,0.0
CUST02982,Routine_Commuter,128,40,0.3125,2696.86,21.06921875,64.6,True,51.588750000000005,Medium,Bengaluru,Control,0.0,No Incentive,0.35,0.3792,False,0,40,0.0
CUST00163,Routine_Commuter,115,41,0.3565217391304348,2352.18,20.45373913043478,65.3,True,51.58836956521739,Medium,Mumbai,Control,0.0,No Incentive,0.35,0.3806,False,0,41,0.0
CUST06983,Convenience_First,114,42,0.3684210526315789,2945.75,25.839912280701753,64.5,True,51.58309210526316,Medium,Mumbai,Treatment,0.15,Off-Peak Incentive,0.2,0.229,False,0,42,0.0
CUST05549,Routine_Commuter,121,40,0.3305785123966942,2407.62,19.897685950413223,65.6,True,51.58189049586777,Medium,Kochi,Control,0.0,No Incentive,0.35,0.3812,False,0,40,0.0
CUST05526,Routine_Commuter,119,39,0.3277310924369748,2649.13,22.261596638655465,66.6,True,51.580493697478985,Medium,Chennai,Treatment,0.15,Off-Peak Incentive,0.35,0.3832,True,23,16,0.5897435897435898
CUST06160,Price_Sensitive,118,41,0.3474576271186441,3773.73,31.980762711864408,65.0,True,51.57580508474577,Medium,Kochi,Control,0.0,No Incentive,0.3,0.32999999999999996,False,0,41,0.0
CUST05281,Price_Sensitive,123,37,0.3008130081300813,2576.09,20.943821138211383,67.6,True,51.57002032520326,Medium,Jaipur,Control,0.0,No Incentive,0.3,0.3352,False,0,37,0.0
CUST04995,Routine_Commuter,124,39,0.314516129032258,2934.0,23.661290322580644,65.8,True,51.568145161290325,Medium,Lucknow,Treatment,0.15,Off-Peak Incentive,0.35,0.3816,True,23,16,0.5897435897435898
CUST06361,Convenience_First,116,45,0.3879310344827586,2353.91,20.292327586206895,61.7,True,51.55724137931035,Medium,Pune,Treatment,0.15,Off-Peak Incentive,0.2,0.22340000000000002,True,25,20,0.5555555555555556
CUST07008,Convenience_First,119,40,0.3361344537815126,2483.86,20.8727731092437,65.7,True,51.5566281512605,Medium,Delhi NCR,Treatment,0.15,Off-Peak Incentive,0.2,0.23140000000000002,False,0,40,0.0
CUST02668,Price_Sensitive,123,42,0.3414634146341463,1444.81,11.746422764227642,63.5,True,51.55603658536586,Medium,Lucknow,Treatment,0.15,Off-Peak Incentive,0.3,0.327,False,0,42,0.0
CUST02102,Convenience_First,117,44,0.376068376068376,2456.43,20.995128205128204,62.5,True,51.55523504273504,Medium,Jaipur,Control,0.0,No Incentive,0.2,0.225,False,0,44,0.0
CUST05121,Routine_Commuter,121,37,0.3057851239669421,3557.26,29.398842975206612,68.0,True,51.55015495867769,Medium,Delhi NCR,Control,0.0,No Incentive,0.35,0.38599999999999995,False,0,37,0.0
CUST06632,Routine_Commuter,121,40,0.3305785123966942,2639.51,21.81413223140496,65.5,True,51.54189049586777,Medium,Bengaluru,Treatment,0.15,Off-Peak Incentive,0.35,0.381,True,23,17,0.575
CUST03728,Price_Sensitive,118,43,0.3644067796610169,2248.86,19.05813559322034,63.2,True,51.53377118644068,Medium,Chandigarh,Control,0.0,No Incentive,0.3,0.3264,False,0,43,0.0
CUST06488,Price_Sensitive,120,36,0.3,1989.12,16.576,68.9,True,51.525000000000006,Medium,Chandigarh,Treatment,0.15,Off-Peak Incentive,0.3,0.3378,False,0,36,0.0
CUST04775,Routine_Commuter,117,37,0.3162393162393162,3628.37,31.0117094017094,68.4,True,51.52207264957266,Medium,Delhi NCR,Control,0.0,No Incentive,0.35,0.3868,False,0,37,0.0
CUST03037,Routine_Commuter,121,38,0.3140495867768595,3896.12,32.19933884297521,67.1,True,51.52073347107438,Medium,Ahmedabad,Treatment,0.15,Off-Peak Incentive,0.35,0.3842,False,0,38,0.0
CUST02970,Routine_Commuter,116,45,0.3879310344827586,1972.5,17.004310344827587,61.6,True,51.51724137931035,Medium,Delhi NCR,Control,0.0,No Incentive,0.35,0.3732,False,0,45,0.0
CUST04624,Convenience_First,117,42,0.358974358974359,1617.04,13.8208547008547,64.1,True,51.51147435897436,Medium,Kolkata,Control,0.0,No Incentive,0.2,0.22820000000000001,False,0,42,0.0
CUST06704,Routine_Commuter,125,38,0.304,2147.1,17.1768,66.3,True,51.50875,Medium,Pune,Treatment,0.15,Off-Peak Incentive,0.35,0.3826,True,22,16,0.5789473684210527
CUST00838,Routine_Commuter,121,44,0.3636363636363636,2289.69,18.92305785123967,62.1,True,51.50420454545455,Medium,Lucknow,Control,0.0,No Incentive,0.35,0.3742,False,0,44,0.0
CUST04678,Routine_Commuter,126,39,0.3095238095238095,3628.22,28.79539682539683,65.4,True,51.50345238095238,Medium,Delhi NCR,Control,0.0,No Incentive,0.35,0.38079999999999997,False,0,39,0.0
CUST01361,Routine_Commuter,126,39,0.3095238095238095,2542.56,20.17904761904762,65.4,True,51.50345238095238,Medium,Mumbai,Treatment,0.15,Off-Peak Incentive,0.35,0.38079999999999997,False,0,39,0.0
CUST06725,Price_Sensitive,114,38,0.3333333333333333,1695.7,14.874561403508771,67.8,True,51.499583333333334,Medium,Chennai,Treatment,0.15,Off-Peak Incentive,0.3,0.3356,True,22,16,0.5789473684210527
CUST05027,Routine_Commuter,117,43,0.3675213675213675,2782.2,23.779487179487177,63.2,True,51.4933547008547,Medium,Pune,Control,0.0,No Incentive,0.35,0.37639999999999996,False,0,43,0.0
CUST04190,Routine_Commuter,121,39,0.3223140495867768,3900.0,32.231404958677686,66.2,True,51.49131198347107,Medium,Pune,Treatment,0.15,Off-Peak Incentive,0.35,0.38239999999999996,True,23,16,0.5897435897435898
CUST01154,Routine_Commuter,124,39,0.314516129032258,2628.71,21.199274193548387,65.6,True,51.48814516129032,Medium,Bengaluru,Treatment,0.15,Off-Peak Incentive,0.35,0.3812,False,0,39,0.0
CUST07113,Routine_Commuter,124,38,0.3064516129032258,3067.52,24.738064516129032,66.4,True,51.48556451612904,Medium,Kochi,Treatment,0.15,Off-Peak Incentive,0.35,0.3828,True,22,16,0.5789473684210527
CUST02729,Price_Sensitive,121,38,0.3140495867768595,5493.04,45.39702479338843,67.0,True,51.48073347107438,Medium,Bengaluru,Control,0.0,No Incentive,0.3,0.33399999999999996,False,0,38,0.0
CUST00772,Routine_Commuter,122,41,0.3360655737704918,3133.3,25.682786885245903,64.3,True,51.47512295081967,Medium,Chennai,Treatment,0.15,Off-Peak Incentive,0.35,0.3786,False,0,41,0.0
CUST00956,Routine_Commuter,120,41,0.3416666666666667,2727.35,22.727916666666665,64.6,True,51.471666666666664,Medium,Mumbai,Treatment,0.15,Off-Peak Incentive,0.35,0.3792,False,0,41,0.0
CUST05760,Price_Sensitive,121,37,0.3057851239669421,2400.73,19.84074380165289,67.8,True,51.47015495867768,Medium,Mumbai,Control,0.0,No Incentive,0.3,0.3356,False,0,37,0.0
CUST01759,Routine_Commuter,125,39,0.312,2120.39,16.96312,65.4,True,51.46875,Medium,Kolkata,Control,0.0,No Incentive,0.35,0.38079999999999997,False,0,39,0.0
CUST01026,Routine_Commuter,113,46,0.4070796460176991,3047.01,26.964690265486727,60.8,True,51.46443584070797,Medium,Chennai,Control,0.0,No Incentive,0.35,0.3716,False,0,46,0.0
CUST07565,Price_Sensitive,116,38,0.3275862068965517,2151.78,18.5498275862069,67.5,True,51.46344827586207,Medium,Ahmedabad,Treatment,0.15,Off-Peak Incentive,0.3,0.33499999999999996,False,0,38,0.0
CUST07455,Price_Sensitive,118,37,0.3135593220338983,2023.66,17.149661016949153,68.1,True,51.459872881355935,Medium,Lucknow,Control,0.0,No Incentive,0.3,0.3362,False,0,37,0.0
CUST03573,Price_Sensitive,111,42,0.3783783783783784,2736.78,24.65567567567568,64.6,True,51.45263513513513,Medium,Pune,Control,0.0,No Incentive,0.3,0.3292,False,0,42,0.0
CUST00695,Routine_Commuter,117,37,0.3162393162393162,2288.17,19.557008547008547,68.2,True,51.44207264957265,Medium,Jaipur,Treatment,0.15,Off-Peak Incentive,0.35,0.38639999999999997,False,0,37,0.0
CUST04351,Routine_Commuter,116,40,0.3448275862068966,3564.7,30.730172413793102,65.7,True,51.433103448275865,Medium,Chennai,Control,0.0,No Incentive,0.35,0.38139999999999996,False,0,40,0.0
CUST05295,Routine_Commuter,118,37,0.3135593220338983,2755.83,23.35449152542373,68.0,True,51.419872881355936,Medium,Chennai,Treatment,0.15,Off-Peak Incentive,0.35,0.38599999999999995,False,0,37,0.0
CUST00115,Convenience_First,112,43,0.3839285714285714,4473.56,39.9425,63.5,True,51.41964285714286,Medium,Chandigarh,Treatment,0.15,Off-Peak Incentive,0.2,0.227,False,0,43,0.0
CUST02095,Routine_Commuter,118,43,0.3644067796610169,2315.38,19.62186440677966,62.9,True,51.41377118644068,Medium,Chandigarh,Treatment,0.15,Off-Peak Incentive,0.35,0.37579999999999997,False,0,43,0.0
CUST05175,Convenience_First,121,39,0.3223140495867768,2523.23,20.85314049586777,66.0,True,51.41131198347107,Medium,Chennai,Control,0.0,No Incentive,0.2,0.232,False,0,39,0.0
CUST04438,Routine_Commuter,117,39,0.3333333333333333,2412.93,20.62333333333333,66.4,True,51.405833333333334,Medium,Chandigarh,Treatment,0.15,Off-Peak Incentive,0.35,0.3828,False,0,39,0.0
CUST07633,Routine_Commuter,119,43,0.361344537815126,2624.46,22.054285714285715,62.8,True,51.405031512605035,Medium,Delhi NCR,Treatment,0.15,Off-Peak Incentive,0.35,0.3756,False,0,43,0.0
CUST06215,Price_Sensitive,110,38,0.3454545454545454,2540.68,23.09709090909091,68.2,True,51.40443181818181,Medium,Chennai,Treatment,0.15,Off-Peak Incentive,0.3,0.3364,True,22,16,0.5789473684210527
CUST04662,Routine_Commuter,116,40,0.3448275862068966,2325.74,20.049482758620687,65.6,True,51.393103448275866,Medium,Mumbai,Treatment,0.15,Off-Peak Incentive,0.35,0.3812,False,0,40,0.0
CUST05725,Routine_Commuter,113,45,0.3982300884955752,2665.43,23.587876106194688,61.5,True,51.39045353982301,Medium,Pune,Treatment,0.15,Off-Peak Incentive,0.35,0.373,False,0,45,0.0
CUST04615,Price_Sensitive,112,40,0.3571428571428571,2239.35,19.994196428571428,66.1,True,51.38821428571429,Medium,Kochi,Control,0.0,No Incentive,0.3,0.3322,False,0,40,0.0
CUST03107,Routine_Commuter,120,37,0.3083333333333333,2515.59,20.96325,67.7,True,51.37833333333333,Medium,Jaipur,Treatment,0.15,Off-Peak Incentive,0.35,0.38539999999999996,True,22,15,0.5945945945945946
CUST01789,Price_Sensitive,117,39,0.3333333333333333,3223.46,27.550940170940173,66.3,True,51.365833333333335,Medium,Chennai,Treatment,0.15,Off-Peak Incentive,0.3,0.3326,False,0,39,0.0
CUST01075,Routine_Commuter,122,37,0.3032786885245901,2818.17,23.099754098360656,67.3,True,51.36364754098361,Medium,Kochi,Control,0.0,No Incentive,0.35,0.38459999999999994,False,0,37,0.0
CUST06581,Price_Sensitive,116,37,0.3189655172413793,2697.22,23.251896551724137,68.1,True,51.35862068965517,Medium,Delhi NCR,Treatment,0.15,Off-Peak Incentive,0.3,0.3362,False,0,37,0.0
CUST02979,Routine_Commuter,112,39,0.3482142857142857,2755.27,24.600625,66.9,True,51.35107142857144,Medium,Bengaluru,Control,0.0,No Incentive,0.35,0.3838,False,0,39,0.0
CUST07419,Routine_Commuter,114,42,0.3684210526315789,2840.83,24.919561403508773,63.9,True,51.34309210526316,Medium,Jaipur,Treatment,0.15,Off-Peak Incentive,0.35,0.37779999999999997,True,24,18,0.5714285714285714
CUST04411,Routine_Commuter,118,41,0.3474576271186441,3013.76,25.540338983050844,64.4,True,51.33580508474577,Medium,Delhi NCR,Treatment,0.15,Off-Peak Incentive,0.35,0.37879999999999997,False,0,41,0.0
CUST06108,Price_Sensitive,121,39,0.3223140495867768,2832.14,23.406115702479337,65.8,True,51.331311983471075,Medium,Bengaluru,Treatment,0.15,Off-Peak Incentive,0.3,0.3316,False,0,39,0.0
CUST04999,Price_Sensitive,121,39,0.3223140495867768,1864.25,15.40702479338843,65.8,True,51.331311983471075,Medium,Kolkata,Treatment,0.15,Off-Peak Incentive,0.3,0.3316,True,23,16,0.5897435897435898
CUST00397,Convenience_First,109,45,0.4128440366972477,2261.77,20.750183486238537,61.7,True,51.32251146788991,Medium,Bengaluru,Treatment,0.15,Off-Peak Incentive,0.2,0.22340000000000002,True,25,20,0.5555555555555556
CUST07548,Price_Sensitive,123,39,0.3170731707317073,3217.24,26.15642276422764,65.3,True,51.3004268292683,Medium,Mumbai,Control,0.0,No Incentive,0.3,0.3306,False,0,39,0.0
CUST01800,Price_Sensitive,121,39,0.3223140495867768,3555.51,29.384380165289254,65.7,True,51.29131198347107,Medium,Mumbai,Treatment,0.15,Off-Peak Incentive,0.3,0.3314,True,23,16,0.5897435897435898
CUST01034,Price_Sensitive,116,39,0.3362068965517241,1895.48,16.340344827586208,66.2,True,51.28827586206896,Medium,Mumbai,Control,0.0,No Incentive,0.3,0.3324,False,0,39,0.0
CUST01408,Price_Sensitive,116,39,0.3362068965517241,1996.68,17.212758620689655,66.2,True,51.28827586206896,Medium,Pune,Control,0.0,No Incentive,0.3,0.3324,False,0,39,0.0
CUST06143,Routine_Commuter,121,37,0.3057851239669421,2887.7,23.865289256198345,67.3,True,51.270154958677686,Medium,Lucknow,Treatment,0.15,Off-Peak Incentive,0.35,0.38459999999999994,False,0,37,0.0
CUST02589,Routine_Commuter,115,41,0.3565217391304348,3383.73,29.423739130434782,64.5,True,51.268369565217384,Medium,Kolkata,Control,0.0,No Incentive,0.35,0.379,False,0,41,0.0
CUST01292,Price_Sensitive,119,37,0.3109243697478991,2931.83,24.637226890756303,67.5,True,51.26822478991596,Medium,Kolkata,Treatment,0.15,Off-Peak Incentive,0.3,0.33499999999999996,False,0,37,0.0
CUST00740,Routine_Commuter,117,38,0.3247863247863248,2881.62,24.62923076923077,66.9,True,51.26395299145299,Medium,Kochi,Treatment,0.15,Off-Peak Incentive,0.35,0.3838,False,0,38,0.0
CUST03253,Routine_Commuter,117,38,0.3247863247863248,2043.81,17.468461538461536,66.9,True,51.26395299145299,Medium,Kolkata,Treatment,0.15,Off-Peak Incentive,0.35,0.3838,True,22,16,0.5789473684210527
CUST06309,Convenience_First,109,42,0.3853211009174312,2636.14,24.184770642201833,64.3,True,51.26159403669725,Medium,Chandigarh,Control,0.0,No Incentive,0.2,0.2286,False,0,42,0.0
CUST01657,Price_Sensitive,117,36,0.3076923076923077,1467.63,12.543846153846152,68.6,True,51.26019230769231,Medium,Bengaluru,Control,0.0,No Incentive,0.3,0.3372,False,0,36,0.0
CUST01191,Routine_Commuter,120,37,0.3083333333333333,2780.12,23.167666666666666,67.4,True,51.25833333333334,Medium,Pune,Treatment,0.15,Off-Peak Incentive,0.35,0.3848,False,0,37,0.0
CUST05125,Routine_Commuter,115,39,0.3391304347826087,3194.42,27.777565217391302,66.2,True,51.252717391304344,Medium,Mumbai,Control,0.0,No Incentive,0.35,0.38239999999999996,False,0,39,0.0
CUST02378,Routine_Commuter,124,38,0.3064516129032258,2712.86,21.877903225806453,65.8,True,51.24556451612904,Medium,Bengaluru,Control,0.0,No Incentive,0.35,0.3816,False,0,38,0.0
CUST07647,Routine_Commuter,120,36,0.3,2334.26,19.452166666666667,68.2,True,51.245000000000005,Medium,Chandigarh,Treatment,0.15,Off-Peak Incentive,0.35,0.38639999999999997,False,0,36,0.0
CUST05797,Routine_Commuter,114,44,0.3859649122807017,2779.21,24.3790350877193,61.9,True,51.244846491228074,Medium,Hyderabad,Control,0.0,No Incentive,0.35,0.37379999999999997,False,0,44,0.0
CUST07672,Price_Sensitive,114,36,0.3157894736842105,2066.01,18.122894736842103,68.9,True,51.23782894736843,Medium,Bengaluru,Control,0.0,No Incentive,0.3,0.3378,False,0,36,0.0
CUST00171,Routine_Commuter,113,38,0.336283185840708,3420.92,30.27362831858407,67.3,True,51.23257743362832,Medium,Lucknow,Control,0.0,No Incentive,0.35,0.38459999999999994,False,0,38,0.0
CUST05765,Price_Sensitive,119,37,0.3109243697478991,2960.71,24.879915966386555,67.4,True,51.22822478991597,Medium,Hyderabad,Control,0.0,No Incentive,0.3,0.3348,False,0,37,0.0
CUST04834,Routine_Commuter,117,40,0.3418803418803419,2890.69,24.706752136752137,65.1,True,51.22771367521368,Medium,Mumbai,Treatment,0.15,Off-Peak Incentive,0.35,0.3802,False,0,40,0.0
CUST05187,Convenience_First,127,39,0.3070866141732283,3402.02,26.78755905511811,64.6,True,51.220964566929126,Medium,Delhi NCR,Treatment,0.15,Off-Peak Incentive,0.2,0.22920000000000001,False,0,39,0.0
CUST07847,Routine_Commuter,118,37,0.3135593220338983,3211.67,27.21754237288136,67.5,True,51.21987288135593,Medium,Pune,Control,0.0,No Incentive,0.35,0.38499999999999995,False,0,37,0.0
CUST00734,Routine_Commuter,110,42,0.3818181818181818,2187.04,19.882181818181817,64.1,True,51.21897727272727,Medium,Mumbai,Treatment,0.15,Off-Peak Incentive,0.35,0.3782,True,24,18,0.5714285714285714
CUST00153,Routine_Commuter,118,39,0.3305084745762712,2322.38,19.68118644067797,65.8,True,51.217838983050854,Medium,Mumbai,Treatment,0.15,Off-Peak Incentive,0.35,0.3816,False,0,39,0.0
CUST02772,Convenience_First,115,39,0.3391304347826087,2305.32,20.04626086956522,66.1,True,51.21271739130434,Medium,Mumbai,Control,0.0,No Incentive,0.2,0.23220000000000002,False,0,39,0.0
CUST03839,Price_Sensitive,119,36,0.3025210084033613,1436.28,12.069579831932773,68.2,True,51.21209033613445,Medium,Chennai,Treatment,0.15,Off-Peak Incentive,0.3,0.3364,False,0,36,0.0
CUST07596,Routine_Commuter,122,38,0.3114754098360656,2874.0,23.557377049180328,66.1,True,51.21151639344262,Medium,Jaipur,Treatment,0.15,Off-Peak Incentive,0.35,0.3822,True,22,16,0.5789473684210527
CUST07010,Routine_Commuter,116,42,0.3620689655172414,2769.53,23.875258620689657,63.4,True,51.20275862068965,Medium,Delhi NCR,Control,0.0,No Incentive,0.35,0.37679999999999997,False,0,42,0.0
CUST01209,Routine_Commuter,118,38,0.3220338983050847,3017.88,25.575254237288135,66.6,True,51.198855932203394,Medium,Pune,Treatment,0.15,Off-Peak Incentive,0.35,0.3832,False,0,38,0.0
CUST05749,Routine_Commuter,116,43,0.3706896551724138,2990.33,25.778706896551725,62.5,True,51.187586206896555,Medium,Lucknow,Treatment,0.15,Off-Peak Incentive,0.35,0.375,True,24,19,0.5581395348837209
CUST00128,Routine_Commuter,118,37,0.3135593220338983,1374.37,11.64720338983051,67.4,True,51.17987288135594,Medium,Kolkata,Control,0.0,No Incentive,0.35,0.3848,False,0,37,0.0
CUST06320,Price_Sensitive,112,43,0.3839285714285714,2177.95,19.44598214285714,62.9,True,51.17964285714286,Medium,Delhi NCR,Treatment,0.15,Off-Peak Incentive,0.3,0.3258,True,24,19,0.5581395348837209
CUST03975,Routine_Commuter,122,39,0.319672131147541,2648.48,21.708852459016395,65.2,True,51.17938524590164,Medium,Lucknow,Treatment,0.15,Off-Peak Incentive,0.35,0.38039999999999996,False,0,39,0.0
CUST02307,Routine_Commuter,120,40,0.3333333333333333,1931.02,16.091833333333334,64.7,True,51.17833333333334,Medium,Kolkata,Treatment,0.15,Off-Peak Incentive,0.35,0.37939999999999996,False,0,40,0.0
CUST00580,Routine_Commuter,118,43,0.3644067796610169,2953.56,25.030169491525424,62.3,True,51.17377118644068,Medium,Jaipur,Control,0.0,No Incentive,0.35,0.3746,False,0,43,0.0
CUST01220,Routine_Commuter,122,38,0.3114754098360656,2032.66,16.661147540983606,66.0,True,51.17151639344263,Medium,Mumbai,Treatment,0.15,Off-Peak Incentive,0.35,0.382,False,0,38,0.0
CUST01280,Routine_Commuter,124,39,0.314516129032258,4953.51,39.947661290322586,64.8,True,51.168145161290326,Medium,Pune,Control,0.0,No Incentive,0.35,0.3796,False,0,39,0.0
CUST01165,Routine_Commuter,118,36,0.3050847457627119,1759.06,14.90728813559322,68.2,True,51.16088983050848,Medium,Jaipur,Treatment,0.15,Off-Peak Incentive,0.35,0.38639999999999997,False,0,36,0.0
CUST04675,Convenience_First,118,40,0.3389830508474576,3505.05,29.703813559322036,64.8,True,51.15682203389831,Medium,Pune,Treatment,0.15,Off-Peak Incentive,0.2,0.2296,False,0,40,0.0
CUST00508,Price_Sensitive,113,44,0.3893805309734513,2043.95,18.08805309734513,61.8,True,51.15647123893805,Medium,Delhi NCR,Control,0.0,No Incentive,0.3,0.3236,False,0,44,0.0
CUST03088,Price_Sensitive,114,41,0.3596491228070175,2225.44,19.52140350877193,64.3,True,51.1522149122807,Medium,Lucknow,Control,0.0,No Incentive,0.3,0.3286,False,0,41,0.0
CUST01903,Routine_Commuter,109,43,0.3944954128440367,2445.82,22.438715596330276,63.1,True,51.148566513761466,Medium,Ahmedabad,Control,0.0,No Incentive,0.35,0.3762,False,0,43,0.0
CUST01444,Routine_Commuter,123,39,0.3170731707317073,3367.73,27.37991869918699,64.9,True,51.1404268292683,Medium,Pune,Treatment,0.15,Off-Peak Incentive,0.35,0.37979999999999997,True,22,17,0.5641025641025641
CUST04440,Routine_Commuter,112,43,0.3839285714285714,2862.52,25.55821428571429,62.8,True,51.13964285714286,Medium,Chandigarh,Control,0.0,No Incentive,0.35,0.3756,False,0,43,0.0
CUST06722,Price_Sensitive,111,41,0.3693693693693693,2269.12,20.44252252252252,64.7,True,51.13227477477478,Medium,Bengaluru,Control,0.0,No Incentive,0.3,0.32939999999999997,False,0,41,0.0
CUST05951,Price_Sensitive,122,38,0.3114754098360656,2809.67,23.03008196721311,65.9,True,51.131516393442624,Medium,Chennai,Treatment,0.15,Off-Peak Incentive,0.3,0.3318,False,0,38,0.0
CUST05702,Routine_Commuter,120,39,0.325,2576.06,21.467166666666667,65.4,True,51.125,Medium,Lucknow,Treatment,0.15,Off-Peak Incentive,0.35,0.38079999999999997,False,0,39,0.0
CUST04067,Routine_Commuter,116,42,0.3620689655172414,3302.57,28.47043103448276,63.2,True,51.12275862068965,Medium,Chennai,Control,0.0,No Incentive,0.35,0.37639999999999996,False,0,42,0.0
CUST06584,Routine_Commuter,117,37,0.3162393162393162,2361.39,20.182820512820513,67.4,True,51.12207264957266,Medium,Chennai,Treatment,0.15,Off-Peak Incentive,0.35,0.3848,False,0,37,0.0
CUST01828,Routine_Commuter,118,38,0.3220338983050847,2929.16,24.823389830508475,66.4,True,51.118855932203395,Medium,Bengaluru,Control,0.0,No Incentive,0.35,0.3828,False,0,38,0.0
CUST07523,Routine_Commuter,118,38,0.3220338983050847,2287.97,19.38957627118644,66.4,True,51.118855932203395,Medium,Kolkata,Control,0.0,No Incentive,0.35,0.3828,False,0,38,0.0
CUST02957,Price_Sensitive,112,39,0.3482142857142857,2275.44,20.31642857142857,66.3,True,51.11107142857143,Medium,Kochi,Treatment,0.15,Off-Peak Incentive,0.3,0.3326,False,0,39,0.0
CUST06428,Routine_Commuter,119,37,0.3109243697478991,1446.29,12.153697478991596,67.1,True,51.108224789915965,Medium,Pune,Treatment,0.15,Off-Peak Incentive,0.35,0.3842,False,0,37,0.0
CUST04747,Routine_Commuter,119,37,0.3109243697478991,3085.98,25.932605042016807,67.1,True,51.108224789915965,Medium,Chennai,Treatment,0.15,Off-Peak Incentive,0.35,0.3842,True,22,15,0.5945945945945946
CUST05419,Routine_Commuter,122,40,0.3278688524590163,2579.61,21.14434426229508,64.2,True,51.107254098360656,Medium,Delhi NCR,Treatment,0.15,Off-Peak Incentive,0.35,0.37839999999999996,True,23,17,0.575
CUST06341,Price_Sensitive,106,42,0.3962264150943396,1114.01,10.509528301886792,64.2,True,51.09655660377359,Medium,Bengaluru,Treatment,0.15,Off-Peak Incentive,0.3,0.32839999999999997,False,0,42,0.0
CUST06483,Price_Sensitive,120,36,0.3,2416.29,20.13575,67.8,True,51.08500000000001,Medium,Ahmedabad,Control,0.0,No Incentive,0.3,0.3356,False,0,36,0.0
CUST05854,Convenience_First,113,38,0.336283185840708,2102.43,18.605575221238936,66.9,True,51.072577433628325,Medium,Bengaluru,Treatment,0.15,Off-Peak Incentive,0.2,0.23380000000000004,False,0,38,0.0
CUST02117,Routine_Commuter,110,44,0.4,2254.41,20.494636363636364,61.9,True,51.06625,Medium,Ahmedabad,Control,0.0,No Incentive,0.35,0.37379999999999997,False,0,44,0.0
CUST06873,Routine_Commuter,117,38,0.3247863247863248,3667.62,31.347179487179485,66.4,True,51.06395299145299,Medium,Mumbai,Treatment,0.15,Off-Peak Incentive,0.35,0.3828,True,22,16,0.5789473684210527
CUST02253,Convenience_First,112,43,0.3839285714285714,2013.93,17.981517857142858,62.6,True,51.05964285714286,Medium,Jaipur,Treatment,0.15,Off-Peak Incentive,0.2,0.2252,True,24,19,0.5581395348837209
CUST02932,Price_Sensitive,122,39,0.319672131147541,2621.29,21.485983606557376,64.9,True,51.059385245901645,Medium,Ahmedabad,Treatment,0.15,Off-Peak Incentive,0.3,0.3298,False,0,39,0.0
CUST06232,Routine_Commuter,110,41,0.3727272727272727,2895.66,26.324181818181817,64.6,True,51.05534090909091,Medium,Delhi NCR,Control,0.0,No Incentive,0.35,0.3792,False,0,41,0.0
CUST01379,Price_Sensitive,111,41,0.3693693693693693,3079.75,27.745495495495497,64.5,True,51.05227477477477,Medium,Hyderabad,Treatment,0.15,Off-Peak Incentive,0.3,0.32899999999999996,True,23,18,0.5609756097560976
CUST03000,Routine_Commuter,121,39,0.3223140495867768,3850.22,31.819999999999997,65.1,True,51.051311983471074,Medium,Jaipur,Treatment,0.15,Off-Peak Incentive,0.35,0.3802,True,22,17,0.5641025641025641
CUST07889,Routine_Commuter,118,38,0.3220338983050847,3618.61,30.66618644067797,66.2,True,51.0388559322034,Medium,Lucknow,Control,0.0,No Incentive,0.35,0.38239999999999996,False,0,38,0.0
CUST04503,Price_Sensitive,113,37,0.3274336283185841,2285.34,20.224247787610626,67.7,True,51.03859513274337,Medium,Lucknow,Control,0.0,No Incentive,0.3,0.3354,False,0,37,0.0
CUST07684,Routine_Commuter,112,38,0.3392857142857143,2200.98,19.65160714285714,67.0,True,51.033928571428575,Medium,Bengaluru,Treatment,0.15,Off-Peak Incentive,0.35,0.384,False,0,38,0.0
CUST07263,Routine_Commuter,117,42,0.358974358974359,3649.44,31.191794871794873,62.9,True,51.03147435897437,Medium,Pune,Control,0.0,No Incentive,0.35,0.37579999999999997,False,0,42,0.0
CUST07885,Routine_Commuter,114,42,0.3684210526315789,1719.69,15.085,63.1,True,51.02309210526316,Medium,Chennai,Treatment,0.15,Off-Peak Incentive,0.35,0.3762,False,0,42,0.0
CUST02368,Routine_Commuter,112,43,0.3839285714285714,3193.63,28.51455357142857,62.5,True,51.019642857142856,Medium,Bengaluru,Treatment,0.15,Off-Peak Incentive,0.35,0.375,False,0,43,0.0
CUST06799,Price_Sensitive,118,39,0.3305084745762712,3131.42,26.537457627118645,65.3,True,51.01783898305085,Medium,Jaipur,Treatment,0.15,Off-Peak Incentive,0.3,0.3306,False,0,39,0.0
CUST05043,Routine_Commuter,123,38,0.3089430894308943,3739.21,30.40008130081301,65.4,True,51.01522357723578,Medium,Kochi,Treatment,0.15,Off-Peak Incentive,0.35,0.38079999999999997,True,22,16,0.5789473684210527
CUST04430,Routine_Commuter,118,43,0.3644067796610169,3031.24,25.688474576271183,61.9,True,51.013771186440685,Medium,Kolkata,Treatment,0.15,Off-Peak Incentive,0.35,0.37379999999999997,False,0,43,0.0
CUST06967,Routine_Commuter,111,43,0.3873873873873873,1629.0,14.675675675675675,62.6,True,51.012995495495495,Medium,Mumbai,Control,0.0,No Incentive,0.35,0.3752,False,0,43,0.0
CUST06746,Routine_Commuter,119,38,0.3193277310924369,3011.79,25.309159663865547,66.0,True,51.00435924369748,Medium,Delhi NCR,Treatment,0.15,Off-Peak Incentive,0.35,0.382,True,22,16,0.5789473684210527
CUST03161,Routine_Commuter,112,36,0.3214285714285714,2289.59,20.442767857142854,68.7,True,50.99964285714286,Medium,Bengaluru,Control,0.0,No Incentive,0.35,0.38739999999999997,False,0,36,0.0
CUST02889,Routine_Commuter,114,41,0.3596491228070175,2378.51,20.864122807017544,63.9,True,50.9922149122807,Medium,Delhi NCR,Control,0.0,No Incentive,0.35,0.37779999999999997,False,0,41,0.0
CUST06878,Convenience_First,117,40,0.3418803418803419,3074.5,26.27777777777778,64.5,True,50.98771367521368,Medium,Chennai,Control,0.0,No Incentive,0.2,0.229,False,0,40,0.0
CUST04304,Routine_Commuter,111,40,0.3603603603603603,1984.31,17.876666666666665,65.2,True,50.971914414414414,Medium,Chandigarh,Control,0.0,No Incentive,0.35,0.38039999999999996,False,0,40,0.0
CUST01764,Routine_Commuter,117,41,0.3504273504273504,3649.82,31.195042735042737,63.6,True,50.969594017094025,Medium,Pune,Control,0.0,No Incentive,0.35,0.3772,False,0,41,0.0
CUST06270,Routine_Commuter,119,38,0.3193277310924369,3862.91,32.46142857142857,65.9,True,50.96435924369747,Medium,Delhi NCR,Control,0.0,No Incentive,0.35,0.3818,False,0,38,0.0
CUST06140,Routine_Commuter,113,43,0.3805309734513274,3413.16,30.20495575221239,62.2,True,50.9624889380531,Medium,Mumbai,Treatment,0.15,Off-Peak Incentive,0.35,0.37439999999999996,True,24,19,0.5581395348837209
CUST04085,Routine_Commuter,110,37,0.3363636363636363,2001.39,18.194454545454548,68.0,True,50.960795454545455,Medium,Chennai,Treatment,0.15,Off-Peak Incentive,0.35,0.38599999999999995,False,0,37,0.0
CUST03173,Price_Sensitive,114,36,0.3157894736842105,2861.22,25.098421052631576,68.2,True,50.95782894736843,Medium,Mumbai,Control,0.0,No Incentive,0.3,0.3364,False,0,36,0.0
CUST00375,Routine_Commuter,119,40,0.3361344537815126,1824.39,15.331008403361343,64.2,True,50.9566281512605,Medium,Delhi NCR,Control,0.0,No Incentive,0.35,0.37839999999999996,False,0,40,0.0
CUST00753,Routine_Commuter,119,37,0.3109243697478991,2797.62,23.50941176470588,66.7,True,50.94822478991597,Medium,Chennai,Treatment,0.15,Off-Peak Incentive,0.35,0.38339999999999996,False,0,37,0.0
CUST00168,Routine_Commuter,117,43,0.3675213675213675,3166.85,27.067094017094018,61.8,True,50.9333547008547,Medium,Mumbai,Control,0.0,No Incentive,0.35,0.3736,False,0,43,0.0
CUST02919,Convenience_First,119,41,0.3445378151260504,2804.18,23.564537815126048,63.3,True,50.932762605042015,Medium,Hyderabad,Treatment,0.15,Off-Peak Incentive,0.2,0.22660000000000002,False,0,41,0.0
CUST05471,Routine_Commuter,111,41,0.3693693693693693,2491.3,22.444144144144147,64.2,True,50.932274774774775,Medium,Lucknow,Control,0.0,No Incentive,0.35,0.37839999999999996,False,0,41,0.0
CUST01845,Routine_Commuter,119,36,0.3025210084033613,2307.8,19.393277310924372,67.5,True,50.93209033613445,Medium,Delhi NCR,Treatment,0.15,Off-Peak Incentive,0.35,0.38499999999999995,True,21,15,0.5833333333333334
CUST00262,Routine_Commuter,122,37,0.3032786885245901,2053.69,16.833524590163936,66.2,True,50.92364754098361,Medium,Chennai,Treatment,0.15,Off-Peak Incentive,0.35,0.38239999999999996,False,0,37,0.0
CUST06782,Routine_Commuter,122,41,0.3360655737704918,3790.0,31.0655737704918,62.9,True,50.91512295081967,Medium,Hyderabad,Treatment,0.15,Off-Peak Incentive,0.35,0.37579999999999997,False,0,41,0.0
CUST07945,Routine_Commuter,113,38,0.336283185840708,2511.36,22.224424778761065,66.5,True,50.91257743362832,Medium,Mumbai,Treatment,0.15,Off-Peak Incentive,0.35,0.383,False,0,38,0.0
CUST01603,Routine_Commuter,121,41,0.3388429752066115,3706.55,30.632644628099175,63.1,True,50.91246900826446,Medium,Chennai,Treatment,0.15,Off-Peak Incentive,0.35,0.3762,False,0,41,0.0
CUST07408,Routine_Commuter,120,38,0.3166666666666666,3514.62,29.2885,65.7,True,50.91166666666666,Medium,Bengaluru,Treatment,0.15,Off-Peak Incentive,0.35,0.38139999999999996,True,22,16,0.5789473684210527
CUST05474,Convenience_First,116,43,0.3706896551724138,3131.78,26.998103448275863,61.8,True,50.90758620689655,Medium,Chennai,Treatment,0.15,Off-Peak Incentive,0.2,0.22360000000000002,False,0,43,0.0
CUST04612,Routine_Commuter,117,38,0.3247863247863248,2739.51,23.41461538461538,66.0,True,50.903952991453,Medium,Jaipur,Treatment,0.15,Off-Peak Incentive,0.35,0.382,False,0,38,0.0
CUST05756,Routine_Commuter,114,42,0.3684210526315789,2346.28,20.58140350877193,62.8,True,50.903092105263156,Medium,Pune,Treatment,0.15,Off-Peak Incentive,0.35,0.3756,False,0,42,0.0
CUST00431,Convenience_First,112,43,0.3839285714285714,3009.25,26.868303571428573,62.2,True,50.89964285714286,Medium,Chandigarh,Treatment,0.15,Off-Peak Incentive,0.2,0.22440000000000002,False,0,43,0.0
CUST03858,Routine_Commuter,115,36,0.3130434782608696,3197.28,27.802434782608696,67.9,True,50.88923913043479,Medium,Delhi NCR,Treatment,0.15,Off-Peak Incentive,0.35,0.3858,False,0,36,0.0
CUST05085,Routine_Commuter,124,38,0.3064516129032258,2961.51,23.88314516129033,64.9,True,50.88556451612904,Medium,Bengaluru,Treatment,0.15,Off-Peak Incentive,0.35,0.37979999999999997,True,22,16,0.5789473684210527
CUST00638,Routine_Commuter,117,37,0.3162393162393162,3969.65,33.92863247863248,66.8,True,50.88207264957265,Medium,Kochi,Treatment,0.15,Off-Peak Incentive,0.35,0.3836,True,22,15,0.5945945945945946
CUST05523,Routine_Commuter,115,40,0.3478260869565217,2450.92,21.312347826086956,64.4,True,50.88054347826088,Medium,Lucknow,Treatment,0.15,Off-Peak Incentive,0.35,0.37879999999999997,False,0,40,0.0
CUST01172,Convenience_First,115,37,0.3217391304347826,3851.05,33.48739130434783,67.0,True,50.877065217391305,Medium,Bengaluru,Treatment,0.15,Off-Peak Incentive,0.2,0.234,False,0,37,0.0
CUST02759,Convenience_First,112,39,0.3482142857142857,2261.61,20.192946428571428,65.7,True,50.87107142857143,Medium,Chennai,Control,0.0,No Incentive,0.2,0.23140000000000002,False,0,39,0.0
CUST00231,Price_Sensitive,116,38,0.3275862068965517,1548.95,13.35301724137931,66.0,True,50.86344827586207,Medium,Delhi NCR,Control,0.0,No Incentive,0.3,0.33199999999999996,False,0,38,0.0
CUST03862,Routine_Commuter,119,39,0.3277310924369748,3125.68,26.266218487394955,64.8,True,50.86049369747899,Medium,Delhi NCR,Control,0.0,No Incentive,0.35,0.3796,False,0,39,0.0
CUST06790,Price_Sensitive,106,42,0.3962264150943396,2726.04,25.71735849056604,63.6,True,50.85655660377359,Medium,Hyderabad,Control,0.0,No Incentive,0.3,0.3272,False,0,42,0.0
CUST03906,Routine_Commuter,111,42,0.3783783783783784,1511.4,13.616216216216218,63.1,True,50.85263513513514,Medium,Pune,Control,0.0,No Incentive,0.35,0.3762,False,0,42,0.0
CUST01558,Convenience_First,119,36,0.3025210084033613,2476.11,20.80764705882353,67.3,True,50.85209033613445,Medium,Ahmedabad,Treatment,0.15,Off-Peak Incentive,0.2,0.2346,False,0,36,0.0
CUST01884,Routine_Commuter,117,41,0.3504273504273504,3392.76,28.99794871794872,63.3,True,50.84959401709402,Medium,Mumbai,Control,0.0,No Incentive,0.35,0.3766,False,0,41,0.0
CUST00232,Price_Sensitive,117,37,0.3162393162393162,2322.23,19.848119658119657,66.7,True,50.84207264957266,Medium,Chennai,Control,0.0,No Incentive,0.3,0.3334,False,0,37,0.0
CUST01721,Routine_Commuter,118,36,0.3050847457627119,2105.62,17.84423728813559,67.4,True,50.84088983050848,Medium,Delhi NCR,Control,0.0,No Incentive,0.35,0.3848,False,0,36,0.0
CUST07052,Routine_Commuter,116,37,0.3189655172413793,2805.36,24.184137931034485,66.8,True,50.83862068965517,Medium,Delhi NCR,Control,0.0,No Incentive,0.35,0.3836,False,0,37,0.0
CUST00424,Price_Sensitive,113,37,0.3274336283185841,2882.04,25.504778761061942,67.2,True,50.838595132743365,Medium,Hyderabad,Treatment,0.15,Off-Peak Incentive,0.3,0.3344,True,22,15,0.5945945945945946
CUST03234,Price_Sensitive,114,37,0.3245614035087719,2837.65,24.891666666666666,67.0,True,50.828706140350874,Medium,Mumbai,Control,0.0,No Incentive,0.3,0.33399999999999996,False,0,37,0.0
CUST00449,Routine_Commuter,119,37,0.3109243697478991,2017.77,16.95605042016807,66.4,True,50.82822478991597,Medium,Kochi,Control,0.0,No Incentive,0.35,0.3828,False,0,37,0.0
CUST06595,Convenience_First,118,41,0.3474576271186441,2606.6,22.089830508474577,63.1,True,50.81580508474577,Medium,Chennai,Treatment,0.15,Off-Peak Incentive,0.2,0.2262,False,0,41,0.0
CUST05423,Routine_Commuter,123,38,0.3089430894308943,2762.39,22.458455284552844,64.9,True,50.815223577235784,Medium,Mumbai,Control,0.0,No Incentive,0.35,0.37979999999999997,False,0,38,0.0
CUST04496,Convenience_First,122,38,0.3114754098360656,3988.5,32.692622950819676,65.1,True,50.81151639344262,Medium,Delhi NCR,Treatment,0.15,Off-Peak Incentive,0.2,0.23020000000000002,False,0,38,0.0
CUST07811,Routine_Commuter,113,35,0.3097345132743362,2175.93,19.25601769911504,68.9,True,50.81063053097345,Medium,Bengaluru,Control,0.0,No Incentive,0.35,0.3878,False,0,35,0.0
CUST00454,Price_Sensitive,118,36,0.3050847457627119,4102.2,34.764406779661016,67.3,True,50.80088983050848,Medium,Delhi NCR,Control,0.0,No Incentive,0.3,0.3346,False,0,36,0.0
CUST00528,Routine_Commuter,118,36,0.3050847457627119,4520.93,38.31296610169492,67.3,True,50.80088983050848,Medium,Kolkata,Treatment,0.15,Off-Peak Incentive,0.35,0.38459999999999994,False,0,36,0.0
CUST04071,Routine_Commuter,112,37,0.3303571428571428,2492.47,22.254196428571426,67.3,True,50.79678571428571,Medium,Bengaluru,Control,0.0,No Incentive,0.35,0.38459999999999994,False,0,37,0.0
CUST00117,Routine_Commuter,120,41,0.3416666666666667,1782.89,14.857416666666667,62.9,True,50.79166666666667,Medium,Delhi NCR,Treatment,0.15,Off-Peak Incentive,0.35,0.37579999999999997,True,23,18,0.5609756097560976
CUST02964,Routine_Commuter,115,38,0.3304347826086956,3429.66,29.82313043478261,65.9,True,50.78489130434782,Medium,Jaipur,Control,0.0,No Incentive,0.35,0.3818,False,0,38,0.0
CUST01412,Price_Sensitive,115,42,0.3652173913043478,2059.12,17.905391304347827,62.4,True,50.77619565217391,Medium,Chennai,Control,0.0,No Incentive,0.3,0.3248,False,0,42,0.0
CUST03070,Routine_Commuter,115,39,0.3391304347826087,3394.08,29.513739130434782,65.0,True,50.77271739130434,Medium,Kochi,Control,0.0,No Incentive,0.35,0.38,False,0,39,0.0
CUST02126,Routine_Commuter,113,42,0.3716814159292035,3004.04,26.58442477876106,62.6,True,50.768506637168144,Medium,Ahmedabad,Control,0.0,No Incentive,0.35,0.3752,False,0,42,0.0
CUST02991,Routine_Commuter,114,40,0.3508771929824561,2532.84,22.217894736842105,64.2,True,50.76133771929825,Medium,Pune,Treatment,0.15,Off-Peak Incentive,0.35,0.37839999999999996,False,0,40,0.0
CUST05236,Routine_Commuter,118,36,0.3050847457627119,1771.23,15.01042372881356,67.2,True,50.76088983050848,Medium,Kolkata,Treatment,0.15,Off-Peak Incentive,0.35,0.38439999999999996,True,21,15,0.5833333333333334
CUST05884,Routine_Commuter,121,38,0.3140495867768595,2115.47,17.483223140495866,65.2,True,50.76073347107438,Medium,Pune,Treatment,0.15,Off-Peak Incentive,0.35,0.38039999999999996,False,0,38,0.0
CUST07979,Routine_Commuter,115,37,0.3217391304347826,2625.93,22.834173913043475,66.7,True,50.7570652173913,Medium,Ahmedabad,Treatment,0.15,Off-Peak Incentive,0.35,0.38339999999999996,True,22,15,0.5945945945945946
CUST00591,Convenience_First,121,37,0.3057851239669421,2774.03,22.925867768595044,66.0,True,50.75015495867768,Medium,Kochi,Treatment,0.15,Off-Peak Incentive,0.2,0.232,True,21,16,0.5675675675675675
CUST06340,Price_Sensitive,112,41,0.3660714285714285,1497.37,13.369375,63.6,True,50.74535714285714,Medium,Kochi,Treatment,0.15,Off-Peak Incentive,0.3,0.3272,True,23,18,0.5609756097560976
CUST02994,Price_Sensitive,112,42,0.375,3562.21,31.80544642857143,62.7,True,50.7425,Medium,Bengaluru,Treatment,0.15,Off-Peak Incentive,0.3,0.3254,False,0,42,0.0
CUST06506,Routine_Commuter,113,40,0.3539823008849557,3292.89,29.140619469026547,64.3,True,50.74054203539822,Medium,Mumbai,Treatment,0.15,Off-Peak Incentive,0.35,0.3786,False,0,40,0.0
CUST01514,Routine_Commuter,120,37,0.3083333333333333,3075.45,25.62875,66.1,True,50.73833333333333,Medium,Mumbai,Control,0.0,No Incentive,0.35,0.3822,False,0,37,0.0
CUST04075,Routine_Commuter,115,36,0.3130434782608696,2531.87,22.016260869565215,67.5,True,50.72923913043478,Medium,Chennai,Treatment,0.15,Off-Peak Incentive,0.35,0.38499999999999995,False,0,36,0.0
CUST04054,Price_Sensitive,115,36,0.3130434782608696,3206.96,27.886608695652175,67.5,True,50.72923913043478,Medium,Hyderabad,Control,0.0,No Incentive,0.3,0.33499999999999996,False,0,36,0.0
CUST05518,Routine_Commuter,116,37,0.3189655172413793,3350.89,28.88698275862069,66.5,True,50.718620689655175,Medium,Pune,Treatment,0.15,Off-Peak Incentive,0.35,0.383,False,0,37,0.0
CUST05630,Price_Sensitive,112,38,0.3392857142857143,3730.76,33.31035714285714,66.2,True,50.713928571428575,Medium,Ahmedabad,Treatment,0.15,Off-Peak Incentive,0.3,0.3324,False,0,38,0.0
CUST05422,Routine_Commuter,113,38,0.336283185840708,3752.93,33.211769911504426,66.0,True,50.71257743362832,Medium,Hyderabad,Control,0.0,No Incentive,0.35,0.382,False,0,38,0.0
CUST00458,Routine_Commuter,113,38,0.336283185840708,3845.37,34.029823008849554,66.0,True,50.71257743362832,Medium,Chennai,Treatment,0.15,Off-Peak Incentive,0.35,0.382,True,22,16,0.5789473684210527
CUST04569,Routine_Commuter,115,41,0.3565217391304348,4114.55,35.778695652173916,63.1,True,50.70836956521739,Medium,Kolkata,Treatment,0.15,Off-Peak Incentive,0.35,0.3762,False,0,41,0.0
CUST00413,Routine_Commuter,117,38,0.3247863247863248,2263.79,19.34863247863248,65.5,True,50.703952991452994,Medium,Pune,Control,0.0,No Incentive,0.35,0.381,False,0,38,0.0
CUST00943,Routine_Commuter,114,38,0.3333333333333333,2984.47,26.17956140350877,65.8,True,50.69958333333334,Medium,Kolkata,Treatment,0.15,Off-Peak Incentive,0.35,0.3816,True,22,16,0.5789473684210527
CUST07857,Routine_Commuter,111,41,0.3693693693693693,3223.38,29.03945945945946,63.6,True,50.69227477477477,Medium,Pune,Treatment,0.15,Off-Peak Incentive,0.35,0.3772,False,0,41,0.0
CUST03309,Price_Sensitive,119,36,0.3025210084033613,2971.63,24.97168067226891,66.9,True,50.692090336134456,Medium,Kochi,Control,0.0,No Incentive,0.3,0.3338,False,0,36,0.0
CUST01947,Price_Sensitive,111,34,0.3063063063063063,1529.21,13.776666666666667,69.9,True,50.689752252252255,Medium,Ahmedabad,Treatment,0.15,Off-Peak Incentive,0.3,0.3398,False,0,34,0.0
CUST04822,Routine_Commuter,108,42,0.3888888888888889,2142.3,19.836111111111112,63.0,True,50.68305555555556,Medium,Ahmedabad,Control,0.0,No Incentive,0.35,0.376,False,0,42,0.0
CUST03738,Routine_Commuter,121,38,0.3140495867768595,2263.84,18.709421487603308,65.0,True,50.68073347107438,Medium,Mumbai,Treatment,0.15,Off-Peak Incentive,0.35,0.38,False,0,38,0.0
CUST04052,Price_Sensitive,115,38,0.3304347826086956,2366.31,20.576608695652173,65.6,True,50.66489130434782,Medium,Lucknow,Control,0.0,No Incentive,0.3,0.3312,False,0,38,0.0
CUST04855,Price_Sensitive,115,35,0.3043478260869565,3429.01,29.817478260869567,68.2,True,50.66141304347826,Medium,Chennai,Control,0.0,No Incentive,0.3,0.3364,False,0,35,0.0
CUST05747,Routine_Commuter,117,36,0.3076923076923077,1726.96,14.76034188034188,67.1,True,50.66019230769231,Medium,Delhi NCR,Control,0.0,No Incentive,0.35,0.3842,False,0,36,0.0
CUST01333,Price_Sensitive,120,37,0.3083333333333333,3271.55,27.26291666666667,65.9,True,50.65833333333333,Medium,Mumbai,Control,0.0,No Incentive,0.3,0.3318,False,0,37,0.0
CUST01443,Convenience_First,110,41,0.3727272727272727,2437.58,22.15981818181818,63.6,True,50.6553409090909,Medium,Hyderabad,Treatment,0.15,Off-Peak Incentive,0.2,0.2272,False,0,41,0.0
CUST03174,Convenience_First,115,39,0.3391304347826087,4138.5,35.98695652173913,64.7,True,50.65271739130435,Medium,Bengaluru,Control,0.0,No Incentive,0.2,0.22940000000000002,False,0,39,0.0
CUST00408,Convenience_First,113,42,0.3716814159292035,2503.76,22.157168141592923,62.3,True,50.64850663716814,Medium,Hyderabad,Treatment,0.15,Off-Peak Incentive,0.2,0.22460000000000002,False,0,42,0.0
CUST04429,Routine_Commuter,118,36,0.3050847457627119,2648.71,22.44669491525424,66.9,True,50.640889830508485,Medium,Mumbai,Control,0.0,No Incentive,0.35,0.3838,False,0,36,0.0
CUST04272,Price_Sensitive,114,36,0.3157894736842105,2289.49,20.08324561403509,67.4,True,50.637828947368426,Medium,Jaipur,Control,0.0,No Incentive,0.3,0.3348,False,0,36,0.0
CUST07903,Convenience_First,105,44,0.419047619047619,3025.87,28.81780952380952,61.3,True,50.634404761904754,Medium,Kolkata,Treatment,0.15,Off-Peak Incentive,0.2,0.22260000000000002,False,0,44,0.0
CUST06676,Convenience_First,113,39,0.3451327433628318,2746.43,24.304690265486723,64.9,True,50.62655973451328,Medium,Ahmedabad,Control,0.0,No Incentive,0.2,0.22980000000000003,False,0,39,0.0
CUST07441,Routine_Commuter,108,44,0.4074074074074074,1856.99,17.194351851851852,61.0,True,50.6237962962963,Medium,Lucknow,Treatment,0.15,Off-Peak Incentive,0.35,0.372,True,24,20,0.5454545454545454
CUST00859,Routine_Commuter,107,40,0.3738317757009345,2965.84,27.718130841121496,64.8,True,50.62202102803738,Medium,Mumbai,Control,0.0,No Incentive,0.35,0.3796,False,0,40,0.0
CUST05626,Price_Sensitive,117,36,0.3076923076923077,2419.53,20.67974358974359,67.0,True,50.620192307692314,Medium,Bengaluru,Control,0.0,No Incentive,0.3,0.33399999999999996,False,0,36,0.0
CUST04876,Routine_Commuter,114,38,0.3333333333333333,3048.73,26.74324561403509,65.6,True,50.61958333333333,Medium,Pune,Treatment,0.15,Off-Peak Incentive,0.35,0.3812,False,0,38,0.0
CUST06202,Price_Sensitive,111,42,0.3783783783783784,2137.96,19.2609009009009,62.5,True,50.612635135135136,Medium,Kochi,Control,0.0,No Incentive,0.3,0.325,False,0,42,0.0
CUST06809,Routine_Commuter,106,39,0.3679245283018867,2291.52,21.618113207547168,65.8,True,50.60448113207547,Medium,Kochi,Control,0.0,No Incentive,0.35,0.3816,False,0,39,0.0
CUST01014,Routine_Commuter,112,36,0.3214285714285714,4129.66,36.87196428571429,67.7,True,50.59964285714286,Medium,Bengaluru,Treatment,0.15,Off-Peak Incentive,0.35,0.38539999999999996,False,0,36,0.0
CUST06354,Routine_Commuter,112,37,0.3303571428571428,2598.75,23.203125,66.8,True,50.59678571428571,Medium,Chandigarh,Control,0.0,No Incentive,0.35,0.3836,False,0,37,0.0
CUST07303,Price_Sensitive,110,35,0.3181818181818182,2916.18,26.510727272727273,68.9,True,50.59352272727273,Medium,Hyderabad,Treatment,0.15,Off-Peak Incentive,0.3,0.3378,False,0,35,0.0
CUST06553,Routine_Commuter,116,40,0.3448275862068966,3025.38,26.08086206896552,63.6,True,50.59310344827587,Medium,Ahmedabad,Control,0.0,No Incentive,0.35,0.3772,False,0,40,0.0
CUST06619,Price_Sensitive,121,41,0.3388429752066115,3091.75,25.551652892561982,62.3,True,50.59246900826446,Medium,Mumbai,Treatment,0.15,Off-Peak Incentive,0.3,0.3246,True,23,18,0.5609756097560976
CUST04738,Convenience_First,119,37,0.3109243697478991,3351.01,28.159747899159665,65.8,True,50.58822478991597,Medium,Chandigarh,Control,0.0,No Incentive,0.2,0.2316,False,0,37,0.0
CUST06896,Routine_Commuter,109,37,0.3394495412844037,2548.88,23.38422018348624,67.2,True,50.586731651376155,Medium,Mumbai,Control,0.0,No Incentive,0.35,0.38439999999999996,False,0,37,0.0
CUST07714,Price_Sensitive,113,39,0.3451327433628318,2595.59,22.96982300884956,64.8,True,50.58655973451327,Medium,Mumbai,Treatment,0.15,Off-Peak Incentive,0.3,0.3296,False,0,39,0.0
CUST00093,Routine_Commuter,115,35,0.3043478260869565,3271.53,28.448086956521745,68.0,True,50.581413043478264,Medium,Ahmedabad,Treatment,0.15,Off-Peak Incentive,0.35,0.38599999999999995,False,0,35,0.0
CUST00074,Convenience_First,119,39,0.3277310924369748,3535.71,29.7118487394958,64.1,True,50.580493697478985,Medium,Delhi NCR,Control,0.0,No Incentive,0.2,0.22820000000000001,False,0,39,0.0
CUST05689,Routine_Commuter,112,38,0.3392857142857143,3086.3,27.55625,65.8,True,50.55392857142858,Medium,Kochi,Control,0.0,No Incentive,0.35,0.3816,False,0,38,0.0
CUST06717,Convenience_First,112,39,0.3482142857142857,3991.47,35.638124999999995,64.9,True,50.55107142857143,Medium,Bengaluru,Treatment,0.15,Off-Peak Incentive,0.2,0.22980000000000003,False,0,39,0.0
CUST02082,Routine_Commuter,115,41,0.3565217391304348,2332.65,20.28391304347826,62.7,True,50.548369565217385,Medium,Ahmedabad,Treatment,0.15,Off-Peak Incentive,0.35,0.37539999999999996,False,0,41,0.0
CUST07027,Convenience_First,112,40,0.3571428571428571,3730.25,33.30580357142857,64.0,True,50.54821428571429,Medium,Delhi NCR,Treatment,0.15,Off-Peak Incentive,0.2,0.228,False,0,40,0.0
CUST04266,Routine_Commuter,117,40,0.3418803418803419,2150.7,18.38205128205128,63.4,True,50.54771367521368,Medium,Hyderabad,Control,0.0,No Incentive,0.35,0.37679999999999997,False,0,40,0.0
CUST02100,Convenience_First,107,43,0.4018691588785046,3037.36,28.386542056074767,61.8,True,50.543516355140184,Medium,Pune,Treatment,0.15,Off-Peak Incentive,0.2,0.22360000000000002,False,0,43,0.0
CUST07788,Price_Sensitive,111,40,0.3603603603603603,2671.62,24.068648648648647,64.1,True,50.53191441441441,Medium,Pune,Control,0.0,No Incentive,0.3,0.3282,False,0,40,0.0
CUST01948,Convenience_First,111,38,0.3423423423423423,3531.58,31.816036036036035,65.9,True,50.531193693693695,Medium,Chennai,Treatment,0.15,Off-Peak Incentive,0.2,0.23180000000000003,False,0,38,0.0
CUST06405,Convenience_First,113,37,0.3274336283185841,3646.23,32.267522123893805,66.4,True,50.51859513274336,Medium,Mumbai,Control,0.0,No Incentive,0.2,0.23280000000000003,False,0,37,0.0
CUST05814,Routine_Commuter,115,37,0.3217391304347826,2536.16,22.053565217391306,66.1,True,50.517065217391306,Medium,Kolkata,Treatment,0.15,Off-Peak Incentive,0.35,0.3822,False,0,37,0.0
CUST06616,Routine_Commuter,105,44,0.419047619047619,1665.67,15.86352380952381,61.0,True,50.51440476190477,Medium,Chennai,Treatment,0.15,Off-Peak Incentive,0.35,0.372,False,0,44,0.0
CUST07503,Convenience_First,114,41,0.3596491228070175,2719.77,23.85763157894737,62.7,True,50.5122149122807,Medium,Chandigarh,Control,0.0,No Incentive,0.2,0.22540000000000002,False,0,41,0.0
CUST02597,Routine_Commuter,112,40,0.3571428571428571,2275.81,20.31973214285714,63.9,True,50.50821428571429,Medium,Mumbai,Control,0.0,No Incentive,0.35,0.37779999999999997,False,0,40,0.0
CUST01808,Price_Sensitive,115,38,0.3304347826086956,2335.38,20.307652173913045,65.2,True,50.50489130434782,Medium,Chennai,Treatment,0.15,Off-Peak Incentive,0.3,0.33039999999999997,False,0,38,0.0
CUST04044,Price_Sensitive,113,40,0.3539823008849557,1323.95,11.71637168141593,63.7,True,50.500542035398226,Medium,Pune,Treatment,0.15,Off-Peak Incentive,0.3,0.3274,False,0,40,0.0
CUST04988,Routine_Commuter,118,37,0.3135593220338983,3055.62,25.895084745762713,65.7,True,50.499872881355934,Medium,Chennai,Treatment,0.15,Off-Peak Incentive,0.35,0.38139999999999996,False,0,37,0.0
CUST00828,Price_Sensitive,113,34,0.3008849557522124,2537.08,22.452035398230088,69.0,True,50.496648230088496,Medium,Jaipur,Treatment,0.15,Off-Peak Incentive,0.3,0.33799999999999997,True,20,14,0.5882352941176471
CUST01339,Price_Sensitive,114,39,0.3421052631578947,3308.81,29.024649122807016,64.4,True,50.49046052631579,Medium,Chennai,Treatment,0.15,Off-Peak Incentive,0.3,0.3288,True,22,17,0.5641025641025641
CUST05177,Routine_Commuter,114,39,0.3421052631578947,3250.02,28.50894736842105,64.4,True,50.49046052631579,Medium,Mumbai,Control,0.0,No Incentive,0.35,0.37879999999999997,False,0,39,0.0
CUST07592,Price_Sensitive,122,37,0.3032786885245901,1935.04,15.860983606557376,65.1,True,50.4836475409836,Medium,Chandigarh,Treatment,0.15,Off-Peak Incentive,0.3,0.3302,False,0,37,0.0
CUST01827,Routine_Commuter,114,36,0.3157894736842105,1615.0,14.166666666666666,67.0,True,50.47782894736842,Medium,Lucknow,Control,0.0,No Incentive,0.35,0.384,False,0,36,0.0
CUST04686,Price_Sensitive,107,41,0.3831775700934579,1712.18,16.001682242990654,63.5,True,50.47585280373832,Medium,Mumbai,Treatment,0.15,Off-Peak Incentive,0.3,0.327,False,0,41,0.0
CUST03304,Price_Sensitive,113,40,0.3539823008849557,2341.38,20.72017699115044,63.6,True,50.46054203539823,Medium,Chennai,Treatment,0.15,Off-Peak Incentive,0.3,0.3272,False,0,40,0.0
CUST00365,Routine_Commuter,118,37,0.3135593220338983,1685.92,14.287457627118645,65.6,True,50.459872881355935,Medium,Pune,Control,0.0,No Incentive,0.35,0.3812,False,0,37,0.0
CUST07423,Routine_Commuter,109,36,0.3302752293577982,1642.6,15.069724770642202,67.8,True,50.45975917431193,Medium,Delhi NCR,Treatment,0.15,Off-Peak Incentive,0.35,0.38559999999999994,False,0,36,0.0
CUST05410,Convenience_First,113,41,0.3628318584070796,3489.68,30.882123893805307,62.7,True,50.454524336283185,Medium,Kochi,Control,0.0,No Incentive,0.2,0.22540000000000002,False,0,41,0.0
CUST06317,Price_Sensitive,111,37,0.3333333333333333,2357.25,21.236486486486488,66.6,True,50.45083333333333,Medium,Pune,Treatment,0.15,Off-Peak Incentive,0.3,0.3332,False,0,37,0.0
CUST01150,Routine_Commuter,115,36,0.3130434782608696,2620.18,22.78417391304348,66.8,True,50.449239130434776,Medium,Chandigarh,Control,0.0,No Incentive,0.35,0.3836,False,0,36,0.0
CUST00020,Routine_Commuter,116,39,0.3362068965517241,2230.13,19.225258620689655,64.1,True,50.44827586206896,Medium,Bengaluru,Control,0.0,No Incentive,0.35,0.3782,False,0,39,0.0
CUST03889,Price_Sensitive,114,35,0.3070175438596491,1579.5,13.855263157894736,67.8,True,50.44695175438597,Medium,Lucknow,Control,0.0,No Incentive,0.3,0.3356,False,0,35,0.0
CUST07372,Routine_Commuter,117,37,0.3162393162393162,3351.29,28.643504273504274,65.7,True,50.44207264957265,Medium,Lucknow,Treatment,0.15,Off-Peak Incentive,0.35,0.38139999999999996,False,0,37,0.0
CUST07711,Routine_Commuter,107,44,0.411214953271028,2500.49,23.369065420560744,60.6,True,50.43734813084112,Medium,Bengaluru,Treatment,0.15,Off-Peak Incentive,0.35,0.3712,False,0,44,0.0
CUST03025,Routine_Commuter,112,37,0.3303571428571428,1977.19,17.653482142857143,66.4,True,50.43678571428571,Medium,Chennai,Treatment,0.15,Off-Peak Incentive,0.35,0.3828,False,0,37,0.0
CUST06016,Routine_Commuter,114,41,0.3596491228070175,2349.68,20.611228070175436,62.5,True,50.4322149122807,Medium,Chennai,Control,0.0,No Incentive,0.35,0.375,False,0,41,0.0
CUST04212,Routine_Commuter,121,37,0.3057851239669421,1768.0,14.611570247933884,65.2,True,50.43015495867768,Medium,Bengaluru,Treatment,0.15,Off-Peak Incentive,0.35,0.38039999999999996,False,0,37,0.0
CUST00216,Convenience_First,121,37,0.3057851239669421,2868.12,23.703471074380165,65.2,True,50.43015495867768,Medium,Pune,Treatment,0.15,Off-Peak Incentive,0.2,0.23040000000000002,False,0,37,0.0
CUST07653,Routine_Commuter,116,35,0.3017241379310345,2043.18,17.61362068965517,67.5,True,50.42896551724138,Medium,Lucknow,Treatment,0.15,Off-Peak Incentive,0.35,0.38499999999999995,False,0,35,0.0
CUST05576,Price_Sensitive,115,38,0.3304347826086956,3110.72,27.04973913043478,65.0,True,50.424891304347824,Medium,Ahmedabad,Treatment,0.15,Off-Peak Incentive,0.3,0.32999999999999996,False,0,38,0.0
CUST04744,Convenience_First,111,38,0.3423423423423423,2204.59,19.861171171171172,65.6,True,50.41119369369369,Medium,Kolkata,Treatment,0.15,Off-Peak Incentive,0.2,0.23120000000000002,False,0,38,0.0
CUST07603,Price_Sensitive,107,42,0.3925233644859813,2526.22,23.609532710280373,62.4,True,50.40968457943926,Medium,Delhi NCR,Treatment,0.15,Off-Peak Incentive,0.3,0.3248,False,0,42,0.0
CUST04151,Routine_Commuter,116,38,0.3275862068965517,2836.8,24.455172413793104,64.8,True,50.38344827586207,Medium,Mumbai,Treatment,0.15,Off-Peak Incentive,0.35,0.3796,True,22,16,0.5789473684210527
CUST06344,Price_Sensitive,117,36,0.3076923076923077,2354.52,20.124102564102564,66.4,True,50.38019230769231,Medium,Kolkata,Control,0.0,No Incentive,0.3,0.3328,False,0,36,0.0
CUST07600,Routine_Commuter,118,37,0.3135593220338983,2506.4,21.240677966101696,65.4,True,50.379872881355936,Medium,Chennai,Treatment,0.15,Off-Peak Incentive,0.35,0.38079999999999997,False,0,37,0.0
CUST03626,Price_Sensitive,111,39,0.3513513513513513,1788.8,16.115315315315314,64.6,True,50.37155405405405,Medium,Chennai,Treatment,0.15,Off-Peak Incentive,0.3,0.3292,False,0,39,0.0
CUST01507,Price_Sensitive,106,39,0.3679245283018867,2345.59,22.12820754716981,65.2,True,50.364481132075476,Medium,Kochi,Control,0.0,No Incentive,0.3,0.33039999999999997,False,0,39,0.0
CUST00635,Routine_Commuter,118,36,0.3050847457627119,2957.09,25.060084745762712,66.2,True,50.36088983050848,Medium,Ahmedabad,Control,0.0,No Incentive,0.35,0.38239999999999996,False,0,36,0.0
CUST05930,Routine_Commuter,120,38,0.3166666666666666,2807.5,23.395833333333332,64.3,True,50.35166666666666,Medium,Chennai,Treatment,0.15,Off-Peak Incentive,0.35,0.3786,True,22,16,0.5789473684210527
CUST03123,Price_Sensitive,116,35,0.3017241379310345,1734.03,14.94853448275862,67.3,True,50.34896551724138,Medium,Ahmedabad,Control,0.0,No Incentive,0.3,0.3346,False,0,35,0.0
CUST04036,Price_Sensitive,109,37,0.3394495412844037,3185.85,29.227981651376147,66.6,True,50.346731651376146,Medium,Chandigarh,Control,0.0,No Incentive,0.3,0.3332,False,0,37,0.0
CUST06781,Routine_Commuter,121,39,0.3223140495867768,3029.05,25.033471074380166,63.3,True,50.331311983471075,Medium,Ahmedabad,Control,0.0,No Incentive,0.35,0.3766,False,0,39,0.0
CUST03638,Routine_Commuter,115,38,0.3304347826086956,3068.55,26.68304347826087,64.7,True,50.30489130434782,Medium,Ahmedabad,Control,0.0,No Incentive,0.35,0.37939999999999996,False,0,38,0.0
CUST05964,Routine_Commuter,113,40,0.3539823008849557,3253.15,28.788938053097347,63.2,True,50.30054203539822,Medium,Hyderabad,Control,0.0,No Incentive,0.35,0.37639999999999996,False,0,40,0.0
CUST05023,Routine_Commuter,116,36,0.3103448275862069,2041.54,17.599482758620688,66.3,True,50.29379310344828,Medium,Mumbai,Treatment,0.15,Off-Peak Incentive,0.35,0.3826,False,0,36,0.0
CUST02395,Routine_Commuter,111,42,0.3783783783783784,2531.84,22.80936936936937,61.7,True,50.292635135135136,Medium,Pune,Treatment,0.15,Off-Peak Incentive,0.35,0.3734,False,0,42,0.0
CUST00702,Price_Sensitive,111,36,0.3243243243243243,2377.8,21.42162162162162,67.1,True,50.29047297297297,Medium,Hyderabad,Control,0.0,No Incentive,0.3,0.3342,False,0,36,0.0
CUST02303,Routine_Commuter,110,39,0.3545454545454545,2231.58,20.28709090909091,64.5,True,50.28806818181818,Medium,Pune,Control,0.0,No Incentive,0.35,0.379,False,0,39,0.0
CUST01898,Convenience_First,109,40,0.3669724770642202,4099.26,37.60788990825688,63.7,True,50.287649082568805,Medium,Pune,Treatment,0.15,Off-Peak Incentive,0.2,0.22740000000000002,False,0,40,0.0
CUST05733,Price_Sensitive,112,34,0.3035714285714285,2566.88,22.91857142857143,68.7,True,50.285357142857144,Medium,Delhi NCR,Treatment,0.15,Off-Peak Incentive,0.3,0.3374,False,0,34,0.0
CUST05852,Price_Sensitive,105,42,0.4,1368.74,13.035619047619049,62.3,True,50.2725,Medium,Jaipur,Control,0.0,No Incentive,0.3,0.3246,False,0,42,0.0
CUST01002,Convenience_First,113,35,0.3097345132743362,3595.9,31.822123893805312,67.5,True,50.250630530973446,Medium,Hyderabad,Treatment,0.15,Off-Peak Incentive,0.2,0.23500000000000001,False,0,35,0.0
CUST06044,Routine_Commuter,112,36,0.3214285714285714,2947.41,26.31616071428571,66.8,True,50.239642857142854,Medium,Jaipur,Control,0.0,No Incentive,0.35,0.3836,False,0,36,0.0
CUST04814,Routine_Commuter,114,36,0.3157894736842105,2722.47,23.88131578947368,66.4,True,50.23782894736843,Medium,Delhi NCR,Control,0.0,No Incentive,0.35,0.3828,False,0,36,0.0
CUST03972,Price_Sensitive,114,36,0.3157894736842105,2225.32,19.520350877192985,66.4,True,50.23782894736843,Medium,Mumbai,Control,0.0,No Incentive,0.3,0.3328,False,0,36,0.0
CUST04903,Convenience_First,115,37,0.3217391304347826,3101.31,26.967913043478266,65.4,True,50.237065217391304,Medium,Mumbai,Control,0.0,No Incentive,0.2,0.23080000000000003,False,0,37,0.0
CUST06680,Routine_Commuter,115,37,0.3217391304347826,3701.0,32.18260869565217,65.4,True,50.237065217391304,Medium,Kochi,Control,0.0,No Incentive,0.35,0.38079999999999997,False,0,37,0.0
CUST04990,Routine_Commuter,106,36,0.3396226415094339,3528.84,33.29094339622642,67.7,True,50.23240566037736,Medium,Bengaluru,Control,0.0,No Incentive,0.35,0.38539999999999996,False,0,36,0.0
CUST06636,Convenience_First,120,38,0.3166666666666666,1998.57,16.65475,64.0,True,50.23166666666667,Medium,Chandigarh,Control,0.0,No Incentive,0.2,0.228,False,0,38,0.0
CUST00429,Convenience_First,111,38,0.3423423423423423,4074.48,36.707027027027024,65.1,True,50.211193693693694,Medium,Chennai,Control,0.0,No Incentive,0.2,0.23020000000000002,False,0,38,0.0
CUST04356,Price_Sensitive,113,35,0.3097345132743362,2721.96,24.088141592920355,67.4,True,50.210630530973454,Medium,Hyderabad,Control,0.0,No Incentive,0.3,0.3348,False,0,35,0.0
CUST06237,Routine_Commuter,110,39,0.3545454545454545,3358.31,30.53009090909091,64.3,True,50.20806818181818,Medium,Kochi,Treatment,0.15,Off-Peak Incentive,0.35,0.3786,True,22,17,0.5641025641025641
CUST03198,Routine_Commuter,112,34,0.3035714285714285,3336.24,29.787857142857145,68.5,True,50.205357142857146,Medium,Chennai,Control,0.0,No Incentive,0.35,0.38699999999999996,False,0,34,0.0
CUST02771,Convenience_First,113,37,0.3274336283185841,3201.87,28.33513274336283,65.6,True,50.19859513274336,Medium,Bengaluru,Treatment,0.15,Off-Peak Incentive,0.2,0.23120000000000002,False,0,37,0.0
CUST07723,Routine_Commuter,104,41,0.3942307692307692,4019.29,38.64701923076923,63.2,True,50.19798076923077,Medium,Bengaluru,Control,0.0,No Incentive,0.35,0.37639999999999996,False,0,41,0.0
CUST01335,Convenience_First,112,37,0.3303571428571428,2908.16,25.965714285714284,65.8,True,50.19678571428572,Medium,Mumbai,Control,0.0,No Incentive,0.2,0.2316,False,0,37,0.0
CUST06516,Routine_Commuter,114,41,0.3596491228070175,3300.28,28.94982456140351,61.9,True,50.192214912280704,Medium,Bengaluru,Treatment,0.15,Off-Peak Incentive,0.35,0.37379999999999997,False,0,41,0.0
CUST03087,Price_Sensitive,116,35,0.3017241379310345,3001.95,25.878879310344825,66.9,True,50.188965517241385,Medium,Pune,Treatment,0.15,Off-Peak Incentive,0.3,0.3338,False,0,35,0.0
CUST02762,Price_Sensitive,110,33,0.3,1847.8,16.798181818181817,69.7,True,50.18625,Medium,Chennai,Treatment,0.15,Off-Peak Incentive,0.3,0.3394,False,0,33,0.0
CUST00909,Routine_Commuter,107,40,0.3738317757009345,3027.47,28.294112149532708,63.7,True,50.18202102803738,Medium,Delhi NCR,Control,0.0,No Incentive,0.35,0.37739999999999996,False,0,40,0.0
CUST03251,Routine_Commuter,106,42,0.3962264150943396,2279.68,21.506415094339623,61.9,True,50.17655660377359,Medium,Ahmedabad,Treatment,0.15,Off-Peak Incentive,0.35,0.37379999999999997,False,0,42,0.0
CUST01861,Routine_Commuter,113,41,0.3628318584070796,1430.22,12.656814159292036,62.0,True,50.174524336283184,Medium,Hyderabad,Treatment,0.15,Off-Peak Incentive,0.35,0.374,True,23,18,0.5609756097560976
CUST04202,Routine_Commuter,110,40,0.3636363636363636,2693.83,24.489363636363635,63.3,True,50.171704545454546,Medium,Hyderabad,Control,0.0,No Incentive,0.35,0.3766,False,0,40,0.0
CUST07362,Price_Sensitive,111,38,0.3423423423423423,2314.69,20.853063063063065,65.0,True,50.17119369369369,Medium,Bengaluru,Control,0.0,No Incentive,0.3,0.32999999999999996,False,0,38,0.0
CUST06769,Routine_Commuter,112,38,0.3392857142857143,3006.54,26.844107142857144,64.8,True,50.15392857142857,Medium,Bengaluru,Treatment,0.15,Off-Peak Incentive,0.35,0.3796,True,22,16,0.5789473684210527
CUST02555,Routine_Commuter,113,38,0.336283185840708,2657.81,23.520442477876102,64.6,True,50.15257743362832,Medium,Mumbai,Treatment,0.15,Off-Peak Incentive,0.35,0.3792,True,22,16,0.5789473684210527
CUST00768,Price_Sensitive,108,37,0.3425925925925926,2214.45,20.504166666666663,66.3,True,50.15120370370371,Medium,Delhi NCR,Control,0.0,No Incentive,0.3,0.3326,False,0,37,0.0
CUST03841,Convenience_First,103,43,0.4174757281553398,2683.85,26.056796116504852,61.2,True,50.14152912621359,Medium,Lucknow,Control,0.0,No Incentive,0.2,0.22240000000000001,False,0,43,0.0
CUST04820,Convenience_First,114,40,0.3508771929824561,2228.03,19.544122807017544,62.6,True,50.121337719298246,Medium,Pune,Control,0.0,No Incentive,0.2,0.2252,False,0,40,0.0
CUST01161,Convenience_First,115,40,0.3478260869565217,2568.22,22.332347826086956,62.5,True,50.12054347826087,Medium,Bengaluru,Treatment,0.15,Off-Peak Incentive,0.2,0.225,False,0,40,0.0
CUST06726,Price_Sensitive,109,38,0.3486238532110092,2035.74,18.67651376146789,65.1,True,50.11370412844036,Medium,Pune,Treatment,0.15,Off-Peak Incentive,0.3,0.3302,True,22,16,0.5789473684210527
CUST07892,Price_Sensitive,109,38,0.3486238532110092,2324.64,21.32697247706422,65.1,True,50.11370412844036,Medium,Pune,Treatment,0.15,Off-Peak Incentive,0.3,0.3302,False,0,38,0.0
CUST01198,Routine_Commuter,109,37,0.3394495412844037,2261.19,20.744862385321102,66.0,True,50.10673165137615,Medium,Pune,Control,0.0,No Incentive,0.35,0.382,False,0,37,0.0
CUST01080,Routine_Commuter,117,38,0.3247863247863248,2905.63,24.834444444444447,64.0,True,50.103952991453,Medium,Ahmedabad,Treatment,0.15,Off-Peak Incentive,0.35,0.378,False,0,38,0.0
CUST07609,Price_Sensitive,115,35,0.3043478260869565,1815.39,15.786,66.8,True,50.10141304347826,Medium,Chennai,Treatment,0.15,Off-Peak Incentive,0.3,0.3336,False,0,35,0.0
CUST03118,Routine_Commuter,114,38,0.3333333333333333,2622.27,23.00236842105263,64.3,True,50.09958333333333,Medium,Bengaluru,Control,0.0,No Incentive,0.35,0.3786,False,0,38,0.0
CUST06965,Routine_Commuter,118,39,0.3305084745762712,3493.93,29.60957627118644,63.0,True,50.097838983050856,Medium,Bengaluru,Control,0.0,No Incentive,0.35,0.376,False,0,39,0.0
CUST00529,Price_Sensitive,113,34,0.3008849557522124,2503.87,22.15814159292035,68.0,True,50.0966482300885,Medium,Bengaluru,Control,0.0,No Incentive,0.3,0.33599999999999997,False,0,34,0.0
CUST05466,Convenience_First,113,34,0.3008849557522124,1743.75,15.43141592920354,68.0,True,50.0966482300885,Medium,Mumbai,Treatment,0.15,Off-Peak Incentive,0.2,0.23600000000000002,False,0,34,0.0
CUST05552,Routine_Commuter,111,37,0.3333333333333333,2931.25,26.40765765765766,65.7,True,50.09083333333333,Medium,Hyderabad,Treatment,0.15,Off-Peak Incentive,0.35,0.38139999999999996,True,21,16,0.5675675675675675
CUST04938,Price_Sensitive,105,39,0.3714285714285714,2688.44,25.60419047619048,64.7,True,50.089642857142856,Medium,Bengaluru,Treatment,0.15,Off-Peak Incentive,0.3,0.32939999999999997,False,0,39,0.0
CUST01673,Price_Sensitive,114,35,0.3070175438596491,3486.52,30.583508771929825,66.9,True,50.08695175438597,Medium,Jaipur,Treatment,0.15,Off-Peak Incentive,0.3,0.3338,False,0,35,0.0
CUST00178,Routine_Commuter,114,35,0.3070175438596491,1976.98,17.341929824561404,66.9,True,50.08695175438597,Medium,Bengaluru,Control,0.0,No Incentive,0.35,0.3838,False,0,35,0.0
CUST06919,Routine_Commuter,108,38,0.3518518518518518,3372.0,31.22222222222222,65.2,True,50.08157407407408,Medium,Delhi NCR,Treatment,0.15,Off-Peak Incentive,0.35,0.38039999999999996,True,22,16,0.5789473684210527
CUST06766,Convenience_First,118,36,0.3050847457627119,1969.71,16.692457627118646,65.5,True,50.08088983050848,Medium,Lucknow,Control,0.0,No Incentive,0.2,0.231,False,0,36,0.0
CUST03900,Routine_Commuter,108,34,0.3148148148148148,3210.93,29.730833333333333,68.9,True,50.0800925925926,Medium,Chennai,Control,0.0,No Incentive,0.35,0.3878,False,0,34,0.0
CUST03180,Convenience_First,112,38,0.3392857142857143,3923.61,35.03223214285715,64.6,True,50.073928571428574,Medium,Hyderabad,Control,0.0,No Incentive,0.2,0.22920000000000001,False,0,38,0.0
CUST06083,Convenience_First,104,39,0.375,2348.5,22.58173076923077,64.8,True,50.06875,Medium,Delhi NCR,Treatment,0.15,Off-Peak Incentive,0.2,0.2296,False,0,39,0.0
CUST07803,Convenience_First,105,36,0.3428571428571428,2328.27,22.174,67.5,True,50.06678571428571,Medium,Delhi NCR,Treatment,0.15,Off-Peak Incentive,0.2,0.23500000000000001,False,0,36,0.0
CUST03217,Routine_Commuter,113,39,0.3451327433628318,2122.64,18.78442477876106,63.5,True,50.06655973451328,Medium,Hyderabad,Treatment,0.15,Off-Peak Incentive,0.35,0.377,False,0,39,0.0
CUST01493,Routine_Commuter,108,36,0.3333333333333333,1800.96,16.675555555555555,67.0,True,50.060833333333335,Medium,Bengaluru,Treatment,0.15,Off-Peak Incentive,0.35,0.384,True,21,15,0.5833333333333334
CUST07238,Convenience_First,106,42,0.3962264150943396,2951.74,27.846603773584903,61.6,True,50.056556603773586,Medium,Chandigarh,Treatment,0.15,Off-Peak Incentive,0.2,0.2232,False,0,42,0.0
CUST07355,Price_Sensitive,109,41,0.3761467889908257,2572.08,23.597064220183487,62.2,True,50.054621559633034,Medium,Bengaluru,Treatment,0.15,Off-Peak Incentive,0.3,0.3244,False,0,41,0.0
CUST05482,Routine_Commuter,108,43,0.3981481481481481,3035.45,28.10601851851852,60.5,True,50.05342592592593,Medium,Jaipur,Control,0.0,No Incentive,0.35,0.371,False,0,43,0.0
CUST07227,Routine_Commuter,108,39,0.3611111111111111,1772.51,16.41212962962963,64.2,True,50.05194444444445,Medium,Kochi,Treatment,0.15,Off-Peak Incentive,0.35,0.37839999999999996,True,22,17,0.5641025641025641
CUST02916,Routine_Commuter,111,34,0.3063063063063063,3022.76,27.232072072072075,68.3,True,50.049752252252254,Medium,Bengaluru,Control,0.0,No Incentive,0.35,0.38659999999999994,False,0,34,0.0
CUST03343,Convenience_First,110,39,0.3545454545454545,2914.1,26.491818181818186,63.9,True,50.04806818181818,Medium,Delhi NCR,Treatment,0.15,Off-Peak Incentive,0.2,0.2278,False,0,39,0.0
CUST05516,Price_Sensitive,112,34,0.3035714285714285,1965.44,17.548571428571428,68.1,True,50.04535714285714,Medium,Pune,Treatment,0.15,Off-Peak Incentive,0.3,0.3362,False,0,34,0.0
CUST07486,Convenience_First,117,37,0.3162393162393162,2451.83,20.955811965811964,64.7,True,50.04207264957265,Medium,Chennai,Treatment,0.15,Off-Peak Incentive,0.2,0.22940000000000002,False,0,37,0.0
CUST06115,Price_Sensitive,109,39,0.3577981651376147,2194.47,20.13275229357798,64.0,True,50.040676605504586,Medium,Bengaluru,Treatment,0.15,Off-Peak Incentive,0.3,0.328,False,0,39,0.0
CUST00624,Routine_Commuter,107,38,0.3551401869158878,2113.28,19.750280373831774,65.2,True,50.03435747663552,Medium,Chennai,Treatment,0.15,Off-Peak Incentive,0.35,0.38039999999999996,True,22,16,0.5789473684210527
CUST02617,Routine_Commuter,105,42,0.4,2224.87,21.189238095238093,61.7,True,50.032500000000006,Medium,Chennai,Control,0.0,No Incentive,0.35,0.3734,False,0,42,0.0
CUST03676,Convenience_First,115,35,0.3043478260869565,5319.06,46.25269565217392,66.6,True,50.02141304347826,Medium,Jaipur,Treatment,0.15,Off-Peak Incentive,0.2,0.23320000000000002,True,20,15,0.5714285714285714
CUST05091,Routine_Commuter,108,36,0.3333333333333333,1938.55,17.949537037037036,66.9,True,50.020833333333336,Medium,Chennai,Treatment,0.15,Off-Peak Incentive,0.35,0.3838,False,0,36,0.0
CUST05661,Convenience_First,110,40,0.3636363636363636,1243.33,11.303,62.9,True,50.01170454545454,Medium,Mumbai,Control,0.0,No Incentive,0.2,0.2258,False,0,40,0.0
CUST05367,Routine_Commuter,113,35,0.3097345132743362,2412.43,21.348938053097346,66.9,True,50.01063053097345,Medium,Pune,Treatment,0.15,Off-Peak Incentive,0.35,0.3838,False,0,35,0.0
CUST05119,Routine_Commuter,106,37,0.3490566037735849,3586.24,33.83245283018868,66.2,True,50.00976415094341,Medium,Hyderabad,Control,0.0,No Incentive,0.35,0.38239999999999996,False,0,37,0.0
CUST02561,Routine_Commuter,109,39,0.3577981651376147,2459.9,22.56788990825688,63.9,True,50.000676605504594,Medium,Hyderabad,Treatment,0.15,Off-Peak Incentive,0.35,0.37779999999999997,False,0,39,0.0
CUST06774,Price_Sensitive,112,36,0.3214285714285714,2770.99,24.740982142857145,66.2,True,49.99964285714286,Low,Delhi NCR,Control,0.0,No Incentive,0.3,0.3324,False,0,36,0.0
CUST03164,Price_Sensitive,113,37,0.3274336283185841,2925.73,25.89141592920354,65.1,True,49.99859513274336,Low,Ahmedabad,Treatment,0.15,Off-Peak Incentive,0.3,0.3302,True,21,16,0.5675675675675675
CUST05757,Routine_Commuter,114,36,0.3157894736842105,2035.58,17.8559649122807,65.8,True,49.99782894736842,Low,Pune,Treatment,0.15,Off-Peak Incentive,0.35,0.3816,True,21,15,0.5833333333333334
CUST03572,Price_Sensitive,112,37,0.3303571428571428,2941.57,26.264017857142857,65.3,True,49.996785714285714,Low,Kolkata,Control,0.0,No Incentive,0.3,0.3306,False,0,37,0.0
CUST03401,Convenience_First,112,37,0.3303571428571428,3115.31,27.815267857142857,65.3,True,49.996785714285714,Low,Bengaluru,Control,0.0,No Incentive,0.2,0.2306,False,0,37,0.0
CUST01228,Routine_Commuter,103,39,0.3786407766990291,2315.56,22.481165048543687,64.7,True,49.98813106796117,Low,Jaipur,Treatment,0.15,Off-Peak Incentive,0.35,0.37939999999999996,True,22,17,0.5641025641025641
CUST02006,Routine_Commuter,107,37,0.3457943925233644,1797.39,16.798037383177572,66.0,True,49.98052570093458,Low,Kochi,Control,0.0,No Incentive,0.35,0.382,False,0,37,0.0
CUST05356,Routine_Commuter,117,36,0.3076923076923077,2690.1,22.99230769230769,65.4,True,49.98019230769231,Low,Chennai,Treatment,0.15,Off-Peak Incentive,0.35,0.38079999999999997,False,0,36,0.0
CUST00415,Routine_Commuter,118,39,0.3305084745762712,1978.19,16.764322033898306,62.7,True,49.97783898305085,Low,Pune,Treatment,0.15,Off-Peak Incentive,0.35,0.37539999999999996,False,0,39,0.0
CUST06590,Price_Sensitive,111,37,0.3333333333333333,1924.38,17.336756756756756,65.4,True,49.97083333333334,Low,Hyderabad,Treatment,0.15,Off-Peak Incentive,0.3,0.3308,False,0,37,0.0
CUST05789,Price_Sensitive,111,36,0.3243243243243243,2082.11,18.75774774774775,66.3,True,49.97047297297297,Low,Kolkata,Control,0.0,No Incentive,0.3,0.3326,False,0,36,0.0
CUST05991,Convenience_First,110,38,0.3454545454545454,2778.1,25.255454545454544,64.6,True,49.964431818181815,Low,Mumbai,Treatment,0.15,Off-Peak Incentive,0.2,0.22920000000000001,False,0,38,0.0
CUST05476,Price_Sensitive,113,37,0.3274336283185841,2125.44,18.80920353982301,65.0,True,49.95859513274336,Low,Ahmedabad,Control,0.0,No Incentive,0.3,0.32999999999999996,False,0,37,0.0
CUST03179,Convenience_First,105,42,0.4,3273.49,31.176095238095236,61.5,True,49.9525,Low,Pune,Treatment,0.15,Off-Peak Incentive,0.2,0.223,False,0,42,0.0
CUST04835,Routine_Commuter,112,39,0.3482142857142857,1595.81,14.24830357142857,63.4,True,49.95107142857143,Low,Kolkata,Control,0.0,No Incentive,0.35,0.37679999999999997,False,0,39,0.0
CUST06468,Convenience_First,105,40,0.3809523809523809,2679.87,25.52257142857143,63.4,True,49.95059523809523,Low,Kolkata,Control,0.0,No Incentive,0.2,0.2268,False,0,40,0.0
CUST01689,Convenience_First,110,34,0.3090909090909091,4074.84,37.044,68.2,True,49.94988636363636,Low,Chennai,Treatment,0.15,Off-Peak Incentive,0.2,0.23640000000000003,False,0,34,0.0
CUST01786,Price_Sensitive,110,34,0.3090909090909091,1505.15,13.68318181818182,68.2,True,49.94988636363636,Low,Hyderabad,Treatment,0.15,Off-Peak Incentive,0.3,0.3364,True,20,14,0.5882352941176471
CUST02521,Routine_Commuter,103,39,0.3786407766990291,3313.8,32.17281553398058,64.6,True,49.94813106796117,Low,Delhi NCR,Treatment,0.15,Off-Peak Incentive,0.35,0.3792,False,0,39,0.0
CUST02807,Routine_Commuter,109,37,0.3394495412844037,3018.72,27.694678899082568,65.6,True,49.94673165137614,Low,Bengaluru,Control,0.0,No Incentive,0.35,0.3812,False,0,37,0.0
CUST01573,Price_Sensitive,109,36,0.3302752293577982,1718.19,15.763211009174311,66.5,True,49.93975917431193,Low,Bengaluru,Treatment,0.15,Off-Peak Incentive,0.3,0.33299999999999996,False,0,36,0.0
CUST00514,Routine_Commuter,108,39,0.3611111111111111,2953.99,27.351759259259257,63.9,True,49.93194444444445,Low,Kochi,Control,0.0,No Incentive,0.35,0.37779999999999997,False,0,39,0.0
CUST03803,Routine_Commuter,111,36,0.3243243243243243,2481.81,22.358648648648646,66.2,True,49.93047297297297,Low,Mumbai,Treatment,0.15,Off-Peak Incentive,0.35,0.38239999999999996,False,0,36,0.0
CUST07557,Routine_Commuter,114,39,0.3421052631578947,1562.53,13.70640350877193,63.0,True,49.93046052631579,Low,Ahmedabad,Control,0.0,No Incentive,0.35,0.376,False,0,39,0.0
CUST04425,Routine_Commuter,114,35,0.3070175438596491,2933.37,25.731315789473683,66.5,True,49.92695175438597,Low,Hyderabad,Treatment,0.15,Off-Peak Incentive,0.35,0.383,True,20,15,0.5714285714285714
CUST07245,Price_Sensitive,114,35,0.3070175438596491,2069.36,18.152280701754385,66.5,True,49.92695175438597,Low,Mumbai,Control,0.0,No Incentive,0.3,0.33299999999999996,False,0,35,0.0
CUST00089,Routine_Commuter,106,39,0.3679245283018867,3148.18,29.699811320754716,64.1,True,49.92448113207547,Low,Delhi NCR,Control,0.0,No Incentive,0.35,0.3782,False,0,39,0.0
CUST01155,Price_Sensitive,112,35,0.3125,2393.29,21.368660714285713,66.9,True,49.92250000000001,Low,Kolkata,Treatment,0.15,Off-Peak Incentive,0.3,0.3338,False,0,35,0.0
CUST05864,Price_Sensitive,113,37,0.3274336283185841,2454.03,21.7170796460177,64.9,True,49.91859513274336,Low,Jaipur,Control,0.0,No Incentive,0.3,0.3298,False,0,37,0.0
CUST05739,Routine_Commuter,105,40,0.3809523809523809,3532.4,33.64190476190476,63.3,True,49.91059523809523,Low,Delhi NCR,Treatment,0.15,Off-Peak Incentive,0.35,0.3766,False,0,40,0.0
CUST07998,Convenience_First,109,37,0.3394495412844037,2035.58,18.675045871559632,65.5,True,49.90673165137615,Low,Hyderabad,Treatment,0.15,Off-Peak Incentive,0.2,0.231,True,21,16,0.5675675675675675
CUST03391,Routine_Commuter,106,40,0.3773584905660377,2541.79,23.979150943396228,63.1,True,49.90183962264151,Low,Hyderabad,Control,0.0,No Incentive,0.35,0.3762,False,0,40,0.0
CUST07717,Routine_Commuter,115,35,0.3043478260869565,3376.47,29.36060869565217,66.3,True,49.90141304347826,Low,Bengaluru,Control,0.0,No Incentive,0.35,0.3826,False,0,35,0.0
CUST07985,Routine_Commuter,113,34,0.3008849557522124,3691.21,32.66557522123894,67.5,True,49.896648230088495,Low,Mumbai,Control,0.0,No Incentive,0.35,0.38499999999999995,False,0,34,0.0
CUST06021,Routine_Commuter,106,37,0.3490566037735849,1189.55,11.222169811320754,65.9,True,49.8897641509434,Low,Lucknow,Treatment,0.15,Off-Peak Incentive,0.35,0.3818,True,21,16,0.5675675675675675
CUST05374,Price_Sensitive,109,34,0.3119266055045872,3874.18,35.54293577981651,68.2,True,49.88581422018349,Low,Kolkata,Treatment,0.15,Off-Peak Incentive,0.3,0.3364,False,0,34,0.0
CUST07816,Price_Sensitive,112,35,0.3125,1869.77,16.694375,66.8,True,49.8825,Low,Lucknow,Treatment,0.15,Off-Peak Incentive,0.3,0.3336,True,20,15,0.5714285714285714
CUST00215,Price_Sensitive,106,36,0.3396226415094339,1815.74,17.129622641509435,66.8,True,49.87240566037736,Low,Kochi,Control,0.0,No Incentive,0.3,0.3336,False,0,36,0.0
CUST06794,Convenience_First,120,38,0.3166666666666666,4580.31,38.169250000000005,63.1,True,49.87166666666667,Low,Delhi NCR,Treatment,0.15,Off-Peak Incentive,0.2,0.2262,True,21,17,0.5526315789473685
CUST05481,Routine_Commuter,101,39,0.3861386138613861,1816.94,17.98950495049505,64.6,True,49.86429455445544,Low,Mumbai,Treatment,0.15,Off-Peak Incentive,0.35,0.3792,True,22,17,0.5641025641025641
CUST06985,Routine_Commuter,117,36,0.3076923076923077,3100.57,26.50059829059829,65.1,True,49.86019230769231,Low,Kolkata,Treatment,0.15,Off-Peak Incentive,0.35,0.3802,True,21,15,0.5833333333333334
CUST03818,Convenience_First,108,35,0.324074074074074,2565.91,23.758425925925923,67.4,True,49.85046296296297,Low,Mumbai,Treatment,0.15,Off-Peak Incentive,0.2,0.2348,False,0,35,0.0
CUST04953,Routine_Commuter,106,37,0.3490566037735849,2840.78,26.79981132075472,65.8,True,49.8497641509434,Low,Delhi NCR,Treatment,0.15,Off-Peak Incentive,0.35,0.3816,False,0,37,0.0
CUST01462,Convenience_First,113,38,0.336283185840708,3624.76,32.07752212389381,63.8,True,49.83257743362832,Low,Mumbai,Treatment,0.15,Off-Peak Incentive,0.2,0.22760000000000002,True,22,16,0.5789473684210527
CUST00948,Routine_Commuter,105,38,0.3619047619047619,2885.9,27.484761904761907,65.0,True,49.828690476190474,Low,Mumbai,Control,0.0,No Incentive,0.35,0.38,False,0,38,0.0
CUST05995,Routine_Commuter,110,33,0.3,3316.61,30.151,68.8,True,49.826249999999995,Low,Pune,Control,0.0,No Incentive,0.35,0.38759999999999994,False,0,33,0.0
CUST06780,Convenience_First,107,40,0.3738317757009345,2378.45,22.228504672897195,62.8,True,49.82202102803738,Low,Bengaluru,Treatment,0.15,Off-Peak Incentive,0.2,0.22560000000000002,False,0,40,0.0
CUST05393,Routine_Commuter,115,35,0.3043478260869565,2415.79,21.00686956521739,66.1,True,49.82141304347826,Low,Ahmedabad,Control,0.0,No Incentive,0.35,0.3822,False,0,35,0.0
CUST05730,Routine_Commuter,113,34,0.3008849557522124,2434.86,21.547433628318583,67.3,True,49.8166482300885,Low,Chennai,Control,0.0,No Incentive,0.35,0.38459999999999994,False,0,34,0.0
CUST07743,Routine_Commuter,109,35,0.3211009174311927,2752.2,25.24954128440367,67.1,True,49.8127866972477,Low,Hyderabad,Treatment,0.15,Off-Peak Incentive,0.35,0.3842,True,20,15,0.5714285714285714
CUST01823,Convenience_First,111,35,0.3153153153153153,1627.52,14.662342342342342,66.8,True,49.81011261261261,Low,Kochi,Treatment,0.15,Off-Peak Incentive,0.2,0.2336,False,0,35,0.0
CUST04872,Price_Sensitive,107,33,0.308411214953271,3583.74,33.49289719626169,69.3,True,49.80519859813084,Low,Mumbai,Treatment,0.15,Off-Peak Incentive,0.3,0.3386,True,20,13,0.6060606060606061
CUST00072,Routine_Commuter,113,36,0.3185840707964602,1975.6,17.483185840707964,65.5,True,49.80461283185841,Low,Pune,Treatment,0.15,Off-Peak Incentive,0.35,0.381,False,0,36,0.0
CUST07217,Routine_Commuter,108,38,0.3518518518518518,2420.97,22.41638888888889,64.5,True,49.801574074074075,Low,Hyderabad,Control,0.0,No Incentive,0.35,0.379,False,0,38,0.0
CUST02310,Routine_Commuter,110,37,0.3363636363636363,1856.62,16.878363636363634,65.1,True,49.80079545454545,Low,Chennai,Control,0.0,No Incentive,0.35,0.3802,False,0,37,0.0
CUST06319,Price_Sensitive,108,34,0.3148148148148148,3221.74,29.830925925925925,68.2,True,49.8000925925926,Low,Pune,Treatment,0.15,Off-Peak Incentive,0.3,0.3364,False,0,34,0.0
CUST03093,Routine_Commuter,112,36,0.3214285714285714,1527.11,13.634910714285713,65.7,True,49.79964285714286,Low,Jaipur,Control,0.0,No Incentive,0.35,0.38139999999999996,False,0,36,0.0
CUST00660,Routine_Commuter,113,38,0.336283185840708,2993.03,26.48699115044248,63.7,True,49.79257743362832,Low,Delhi NCR,Treatment,0.15,Off-Peak Incentive,0.35,0.37739999999999996,False,0,38,0.0
CUST07841,Price_Sensitive,115,35,0.3043478260869565,2777.06,24.148347826086955,66.0,True,49.78141304347827,Low,Delhi NCR,Control,0.0,No Incentive,0.3,0.33199999999999996,False,0,35,0.0
CUST04681,Convenience_First,109,36,0.3302752293577982,2666.1,24.459633027522933,66.1,True,49.77975917431192,Low,Hyderabad,Control,0.0,No Incentive,0.2,0.23220000000000002,False,0,36,0.0
CUST05354,Price_Sensitive,107,34,0.3177570093457944,2769.28,25.881121495327104,68.3,True,49.77903037383177,Low,Delhi NCR,Treatment,0.15,Off-Peak Incentive,0.3,0.3366,True,20,14,0.5882352941176471
CUST07934,Routine_Commuter,111,40,0.3603603603603603,3467.27,31.236666666666668,62.2,True,49.77191441441442,Low,Ahmedabad,Treatment,0.15,Off-Peak Incentive,0.35,0.37439999999999996,True,22,18,0.55
CUST07413,Routine_Commuter,111,38,0.3423423423423423,2737.86,24.665405405405405,64.0,True,49.7711936936937,Low,Mumbai,Control,0.0,No Incentive,0.35,0.378,False,0,38,0.0
CUST04877,Convenience_First,111,37,0.3333333333333333,2530.72,22.79927927927928,64.9,True,49.770833333333336,Low,Delhi NCR,Control,0.0,No Incentive,0.2,0.22980000000000003,False,0,37,0.0
CUST06385,Routine_Commuter,111,37,0.3333333333333333,3482.15,31.370720720720723,64.9,True,49.770833333333336,Low,Jaipur,Treatment,0.15,Off-Peak Incentive,0.35,0.37979999999999997,True,21,16,0.5675675675675675
CUST02138,Routine_Commuter,113,35,0.3097345132743362,3090.81,27.352300884955753,66.3,True,49.77063053097345,Low,Kolkata,Treatment,0.15,Off-Peak Incentive,0.35,0.3826,False,0,35,0.0
CUST06686,Convenience_First,111,36,0.3243243243243243,2915.09,26.262072072072073,65.8,True,49.770472972972975,Low,Bengaluru,Treatment,0.15,Off-Peak Incentive,0.2,0.2316,True,21,15,0.5833333333333334
CUST01148,Price_Sensitive,108,35,0.324074074074074,2676.81,24.78527777777778,67.2,True,49.77046296296297,Low,Pune,Control,0.0,No Incentive,0.3,0.3344,False,0,35,0.0
CUST02671,Price_Sensitive,114,35,0.3070175438596491,1172.66,10.286491228070176,66.1,True,49.76695175438597,Low,Lucknow,Control,0.0,No Incentive,0.3,0.3322,False,0,35,0.0
CUST05108,Price_Sensitive,103,41,0.3980582524271844,2117.71,20.560291262135923,62.2,True,49.764830097087376,Low,Delhi NCR,Control,0.0,No Incentive,0.3,0.3244,False,0,41,0.0
CUST02260,Routine_Commuter,109,33,0.3027522935779816,3582.23,32.864495412844036,68.8,True,49.75884174311926,Low,Chennai,Control,0.0,No Incentive,0.35,0.38759999999999994,False,0,33,0.0
CUST03991,Convenience_First,113,37,0.3274336283185841,2923.7799999999997,25.874159292035397,64.5,True,49.758595132743366,Low,Jaipur,Control,0.0,No Incentive,0.2,0.229,False,0,37,0.0
CUST05943,Routine_Commuter,110,36,0.3272727272727272,1888.28,17.16618181818182,65.9,True,49.75715909090909,Low,Mumbai,Control,0.0,No Incentive,0.35,0.3818,False,0,36,0.0
CUST01960,Routine_Commuter,107,38,0.3551401869158878,2079.18,19.431588785046728,64.5,True,49.75435747663552,Low,Mumbai,Treatment,0.15,Off-Peak Incentive,0.35,0.379,False,0,38,0.0
CUST07901,Price_Sensitive,105,36,0.3428571428571428,1574.03,14.990761904761904,66.7,True,49.746785714285714,Low,Ahmedabad,Control,0.0,No Incentive,0.3,0.3334,False,0,36,0.0
CUST01470,Convenience_First,109,37,0.3394495412844037,2560.43,23.490183486238532,65.1,True,49.74673165137615,Low,Lucknow,Treatment,0.15,Off-Peak Incentive,0.2,0.23020000000000002,False,0,37,0.0
CUST06366,Routine_Commuter,107,40,0.3738317757009345,2456.71,22.959906542056075,62.6,True,49.742021028037385,Low,Chandigarh,Treatment,0.15,Off-Peak Incentive,0.35,0.3752,False,0,40,0.0
CUST02108,Price_Sensitive,107,37,0.3457943925233644,2756.35,25.760280373831776,65.4,True,49.74052570093458,Low,Kolkata,Control,0.0,No Incentive,0.3,0.3308,False,0,37,0.0
CUST03347,Routine_Commuter,111,38,0.3423423423423423,3416.42,30.77855855855856,63.9,True,49.73119369369369,Low,Bengaluru,Control,0.0,No Incentive,0.35,0.37779999999999997,False,0,38,0.0
CUST02609,Routine_Commuter,106,39,0.3679245283018867,2706.69,25.534811320754716,63.6,True,49.724481132075475,Low,Hyderabad,Control,0.0,No Incentive,0.35,0.3772,False,0,39,0.0
CUST02121,Routine_Commuter,112,35,0.3125,2364.49,21.111517857142857,66.4,True,49.7225,Low,Hyderabad,Treatment,0.15,Off-Peak Incentive,0.35,0.3828,False,0,35,0.0
CUST05639,Convenience_First,109,39,0.3577981651376147,2986.27,27.39697247706422,63.2,True,49.72067660550459,Low,Chandigarh,Control,0.0,No Incentive,0.2,0.22640000000000002,False,0,39,0.0
CUST00402,Convenience_First,109,33,0.3027522935779816,3688.73,33.84155963302752,68.7,True,49.71884174311927,Low,Mumbai,Treatment,0.15,Off-Peak Incentive,0.2,0.23740000000000003,True,20,13,0.6060606060606061
CUST00520,Routine_Commuter,108,41,0.3796296296296296,2215.22,20.511296296296297,61.5,True,49.71268518518519,Low,Kolkata,Treatment,0.15,Off-Peak Incentive,0.35,0.373,False,0,41,0.0
CUST05741,Routine_Commuter,113,38,0.336283185840708,2675.9,23.68053097345133,63.5,True,49.71257743362832,Low,Jaipur,Treatment,0.15,Off-Peak Incentive,0.35,0.377,True,22,16,0.5789473684210527
CUST01405,Convenience_First,106,38,0.3584905660377358,2270.53,21.420094339622644,64.5,True,49.70712264150944,Low,Delhi NCR,Control,0.0,No Incentive,0.2,0.229,False,0,38,0.0
CUST07218,Routine_Commuter,107,34,0.3177570093457944,3655.18,34.16056074766355,68.1,True,49.699030373831775,Low,Ahmedabad,Treatment,0.15,Off-Peak Incentive,0.35,0.3862,False,0,34,0.0
CUST01076,Price_Sensitive,113,34,0.3008849557522124,2531.76,22.404955752212388,67.0,True,49.6966482300885,Low,Mumbai,Control,0.0,No Incentive,0.3,0.33399999999999996,False,0,34,0.0
CUST04769,Routine_Commuter,113,34,0.3008849557522124,1955.98,17.309557522123892,67.0,True,49.6966482300885,Low,Ahmedabad,Treatment,0.15,Off-Peak Incentive,0.35,0.384,False,0,34,0.0
CUST03160,Price_Sensitive,113,34,0.3008849557522124,1992.12,17.62938053097345,67.0,True,49.6966482300885,Low,Mumbai,Treatment,0.15,Off-Peak Incentive,0.3,0.33399999999999996,True,20,14,0.5882352941176471
CUST05833,Routine_Commuter,111,36,0.3243243243243243,2678.3,24.12882882882883,65.6,True,49.69047297297297,Low,Delhi NCR,Control,0.0,No Incentive,0.35,0.3812,False,0,36,0.0
CUST04109,Routine_Commuter,107,42,0.3925233644859813,2892.01,27.02813084112149,60.6,True,49.68968457943926,Low,Ahmedabad,Treatment,0.15,Off-Peak Incentive,0.35,0.3712,False,0,42,0.0
CUST06279,Price_Sensitive,109,34,0.3119266055045872,1820.48,16.70165137614679,67.7,True,49.68581422018349,Low,Kolkata,Control,0.0,No Incentive,0.3,0.3354,False,0,34,0.0
CUST00675,Routine_Commuter,108,38,0.3518518518518518,2102.52,19.467777777777776,64.2,True,49.68157407407408,Low,Ahmedabad,Control,0.0,No Incentive,0.35,0.37839999999999996,False,0,38,0.0
CUST06098,Convenience_First,100,43,0.43,2786.96,27.8696,60.2,True,49.681250000000006,Low,Pune,Treatment,0.15,Off-Peak Incentive,0.2,0.2204,True,24,19,0.5581395348837209
CUST07628,Routine_Commuter,110,36,0.3272727272727272,3177.78,28.88890909090909,65.7,True,49.677159090909086,Low,Ahmedabad,Control,0.0,No Incentive,0.35,0.38139999999999996,False,0,36,0.0
CUST07123,Routine_Commuter,110,33,0.3,2179.11,19.81009090909091,68.4,True,49.66625,Low,Bengaluru,Control,0.0,No Incentive,0.35,0.3868,False,0,33,0.0
CUST04683,Price_Sensitive,107,37,0.3457943925233644,2604.72,24.343177570093456,65.2,True,49.660525700934585,Low,Lucknow,Control,0.0,No Incentive,0.3,0.33039999999999997,False,0,37,0.0
CUST00017,Price_Sensitive,113,34,0.3008849557522124,2101.9,18.600884955752218,66.9,True,49.6566482300885,Low,Chennai,Control,0.0,No Incentive,0.3,0.3338,False,0,34,0.0
CUST04976,Routine_Commuter,106,42,0.3962264150943396,2235.51,21.08971698113208,60.6,True,49.65655660377359,Low,Pune,Control,0.0,No Incentive,0.35,0.3712,False,0,42,0.0
CUST02613,Routine_Commuter,111,37,0.3333333333333333,1205.59,10.86117117117117,64.6,True,49.65083333333333,Low,Kochi,Control,0.0,No Incentive,0.35,0.3792,False,0,37,0.0
CUST07547,Convenience_First,106,37,0.3490566037735849,2016.15,19.020283018867925,65.3,True,49.6497641509434,Low,Delhi NCR,Treatment,0.15,Off-Peak Incentive,0.2,0.2306,True,21,16,0.5675675675675675
CUST05992,Price_Sensitive,105,37,0.3523809523809524,2574.96,24.52342857142857,65.5,True,49.6477380952381,Low,Bengaluru,Control,0.0,No Incentive,0.3,0.33099999999999996,False,0,37,0.0
CUST01088,Price_Sensitive,107,36,0.3364485981308411,2996.61,28.00570093457944,66.1,True,49.64669392523364,Low,Hyderabad,Control,0.0,No Incentive,0.3,0.3322,False,0,36,0.0
CUST03021,Price_Sensitive,110,34,0.3090909090909091,3251.67,29.56063636363637,67.4,True,49.629886363636366,Low,Hyderabad,Control,0.0,No Incentive,0.3,0.3348,False,0,34,0.0
CUST03547,Price_Sensitive,108,33,0.3055555555555556,1953.13,18.08453703703704,68.7,True,49.62972222222223,Low,Mumbai,Control,0.0,No Incentive,0.3,0.3374,False,0,33,0.0
CUST06020,Convenience_First,103,40,0.3883495145631068,2651.43,25.742038834951455,62.8,True,49.61648058252427,Low,Hyderabad,Treatment,0.15,Off-Peak Incentive,0.2,0.22560000000000002,False,0,40,0.0
CUST02002,Convenience_First,111,35,0.3153153153153153,3057.26,27.54288288288289,66.3,True,49.61011261261261,Low,Pune,Control,0.0,No Incentive,0.2,0.2326,False,0,35,0.0
CUST05743,Routine_Commuter,109,34,0.3119266055045872,2193.57,20.12449541284404,67.5,True,49.60581422018349,Low,Hyderabad,Control,0.0,No Incentive,0.35,0.38499999999999995,False,0,34,0.0
CUST07234,Price_Sensitive,107,33,0.308411214953271,3323.42,31.06,68.8,True,49.60519859813084,Low,Chennai,Treatment,0.15,Off-Peak Incentive,0.3,0.3376,False,0,33,0.0
CUST01990,Price_Sensitive,106,39,0.3679245283018867,1839.32,17.35207547169811,63.3,True,49.60448113207547,Low,Bengaluru,Treatment,0.15,Off-Peak Incentive,0.3,0.3266,False,0,39,0.0
CUST07049,Routine_Commuter,112,37,0.3303571428571428,2153.91,19.231339285714284,64.3,True,49.59678571428571,Low,Bengaluru,Control,0.0,No Incentive,0.35,0.3786,False,0,37,0.0
CUST04962,Convenience_First,109,36,0.3302752293577982,2432.9,22.320183486238538,65.6,True,49.57975917431193,Low,Pune,Treatment,0.15,Off-Peak Incentive,0.2,0.23120000000000002,False,0,36,0.0
CUST05916,Routine_Commuter,106,42,0.3962264150943396,2548.54,24.042830188679243,60.4,True,49.57655660377359,Low,Mumbai,Control,0.0,No Incentive,0.35,0.37079999999999996,False,0,42,0.0
CUST06533,Convenience_First,113,36,0.3185840707964602,4676.83,41.38787610619469,64.9,True,49.56461283185841,Low,Kochi,Treatment,0.15,Off-Peak Incentive,0.2,0.22980000000000003,False,0,36,0.0
CUST02892,Routine_Commuter,113,37,0.3274336283185841,3108.45,27.508407079646016,64.0,True,49.55859513274336,Low,Lucknow,Treatment,0.15,Off-Peak Incentive,0.35,0.378,True,21,16,0.5675675675675675
CUST04062,Price_Sensitive,110,35,0.3181818181818182,2488.51,22.62281818181818,66.3,True,49.55352272727273,Low,Kolkata,Control,0.0,No Incentive,0.3,0.3326,False,0,35,0.0
CUST07778,Convenience_First,103,42,0.4077669902912621,1676.13,16.273106796116505,60.7,True,49.553179611650485,Low,Lucknow,Control,0.0,No Incentive,0.2,0.2214,False,0,42,0.0
CUST02077,Routine_Commuter,107,35,0.3271028037383177,1950.24,18.226542056074766,66.8,True,49.55286214953271,Low,Kochi,Control,0.0,No Incentive,0.35,0.3836,False,0,35,0.0
CUST01645,Routine_Commuter,105,40,0.3809523809523809,2848.87,27.132095238095236,62.4,True,49.550595238095234,Low,Jaipur,Control,0.0,No Incentive,0.35,0.37479999999999997,False,0,40,0.0
CUST01100,Convenience_First,102,39,0.3823529411764705,2553.4,25.033333333333335,63.7,True,49.546617647058824,Low,Jaipur,Control,0.0,No Incentive,0.2,0.22740000000000002,False,0,39,0.0
CUST03554,Price_Sensitive,108,40,0.3703703703703703,3205.68,29.682222222222222,62.0,True,49.542314814814816,Low,Kochi,Control,0.0,No Incentive,0.3,0.324,False,0,40,0.0
CUST02152,Routine_Commuter,113,34,0.3008849557522124,2600.85,23.01637168141593,66.6,True,49.536648230088495,Low,Chandigarh,Control,0.0,No Incentive,0.35,0.3832,False,0,34,0.0
CUST02593,Price_Sensitive,106,35,0.330188679245283,1775.2,16.747169811320756,66.9,True,49.53504716981133,Low,Chennai,Control,0.0,No Incentive,0.3,0.3338,False,0,35,0.0
CUST06662,Convenience_First,107,42,0.3925233644859813,2727.29,25.488691588785045,60.2,True,49.529684579439255,Low,Hyderabad,Control,0.0,No Incentive,0.2,0.2204,False,0,42,0.0
CUST03480,Routine_Commuter,110,38,0.3454545454545454,2587.99,23.527181818181816,63.5,True,49.52443181818182,Low,Pune,Treatment,0.15,Off-Peak Incentive,0.35,0.377,True,22,16,0.5789473684210527
CUST01092,Routine_Commuter,118,36,0.3050847457627119,2992.96,25.36406779661017,64.1,True,49.52088983050848,Low,Pune,Treatment,0.15,Off-Peak Incentive,0.35,0.3782,False,0,36,0.0
CUST05257,Routine_Commuter,110,34,0.3090909090909091,2688.23,24.438454545454544,67.1,True,49.50988636363636,Low,Hyderabad,Control,0.0,No Incentive,0.35,0.3842,False,0,34,0.0
CUST02185,Routine_Commuter,105,38,0.3619047619047619,3849.99,36.66657142857142,64.2,True,49.50869047619048,Low,Kochi,Control,0.0,No Incentive,0.35,0.37839999999999996,False,0,38,0.0
CUST03599,Convenience_First,101,41,0.4059405940594059,2469.46,24.450099009900992,61.7,True,49.49637376237624,Low,Chennai,Control,0.0,No Incentive,0.2,0.22340000000000002,False,0,41,0.0
CUST04863,Convenience_First,111,36,0.3243243243243243,1691.28,15.236756756756757,65.1,True,49.490472972972974,Low,Chennai,Treatment,0.15,Off-Peak Incentive,0.2,0.23020000000000002,True,21,15,0.5833333333333334
CUST07499,Routine_Commuter,111,35,0.3153153153153153,2464.22,22.20018018018018,66.0,True,49.49011261261261,Low,Pune,Control,0.0,No Incentive,0.35,0.382,False,0,35,0.0
CUST04682,Convenience_First,110,39,0.3545454545454545,2303.06,20.93690909090909,62.5,True,49.48806818181818,Low,Hyderabad,Treatment,0.15,Off-Peak Incentive,0.2,0.225,False,0,39,0.0
CUST02860,Routine_Commuter,102,42,0.4117647058823529,2625.89,25.744019607843136,60.6,True,49.48308823529412,Low,Bengaluru,Control,0.0,No Incentive,0.35,0.3712,False,0,42,0.0
CUST01693,Routine_Commuter,114,36,0.3157894736842105,2520.29,22.10780701754386,64.5,True,49.47782894736842,Low,Kolkata,Control,0.0,No Incentive,0.35,0.379,False,0,36,0.0
CUST04088,Routine_Commuter,109,38,0.3486238532110092,2555.73,23.447064220183485,63.5,True,49.473704128440374,Low,Kochi,Control,0.0,No Incentive,0.35,0.377,False,0,38,0.0
CUST04498,Routine_Commuter,110,35,0.3181818181818182,3122.14,28.383090909090907,66.1,True,49.47352272727272,Low,Hyderabad,Control,0.0,No Incentive,0.35,0.3822,False,0,35,0.0
CUST04781,Price_Sensitive,101,37,0.3663366336633663,2157.76,21.363960396039605,65.6,True,49.472215346534654,Low,Bengaluru,Treatment,0.15,Off-Peak Incentive,0.3,0.3312,True,21,16,0.5675675675675675
CUST07070,Routine_Commuter,109,36,0.3302752293577982,3272.52,30.023119266055044,65.3,True,49.45975917431193,Low,Chandigarh,Treatment,0.15,Off-Peak Incentive,0.35,0.3806,True,21,15,0.5833333333333334
CUST06078,Price_Sensitive,109,36,0.3302752293577982,2087.6,19.152293577981652,65.3,True,49.45975917431193,Low,Hyderabad,Control,0.0,No Incentive,0.3,0.3306,False,0,36,0.0
CUST00774,Convenience_First,111,36,0.3243243243243243,2331.58,21.005225225225225,65.0,True,49.45047297297297,Low,Bengaluru,Control,0.0,No Incentive,0.2,0.23,False,0,36,0.0
CUST01756,Routine_Commuter,108,38,0.3518518518518518,3353.7,31.052777777777777,63.6,True,49.44157407407408,Low,Mumbai,Control,0.0,No Incentive,0.35,0.3772,False,0,38,0.0
CUST02160,Routine_Commuter,110,36,0.3272727272727272,2658.54,24.168545454545455,65.1,True,49.43715909090909,Low,Mumbai,Treatment,0.15,Off-Peak Incentive,0.35,0.3802,False,0,36,0.0
CUST06720,Routine_Commuter,116,35,0.3017241379310345,2523.43,21.753706896551723,65.0,True,49.42896551724138,Low,Mumbai,Treatment,0.15,Off-Peak Incentive,0.35,0.38,False,0,35,0.0
CUST05934,Routine_Commuter,104,39,0.375,2204.73,21.199326923076924,63.2,True,49.42875,Low,Mumbai,Treatment,0.15,Off-Peak Incentive,0.35,0.37639999999999996,False,0,39,0.0
CUST00837,Convenience_First,111,38,0.3423423423423423,2601.36,23.435675675675675,63.1,True,49.4111936936937,Low,Kolkata,Treatment,0.15,Off-Peak Incentive,0.2,0.2262,False,0,38,0.0
CUST00852,Routine_Commuter,102,41,0.4019607843137255,2953.25,28.95343137254902,61.4,True,49.41093137254902,Low,Delhi NCR,Treatment,0.15,Off-Peak Incentive,0.35,0.37279999999999996,True,23,18,0.5609756097560976
CUST02883,Convenience_First,113,35,0.3097345132743362,3915.08,34.646725663716815,65.4,True,49.41063053097345,Low,Delhi NCR,Control,0.0,No Incentive,0.2,0.23080000000000003,False,0,35,0.0
CUST02159,Price_Sensitive,105,37,0.3523809523809524,2372.03,22.590761904761905,64.9,True,49.4077380952381,Low,Pune,Control,0.0,No Incentive,0.3,0.3298,False,0,37,0.0
CUST02014,Routine_Commuter,109,34,0.3119266055045872,2325.54,21.33522935779817,67.0,True,49.40581422018349,Low,Bengaluru,Treatment,0.15,Off-Peak Incentive,0.35,0.384,False,0,34,0.0
CUST00790,Routine_Commuter,110,37,0.3363636363636363,1520.43,13.82209090909091,64.1,True,49.40079545454545,Low,Kolkata,Treatment,0.15,Off-Peak Incentive,0.35,0.3782,True,21,16,0.5675675675675675
CUST01835,Routine_Commuter,110,36,0.3272727272727272,2505.72,22.779272727272726,65.0,True,49.397159090909085,Low,Lucknow,Treatment,0.15,Off-Peak Incentive,0.35,0.38,False,0,36,0.0
CUST05637,Price_Sensitive,108,33,0.3055555555555556,1950.6,18.06111111111111,68.1,True,49.389722222222225,Low,Ahmedabad,Control,0.0,No Incentive,0.3,0.3362,False,0,33,0.0
CUST00484,Routine_Commuter,116,35,0.3017241379310345,1978.34,17.054655172413792,64.9,True,49.38896551724139,Low,Jaipur,Treatment,0.15,Off-Peak Incentive,0.35,0.37979999999999997,True,20,15,0.5714285714285714
CUST00197,Routine_Commuter,109,37,0.3394495412844037,3204.31,29.397339449541285,64.2,True,49.38673165137615,Low,Delhi NCR,Control,0.0,No Incentive,0.35,0.37839999999999996,False,0,37,0.0
CUST06188,Price_Sensitive,110,33,0.3,2158.52,19.62290909090909,67.7,True,49.38625,Low,Delhi NCR,Control,0.0,No Incentive,0.3,0.3354,False,0,33,0.0
CUST01589,Routine_Commuter,105,32,0.3047619047619048,3008.61,28.653428571428577,69.6,True,49.38297619047619,Low,Delhi NCR,Treatment,0.15,Off-Peak Incentive,0.35,0.3892,False,0,32,0.0
CUST00810,Routine_Commuter,109,36,0.3302752293577982,2508.07,23.009816513761468,65.1,True,49.37975917431193,Low,Delhi NCR,Control,0.0,No Incentive,0.35,0.3802,False,0,36,0.0
CUST01400,Routine_Commuter,109,35,0.3211009174311927,2111.99,19.376055045871556,66.0,True,49.372786697247705,Low,Bengaluru,Control,0.0,No Incentive,0.35,0.382,False,0,35,0.0
CUST00924,Routine_Commuter,110,40,0.3636363636363636,2451.01,22.281909090909092,61.3,True,49.37170454545454,Low,Bengaluru,Treatment,0.15,Off-Peak Incentive,0.35,0.3726,True,22,18,0.55
CUST01933,Routine_Commuter,111,34,0.3063063063063063,2312.72,20.835315315315313,66.6,True,49.36975225225225,Low,Ahmedabad,Treatment,0.15,Off-Peak Incentive,0.35,0.3832,False,0,34,0.0
CUST02706,Price_Sensitive,112,34,0.3035714285714285,3026.13,27.01901785714286,66.4,True,49.36535714285714,Low,Chennai,Control,0.0,No Incentive,0.3,0.3328,False,0,34,0.0
CUST01007,Price_Sensitive,112,34,0.3035714285714285,3607.23,32.207410714285714,66.4,True,49.36535714285714,Low,Lucknow,Control,0.0,No Incentive,0.3,0.3328,False,0,34,0.0
CUST03905,Routine_Commuter,108,34,0.3148148148148148,2829.83,26.202129629629628,67.1,True,49.36009259259259,Low,Mumbai,Control,0.0,No Incentive,0.35,0.3842,False,0,34,0.0
CUST07352,Routine_Commuter,112,37,0.3303571428571428,3229.68,28.83642857142857,63.7,True,49.356785714285714,Low,Bengaluru,Control,0.0,No Incentive,0.35,0.37739999999999996,False,0,37,0.0
CUST07870,Routine_Commuter,109,38,0.3486238532110092,3474.51,31.876238532110097,63.2,True,49.35370412844037,Low,Delhi NCR,Treatment,0.15,Off-Peak Incentive,0.35,0.37639999999999996,False,0,38,0.0
CUST03911,Price_Sensitive,110,35,0.3181818181818182,2489.09,22.62809090909091,65.8,True,49.353522727272725,Low,Chennai,Control,0.0,No Incentive,0.3,0.3316,False,0,35,0.0
CUST04335,Routine_Commuter,106,36,0.3396226415094339,3050.46,28.777924528301888,65.5,True,49.35240566037736,Low,Kolkata,Treatment,0.15,Off-Peak Incentive,0.35,0.381,False,0,36,0.0
CUST02291,Routine_Commuter,112,39,0.3482142857142857,2290.73,20.45294642857143,61.9,True,49.35107142857143,Low,Kolkata,Treatment,0.15,Off-Peak Incentive,0.35,0.37379999999999997,True,22,17,0.5641025641025641
CUST07080,Routine_Commuter,110,34,0.3090909090909091,3850.76,35.00690909090909,66.7,True,49.349886363636365,Low,Delhi NCR,Control,0.0,No Incentive,0.35,0.38339999999999996,False,0,34,0.0
CUST06719,Routine_Commuter,109,37,0.3394495412844037,1975.25,18.121559633027523,64.1,True,49.346731651376146,Low,Hyderabad,Control,0.0,No Incentive,0.35,0.3782,False,0,37,0.0
CUST02346,Routine_Commuter,111,35,0.3153153153153153,3294.61,29.681171171171172,65.6,True,49.33011261261261,Low,Bengaluru,Control,0.0,No Incentive,0.35,0.3812,False,0,35,0.0
CUST06990,Routine_Commuter,111,34,0.3063063063063063,1910.55,17.212162162162162,66.5,True,49.329752252252256,Low,Lucknow,Treatment,0.15,Off-Peak Incentive,0.35,0.383,False,0,34,0.0
CUST00142,Routine_Commuter,106,32,0.3018867924528302,2310.39,21.796132075471697,69.2,True,49.322971698113214,Low,Hyderabad,Treatment,0.15,Off-Peak Incentive,0.35,0.38839999999999997,True,19,13,0.59375
CUST00286,Routine_Commuter,110,37,0.3363636363636363,1977.38,17.976181818181818,63.9,True,49.320795454545454,Low,Kochi,Control,0.0,No Incentive,0.35,0.37779999999999997,False,0,37,0.0
CUST06828,Routine_Commuter,103,38,0.3689320388349514,1832.98,17.79592233009709,64.0,True,49.31978155339806,Low,Chennai,Control,0.0,No Incentive,0.35,0.378,False,0,38,0.0
CUST00005,Convenience_First,112,36,0.3214285714285714,2326.82,20.775178571428572,64.5,True,49.31964285714286,Low,Mumbai,Control,0.0,No Incentive,0.2,0.229,False,0,36,0.0
CUST04595,Routine_Commuter,109,33,0.3027522935779816,3140.91,28.815688073394497,67.7,True,49.318841743119265,Low,Delhi NCR,Control,0.0,No Incentive,0.35,0.38539999999999996,False,0,33,0.0
CUST04058,Routine_Commuter,105,38,0.3619047619047619,1818.2,17.316190476190478,63.7,True,49.30869047619048,Low,Mumbai,Treatment,0.15,Off-Peak Incentive,0.35,0.37739999999999996,True,22,16,0.5789473684210527
CUST05869,Routine_Commuter,108,36,0.3333333333333333,3046.12,28.204814814814817,65.1,True,49.30083333333334,Low,Bengaluru,Treatment,0.15,Off-Peak Incentive,0.35,0.3802,True,21,15,0.5833333333333334
CUST02201,Convenience_First,109,36,0.3302752293577982,2687.52,24.656146788990824,64.9,True,49.29975917431193,Low,Ahmedabad,Treatment,0.15,Off-Peak Incentive,0.2,0.22980000000000003,False,0,36,0.0
CUST00315,Convenience_First,109,36,0.3302752293577982,1713.62,15.721284403669724,64.9,True,49.29975917431193,Low,Kolkata,Treatment,0.15,Off-Peak Incentive,0.2,0.22980000000000003,False,0,36,0.0
CUST05889,Price_Sensitive,97,37,0.3814432989690721,2822.81,29.101134020618556,65.5,True,49.292731958762886,Low,Delhi NCR,Treatment,0.15,Off-Peak Incentive,0.3,0.33099999999999996,True,21,16,0.5675675675675675
CUST03314,Price_Sensitive,102,36,0.3529411764705882,1650.75,16.183823529411764,66.0,True,49.29014705882353,Low,Bengaluru,Control,0.0,No Incentive,0.3,0.33199999999999996,False,0,36,0.0
CUST01419,Convenience_First,106,39,0.3679245283018867,4447.71,41.95952830188679,62.5,True,49.28448113207547,Low,Delhi NCR,Treatment,0.15,Off-Peak Incentive,0.2,0.225,False,0,39,0.0
CUST00911,Price_Sensitive,104,38,0.3653846153846153,1824.3,17.541346153846153,63.8,True,49.28413461538461,Low,Kolkata,Treatment,0.15,Off-Peak Incentive,0.3,0.3276,False,0,38,0.0
CUST03446,Price_Sensitive,102,37,0.3627450980392157,1852.08,18.157647058823528,65.0,True,49.28230392156863,Low,Delhi NCR,Control,0.0,No Incentive,0.3,0.32999999999999996,False,0,37,0.0
CUST05072,Price_Sensitive,108,34,0.3148148148148148,1912.18,17.70537037037037,66.9,True,49.2800925925926,Low,Hyderabad,Treatment,0.15,Off-Peak Incentive,0.3,0.3338,False,0,34,0.0
CUST04869,Price_Sensitive,104,36,0.3461538461538461,2482.3,23.868269230769233,65.7,True,49.27490384615384,Low,Mumbai,Treatment,0.15,Off-Peak Incentive,0.3,0.3314,False,0,36,0.0
CUST02384,Convenience_First,113,38,0.336283185840708,2960.63,26.200265486725662,62.4,True,49.27257743362832,Low,Bengaluru,Control,0.0,No Incentive,0.2,0.2248,False,0,38,0.0
CUST00211,Routine_Commuter,108,37,0.3425925925925926,2594.55,24.023611111111112,64.1,True,49.271203703703705,Low,Chennai,Treatment,0.15,Off-Peak Incentive,0.35,0.3782,False,0,37,0.0
CUST04139,Routine_Commuter,98,37,0.3775510204081632,2259.97,23.060918367346936,65.3,True,49.26079081632653,Low,Delhi NCR,Control,0.0,No Incentive,0.35,0.3806,False,0,37,0.0
CUST05672,Routine_Commuter,107,36,0.3364485981308411,2052.08,19.178317757009346,65.1,True,49.24669392523364,Low,Bengaluru,Control,0.0,No Incentive,0.35,0.3802,False,0,36,0.0
CUST02732,Routine_Commuter,112,35,0.3125,4706.33,42.02080357142857,65.2,True,49.2425,Low,Mumbai,Treatment,0.15,Off-Peak Incentive,0.35,0.38039999999999996,True,20,15,0.5714285714285714
CUST00525,Convenience_First,104,33,0.3173076923076923,2500.79,24.04605769230769,68.5,True,49.2410576923077,Low,Kolkata,Control,0.0,No Incentive,0.2,0.23700000000000002,False,0,33,0.0
CUST02078,Routine_Commuter,112,37,0.3303571428571428,2291.07,20.455982142857145,63.4,True,49.23678571428571,Low,Kolkata,Control,0.0,No Incentive,0.35,0.37679999999999997,False,0,37,0.0
CUST02743,Price_Sensitive,102,38,0.3725490196078431,1252.99,12.28421568627451,63.9,True,49.234460784313725,Low,Bengaluru,Control,0.0,No Incentive,0.3,0.3278,False,0,38,0.0
CUST00883,Routine_Commuter,108,37,0.3425925925925926,2477.76,22.942222222222224,64.0,True,49.231203703703706,Low,Bengaluru,Control,0.0,No Incentive,0.35,0.378,False,0,37,0.0
CUST04788,Price_Sensitive,102,39,0.3823529411764705,2918.33,28.611078431372547,62.9,True,49.22661764705882,Low,Jaipur,Control,0.0,No Incentive,0.3,0.3258,False,0,39,0.0
CUST02890,Routine_Commuter,101,40,0.396039603960396,2894.05,28.653960396039604,62.0,True,49.22033415841584,Low,Bengaluru,Control,0.0,No Incentive,0.35,0.374,False,0,40,0.0
CUST03634,Routine_Commuter,113,34,0.3008849557522124,2163.48,19.1458407079646,65.8,True,49.216648230088495,Low,Pune,Control,0.0,No Incentive,0.35,0.3816,False,0,34,0.0
CUST01889,Price_Sensitive,104,32,0.3076923076923077,1649.08,15.85653846153846,69.4,True,49.21644230769231,Low,Jaipur,Treatment,0.15,Off-Peak Incentive,0.3,0.3388,False,0,32,0.0
CUST03153,Routine_Commuter,109,35,0.3211009174311927,2707.62,24.84055045871559,65.6,True,49.21278669724771,Low,Hyderabad,Control,0.0,No Incentive,0.35,0.3812,False,0,35,0.0
CUST06530,Price_Sensitive,104,35,0.3365384615384615,3150.09,30.289326923076924,66.5,True,49.21028846153846,Low,Pune,Control,0.0,No Incentive,0.3,0.33299999999999996,False,0,35,0.0
CUST01224,Routine_Commuter,106,37,0.3490566037735849,1865.18,17.59603773584906,64.2,True,49.2097641509434,Low,Delhi NCR,Control,0.0,No Incentive,0.35,0.37839999999999996,False,0,37,0.0
CUST07168,Convenience_First,105,39,0.3714285714285714,2856.31,27.20295238095238,62.5,True,49.20964285714285,Low,Kochi,Treatment,0.15,Off-Peak Incentive,0.2,0.225,True,22,17,0.5641025641025641
CUST06293,Convenience_First,105,39,0.3714285714285714,3548.4,33.794285714285714,62.5,True,49.20964285714285,Low,Hyderabad,Treatment,0.15,Off-Peak Incentive,0.2,0.225,False,0,39,0.0
CUST01620,Routine_Commuter,105,39,0.3714285714285714,1646.28,15.678857142857142,62.5,True,49.20964285714285,Low,Bengaluru,Control,0.0,No Incentive,0.35,0.375,False,0,39,0.0
CUST02672,Price_Sensitive,109,34,0.3119266055045872,1859.04,17.055412844036695,66.5,True,49.20581422018349,Low,Jaipur,Control,0.0,No Incentive,0.3,0.33299999999999996,False,0,34,0.0
CUST00982,Routine_Commuter,104,38,0.3653846153846153,2853.41,27.436634615384612,63.6,True,49.20413461538461,Low,Pune,Treatment,0.15,Off-Peak Incentive,0.35,0.3772,True,22,16,0.5789473684210527
CUST05146,Routine_Commuter,108,38,0.3518518518518518,2401.58,22.236851851851853,63.0,True,49.20157407407408,Low,Chennai,Treatment,0.15,Off-Peak Incentive,0.35,0.376,False,0,38,0.0
CUST04818,Convenience_First,96,41,0.4270833333333333,3690.65,38.444270833333334,61.2,True,49.19833333333333,Low,Kochi,Treatment,0.15,Off-Peak Incentive,0.2,0.22240000000000001,False,0,41,0.0
CUST04840,Routine_Commuter,110,34,0.3090909090909091,2427.29,22.066272727272725,66.3,True,49.18988636363636,Low,Chandigarh,Control,0.0,No Incentive,0.35,0.3826,False,0,34,0.0
CUST03072,Routine_Commuter,105,36,0.3428571428571428,3225.22,30.716380952380952,65.3,True,49.18678571428571,Low,Bengaluru,Treatment,0.15,Off-Peak Incentive,0.35,0.3806,False,0,36,0.0
CUST01453,Routine_Commuter,103,36,0.3495145631067961,2587.72,25.123495145631065,65.6,True,49.183082524271846,Low,Bengaluru,Control,0.0,No Incentive,0.35,0.3812,False,0,36,0.0
CUST07537,Routine_Commuter,109,36,0.3302752293577982,2723.63,24.98743119266055,64.6,True,49.179759174311926,Low,Bengaluru,Treatment,0.15,Off-Peak Incentive,0.35,0.3792,True,21,15,0.5833333333333334
CUST06165,Price_Sensitive,112,35,0.3125,2471.38,22.06589285714286,65.0,True,49.1625,Low,Pune,Treatment,0.15,Off-Peak Incentive,0.3,0.32999999999999996,False,0,35,0.0
CUST00285,Routine_Commuter,110,37,0.3363636363636363,2012.92,18.29927272727273,63.5,True,49.16079545454546,Low,Bengaluru,Treatment,0.15,Off-Peak Incentive,0.35,0.377,False,0,37,0.0
CUST05766,Routine_Commuter,104,41,0.3942307692307692,2354.47,22.639134615384613,60.6,True,49.15798076923077,Low,Delhi NCR,Control,0.0,No Incentive,0.35,0.3712,False,0,41,0.0
CUST07349,Price_Sensitive,107,38,0.3551401869158878,2016.19,18.84289719626168,63.0,True,49.15435747663552,Low,Hyderabad,Treatment,0.15,Off-Peak Incentive,0.3,0.326,True,21,17,0.5526315789473685
CUST06209,Routine_Commuter,107,38,0.3551401869158878,2721.87,25.43803738317757,63.0,True,49.15435747663552,Low,Kolkata,Control,0.0,No Incentive,0.35,0.376,False,0,38,0.0
CUST07837,Price_Sensitive,110,35,0.3181818181818182,2770.58,25.18709090909091,65.3,True,49.15352272727272,Low,Lucknow,Control,0.0,No Incentive,0.3,0.3306,False,0,35,0.0
CUST03331,Convenience_First,108,33,0.3055555555555556,2165.03,20.046574074074076,67.5,True,49.14972222222222,Low,Delhi NCR,Treatment,0.15,Off-Peak Incentive,0.2,0.23500000000000001,False,0,33,0.0
CUST02372,Routine_Commuter,106,38,0.3584905660377358,2219.96,20.94301886792453,63.1,True,49.14712264150944,Low,Hyderabad,Control,0.0,No Incentive,0.35,0.3762,False,0,38,0.0
CUST05536,Convenience_First,104,34,0.3269230769230769,2266.37,21.79201923076923,67.3,True,49.14567307692308,Low,Delhi NCR,Treatment,0.15,Off-Peak Incentive,0.2,0.2346,False,0,34,0.0
CUST07445,Convenience_First,106,40,0.3773584905660377,2536.91,23.93311320754717,61.2,True,49.14183962264151,Low,Jaipur,Treatment,0.15,Off-Peak Incentive,0.2,0.22240000000000001,False,0,40,0.0
CUST02592,Price_Sensitive,103,37,0.3592233009708738,2010.07,19.5152427184466,64.5,True,49.13143203883495,Low,Kochi,Treatment,0.15,Off-Peak Incentive,0.3,0.32899999999999996,True,21,16,0.5675675675675675
CUST04221,Price_Sensitive,108,35,0.324074074074074,3055.6,28.29259259259259,65.6,True,49.13046296296296,Low,Chandigarh,Treatment,0.15,Off-Peak Incentive,0.3,0.3312,False,0,35,0.0
CUST04037,Routine_Commuter,106,37,0.3490566037735849,2682.56,25.307169811320755,64.0,True,49.1297641509434,Low,Hyderabad,Control,0.0,No Incentive,0.35,0.378,False,0,37,0.0
CUST02256,Routine_Commuter,114,35,0.3070175438596491,2064.02,18.10543859649123,64.5,True,49.12695175438596,Low,Mumbai,Control,0.0,No Incentive,0.35,0.379,False,0,35,0.0
CUST06086,Price_Sensitive,107,36,0.3364485981308411,2274.11,21.253364485981308,64.8,True,49.126693925233646,Low,Hyderabad,Control,0.0,No Incentive,0.3,0.3296,False,0,36,0.0
CUST06478,Routine_Commuter,108,38,0.3518518518518518,1437.4,13.30925925925926,62.8,True,49.12157407407408,Low,Delhi NCR,Control,0.0,No Incentive,0.35,0.3756,False,0,38,0.0
CUST04592,Convenience_First,105,40,0.3809523809523809,2246.12,21.391619047619045,61.3,True,49.11059523809523,Low,Chennai,Control,0.0,No Incentive,0.2,0.22260000000000002,False,0,40,0.0
CUST05862,Convenience_First,110,34,0.3090909090909091,3376.63,30.696636363636365,66.1,True,49.10988636363635,Low,Ahmedabad,Treatment,0.15,Off-Peak Incentive,0.2,0.23220000000000002,False,0,34,0.0
CUST06337,Price_Sensitive,108,33,0.3055555555555556,2380.19,22.038796296296297,67.4,True,49.10972222222223,Low,Kolkata,Treatment,0.15,Off-Peak Incentive,0.3,0.3348,True,19,14,0.5757575757575758
CUST05703,Price_Sensitive,103,33,0.3203883495145631,2133.38,20.71242718446602,68.3,True,49.09803398058252,Low,Kochi,Treatment,0.15,Off-Peak Incentive,0.3,0.3366,True,20,13,0.6060606060606061
CUST05914,Price_Sensitive,106,35,0.330188679245283,2163.92,20.41433962264151,65.8,True,49.09504716981132,Low,Mumbai,Control,0.0,No Incentive,0.3,0.3316,False,0,35,0.0
CUST04152,Routine_Commuter,105,41,0.3904761904761905,2044.31,19.469619047619048,60.3,True,49.091547619047624,Low,Jaipur,Control,0.0,No Incentive,0.35,0.3706,False,0,41,0.0
CUST03773,Routine_Commuter,105,41,0.3904761904761905,2079.85,19.80809523809524,60.3,True,49.091547619047624,Low,Chennai,Treatment,0.15,Off-Peak Incentive,0.35,0.3706,False,0,41,0.0
CUST02651,Convenience_First,103,37,0.3592233009708738,2806.22,27.244854368932035,64.4,True,49.09143203883496,Low,Kochi,Control,0.0,No Incentive,0.2,0.22880000000000003,False,0,37,0.0
CUST06842,Price_Sensitive,105,35,0.3333333333333333,2898.6,27.605714285714285,66.0,True,49.08583333333333,Low,Lucknow,Control,0.0,No Incentive,0.3,0.33199999999999996,False,0,35,0.0
CUST00146,Routine_Commuter,112,34,0.3035714285714285,2596.41,23.182232142857146,65.7,True,49.08535714285714,Low,Chennai,Control,0.0,No Incentive,0.35,0.38139999999999996,False,0,34,0.0
CUST00851,Routine_Commuter,109,33,0.3027522935779816,1549.41,14.214770642201836,67.1,True,49.07884174311927,Low,Delhi NCR,Control,0.0,No Incentive,0.35,0.3842,False,0,33,0.0
CUST03246,Routine_Commuter,107,38,0.3551401869158878,2200.09,20.56158878504673,62.8,True,49.07435747663551,Low,Lucknow,Control,0.0,No Incentive,0.35,0.3756,False,0,38,0.0
CUST05431,Convenience_First,107,38,0.3551401869158878,3308.04,30.91626168224299,62.8,True,49.07435747663551,Low,Chandigarh,Control,0.0,No Incentive,0.2,0.22560000000000002,False,0,38,0.0
CUST05389,Convenience_First,93,40,0.4301075268817204,3195.08,34.35569892473118,62.1,True,49.070551075268824,Low,Bengaluru,Control,0.0,No Incentive,0.2,0.2242,False,0,40,0.0
CUST07315,Routine_Commuter,107,34,0.3177570093457944,3094.79,28.923271028037384,66.5,True,49.059030373831774,Low,Bengaluru,Treatment,0.15,Off-Peak Incentive,0.35,0.383,True,20,14,0.5882352941176471
CUST02755,Price_Sensitive,106,35,0.330188679245283,2505.62,23.637924528301888,65.7,True,49.05504716981133,Low,Ahmedabad,Control,0.0,No Incentive,0.3,0.3314,False,0,35,0.0
CUST07900,Convenience_First,107,36,0.3364485981308411,3046.68,28.47364485981308,64.6,True,49.04669392523365,Low,Chennai,Treatment,0.15,Off-Peak Incentive,0.2,0.22920000000000001,False,0,36,0.0
CUST03141,Routine_Commuter,105,35,0.3333333333333333,1986.84,18.922285714285714,65.9,True,49.045833333333334,Low,Lucknow,Control,0.0,No Incentive,0.35,0.3818,False,0,35,0.0
CUST01000,Routine_Commuter,109,34,0.3119266055045872,2380.36,21.83816513761468,66.1,True,49.04581422018349,Low,Kolkata,Treatment,0.15,Off-Peak Incentive,0.35,0.3822,True,20,14,0.5882352941176471
CUST06644,Routine_Commuter,103,38,0.3689320388349514,3210.64,31.17126213592233,63.3,True,49.03978155339806,Low,Kochi,Treatment,0.15,Off-Peak Incentive,0.35,0.3766,False,0,38,0.0
CUST06916,Price_Sensitive,102,33,0.3235294117647059,2662.29,26.100882352941177,68.3,True,49.03367647058824,Low,Bengaluru,Treatment,0.15,Off-Peak Incentive,0.3,0.3366,True,20,13,0.6060606060606061
CUST05063,Routine_Commuter,98,38,0.3877551020408163,2168.59,22.128469387755104,63.7,True,49.028954081632655,Low,Pune,Treatment,0.15,Off-Peak Incentive,0.35,0.37739999999999996,False,0,38,0.0
CUST00551,Price_Sensitive,101,38,0.3762376237623762,2755.53,27.28247524752475,63.5,True,49.028254950495054,Low,Mumbai,Treatment,0.15,Off-Peak Incentive,0.3,0.327,False,0,38,0.0
CUST02823,Routine_Commuter,105,36,0.3428571428571428,1097.4,10.451428571428572,64.9,True,49.026785714285715,Low,Pune,Treatment,0.15,Off-Peak Incentive,0.35,0.37979999999999997,False,0,36,0.0
CUST00404,Routine_Commuter,109,37,0.3394495412844037,1142.48,10.481467889908258,63.3,True,49.02673165137615,Low,Ahmedabad,Treatment,0.15,Off-Peak Incentive,0.35,0.3766,True,21,16,0.5675675675675675
CUST03668,Price_Sensitive,105,34,0.3238095238095238,1897.58,18.072190476190475,66.8,True,49.02488095238095,Low,Bengaluru,Treatment,0.15,Off-Peak Incentive,0.3,0.3336,False,0,34,0.0
CUST06826,Routine_Commuter,109,36,0.3302752293577982,1831.26,16.800550458715595,64.2,True,49.01975917431193,Low,Kochi,Control,0.0,No Incentive,0.35,0.37839999999999996,False,0,36,0.0
CUST07319,Routine_Commuter,109,35,0.3211009174311927,3037.7,27.86880733944954,65.1,True,49.012786697247705,Low,Lucknow,Control,0.0,No Incentive,0.35,0.3802,False,0,35,0.0
CUST04420,Routine_Commuter,108,35,0.324074074074074,2476.19,22.927685185185187,65.3,True,49.01046296296297,Low,Delhi NCR,Control,0.0,No Incentive,0.35,0.3806,False,0,35,0.0
CUST06887,Routine_Commuter,105,39,0.3714285714285714,2438.64,23.225142857142856,62.0,True,49.00964285714286,Low,Lucknow,Treatment,0.15,Off-Peak Incentive,0.35,0.374,False,0,39,0.0
CUST06049,Routine_Commuter,103,34,0.3300970873786408,2971.46,28.849126213592232,67.1,True,49.006383495145634,Low,Chandigarh,Treatment,0.15,Off-Peak Incentive,0.35,0.3842,False,0,34,0.0
CUST02216,Price_Sensitive,109,34,0.3119266055045872,1626.07,14.918073394495412,66.0,True,49.005814220183495,Low,Delhi NCR,Control,0.0,No Incentive,0.3,0.33199999999999996,False,0,34,0.0
CUST06360,Price_Sensitive,108,34,0.3148148148148148,2324.86,21.526481481481483,66.2,True,49.0000925925926,Low,Bengaluru,Treatment,0.15,Off-Peak Incentive,0.3,0.3324,True,20,14,0.5882352941176471
CUST05192,Routine_Commuter,108,34,0.3148148148148148,2593.31,24.01212962962963,66.2,True,49.0000925925926,Low,Chandigarh,Treatment,0.15,Off-Peak Incentive,0.35,0.38239999999999996,False,0,34,0.0
CUST01928,Price_Sensitive,101,36,0.3564356435643564,2523.75,24.98762376237624,65.4,True,48.99617574257426,Low,Chandigarh,Control,0.0,No Incentive,0.3,0.3308,False,0,36,0.0
CUST07724,Routine_Commuter,101,37,0.3663366336633663,1850.13,18.318118811881188,64.4,True,48.99221534653466,Low,Hyderabad,Control,0.0,No Incentive,0.35,0.37879999999999997,False,0,37,0.0
CUST02180,Routine_Commuter,105,34,0.3238095238095238,2031.26,19.345333333333333,66.7,True,48.984880952380955,Low,Kolkata,Treatment,0.15,Off-Peak Incentive,0.35,0.38339999999999996,True,20,14,0.5882352941176471
CUST00273,Routine_Commuter,108,39,0.3611111111111111,3132.51,29.004722222222224,61.5,True,48.971944444444446,Low,Pune,Control,0.0,No Incentive,0.35,0.373,False,0,39,0.0
CUST01778,Price_Sensitive,104,35,0.3365384615384615,827.53,7.95701923076923,65.9,True,48.970288461538466,Low,Mumbai,Treatment,0.15,Off-Peak Incentive,0.3,0.3318,True,20,15,0.5714285714285714
CUST01077,Routine_Commuter,111,34,0.3063063063063063,2135.58,19.239459459459457,65.6,True,48.96975225225225,Low,Ahmedabad,Control,0.0,No Incentive,0.35,0.3812,False,0,34,0.0
CUST02750,Convenience_First,105,39,0.3714285714285714,2315.56,22.05295238095238,61.9,True,48.96964285714286,Low,Bengaluru,Treatment,0.15,Off-Peak Incentive,0.2,0.2238,False,0,39,0.0
CUST06946,Price_Sensitive,107,33,0.308411214953271,2840.58,26.54747663551402,67.2,True,48.96519859813085,Low,Delhi NCR,Treatment,0.15,Off-Peak Incentive,0.3,0.3344,False,0,33,0.0
CUST03781,Convenience_First,98,35,0.3571428571428571,2574.03,26.26561224489796,66.6,True,48.964464285714286,Low,Pune,Control,0.0,No Incentive,0.2,0.23320000000000002,False,0,35,0.0
CUST02610,Routine_Commuter,108,34,0.3148148148148148,2464.67,22.821018518518517,66.1,True,48.960092592592595,Low,Bengaluru,Treatment,0.15,Off-Peak Incentive,0.35,0.3822,False,0,34,0.0
CUST03090,Convenience_First,103,35,0.3398058252427184,2695.81,26.172912621359224,66.0,True,48.95473300970874,Low,Chennai,Control,0.0,No Incentive,0.2,0.232,False,0,35,0.0
CUST00028,Routine_Commuter,105,36,0.3428571428571428,2060.89,19.627523809523808,64.7,True,48.94678571428572,Low,Mumbai,Treatment,0.15,Off-Peak Incentive,0.35,0.37939999999999996,False,0,36,0.0
CUST06288,Convenience_First,104,37,0.3557692307692308,2528.68,24.314230769230768,63.9,True,48.939519230769235,Low,Kolkata,Control,0.0,No Incentive,0.2,0.2278,False,0,37,0.0
CUST03330,Price_Sensitive,107,34,0.3177570093457944,2605.41,24.349626168224297,66.2,True,48.939030373831784,Low,Ahmedabad,Control,0.0,No Incentive,0.3,0.3324,False,0,34,0.0
CUST01636,Routine_Commuter,107,34,0.3177570093457944,2633.33,24.610560747663552,66.2,True,48.939030373831784,Low,Lucknow,Treatment,0.15,Off-Peak Incentive,0.35,0.38239999999999996,True,20,14,0.5882352941176471
CUST00664,Routine_Commuter,102,35,0.3431372549019608,2002.24,19.629803921568627,66.1,True,48.93799019607843,Low,Delhi NCR,Control,0.0,No Incentive,0.35,0.3822,False,0,35,0.0
CUST03340,Routine_Commuter,111,36,0.3243243243243243,1112.66,10.023963963963965,63.7,True,48.93047297297297,Low,Ahmedabad,Treatment,0.15,Off-Peak Incentive,0.35,0.37739999999999996,False,0,36,0.0
CUST01029,Convenience_First,108,35,0.324074074074074,2623.77,24.294166666666666,65.1,True,48.93046296296296,Low,Bengaluru,Treatment,0.15,Off-Peak Incentive,0.2,0.23020000000000002,False,0,35,0.0
CUST03230,Convenience_First,102,36,0.3529411764705882,3250.1,31.86372549019608,65.1,True,48.93014705882353,Low,Kolkata,Treatment,0.15,Off-Peak Incentive,0.2,0.23020000000000002,True,21,15,0.5833333333333334
CUST03312,Routine_Commuter,104,33,0.3173076923076923,2060.3,19.81057692307693,67.7,True,48.92105769230769,Low,Pune,Control,0.0,No Incentive,0.35,0.38539999999999996,False,0,33,0.0
CUST05774,Price_Sensitive,107,38,0.3551401869158878,2862.68,26.754018691588783,62.4,True,48.91435747663552,Low,Delhi NCR,Control,0.0,No Incentive,0.3,0.3248,False,0,38,0.0
CUST01951,Routine_Commuter,108,37,0.3425925925925926,2216.62,20.524259259259257,63.2,True,48.911203703703706,Low,Mumbai,Control,0.0,No Incentive,0.35,0.37639999999999996,False,0,37,0.0
CUST01222,Routine_Commuter,103,39,0.3786407766990291,2779.36,26.984077669902913,62.0,True,48.908131067961165,Low,Mumbai,Control,0.0,No Incentive,0.35,0.374,False,0,39,0.0
CUST00518,Routine_Commuter,105,34,0.3238095238095238,2091.31,19.917238095238098,66.5,True,48.90488095238096,Low,Chennai,Control,0.0,No Incentive,0.35,0.383,False,0,34,0.0
CUST05400,Convenience_First,98,37,0.3775510204081632,1534.54,15.658571428571427,64.4,True,48.900790816326534,Low,Ahmedabad,Treatment,0.15,Off-Peak Incentive,0.2,0.22880000000000003,False,0,37,0.0
CUST01396,Price_Sensitive,111,37,0.3333333333333333,1914.12,17.244324324324324,62.7,True,48.89083333333333,Low,Mumbai,Control,0.0,No Incentive,0.3,0.3254,False,0,37,0.0
CUST07944,Routine_Commuter,103,41,0.3980582524271844,1967.74,19.104271844660193,60.0,True,48.884830097087374,Low,Mumbai,Control,0.0,No Incentive,0.35,0.37,False,0,41,0.0
CUST06612,Routine_Commuter,100,34,0.34,2872.58,28.7258,67.2,True,48.88125000000001,Low,Ahmedabad,Treatment,0.15,Off-Peak Incentive,0.35,0.38439999999999996,False,0,34,0.0
CUST00162,Convenience_First,102,38,0.3725490196078431,2693.95,26.41127450980392,63.0,True,48.874460784313726,Low,Jaipur,Control,0.0,No Incentive,0.2,0.226,False,0,38,0.0
CUST02451,Routine_Commuter,106,36,0.3396226415094339,3082.26,29.07792452830189,64.3,True,48.87240566037736,Low,Mumbai,Treatment,0.15,Off-Peak Incentive,0.35,0.3786,False,0,36,0.0
CUST02364,Routine_Commuter,108,33,0.3055555555555556,1833.4,16.975925925925928,66.8,True,48.86972222222222,Low,Pune,Treatment,0.15,Off-Peak Incentive,0.35,0.3836,True,19,14,0.5757575757575758
CUST07028,Routine_Commuter,97,38,0.3917525773195876,1674.14,17.25917525773196,63.4,True,48.86510309278351,Low,Ahmedabad,Treatment,0.15,Off-Peak Incentive,0.35,0.37679999999999997,False,0,38,0.0
CUST01352,Price_Sensitive,97,34,0.3505154639175257,1417.2,14.610309278350517,67.5,True,48.855618556701025,Low,Hyderabad,Treatment,0.15,Off-Peak Incentive,0.3,0.33499999999999996,False,0,34,0.0
CUST06844,Price_Sensitive,103,34,0.3300970873786408,3442.15,33.41893203883495,66.7,True,48.84638349514564,Low,Ahmedabad,Treatment,0.15,Off-Peak Incentive,0.3,0.3334,False,0,34,0.0
CUST07690,Price_Sensitive,103,34,0.3300970873786408,2416.7,23.463106796116502,66.7,True,48.84638349514564,Low,Mumbai,Control,0.0,No Incentive,0.3,0.3334,False,0,34,0.0
CUST05051,Routine_Commuter,100,37,0.37,1910.26,19.1026,64.1,True,48.84125,Low,Chandigarh,Control,0.0,No Incentive,0.35,0.3782,False,0,37,0.0
CUST03186,Routine_Commuter,109,33,0.3027522935779816,1946.85,17.861009174311924,66.5,True,48.83884174311926,Low,Kochi,Control,0.0,No Incentive,0.35,0.383,False,0,33,0.0
CUST01214,Routine_Commuter,106,34,0.320754716981132,2480.42,23.40018867924528,66.1,True,48.83768867924528,Low,Chennai,Treatment,0.15,Off-Peak Incentive,0.35,0.3822,False,0,34,0.0
CUST02567,Price_Sensitive,103,35,0.3398058252427184,2493.4700000000003,24.20844660194175,65.7,True,48.834733009708735,Low,Lucknow,Treatment,0.15,Off-Peak Incentive,0.3,0.3314,False,0,35,0.0
CUST04547,Routine_Commuter,106,36,0.3396226415094339,1558.64,14.704150943396227,64.2,True,48.83240566037736,Low,Chennai,Treatment,0.15,Off-Peak Incentive,0.35,0.37839999999999996,False,0,36,0.0
CUST07646,Convenience_First,104,35,0.3365384615384615,3515.39,33.80182692307692,65.5,True,48.81028846153846,Low,Delhi NCR,Control,0.0,No Incentive,0.2,0.231,False,0,35,0.0
CUST06706,Convenience_First,105,39,0.3714285714285714,2880.19,27.43038095238095,61.5,True,48.809642857142855,Low,Delhi NCR,Treatment,0.15,Off-Peak Incentive,0.2,0.223,False,0,39,0.0
CUST04967,Price_Sensitive,109,34,0.3119266055045872,3163.97,29.027247706422017,65.5,True,48.80581422018349,Low,Chennai,Control,0.0,No Incentive,0.3,0.33099999999999996,False,0,34,0.0
CUST03561,Routine_Commuter,106,34,0.320754716981132,2219.63,20.93990566037736,66.0,True,48.79768867924528,Low,Bengaluru,Control,0.0,No Incentive,0.35,0.382,False,0,34,0.0
CUST05520,Routine_Commuter,108,33,0.3055555555555556,2148.92,19.897407407407407,66.6,True,48.789722222222224,Low,Chennai,Control,0.0,No Incentive,0.35,0.3832,False,0,33,0.0
CUST07589,Price_Sensitive,107,34,0.3177570093457944,1923.55,17.97710280373832,65.8,True,48.77903037383177,Low,Hyderabad,Control,0.0,No Incentive,0.3,0.3316,False,0,34,0.0
CUST03097,Price_Sensitive,103,33,0.3203883495145631,4456.51,43.26708737864078,67.5,True,48.77803398058252,Low,Chandigarh,Treatment,0.15,Off-Peak Incentive,0.3,0.33499999999999996,False,0,33,0.0
CUST06194,Convenience_First,106,35,0.330188679245283,2508.9,23.668867924528303,65.0,True,48.77504716981132,Low,Delhi NCR,Control,0.0,No Incentive,0.2,0.23,False,0,35,0.0
CUST06486,Convenience_First,108,35,0.324074074074074,2165.99,20.055462962962967,64.7,True,48.77046296296297,Low,Pune,Control,0.0,No Incentive,0.2,0.22940000000000002,False,0,35,0.0
CUST06767,Routine_Commuter,106,37,0.3490566037735849,3391.13,31.99179245283019,63.1,True,48.7697641509434,Low,Chandigarh,Control,0.0,No Incentive,0.35,0.3762,False,0,37,0.0
CUST00577,Routine_Commuter,111,34,0.3063063063063063,1474.09,13.28009009009009,65.1,True,48.76975225225225,Low,Bengaluru,Control,0.0,No Incentive,0.35,0.3802,False,0,34,0.0
CUST02872,Price_Sensitive,106,32,0.3018867924528302,3345.37,31.56009433962264,67.8,True,48.76297169811321,Low,Hyderabad,Control,0.0,No Incentive,0.3,0.3356,False,0,32,0.0
CUST04447,Routine_Commuter,99,33,0.3333333333333333,2516.46,25.41878787878788,68.0,True,48.76208333333334,Low,Lucknow,Control,0.0,No Incentive,0.35,0.38599999999999995,False,0,33,0.0
CUST07905,Convenience_First,100,38,0.38,3317.34,33.1734,62.9,True,48.76125,Low,Kochi,Treatment,0.15,Off-Peak Incentive,0.2,0.2258,False,0,38,0.0
CUST04016,Convenience_First,102,38,0.3725490196078431,2033.86,19.939803921568625,62.7,True,48.75446078431373,Low,Jaipur,Control,0.0,No Incentive,0.2,0.22540000000000002,False,0,38,0.0
CUST02488,Routine_Commuter,104,39,0.375,2226.39,21.407596153846153,61.5,True,48.74875,Low,Hyderabad,Control,0.0,No Incentive,0.35,0.373,False,0,39,0.0
CUST00435,Price_Sensitive,106,33,0.3113207547169811,1794.49,16.929150943396227,66.8,True,48.740330188679245,Low,Jaipur,Treatment,0.15,Off-Peak Incentive,0.3,0.3336,False,0,33,0.0
CUST00659,Convenience_First,103,33,0.3203883495145631,3644.13,35.37990291262136,67.4,True,48.73803398058253,Low,Hyderabad,Control,0.0,No Incentive,0.2,0.2348,False,0,33,0.0
CUST04609,Price_Sensitive,105,35,0.3333333333333333,1970.69,18.768476190476193,65.1,True,48.725833333333334,Low,Hyderabad,Treatment,0.15,Off-Peak Incentive,0.3,0.3302,True,20,15,0.5714285714285714
CUST06295,Routine_Commuter,109,34,0.3119266055045872,2699.83,24.769082568807335,65.3,True,48.725814220183494,Low,Delhi NCR,Control,0.0,No Incentive,0.35,0.3806,False,0,34,0.0
CUST01546,Routine_Commuter,106,32,0.3018867924528302,2738.76,25.83735849056604,67.7,True,48.72297169811321,Low,Mumbai,Treatment,0.15,Off-Peak Incentive,0.35,0.38539999999999996,False,0,32,0.0
CUST06741,Price_Sensitive,102,32,0.3137254901960784,2067.47,20.269313725490193,68.5,True,48.72151960784314,Low,Chandigarh,Treatment,0.15,Off-Peak Incentive,0.3,0.33699999999999997,True,19,13,0.59375
CUST02270,Routine_Commuter,98,38,0.3877551020408163,2684.04,27.38816326530612,62.9,True,48.708954081632655,Low,Chennai,Control,0.0,No Incentive,0.35,0.37579999999999997,False,0,38,0.0
CUST07149,Convenience_First,101,38,0.3762376237623762,2676.39,26.498910891089107,62.7,True,48.708254950495046,Low,Delhi NCR,Treatment,0.15,Off-Peak Incentive,0.2,0.22540000000000002,True,21,17,0.5526315789473685
CUST02638,Convenience_First,101,38,0.3762376237623762,2149.41,21.28128712871287,62.7,True,48.708254950495046,Low,Kolkata,Treatment,0.15,Off-Peak Incentive,0.2,0.22540000000000002,False,0,38,0.0
CUST02958,Routine_Commuter,99,39,0.3939393939393939,2154.97,21.767373737373735,61.8,True,48.706325757575755,Low,Jaipur,Treatment,0.15,Off-Peak Incentive,0.35,0.3736,False,0,39,0.0
CUST07188,Convenience_First,99,39,0.3939393939393939,1784.73,18.027575757575757,61.8,True,48.706325757575755,Low,Jaipur,Treatment,0.15,Off-Peak Incentive,0.2,0.22360000000000002,False,0,39,0.0
CUST00483,Routine_Commuter,106,35,0.330188679245283,2082.38,19.64509433962264,64.8,True,48.695047169811325,Low,Pune,Control,0.0,No Incentive,0.35,0.3796,False,0,35,0.0
CUST03233,Routine_Commuter,111,35,0.3153153153153153,2017.06,18.171711711711712,64.0,True,48.690112612612616,Low,Mumbai,Control,0.0,No Incentive,0.35,0.378,False,0,35,0.0
CUST05693,Convenience_First,105,39,0.3714285714285714,2272.14,21.63942857142857,61.2,True,48.68964285714286,Low,Delhi NCR,Treatment,0.15,Off-Peak Incentive,0.2,0.22240000000000001,False,0,39,0.0
CUST04125,Convenience_First,109,34,0.3119266055045872,2827.08,25.93651376146789,65.2,True,48.68581422018349,Low,Pune,Control,0.0,No Incentive,0.2,0.23040000000000002,False,0,34,0.0
CUST04102,Price_Sensitive,109,34,0.3119266055045872,1892.86,17.365688073394494,65.2,True,48.68581422018349,Low,Chandigarh,Treatment,0.15,Off-Peak Incentive,0.3,0.33039999999999997,False,0,34,0.0
CUST03536,Routine_Commuter,100,40,0.4,2487.88,24.8788,60.7,True,48.681250000000006,Low,Chandigarh,Control,0.0,No Incentive,0.35,0.3714,False,0,40,0.0
CUST04238,Routine_Commuter,99,37,0.3737373737373737,2357.63,23.814444444444444,63.7,True,48.65824494949496,Low,Chennai,Treatment,0.15,Off-Peak Incentive,0.35,0.37739999999999996,False,0,37,0.0
CUST05128,Routine_Commuter,103,33,0.3203883495145631,1766.26,17.148155339805825,67.2,True,48.65803398058252,Low,Kochi,Treatment,0.15,Off-Peak Incentive,0.35,0.38439999999999996,False,0,33,0.0
CUST04989,Price_Sensitive,104,32,0.3076923076923077,2322.51,22.331826923076925,68.0,True,48.65644230769231,Low,Kochi,Treatment,0.15,Off-Peak Incentive,0.3,0.33599999999999997,True,19,13,0.59375
CUST00805,Convenience_First,104,35,0.3365384615384615,3128.43,30.08105769230769,65.1,True,48.65028846153846,Low,Mumbai,Control,0.0,No Incentive,0.2,0.23020000000000002,False,0,35,0.0
CUST06164,Routine_Commuter,105,33,0.3142857142857143,2613.42,24.889714285714287,66.8,True,48.64392857142857,Low,Bengaluru,Control,0.0,No Incentive,0.35,0.3836,False,0,33,0.0
CUST06670,Convenience_First,105,33,0.3142857142857143,2315.2,22.04952380952381,66.8,True,48.64392857142857,Low,Kochi,Treatment,0.15,Off-Peak Incentive,0.2,0.2336,False,0,33,0.0
CUST05929,Price_Sensitive,105,32,0.3047619047619048,2695.07,25.667333333333335,67.7,True,48.622976190476194,Low,Pune,Control,0.0,No Incentive,0.3,0.3354,False,0,32,0.0
CUST04651,Price_Sensitive,99,37,0.3737373737373737,2446.45,24.71161616161616,63.6,True,48.61824494949495,Low,Mumbai,Control,0.0,No Incentive,0.3,0.3272,False,0,37,0.0
CUST07721,Price_Sensitive,103,33,0.3203883495145631,2218.43,21.538155339805822,67.1,True,48.61803398058253,Low,Chennai,Treatment,0.15,Off-Peak Incentive,0.3,0.3342,True,19,14,0.5757575757575758
CUST02659,Convenience_First,108,38,0.3518518518518518,1712.93,15.860462962962965,61.5,True,48.60157407407408,Low,Kolkata,Control,0.0,No Incentive,0.2,0.223,False,0,38,0.0
CUST06820,Convenience_First,100,36,0.36,2246.36,22.4636,64.5,True,48.60125000000001,Low,Jaipur,Control,0.0,No Incentive,0.2,0.229,False,0,36,0.0
CUST01360,Routine_Commuter,108,34,0.3148148148148148,2113.01,19.564907407407404,65.2,True,48.600092592592596,Low,Bengaluru,Treatment,0.15,Off-Peak Incentive,0.35,0.38039999999999996,True,20,14,0.5882352941176471
CUST02619,Routine_Commuter,108,34,0.3148148148148148,1917.22,17.752037037037038,65.2,True,48.600092592592596,Low,Mumbai,Control,0.0,No Incentive,0.35,0.38039999999999996,False,0,34,0.0
CUST05968,Routine_Commuter,103,35,0.3398058252427184,1742.55,16.917961165048542,65.1,True,48.59473300970873,Low,Pune,Treatment,0.15,Off-Peak Incentive,0.35,0.3802,True,20,15,0.5714285714285714
CUST01336,Routine_Commuter,104,34,0.3269230769230769,3100.05,29.80817307692308,65.9,True,48.58567307692308,Low,Chennai,Control,0.0,No Incentive,0.35,0.3818,False,0,34,0.0
CUST02953,Price_Sensitive,104,34,0.3269230769230769,2002.36,19.253461538461536,65.9,True,48.58567307692308,Low,Chennai,Treatment,0.15,Off-Peak Incentive,0.3,0.3318,False,0,34,0.0
CUST02611,Convenience_First,104,34,0.3269230769230769,3895.31,37.45490384615385,65.9,True,48.58567307692308,Low,Mumbai,Control,0.0,No Incentive,0.2,0.23180000000000003,False,0,34,0.0
CUST01101,Convenience_First,109,34,0.3119266055045872,3773.81,34.62211009174312,64.9,True,48.5658142201835,Low,Mumbai,Treatment,0.15,Off-Peak Incentive,0.2,0.22980000000000003,False,0,34,0.0
CUST07014,Routine_Commuter,105,33,0.3142857142857143,2304.3,21.94571428571429,66.6,True,48.56392857142857,Low,Pune,Control,0.0,No Incentive,0.35,0.3832,False,0,33,0.0
CUST05547,Routine_Commuter,108,34,0.3148148148148148,1985.61,18.385277777777777,65.1,True,48.56009259259259,Low,Chennai,Control,0.0,No Incentive,0.35,0.3802,False,0,34,0.0
CUST00827,Routine_Commuter,98,39,0.3979591836734694,2556.29,26.084591836734692,61.5,True,48.557117346938774,Low,Kolkata,Treatment,0.15,Off-Peak Incentive,0.35,0.373,False,0,39,0.0
CUST01388,Routine_Commuter,101,36,0.3564356435643564,2761.51,27.34168316831683,64.3,True,48.556175742574254,Low,Chandigarh,Control,0.0,No Incentive,0.35,0.3786,False,0,36,0.0
CUST04424,Routine_Commuter,108,33,0.3055555555555556,2423.74,22.442037037037036,66.0,True,48.54972222222223,Low,Chandigarh,Control,0.0,No Incentive,0.35,0.382,False,0,33,0.0
CUST02552,Convenience_First,105,36,0.3428571428571428,3742.13,35.63933333333333,63.7,True,48.54678571428571,Low,Hyderabad,Control,0.0,No Incentive,0.2,0.22740000000000002,False,0,36,0.0
CUST01497,Routine_Commuter,99,39,0.3939393939393939,1378.03,13.919494949494949,61.4,True,48.54632575757576,Low,Lucknow,Treatment,0.15,Off-Peak Incentive,0.35,0.37279999999999996,False,0,39,0.0
CUST03069,Routine_Commuter,110,33,0.3,2551.32,23.193818181818184,65.6,True,48.54624999999999,Low,Lucknow,Control,0.0,No Incentive,0.35,0.3812,False,0,33,0.0
CUST00298,Convenience_First,97,38,0.3917525773195876,3307.96,34.102680412371136,62.6,True,48.54510309278351,Low,Jaipur,Treatment,0.15,Off-Peak Incentive,0.2,0.2252,False,0,38,0.0
CUST04015,Price_Sensitive,105,32,0.3047619047619048,2105.55,20.052857142857142,67.5,True,48.54297619047619,Low,Kolkata,Treatment,0.15,Off-Peak Incentive,0.3,0.33499999999999996,True,19,13,0.59375
CUST03808,Price_Sensitive,106,33,0.3113207547169811,1984.3,18.719811320754715,66.3,True,48.54033018867925,Low,Hyderabad,Control,0.0,No Incentive,0.3,0.3326,False,0,33,0.0
CUST03671,Price_Sensitive,101,34,0.3366336633663366,2630.77,26.047227722772277,66.2,True,48.52409653465347,Low,Mumbai,Control,0.0,No Incentive,0.3,0.3324,False,0,34,0.0
CUST03282,Routine_Commuter,100,35,0.35,1692.74,16.9274,65.3,True,48.52125000000001,Low,Bengaluru,Control,0.0,No Incentive,0.35,0.3806,False,0,35,0.0
CUST02339,Convenience_First,97,36,0.3711340206185567,2594.95,26.7520618556701,64.6,True,48.52036082474227,Low,Lucknow,Treatment,0.15,Off-Peak Incentive,0.2,0.22920000000000001,False,0,36,0.0
CUST04718,Routine_Commuter,97,36,0.3711340206185567,2820.09,29.073092783505157,64.6,True,48.52036082474227,Low,Bengaluru,Control,0.0,No Incentive,0.35,0.3792,False,0,36,0.0
CUST02397,Routine_Commuter,101,35,0.3465346534653465,3370.81,33.37435643564356,65.2,True,48.520136138613864,Low,Ahmedabad,Control,0.0,No Incentive,0.35,0.38039999999999996,False,0,35,0.0
CUST00727,Convenience_First,108,34,0.3148148148148148,3477.23,32.19657407407407,65.0,True,48.5200925925926,Low,Delhi NCR,Treatment,0.15,Off-Peak Incentive,0.2,0.23,False,0,34,0.0
CUST01334,Convenience_First,102,38,0.3725490196078431,3228.05,31.647549019607844,62.1,True,48.51446078431373,Low,Kolkata,Control,0.0,No Incentive,0.2,0.2242,False,0,38,0.0
CUST04536,Routine_Commuter,98,38,0.3877551020408163,2657.38,27.116122448979592,62.4,True,48.50895408163266,Low,Jaipur,Treatment,0.15,Off-Peak Incentive,0.35,0.37479999999999997,False,0,38,0.0
CUST02544,Routine_Commuter,105,32,0.3047619047619048,2302.05,21.924285714285716,67.4,True,48.5029761904762,Low,Mumbai,Treatment,0.15,Off-Peak Incentive,0.35,0.3848,True,19,13,0.59375
CUST06947,Routine_Commuter,104,37,0.3557692307692308,2564.91,24.662596153846152,62.8,True,48.49951923076923,Low,Mumbai,Control,0.0,No Incentive,0.35,0.3756,False,0,37,0.0
CUST00191,Routine_Commuter,108,35,0.324074074074074,2126.03,19.68546296296297,64.0,True,48.490462962962965,Low,Ahmedabad,Control,0.0,No Incentive,0.35,0.378,False,0,35,0.0
CUST01162,Routine_Commuter,104,35,0.3365384615384615,1889.87,18.17182692307692,64.7,True,48.49028846153846,Low,Kochi,Treatment,0.15,Off-Peak Incentive,0.35,0.37939999999999996,True,20,15,0.5714285714285714
CUST00179,Routine_Commuter,105,35,0.3333333333333333,2265.1,21.57238095238095,64.5,True,48.48583333333333,Low,Kochi,Treatment,0.15,Off-Peak Incentive,0.35,0.379,False,0,35,0.0
CUST00436,Routine_Commuter,106,32,0.3018867924528302,3007.95,28.37688679245283,67.1,True,48.48297169811321,Low,Chandigarh,Treatment,0.15,Off-Peak Incentive,0.35,0.3842,True,19,13,0.59375
CUST00252,Price_Sensitive,100,31,0.31,1953.01,19.5301,69.2,True,48.48125,Low,Hyderabad,Control,0.0,No Incentive,0.3,0.3384,False,0,31,0.0
CUST07815,Routine_Commuter,104,33,0.3173076923076923,2776.02,26.6925,66.6,True,48.481057692307694,Low,Delhi NCR,Treatment,0.15,Off-Peak Incentive,0.35,0.3832,True,19,14,0.5757575757575758
CUST00730,Routine_Commuter,97,36,0.3711340206185567,2386.82,24.60639175257732,64.5,True,48.48036082474227,Low,Pune,Control,0.0,No Incentive,0.35,0.379,False,0,36,0.0
CUST07135,Price_Sensitive,101,35,0.3465346534653465,2930.0299999999997,29.010198019801976,65.1,True,48.48013613861386,Low,Delhi NCR,Control,0.0,No Incentive,0.3,0.3302,False,0,35,0.0
CUST06613,Routine_Commuter,101,35,0.3465346534653465,1745.62,17.283366336633662,65.1,True,48.48013613861386,Low,Chennai,Treatment,0.15,Off-Peak Incentive,0.35,0.3802,False,0,35,0.0
CUST00056,Routine_Commuter,109,33,0.3027522935779816,3186.09,29.230183486238538,65.6,True,48.47884174311926,Low,Delhi NCR,Control,0.0,No Incentive,0.35,0.3812,False,0,33,0.0
CUST07176,Convenience_First,101,36,0.3564356435643564,2789.46,27.61841584158416,64.1,True,48.476175742574256,Low,Kolkata,Control,0.0,No Incentive,0.2,0.22820000000000001,False,0,36,0.0
CUST05659,Routine_Commuter,102,33,0.3235294117647059,2581.04,25.304313725490196,66.9,True,48.47367647058824,Low,Mumbai,Control,0.0,No Incentive,0.35,0.3838,False,0,33,0.0
CUST00196,Routine_Commuter,110,33,0.3,2517.34,22.884909090909098,65.4,True,48.46625,Low,Pune,Treatment,0.15,Off-Peak Incentive,0.35,0.38079999999999997,True,19,14,0.5757575757575758
CUST05037,Price_Sensitive,105,32,0.3047619047619048,2415.32,23.00304761904762,67.3,True,48.46297619047619,Low,Chandigarh,Treatment,0.15,Off-Peak Incentive,0.3,0.3346,True,19,13,0.59375
CUST07293,Price_Sensitive,99,37,0.3737373737373737,1867.49,18.86353535353535,63.2,True,48.458244949494954,Low,Kolkata,Treatment,0.15,Off-Peak Incentive,0.3,0.3264,False,0,37,0.0
CUST01203,Routine_Commuter,99,35,0.3535353535353535,2916.39,29.458484848484847,65.2,True,48.45016414141415,Low,Lucknow,Control,0.0,No Incentive,0.35,0.38039999999999996,False,0,35,0.0
CUST05893,Price_Sensitive,107,36,0.3364485981308411,1877.42,17.545981308411214,63.1,True,48.446693925233646,Low,Kolkata,Control,0.0,No Incentive,0.3,0.3262,False,0,36,0.0
CUST06789,Price_Sensitive,103,34,0.3300970873786408,1537.85,14.930582524271845,65.7,True,48.44638349514563,Low,Bengaluru,Treatment,0.15,Off-Peak Incentive,0.3,0.3314,False,0,34,0.0
CUST06913,Convenience_First,95,40,0.4210526315789473,2248.45,23.667894736842104,60.4,True,48.44460526315789,Low,Pune,Treatment,0.15,Off-Peak Incentive,0.2,0.2208,False,0,40,0.0
CUST04826,Price_Sensitive,106,32,0.3018867924528302,1508.27,14.228962264150944,67.0,True,48.44297169811321,Low,Hyderabad,Control,0.0,No Incentive,0.3,0.33399999999999996,False,0,32,0.0
CUST01511,Price_Sensitive,102,37,0.3627450980392157,2798.61,27.43735294117647,62.9,True,48.44230392156863,Low,Ahmedabad,Treatment,0.15,Off-Peak Incentive,0.3,0.3258,True,21,16,0.5675675675675675
CUST07527,Convenience_First,100,35,0.35,3093.83,30.9383,65.1,True,48.44125,Low,Kolkata,Treatment,0.15,Off-Peak Incentive,0.2,0.23020000000000002,True,20,15,0.5714285714285714
CUST03697,Price_Sensitive,104,33,0.3173076923076923,3523.83,33.88298076923077,66.5,True,48.441057692307695,Low,Pune,Control,0.0,No Incentive,0.3,0.33299999999999996,False,0,33,0.0
CUST06908,Convenience_First,98,38,0.3877551020408163,3434.57,35.04663265306122,62.2,True,48.42895408163266,Low,Chennai,Treatment,0.15,Off-Peak Incentive,0.2,0.22440000000000002,False,0,38,0.0
CUST00382,Convenience_First,99,39,0.3939393939393939,2617.36,26.4379797979798,61.1,True,48.42632575757577,Low,Delhi NCR,Treatment,0.15,Off-Peak Incentive,0.2,0.2222,False,0,39,0.0
CUST06901,Convenience_First,105,34,0.3238095238095238,2032.54,19.35752380952381,65.3,True,48.42488095238095,Low,Lucknow,Treatment,0.15,Off-Peak Incentive,0.2,0.2306,True,20,14,0.5882352941176471
CUST02178,Routine_Commuter,99,37,0.3737373737373737,2102.1,21.23333333333333,63.1,True,48.41824494949495,Low,Kochi,Treatment,0.15,Off-Peak Incentive,0.35,0.3762,False,0,37,0.0
CUST02963,Routine_Commuter,101,33,0.3267326732673267,1700.64,16.838019801980195,66.9,True,48.40805693069307,Low,Delhi NCR,Control,0.0,No Incentive,0.35,0.3838,False,0,33,0.0
CUST03111,Routine_Commuter,98,40,0.4081632653061224,1705.41,17.40214285714286,60.1,True,48.4052806122449,Low,Delhi NCR,Control,0.0,No Incentive,0.35,0.3702,False,0,40,0.0
CUST05960,Convenience_First,107,33,0.308411214953271,3906.99,36.51392523364486,65.8,True,48.405198598130845,Low,Delhi NCR,Control,0.0,No Incentive,0.2,0.2316,False,0,33,0.0
CUST06939,Price_Sensitive,106,34,0.320754716981132,2085.45,19.674056603773582,65.0,True,48.397688679245285,Low,Hyderabad,Treatment,0.15,Off-Peak Incentive,0.3,0.32999999999999996,False,0,34,0.0
CUST00522,Price_Sensitive,101,36,0.3564356435643564,2539.68,25.145346534653463,63.9,True,48.39617574257426,Low,Pune,Control,0.0,No Incentive,0.3,0.3278,False,0,36,0.0
CUST00141,Price_Sensitive,103,35,0.3398058252427184,1486.38,14.430873786407767,64.6,True,48.39473300970874,Low,Mumbai,Treatment,0.15,Off-Peak Incentive,0.3,0.3292,False,0,35,0.0
CUST06663,Price_Sensitive,106,36,0.3396226415094339,2124.71,20.04443396226415,63.1,True,48.39240566037736,Low,Kolkata,Control,0.0,No Incentive,0.3,0.3262,False,0,36,0.0
CUST02090,Price_Sensitive,103,32,0.3106796116504854,2548.73,24.74495145631068,67.5,True,48.38968446601942,Low,Delhi NCR,Treatment,0.15,Off-Peak Incentive,0.3,0.33499999999999996,False,0,32,0.0
CUST05494,Routine_Commuter,105,34,0.3238095238095238,3307.62,31.501142857142856,65.2,True,48.38488095238095,Low,Bengaluru,Control,0.0,No Incentive,0.35,0.38039999999999996,False,0,34,0.0
CUST05969,Convenience_First,96,40,0.4166666666666667,1439.07,14.9903125,60.2,True,48.38166666666667,Low,Mumbai,Treatment,0.15,Off-Peak Incentive,0.2,0.2204,False,0,40,0.0
CUST06381,Routine_Commuter,108,36,0.3333333333333333,1915.32,17.734444444444446,62.8,True,48.380833333333335,Low,Delhi NCR,Treatment,0.15,Off-Peak Incentive,0.35,0.3756,True,20,16,0.5555555555555556
CUST00608,Routine_Commuter,98,37,0.3775510204081632,2415.57,24.648673469387756,63.1,True,48.38079081632653,Low,Kolkata,Treatment,0.15,Off-Peak Incentive,0.35,0.3762,True,21,16,0.5675675675675675
CUST06924,Convenience_First,106,35,0.330188679245283,3637.36,34.31471698113208,64.0,True,48.375047169811324,Low,Chennai,Treatment,0.15,Off-Peak Incentive,0.2,0.228,False,0,35,0.0
CUST03929,Convenience_First,97,37,0.3814432989690721,1579.18,16.28020618556701,63.2,True,48.37273195876288,Low,Jaipur,Treatment,0.15,Off-Peak Incentive,0.2,0.22640000000000002,False,0,37,0.0
CUST02571,Price_Sensitive,96,37,0.3854166666666667,1749.85,18.227604166666666,63.3,True,48.37166666666667,Low,Lucknow,Control,0.0,No Incentive,0.3,0.3266,False,0,37,0.0
CUST04542,Convenience_First,105,35,0.3333333333333333,3290.71,31.34009523809524,64.2,True,48.365833333333335,Low,Pune,Control,0.0,No Incentive,0.2,0.22840000000000002,False,0,35,0.0
CUST03580,Convenience_First,100,33,0.33,2712.03,27.1203,66.9,True,48.36125000000001,Low,Chennai,Treatment,0.15,Off-Peak Incentive,0.2,0.23380000000000004,False,0,33,0.0
CUST04878,Routine_Commuter,101,36,0.3564356435643564,1644.36,16.28079207920792,63.8,True,48.35617574257425,Low,Bengaluru,Control,0.0,No Incentive,0.35,0.3776,False,0,36,0.0
CUST07181,Routine_Commuter,103,35,0.3398058252427184,3056.21,29.671941747572816,64.5,True,48.35473300970873,Low,Pune,Control,0.0,No Incentive,0.35,0.379,False,0,35,0.0
CUST00019,Routine_Commuter,105,38,0.3619047619047619,2126.73,20.254571428571428,61.3,True,48.34869047619048,Low,Chennai,Control,0.0,No Incentive,0.35,0.3726,False,0,38,0.0
CUST06775,Routine_Commuter,102,34,0.3333333333333333,2841.33,27.856176470588235,65.6,True,48.34583333333333,Low,Lucknow,Control,0.0,No Incentive,0.35,0.3812,False,0,34,0.0
CUST03385,Routine_Commuter,105,32,0.3047619047619048,3781.27,36.012095238095235,67.0,True,48.34297619047619,Low,Hyderabad,Control,0.0,No Incentive,0.35,0.384,False,0,32,0.0
CUST04082,Convenience_First,107,34,0.3177570093457944,2583.56,24.145420560747663,64.7,True,48.339030373831775,Low,Kolkata,Control,0.0,No Incentive,0.2,0.22940000000000002,False,0,34,0.0
CUST01921,Convenience_First,102,35,0.3431372549019608,2042.02,20.019803921568627,64.6,True,48.33799019607843,Low,Delhi NCR,Control,0.0,No Incentive,0.2,0.22920000000000001,False,0,35,0.0
CUST03792,Convenience_First,99,35,0.3535353535353535,2110.6,21.31919191919192,64.9,True,48.330164141414144,Low,Delhi NCR,Control,0.0,No Incentive,0.2,0.22980000000000003,False,0,35,0.0
CUST04310,Routine_Commuter,107,36,0.3364485981308411,1991.75,18.614485981308412,62.8,True,48.32669392523365,Low,Pune,Treatment,0.15,Off-Peak Incentive,0.35,0.3756,False,0,36,0.0
CUST01343,Convenience_First,103,34,0.3300970873786408,3527.72,34.249708737864076,65.4,True,48.326383495145635,Low,Delhi NCR,Treatment,0.15,Off-Peak Incentive,0.2,0.23080000000000003,True,20,14,0.5882352941176471
CUST07252,Routine_Commuter,109,34,0.3119266055045872,1622.07,14.881376146788991,64.3,True,48.32581422018349,Low,Hyderabad,Treatment,0.15,Off-Peak Incentive,0.35,0.3786,True,19,15,0.5588235294117647
CUST03195,Convenience_First,106,32,0.3018867924528302,1499.31,14.14443396226415,66.7,True,48.322971698113214,Low,Mumbai,Control,0.0,No Incentive,0.2,0.23340000000000002,False,0,32,0.0
CUST01285,Convenience_First,95,38,0.4,1909.49,20.099894736842103,62.2,True,48.322500000000005,Low,Kolkata,Treatment,0.15,Off-Peak Incentive,0.2,0.22440000000000002,True,21,17,0.5526315789473685
CUST05299,Convenience_First,97,39,0.4020618556701031,3822.45,39.406701030927834,61.0,True,48.31747422680413,Low,Kochi,Control,0.0,No Incentive,0.2,0.222,False,0,39,0.0
CUST05193,Convenience_First,105,36,0.3428571428571428,3133.74,29.84514285714286,63.1,True,48.30678571428571,Low,Chennai,Control,0.0,No Incentive,0.2,0.2262,False,0,36,0.0
CUST04448,Routine_Commuter,99,39,0.3939393939393939,2151.95,21.73686868686869,60.8,True,48.30632575757576,Low,Chennai,Control,0.0,No Incentive,0.35,0.3716,False,0,39,0.0
CUST05068,Convenience_First,99,37,0.3737373737373737,2051.22,20.71939393939394,62.8,True,48.29824494949496,Low,Chennai,Treatment,0.15,Off-Peak Incentive,0.2,0.22560000000000002,True,21,16,0.5675675675675675
CUST04247,Routine_Commuter,104,32,0.3076923076923077,3340.55,32.120673076923076,67.1,True,48.29644230769231,Low,Hyderabad,Control,0.0,No Incentive,0.35,0.3842,False,0,32,0.0
CUST04297,Convenience_First,104,32,0.3076923076923077,3245.16,31.203461538461536,67.1,True,48.29644230769231,Low,Bengaluru,Control,0.0,No Incentive,0.2,0.2342,False,0,32,0.0
CUST07933,Routine_Commuter,104,35,0.3365384615384615,2604.55,25.043750000000003,64.2,True,48.290288461538466,Low,Lucknow,Treatment,0.15,Off-Peak Incentive,0.35,0.37839999999999996,False,0,35,0.0
CUST01652,Price_Sensitive,100,33,0.33,2057.21,20.5721,66.7,True,48.28125,Low,Kolkata,Control,0.0,No Incentive,0.3,0.3334,False,0,33,0.0
CUST00572,Routine_Commuter,100,32,0.32,792.78,7.9278,67.7,True,48.28125,Low,Delhi NCR,Treatment,0.15,Off-Peak Incentive,0.35,0.38539999999999996,False,0,32,0.0
CUST04398,Routine_Commuter,104,39,0.375,2664.77,25.622788461538462,60.3,True,48.26875,Low,Kolkata,Control,0.0,No Incentive,0.35,0.3706,False,0,39,0.0
CUST02237,Routine_Commuter,106,33,0.3113207547169811,2438.12,23.0011320754717,65.6,True,48.26033018867925,Low,Delhi NCR,Control,0.0,No Incentive,0.35,0.3812,False,0,33,0.0
CUST01141,Price_Sensitive,102,35,0.3431372549019608,2497.11,24.481470588235297,64.4,True,48.25799019607844,Low,Mumbai,Treatment,0.15,Off-Peak Incentive,0.3,0.3288,False,0,35,0.0
CUST07268,Price_Sensitive,97,34,0.3505154639175257,2704.85,27.88505154639175,66.0,True,48.25561855670103,Low,Jaipur,Treatment,0.15,Off-Peak Incentive,0.3,0.33199999999999996,False,0,34,0.0
CUST07890,Routine_Commuter,99,36,0.3636363636363636,3634.18,36.708888888888886,63.7,True,48.25420454545456,Low,Mumbai,Treatment,0.15,Off-Peak Incentive,0.35,0.37739999999999996,False,0,36,0.0
CUST02528,Routine_Commuter,99,35,0.3535353535353535,3033.28,30.639191919191923,64.7,True,48.250164141414146,Low,Mumbai,Treatment,0.15,Off-Peak Incentive,0.35,0.37939999999999996,True,20,15,0.5714285714285714
CUST00440,Routine_Commuter,98,35,0.3571428571428571,1925.1,19.64387755102041,64.8,True,48.24446428571429,Low,Chennai,Control,0.0,No Incentive,0.35,0.3796,False,0,35,0.0
CUST00666,Convenience_First,101,34,0.3366336633663366,3905.99,38.67316831683168,65.5,True,48.244096534653465,Low,Mumbai,Treatment,0.15,Off-Peak Incentive,0.2,0.231,False,0,34,0.0
CUST04452,Price_Sensitive,100,33,0.33,3038.72,30.387199999999996,66.6,True,48.24125000000001,Low,Chennai,Treatment,0.15,Off-Peak Incentive,0.3,0.3332,True,19,14,0.5757575757575758
CUST05364,Price_Sensitive,100,31,0.31,2650.07,26.5007,68.6,True,48.241249999999994,Low,Delhi NCR,Control,0.0,No Incentive,0.3,0.3372,False,0,31,0.0
CUST03006,Convenience_First,97,36,0.3711340206185567,1757.82,18.12185567010309,63.9,True,48.240360824742275,Low,Kochi,Control,0.0,No Incentive,0.2,0.2278,False,0,36,0.0
CUST07935,Convenience_First,96,38,0.3958333333333333,2043.06,21.281875,61.9,True,48.22833333333333,Low,Pune,Control,0.0,No Incentive,0.2,0.2238,False,0,38,0.0
CUST06495,Routine_Commuter,96,35,0.3645833333333333,2491.37,25.95177083333333,65.0,True,48.21833333333333,Low,Pune,Control,0.0,No Incentive,0.35,0.38,False,0,35,0.0
CUST03643,Convenience_First,101,32,0.3168316831683168,3396.93,33.6329702970297,67.4,True,48.21201732673268,Low,Ahmedabad,Treatment,0.15,Off-Peak Incentive,0.2,0.2348,False,0,32,0.0
CUST07606,Routine_Commuter,103,34,0.3300970873786408,2244.73,21.793495145631063,65.1,True,48.20638349514563,Low,Mumbai,Control,0.0,No Incentive,0.35,0.3802,False,0,34,0.0
CUST01362,Routine_Commuter,103,34,0.3300970873786408,1604.49,15.57757281553398,65.1,True,48.20638349514563,Low,Mumbai,Treatment,0.15,Off-Peak Incentive,0.35,0.3802,False,0,34,0.0
CUST04563,Convenience_First,105,35,0.3333333333333333,2419.19,23.03990476190476,63.8,True,48.20583333333333,Low,Hyderabad,Control,0.0,No Incentive,0.2,0.22760000000000002,False,0,35,0.0
CUST03758,Price_Sensitive,102,32,0.3137254901960784,2169.55,21.27009803921569,67.2,True,48.20151960784314,Low,Delhi NCR,Control,0.0,No Incentive,0.3,0.3344,False,0,32,0.0
CUST02111,Convenience_First,109,33,0.3027522935779816,2136.71,19.60284403669725,64.9,True,48.198841743119274,Low,Bengaluru,Control,0.0,No Incentive,0.2,0.22980000000000003,False,0,33,0.0
CUST05314,Routine_Commuter,109,33,0.3027522935779816,1703.75,15.630733944954128,64.9,True,48.198841743119274,Low,Ahmedabad,Control,0.0,No Incentive,0.35,0.37979999999999997,False,0,33,0.0
CUST02404,Convenience_First,91,37,0.4065934065934066,2669.25,29.332417582417584,63.2,True,48.18123626373627,Low,Chandigarh,Control,0.0,No Incentive,0.2,0.22640000000000002,False,0,37,0.0
CUST06244,Price_Sensitive,95,35,0.3684210526315789,2257.47,23.762842105263157,65.0,True,48.17934210526316,Low,Chandigarh,Treatment,0.15,Off-Peak Incentive,0.3,0.32999999999999996,True,20,15,0.5714285714285714
CUST05455,Routine_Commuter,104,32,0.3076923076923077,2455.5,23.610576923076923,66.8,True,48.176442307692305,Low,Lucknow,Control,0.0,No Incentive,0.35,0.3836,False,0,32,0.0
CUST02238,Convenience_First,98,30,0.3061224489795918,2694.3,27.492857142857144,69.7,True,48.16364795918368,Low,Ahmedabad,Control,0.0,No Incentive,0.2,0.23940000000000003,False,0,30,0.0
CUST05195,Routine_Commuter,100,33,0.33,2787.51,27.875099999999996,66.4,True,48.16125000000001,Low,Lucknow,Control,0.0,No Incentive,0.35,0.3828,False,0,33,0.0
CUST06957,Routine_Commuter,97,38,0.3917525773195876,1441.78,14.863711340206184,61.6,True,48.14510309278351,Low,Hyderabad,Treatment,0.15,Off-Peak Incentive,0.35,0.3732,True,21,17,0.5526315789473685
CUST01184,Routine_Commuter,98,32,0.3265306122448979,3065.54,31.281020408163265,67.6,True,48.13997448979592,Low,Chennai,Treatment,0.15,Off-Peak Incentive,0.35,0.3852,True,19,13,0.59375
CUST07694,Price_Sensitive,98,35,0.3571428571428571,2924.11,29.837857142857143,64.5,True,48.12446428571429,Low,Delhi NCR,Control,0.0,No Incentive,0.3,0.32899999999999996,False,0,35,0.0
CUST03520,Routine_Commuter,98,35,0.3571428571428571,2631.12,26.84816326530612,64.5,True,48.12446428571429,Low,Hyderabad,Treatment,0.15,Off-Peak Incentive,0.35,0.379,False,0,35,0.0
CUST00634,Routine_Commuter,101,34,0.3366336633663366,1586.12,15.704158415841585,65.2,True,48.12409653465346,Low,Jaipur,Treatment,0.15,Off-Peak Incentive,0.35,0.38039999999999996,True,20,14,0.5882352941176471
CUST06609,Price_Sensitive,100,31,0.31,2304.48,23.0448,68.3,True,48.12125,Low,Hyderabad,Treatment,0.15,Off-Peak Incentive,0.3,0.3366,True,18,13,0.5806451612903226
CUST01817,Convenience_First,104,33,0.3173076923076923,2702.04,25.981153846153845,65.7,True,48.121057692307694,Low,Delhi NCR,Control,0.0,No Incentive,0.2,0.23140000000000002,False,0,33,0.0
CUST04910,Routine_Commuter,95,36,0.3789473684210526,2308.27,24.29757894736842,63.8,True,48.12039473684211,Low,Mumbai,Treatment,0.15,Off-Peak Incentive,0.35,0.3776,True,20,16,0.5555555555555556
CUST00601,Routine_Commuter,97,36,0.3711340206185567,2171.4,22.38556701030928,63.6,True,48.12036082474227,Low,Pune,Treatment,0.15,Off-Peak Incentive,0.35,0.3772,False,0,36,0.0
CUST07801,Routine_Commuter,97,35,0.3608247422680412,2195.75,22.63659793814433,64.6,True,48.107989690721645,Low,Ahmedabad,Treatment,0.15,Off-Peak Incentive,0.35,0.3792,False,0,35,0.0
CUST00583,Routine_Commuter,105,36,0.3428571428571428,3584.18,34.13504761904762,62.6,True,48.106785714285714,Low,Hyderabad,Control,0.0,No Incentive,0.35,0.3752,False,0,36,0.0
CUST07277,Routine_Commuter,98,37,0.3775510204081632,3235.38,33.01408163265306,62.4,True,48.10079081632653,Low,Mumbai,Control,0.0,No Incentive,0.35,0.37479999999999997,False,0,37,0.0
CUST07309,Routine_Commuter,103,33,0.3203883495145631,1765.72,17.142912621359223,65.8,True,48.09803398058252,Low,Pune,Treatment,0.15,Off-Peak Incentive,0.35,0.3816,False,0,33,0.0
CUST04670,Price_Sensitive,101,32,0.3168316831683168,3054.27,30.24029702970297,67.1,True,48.09201732673267,Low,Ahmedabad,Treatment,0.15,Off-Peak Incentive,0.3,0.3342,False,0,32,0.0
CUST05627,Convenience_First,113,35,0.3097345132743362,2144.4,18.97699115044248,62.1,True,48.09063053097345,Low,Hyderabad,Control,0.0,No Incentive,0.2,0.2242,False,0,35,0.0
CUST07461,Price_Sensitive,102,31,0.3039215686274509,1506.98,14.774313725490195,67.9,True,48.08936274509804,Low,Ahmedabad,Treatment,0.15,Off-Peak Incentive,0.3,0.3358,True,18,13,0.5806451612903226
CUST06955,Price_Sensitive,102,31,0.3039215686274509,1474.12,14.452156862745095,67.9,True,48.08936274509804,Low,Bengaluru,Control,0.0,No Incentive,0.3,0.3358,False,0,31,0.0
CUST01157,Routine_Commuter,96,36,0.375,2489.32,25.93041666666667,63.6,True,48.075,Low,Chandigarh,Treatment,0.15,Off-Peak Incentive,0.35,0.3772,False,0,36,0.0
CUST07087,Routine_Commuter,102,33,0.3235294117647059,2608.29,25.571470588235293,65.9,True,48.07367647058824,Low,Mumbai,Control,0.0,No Incentive,0.35,0.3818,False,0,33,0.0
CUST06685,Routine_Commuter,102,35,0.3431372549019608,2105.92,20.646274509803924,63.9,True,48.057990196078435,Low,Delhi NCR,Treatment,0.15,Off-Peak Incentive,0.35,0.37779999999999997,True,20,15,0.5714285714285714
CUST06861,Convenience_First,101,31,0.3069306930693069,2503.13,24.783465346534655,68.0,True,48.05597772277228,Low,Mumbai,Control,0.0,No Incentive,0.2,0.23600000000000002,False,0,31,0.0
CUST05746,Routine_Commuter,98,36,0.3673469387755102,2532.22,25.838979591836733,63.3,True,48.052627551020414,Low,Bengaluru,Treatment,0.15,Off-Peak Incentive,0.35,0.3766,True,20,16,0.5555555555555556
CUST07230,Routine_Commuter,98,36,0.3673469387755102,3393.47,34.62724489795918,63.3,True,48.052627551020414,Low,Delhi NCR,Control,0.0,No Incentive,0.35,0.3766,False,0,36,0.0
CUST03079,Convenience_First,101,34,0.3366336633663366,3163.84,31.325148514851488,65.0,True,48.04409653465346,Low,Jaipur,Control,0.0,No Incentive,0.2,0.23,False,0,34,0.0
CUST05958,Routine_Commuter,106,32,0.3018867924528302,2701.4,25.48490566037736,66.0,True,48.04297169811321,Low,Ahmedabad,Control,0.0,No Incentive,0.35,0.382,False,0,32,0.0
CUST06633,Routine_Commuter,102,32,0.3137254901960784,1738.48,17.04392156862745,66.8,True,48.041519607843135,Low,Jaipur,Treatment,0.15,Off-Peak Incentive,0.35,0.3836,False,0,32,0.0
CUST00876,Routine_Commuter,103,31,0.3009708737864077,2287.78,22.211456310679612,67.6,True,48.04133495145631,Low,Jaipur,Treatment,0.15,Off-Peak Incentive,0.35,0.3852,True,18,13,0.5806451612903226
CUST01728,Price_Sensitive,93,36,0.3870967741935484,3351.79,36.04075268817204,63.8,True,48.03012096774194,Low,Lucknow,Control,0.0,No Incentive,0.3,0.3276,False,0,36,0.0
CUST00116,Convenience_First,97,38,0.3917525773195876,2382.46,24.56144329896907,61.3,True,48.0251030927835,Low,Chandigarh,Control,0.0,No Incentive,0.2,0.22260000000000002,False,0,38,0.0
CUST00350,Price_Sensitive,96,33,0.34375,1662.79,17.320729166666666,66.6,True,48.025,Low,Kochi,Treatment,0.15,Off-Peak Incentive,0.3,0.3332,True,19,14,0.5757575757575758
CUST06014,Routine_Commuter,105,32,0.3047619047619048,1864.48,17.75695238095238,66.2,True,48.02297619047619,Low,Mumbai,Treatment,0.15,Off-Peak Incentive,0.35,0.38239999999999996,False,0,32,0.0
CUST06379,Routine_Commuter,99,38,0.3838383838383838,2107.44,21.28727272727273,61.1,True,48.02228535353535,Low,Kolkata,Treatment,0.15,Off-Peak Incentive,0.35,0.3722,False,0,38,0.0
CUST00896,Routine_Commuter,98,36,0.3673469387755102,1678.12,17.123673469387754,63.2,True,48.01262755102041,Low,Mumbai,Control,0.0,No Incentive,0.35,0.37639999999999996,False,0,36,0.0
CUST01671,Routine_Commuter,101,32,0.3168316831683168,2856.52,28.28237623762376,66.9,True,48.012017326732675,Low,Chennai,Control,0.0,No Incentive,0.35,0.3838,False,0,32,0.0
CUST05300,Convenience_First,101,33,0.3267326732673267,2512.64,24.877623762376235,65.9,True,48.00805693069307,Low,Pune,Control,0.0,No Incentive,0.2,0.23180000000000003,False,0,33,0.0
CUST00893,Routine_Commuter,103,31,0.3009708737864077,1586.26,15.400582524271844,67.5,True,48.00133495145631,Low,Lucknow,Control,0.0,No Incentive,0.35,0.38499999999999995,False,0,31,0.0
CUST02018,Routine_Commuter,104,33,0.3173076923076923,3156.53,30.35125,65.4,True,48.0010576923077,Low,Lucknow,Treatment,0.15,Off-Peak Incentive,0.35,0.38079999999999997,True,19,14,0.5757575757575758
CUST06465,Routine_Commuter,101,35,0.3465346534653465,1517.49,15.024653465346535,63.9,True,48.00013613861386,Low,Pune,Treatment,0.15,Off-Peak Incentive,0.35,0.37779999999999997,True,20,15,0.5714285714285714
CUST02227,Routine_Commuter,102,33,0.3235294117647059,1858.48,18.220392156862744,65.7,True,47.993676470588234,Low,Delhi NCR,Treatment,0.15,Off-Peak Incentive,0.35,0.38139999999999996,False,0,33,0.0
CUST04586,Routine_Commuter,87,39,0.4482758620689655,2364.1,27.173563218390804,60.5,True,47.98978448275862,Low,Pune,Control,0.0,No Incentive,0.35,0.371,False,0,39,0.0
CUST05487,Routine_Commuter,103,32,0.3106796116504854,2904.97,28.203592233009708,66.5,True,47.98968446601942,Low,Mumbai,Treatment,0.15,Off-Peak Incentive,0.35,0.383,True,19,13,0.59375
CUST06915,Routine_Commuter,102,34,0.3333333333333333,1771.87,17.37127450980392,64.7,True,47.98583333333334,Low,Pune,Treatment,0.15,Off-Peak Incentive,0.35,0.37939999999999996,True,19,15,0.5588235294117647
CUST01937,Convenience_First,98,36,0.3673469387755102,1383.88,14.12122448979592,63.1,True,47.972627551020416,Low,Pune,Treatment,0.15,Off-Peak Incentive,0.2,0.2262,False,0,36,0.0
CUST00507,Routine_Commuter,99,35,0.3535353535353535,1565.1,15.809090909090909,64.0,True,47.970164141414145,Low,Chandigarh,Treatment,0.15,Off-Peak Incentive,0.35,0.378,False,0,35,0.0
CUST06169,Convenience_First,100,38,0.38,1926.73,19.2673,60.9,True,47.96125000000001,Low,Hyderabad,Control,0.0,No Incentive,0.2,0.2218,False,0,38,0.0
CUST02335,Routine_Commuter,101,36,0.3564356435643564,2647.71,26.214950495049504,62.8,True,47.95617574257426,Low,Hyderabad,Treatment,0.15,Off-Peak Incentive,0.35,0.3756,False,0,36,0.0
CUST04227,Price_Sensitive,96,33,0.34375,2890.12,30.105416666666667,66.4,True,47.945,Low,Bengaluru,Treatment,0.15,Off-Peak Incentive,0.3,0.3328,False,0,33,0.0
CUST07602,Convenience_First,103,33,0.3203883495145631,2902.54,28.18,65.4,True,47.93803398058253,Low,Chandigarh,Control,0.0,No Incentive,0.2,0.23080000000000003,False,0,33,0.0
CUST07438,Price_Sensitive,96,30,0.3125,1647.98,17.166458333333335,69.5,True,47.934999999999995,Low,Delhi NCR,Treatment,0.15,Off-Peak Incentive,0.3,0.33899999999999997,True,18,12,0.6
CUST04106,Routine_Commuter,98,36,0.3673469387755102,2124.31,21.676632653061223,63.0,True,47.93262755102041,Low,Chandigarh,Treatment,0.15,Off-Peak Incentive,0.35,0.376,False,0,36,0.0
CUST05488,Price_Sensitive,104,35,0.3365384615384615,2521.24,24.242692307692305,63.3,True,47.93028846153846,Low,Delhi NCR,Treatment,0.15,Off-Peak Incentive,0.3,0.3266,False,0,35,0.0
CUST04193,Routine_Commuter,93,34,0.3655913978494624,1233.15,13.25967741935484,65.7,True,47.9299059139785,Low,Delhi NCR,Control,0.0,No Incentive,0.35,0.38139999999999996,False,0,34,0.0
CUST04637,Routine_Commuter,102,31,0.3039215686274509,2724.36,26.709411764705884,67.5,True,47.92936274509804,Low,Delhi NCR,Treatment,0.15,Off-Peak Incentive,0.35,0.38499999999999995,True,18,13,0.5806451612903226
CUST07088,Routine_Commuter,94,37,0.3936170212765957,2499.14,26.58659574468085,62.3,True,47.91218085106383,Low,Chennai,Control,0.0,No Incentive,0.35,0.3746,False,0,37,0.0
CUST04533,Price_Sensitive,99,30,0.303030303030303,1712.25,17.295454545454547,68.9,True,47.90996212121212,Low,Chandigarh,Control,0.0,No Incentive,0.3,0.3378,False,0,30,0.0
CUST06266,Convenience_First,101,38,0.3762376237623762,2964.74,29.353861386138615,60.7,True,47.90825495049505,Low,Hyderabad,Control,0.0,No Incentive,0.2,0.2214,False,0,38,0.0
CUST01190,Price_Sensitive,98,33,0.336734693877551,2117.73,21.609489795918368,66.0,True,47.90813775510204,Low,Chandigarh,Treatment,0.15,Off-Peak Incentive,0.3,0.33199999999999996,False,0,33,0.0
CUST00156,Price_Sensitive,97,35,0.3608247422680412,2857.98,29.463711340206185,64.1,True,47.90798969072165,Low,Pune,Control,0.0,No Incentive,0.3,0.3282,False,0,35,0.0
CUST04119,Price_Sensitive,96,33,0.34375,2417.81,25.18552083333333,66.3,True,47.904999999999994,Low,Pune,Treatment,0.15,Off-Peak Incentive,0.3,0.3326,True,19,14,0.5757575757575758
CUST07255,Convenience_First,96,35,0.3645833333333333,1744.15,18.168229166666663,64.2,True,47.89833333333333,Low,Delhi NCR,Treatment,0.15,Off-Peak Incentive,0.2,0.22840000000000002,False,0,35,0.0
CUST00303,Routine_Commuter,96,39,0.40625,3101.04,32.3025,60.0,True,47.885,Low,Ahmedabad,Control,0.0,No Incentive,0.35,0.37,False,0,39,0.0
CUST01783,Convenience_First,103,31,0.3009708737864077,2993.73,29.065339805825243,67.2,True,47.88133495145631,Low,Ahmedabad,Treatment,0.15,Off-Peak Incentive,0.2,0.23440000000000003,False,0,31,0.0
CUST01878,Price_Sensitive,103,31,0.3009708737864077,1358.41,13.188446601941749,67.2,True,47.88133495145631,Low,Jaipur,Treatment,0.15,Off-Peak Incentive,0.3,0.3344,False,0,31,0.0
CUST04838,Routine_Commuter,100,35,0.35,2181.4,21.814,63.7,True,47.88125000000001,Low,Chandigarh,Treatment,0.15,Off-Peak Incentive,0.35,0.37739999999999996,False,0,35,0.0
CUST06622,Routine_Commuter,98,34,0.3469387755102041,2747.55,28.03622448979592,64.9,True,47.87630102040817,Low,Delhi NCR,Treatment,0.15,Off-Peak Incentive,0.35,0.37979999999999997,False,0,34,0.0
CUST00815,Price_Sensitive,97,32,0.3298969072164948,1296.23,13.36319587628866,67.1,True,47.870876288659794,Low,Jaipur,Treatment,0.15,Off-Peak Incentive,0.3,0.3342,True,19,13,0.59375
CUST04804,Price_Sensitive,97,35,0.3608247422680412,2932.92,30.236288659793814,64.0,True,47.86798969072165,Low,Kolkata,Control,0.0,No Incentive,0.3,0.328,False,0,35,0.0
CUST05188,Routine_Commuter,105,32,0.3047619047619048,3415.59,32.529428571428575,65.8,True,47.86297619047619,Low,Lucknow,Control,0.0,No Incentive,0.35,0.3816,False,0,32,0.0
CUST02412,Convenience_First,96,35,0.3645833333333333,2891.73,30.1221875,64.1,True,47.85833333333333,Low,Kolkata,Treatment,0.15,Off-Peak Incentive,0.2,0.22820000000000001,False,0,35,0.0
CUST02959,Convenience_First,101,32,0.3168316831683168,1542.39,15.271188118811882,66.5,True,47.85201732673267,Low,Ahmedabad,Control,0.0,No Incentive,0.2,0.233,False,0,32,0.0
CUST05087,Routine_Commuter,103,34,0.3300970873786408,2430.88,23.60077669902913,64.2,True,47.84638349514564,Low,Pune,Treatment,0.15,Off-Peak Incentive,0.35,0.37839999999999996,False,0,34,0.0
CUST07273,Routine_Commuter,105,33,0.3142857142857143,2644.31,25.18390476190476,64.8,True,47.84392857142857,Low,Ahmedabad,Treatment,0.15,Off-Peak Incentive,0.35,0.3796,True,19,14,0.5757575757575758
CUST05317,Routine_Commuter,97,33,0.3402061855670103,2698.6,27.82061855670103,66.0,True,47.84324742268041,Low,Delhi NCR,Treatment,0.15,Off-Peak Incentive,0.35,0.382,False,0,33,0.0
CUST00052,Convenience_First,103,32,0.3106796116504854,2716.44,26.373203883495147,66.1,True,47.829684466019415,Low,Bengaluru,Treatment,0.15,Off-Peak Incentive,0.2,0.23220000000000002,False,0,32,0.0
CUST00243,Routine_Commuter,98,37,0.3775510204081632,2272.56,23.18938775510204,61.7,True,47.82079081632653,Low,Mumbai,Treatment,0.15,Off-Peak Incentive,0.35,0.3734,False,0,37,0.0
CUST00119,Price_Sensitive,98,32,0.3265306122448979,2440.01,24.8980612244898,66.8,True,47.81997448979592,Low,Pune,Treatment,0.15,Off-Peak Incentive,0.3,0.3336,False,0,32,0.0
CUST07539,Routine_Commuter,99,37,0.3737373737373737,1795.03,18.13161616161616,61.6,True,47.818244949494954,Low,Lucknow,Treatment,0.15,Off-Peak Incentive,0.35,0.3732,False,0,37,0.0
CUST07552,Price_Sensitive,98,31,0.3163265306122449,2267.36,23.136326530612248,67.8,True,47.811811224489794,Low,Pune,Control,0.0,No Incentive,0.3,0.3356,False,0,31,0.0
CUST04344,Price_Sensitive,101,33,0.3267326732673267,1945.22,19.25960396039604,65.4,True,47.80805693069307,Low,Ahmedabad,Treatment,0.15,Off-Peak Incentive,0.3,0.3308,False,0,33,0.0
CUST07212,Routine_Commuter,106,32,0.3018867924528302,1952.48,18.41962264150943,65.4,True,47.80297169811322,Low,Kochi,Treatment,0.15,Off-Peak Incentive,0.35,0.38079999999999997,True,18,14,0.5625
CUST04694,Price_Sensitive,98,34,0.3469387755102041,2232.66,22.78224489795918,64.7,True,47.796301020408166,Low,Chennai,Treatment,0.15,Off-Peak Incentive,0.3,0.32939999999999997,False,0,34,0.0
CUST02573,Convenience_First,95,32,0.3368421052631579,3424.65,36.048947368421054,67.2,True,47.79618421052632,Low,Pune,Control,0.0,No Incentive,0.2,0.23440000000000003,False,0,32,0.0
CUST07751,Routine_Commuter,92,37,0.4021739130434782,2946.39,32.025978260869564,62.2,True,47.78320652173914,Low,Kochi,Treatment,0.15,Off-Peak Incentive,0.35,0.37439999999999996,True,21,16,0.5675675675675675
CUST00944,Convenience_First,95,37,0.3894736842105263,1965.34,20.68778947368421,61.9,True,47.781447368421055,Low,Jaipur,Control,0.0,No Incentive,0.2,0.2238,False,0,37,0.0
CUST03448,Routine_Commuter,99,37,0.3737373737373737,3143.9,31.75656565656566,61.5,True,47.77824494949495,Low,Chandigarh,Treatment,0.15,Off-Peak Incentive,0.35,0.373,True,21,16,0.5675675675675675
CUST00709,Routine_Commuter,104,32,0.3076923076923077,1845.59,17.74605769230769,65.8,True,47.77644230769231,Low,Ahmedabad,Treatment,0.15,Off-Peak Incentive,0.35,0.3816,True,19,13,0.59375
CUST04823,Price_Sensitive,101,31,0.3069306930693069,1520.68,15.056237623762376,67.3,True,47.77597772277228,Low,Mumbai,Control,0.0,No Incentive,0.3,0.3346,False,0,31,0.0
CUST05294,Routine_Commuter,101,32,0.3168316831683168,1398.82,13.84970297029703,66.3,True,47.77201732673267,Low,Chennai,Treatment,0.15,Off-Peak Incentive,0.35,0.3826,False,0,32,0.0
CUST00438,Convenience_First,99,35,0.3535353535353535,2188.16,22.102626262626263,63.5,True,47.77016414141414,Low,Hyderabad,Treatment,0.15,Off-Peak Incentive,0.2,0.227,False,0,35,0.0
CUST02500,Convenience_First,99,35,0.3535353535353535,2314.93,23.38313131313131,63.5,True,47.77016414141414,Low,Chandigarh,Treatment,0.15,Off-Peak Incentive,0.2,0.227,True,20,15,0.5714285714285714
CUST05669,Price_Sensitive,101,33,0.3267326732673267,3156.01,31.24762376237624,65.3,True,47.76805693069307,Low,Mumbai,Control,0.0,No Incentive,0.3,0.3306,False,0,33,0.0
CUST06629,Routine_Commuter,98,35,0.3571428571428571,2584.28,26.370204081632657,63.6,True,47.76446428571429,Low,Delhi NCR,Control,0.0,No Incentive,0.35,0.3772,False,0,35,0.0
CUST01346,Price_Sensitive,98,30,0.3061224489795918,1729.07,17.643571428571427,68.7,True,47.76364795918368,Low,Delhi NCR,Control,0.0,No Incentive,0.3,0.3374,False,0,30,0.0
CUST07388,Routine_Commuter,106,32,0.3018867924528302,2820.18,26.60547169811321,65.3,True,47.76297169811321,Low,Mumbai,Control,0.0,No Incentive,0.35,0.3806,False,0,32,0.0
CUST07521,Price_Sensitive,100,32,0.32,2651.73,26.5173,66.4,True,47.76125,Low,Jaipur,Treatment,0.15,Off-Peak Incentive,0.3,0.3328,True,19,13,0.59375
CUST04455,Routine_Commuter,93,36,0.3870967741935484,1784.65,19.18978494623656,63.1,True,47.750120967741935,Low,Mumbai,Control,0.0,No Incentive,0.35,0.3762,False,0,36,0.0
CUST03719,Price_Sensitive,94,33,0.351063829787234,1863.72,19.826808510638298,66.1,True,47.73005319148936,Low,Bengaluru,Treatment,0.15,Off-Peak Incentive,0.3,0.3322,True,19,14,0.5757575757575758
CUST07500,Price_Sensitive,103,34,0.3300970873786408,1897.32,18.420582524271843,63.9,True,47.72638349514563,Low,Hyderabad,Control,0.0,No Incentive,0.3,0.3278,False,0,34,0.0
CUST05123,Routine_Commuter,99,34,0.3434343434343434,2795.23,28.234646464646463,64.4,True,47.72612373737374,Low,Delhi NCR,Treatment,0.15,Off-Peak Incentive,0.35,0.37879999999999997,True,19,15,0.5588235294117647
CUST00385,Routine_Commuter,89,33,0.3707865168539326,2228.0,25.03370786516854,66.6,True,47.723960674157304,Low,Bengaluru,Treatment,0.15,Off-Peak Incentive,0.35,0.3832,False,0,33,0.0
CUST02179,Routine_Commuter,102,32,0.3137254901960784,1484.97,14.558529411764706,66.0,True,47.72151960784314,Low,Delhi NCR,Control,0.0,No Incentive,0.35,0.382,False,0,32,0.0
CUST06203,Price_Sensitive,103,35,0.3398058252427184,2694.42,26.159417475728155,62.9,True,47.71473300970873,Low,Delhi NCR,Treatment,0.15,Off-Peak Incentive,0.3,0.3258,True,20,15,0.5714285714285714
CUST04001,Routine_Commuter,93,36,0.3870967741935484,2528.15,27.184408602150537,63.0,True,47.71012096774194,Low,Hyderabad,Control,0.0,No Incentive,0.35,0.376,False,0,36,0.0
CUST03751,Convenience_First,105,32,0.3047619047619048,3433.13,32.69647619047619,65.4,True,47.70297619047619,Low,Kolkata,Treatment,0.15,Off-Peak Incentive,0.2,0.23080000000000003,False,0,32,0.0
CUST06435,Routine_Commuter,91,35,0.3846153846153846,3045.74,33.46967032967033,64.2,True,47.70211538461539,Low,Ahmedabad,Control,0.0,No Incentive,0.35,0.37839999999999996,False,0,35,0.0
CUST05369,Routine_Commuter,98,32,0.3265306122448979,1701.06,17.357755102040816,66.5,True,47.69997448979592,Low,Bengaluru,Control,0.0,No Incentive,0.35,0.383,False,0,32,0.0
CUST04554,Routine_Commuter,95,33,0.3473684210526316,2650.98,27.905052631578947,65.9,True,47.69723684210527,Low,Ahmedabad,Treatment,0.15,Off-Peak Incentive,0.35,0.3818,False,0,33,0.0
CUST02498,Convenience_First,99,35,0.3535353535353535,3186.84,32.190303030303035,63.3,True,47.690164141414144,Low,Chennai,Control,0.0,No Incentive,0.2,0.22660000000000002,False,0,35,0.0
CUST03546,Convenience_First,99,34,0.3434343434343434,1384.34,13.983232323232322,64.3,True,47.686123737373734,Low,Kolkata,Control,0.0,No Incentive,0.2,0.2286,False,0,34,0.0
CUST00104,Routine_Commuter,102,32,0.3137254901960784,3633.3,35.62058823529412,65.9,True,47.68151960784314,Low,Lucknow,Control,0.0,No Incentive,0.35,0.3818,False,0,32,0.0
CUST06311,Routine_Commuter,102,32,0.3137254901960784,1915.92,18.783529411764707,65.9,True,47.68151960784314,Low,Bengaluru,Treatment,0.15,Off-Peak Incentive,0.35,0.3818,False,0,32,0.0
CUST02224,Price_Sensitive,102,32,0.3137254901960784,2897.19,28.403823529411767,65.9,True,47.68151960784314,Low,Kolkata,Control,0.0,No Incentive,0.3,0.3318,False,0,32,0.0
CUST01474,Convenience_First,102,33,0.3235294117647059,1577.99,15.470490196078432,64.9,True,47.67367647058824,Low,Mumbai,Control,0.0,No Incentive,0.2,0.22980000000000003,False,0,33,0.0
CUST01720,Routine_Commuter,107,35,0.3271028037383177,3153.23,29.46943925233645,62.1,True,47.67286214953271,Low,Chandigarh,Treatment,0.15,Off-Peak Incentive,0.35,0.3742,True,20,15,0.5714285714285714
CUST03281,Routine_Commuter,97,32,0.3298969072164948,1648.53,16.995154639175258,66.6,True,47.67087628865979,Low,Kochi,Treatment,0.15,Off-Peak Incentive,0.35,0.3832,True,19,13,0.59375
CUST05432,Price_Sensitive,93,36,0.3870967741935484,2570.07,27.635161290322586,62.9,True,47.67012096774194,Low,Chandigarh,Treatment,0.15,Off-Peak Incentive,0.3,0.3258,True,20,16,0.5555555555555556
CUST01201,Routine_Commuter,93,36,0.3870967741935484,2132.18,22.926666666666662,62.9,True,47.67012096774194,Low,Bengaluru,Control,0.0,No Incentive,0.35,0.37579999999999997,False,0,36,0.0
CUST01036,Convenience_First,93,36,0.3870967741935484,2598.44,27.94021505376344,62.9,True,47.67012096774194,Low,Jaipur,Treatment,0.15,Off-Peak Incentive,0.2,0.2258,False,0,36,0.0
CUST01235,Price_Sensitive,102,34,0.3333333333333333,1723.79,16.899901960784312,63.9,True,47.66583333333333,Low,Delhi NCR,Control,0.0,No Incentive,0.3,0.3278,False,0,34,0.0
CUST00158,Convenience_First,102,35,0.3431372549019608,3098.95,30.381862745098037,62.9,True,47.65799019607844,Low,Pune,Control,0.0,No Incentive,0.2,0.2258,False,0,35,0.0
CUST02951,Price_Sensitive,100,33,0.33,1493.12,14.9312,65.1,True,47.64125,Low,Lucknow,Treatment,0.15,Off-Peak Incentive,0.3,0.3302,True,19,14,0.5757575757575758
CUST03764,Routine_Commuter,99,31,0.3131313131313131,3412.9,34.47373737373737,67.2,True,47.63400252525253,Low,Bengaluru,Treatment,0.15,Off-Peak Incentive,0.35,0.38439999999999996,True,18,13,0.5806451612903226
CUST05467,Routine_Commuter,98,33,0.336734693877551,1931.26,19.70673469387755,65.3,True,47.62813775510204,Low,Bengaluru,Control,0.0,No Incentive,0.35,0.3806,False,0,33,0.0
CUST02893,Routine_Commuter,97,35,0.3608247422680412,3257.08,33.57814432989691,63.4,True,47.62798969072165,Low,Pune,Treatment,0.15,Off-Peak Incentive,0.35,0.37679999999999997,False,0,35,0.0
CUST07616,Routine_Commuter,104,32,0.3076923076923077,2682.66,25.794807692307693,65.4,True,47.61644230769231,Low,Delhi NCR,Control,0.0,No Incentive,0.35,0.38079999999999997,False,0,32,0.0
CUST06353,Convenience_First,101,31,0.3069306930693069,2958.21,29.28920792079208,66.9,True,47.615977722772286,Low,Kolkata,Control,0.0,No Incentive,0.2,0.23380000000000004,False,0,31,0.0
CUST04848,Price_Sensitive,97,37,0.3814432989690721,1579.3,16.281443298969073,61.3,True,47.612731958762886,Low,Kochi,Control,0.0,No Incentive,0.3,0.3226,False,0,37,0.0
CUST00906,Convenience_First,98,36,0.3673469387755102,3682.05,37.571938775510205,62.2,True,47.61262755102042,Low,Lucknow,Treatment,0.15,Off-Peak Incentive,0.2,0.22440000000000002,True,20,16,0.5555555555555556
CUST02232,Price_Sensitive,101,32,0.3168316831683168,2429.81,24.05752475247525,65.9,True,47.61201732673267,Low,Pune,Control,0.0,No Incentive,0.3,0.3318,False,0,32,0.0
CUST05575,Convenience_First,96,37,0.3854166666666667,1738.29,18.1071875,61.4,True,47.61166666666667,Low,Chandigarh,Control,0.0,No Incentive,0.2,0.2228,False,0,37,0.0
CUST04825,Routine_Commuter,94,36,0.3829787234042553,2028.48,21.579574468085102,62.6,True,47.60664893617022,Low,Bengaluru,Treatment,0.15,Off-Peak Incentive,0.35,0.3752,True,20,16,0.5555555555555556
CUST03366,Routine_Commuter,103,34,0.3300970873786408,2704.49,26.257184466019417,63.6,True,47.60638349514563,Low,Pune,Control,0.0,No Incentive,0.35,0.3772,False,0,34,0.0
CUST00127,Convenience_First,98,35,0.3571428571428571,1999.51,20.403163265306123,63.2,True,47.604464285714286,Low,Bengaluru,Control,0.0,No Incentive,0.2,0.22640000000000002,False,0,35,0.0
CUST05443,Convenience_First,100,35,0.35,1803.66,18.0366,63.0,True,47.60125000000001,Low,Mumbai,Control,0.0,No Incentive,0.2,0.226,False,0,35,0.0
CUST02328,Price_Sensitive,97,36,0.3711340206185567,1800.33,18.560103092783503,62.3,True,47.600360824742275,Low,Pune,Treatment,0.15,Off-Peak Incentive,0.3,0.3246,True,20,16,0.5555555555555556
CUST06784,Price_Sensitive,102,34,0.3333333333333333,1966.86,19.282941176470587,63.7,True,47.58583333333333,Low,Delhi NCR,Treatment,0.15,Off-Peak Incentive,0.3,0.3274,False,0,34,0.0
CUST00556,Routine_Commuter,103,33,0.3203883495145631,2301.78,22.3473786407767,64.5,True,47.578033980582525,Low,Chennai,Treatment,0.15,Off-Peak Incentive,0.35,0.379,False,0,33,0.0
CUST03916,Routine_Commuter,98,34,0.3469387755102041,1632.28,16.65591836734694,64.1,True,47.55630102040816,Low,Mumbai,Treatment,0.15,Off-Peak Incentive,0.35,0.3782,False,0,34,0.0
CUST04474,Convenience_First,98,33,0.336734693877551,2345.03,23.92887755102041,65.1,True,47.54813775510204,Low,Pune,Treatment,0.15,Off-Peak Incentive,0.2,0.23020000000000002,False,0,33,0.0
CUST00991,Routine_Commuter,97,35,0.3608247422680412,2395.14,24.692164948453605,63.2,True,47.54798969072165,Low,Kolkata,Control,0.0,No Incentive,0.35,0.37639999999999996,False,0,35,0.0
CUST06829,Price_Sensitive,102,31,0.3039215686274509,1329.14,13.03078431372549,66.5,True,47.52936274509804,Low,Ahmedabad,Treatment,0.15,Off-Peak Incentive,0.3,0.33299999999999996,True,18,13,0.5806451612903226
CUST03189,Routine_Commuter,97,33,0.3402061855670103,2011.13,20.73329896907217,65.2,True,47.52324742268042,Low,Hyderabad,Control,0.0,No Incentive,0.35,0.38039999999999996,False,0,33,0.0
CUST03148,Routine_Commuter,102,32,0.3137254901960784,2574.71,25.242254901960784,65.5,True,47.52151960784314,Low,Kolkata,Treatment,0.15,Off-Peak Incentive,0.35,0.381,False,0,32,0.0
CUST00333,Convenience_First,100,32,0.32,1291.07,12.9107,65.8,True,47.52125000000001,Low,Chennai,Treatment,0.15,Off-Peak Incentive,0.2,0.2316,False,0,32,0.0
CUST07612,Convenience_First,104,33,0.3173076923076923,1483.27,14.26221153846154,64.2,True,47.5210576923077,Low,Hyderabad,Treatment,0.15,Off-Peak Incentive,0.2,0.22840000000000002,False,0,33,0.0
CUST02713,Convenience_First,93,35,0.3763440860215054,2941.26,31.626451612903224,63.6,True,47.520013440860225,Low,Ahmedabad,Treatment,0.15,Off-Peak Incentive,0.2,0.2272,False,0,35,0.0
CUST05094,Price_Sensitive,94,34,0.3617021276595745,1840.68,19.581702127659575,64.5,True,47.515585106382986,Low,Chennai,Control,0.0,No Incentive,0.3,0.32899999999999996,False,0,34,0.0
CUST07079,Routine_Commuter,99,30,0.303030303030303,2460.29,24.851414141414143,67.9,True,47.509962121212126,Low,Delhi NCR,Control,0.0,No Incentive,0.35,0.3858,False,0,30,0.0
CUST03354,Price_Sensitive,97,34,0.3505154639175257,1934.65,19.944845360824743,64.1,True,47.495618556701025,Low,Delhi NCR,Control,0.0,No Incentive,0.3,0.3282,False,0,34,0.0
CUST05050,Routine_Commuter,101,34,0.3366336633663366,2964.4,29.35049504950495,63.6,True,47.48409653465346,Low,Kochi,Treatment,0.15,Off-Peak Incentive,0.35,0.3772,True,19,15,0.5588235294117647
CUST07855,Price_Sensitive,101,34,0.3366336633663366,2208.46,21.865940594059406,63.6,True,47.48409653465346,Low,Lucknow,Control,0.0,No Incentive,0.3,0.3272,False,0,34,0.0
CUST04211,Routine_Commuter,99,32,0.3232323232323232,1595.16,16.112727272727273,65.8,True,47.478042929292926,Low,Bengaluru,Treatment,0.15,Off-Peak Incentive,0.35,0.3816,True,19,13,0.59375
CUST04019,Convenience_First,97,31,0.3195876288659793,3123.53,32.20134020618557,67.1,True,47.45850515463918,Low,Hyderabad,Control,0.0,No Incentive,0.2,0.2342,False,0,31,0.0
CUST07666,Convenience_First,95,31,0.3263157894736842,3353.69,35.302,67.4,True,47.45513157894738,Low,Jaipur,Control,0.0,No Incentive,0.2,0.2348,False,0,31,0.0
CUST05894,Routine_Commuter,99,35,0.3535353535353535,1788.43,18.064949494949495,62.7,True,47.45016414141415,Low,Bengaluru,Treatment,0.15,Off-Peak Incentive,0.35,0.37539999999999996,False,0,35,0.0
CUST06269,Routine_Commuter,102,31,0.3039215686274509,2682.77,26.301666666666662,66.3,True,47.449362745098036,Low,Bengaluru,Treatment,0.15,Off-Peak Incentive,0.35,0.3826,True,18,13,0.5806451612903226
CUST03507,Routine_Commuter,99,30,0.303030303030303,3334.32,33.68,67.7,True,47.42996212121213,Low,Mumbai,Treatment,0.15,Off-Peak Incentive,0.35,0.38539999999999996,False,0,30,0.0
CUST01254,Routine_Commuter,99,30,0.303030303030303,2158.74,21.80545454545455,67.7,True,47.42996212121213,Low,Hyderabad,Treatment,0.15,Off-Peak Incentive,0.35,0.38539999999999996,True,18,12,0.6
CUST04668,Convenience_First,98,33,0.336734693877551,2090.73,21.333979591836737,64.8,True,47.42813775510204,Low,Bengaluru,Control,0.0,No Incentive,0.2,0.2296,False,0,33,0.0
CUST05802,Price_Sensitive,98,32,0.3265306122448979,2089.88,21.325306122448985,65.8,True,47.41997448979592,Low,Ahmedabad,Control,0.0,No Incentive,0.3,0.3316,False,0,32,0.0
CUST01658,Routine_Commuter,96,35,0.3645833333333333,2659.86,27.706875,63.0,True,47.41833333333333,Low,Jaipur,Control,0.0,No Incentive,0.35,0.376,False,0,35,0.0
CUST00616,Routine_Commuter,97,37,0.3814432989690721,2533.26,26.116082474226808,60.8,True,47.41273195876288,Low,Kolkata,Treatment,0.15,Off-Peak Incentive,0.35,0.3716,True,20,17,0.5405405405405406
CUST05245,Routine_Commuter,102,31,0.3039215686274509,2089.19,20.482254901960783,66.2,True,47.40936274509804,Low,Kochi,Control,0.0,No Incentive,0.35,0.38239999999999996,False,0,31,0.0
CUST03054,Convenience_First,94,36,0.3829787234042553,2398.03,25.51095744680851,62.1,True,47.40664893617022,Low,Kolkata,Treatment,0.15,Off-Peak Incentive,0.2,0.2242,False,0,36,0.0
CUST00172,Convenience_First,90,37,0.4111111111111111,1825.16,20.279555555555557,61.3,True,47.40444444444444,Low,Jaipur,Control,0.0,No Incentive,0.2,0.22260000000000002,False,0,37,0.0
CUST00570,Price_Sensitive,103,31,0.3009708737864077,3311.11,32.14669902912622,66.0,True,47.40133495145631,Low,Bengaluru,Treatment,0.15,Off-Peak Incentive,0.3,0.33199999999999996,False,0,31,0.0
CUST06892,Price_Sensitive,100,31,0.31,1728.94,17.2894,66.5,True,47.401250000000005,Low,Kolkata,Treatment,0.15,Off-Peak Incentive,0.3,0.33299999999999996,False,0,31,0.0
CUST07012,Routine_Commuter,100,31,0.31,2243.72,22.437199999999997,66.5,True,47.401250000000005,Low,Ahmedabad,Control,0.0,No Incentive,0.35,0.383,False,0,31,0.0
CUST00560,Price_Sensitive,100,33,0.33,2420.41,24.204099999999997,64.5,True,47.401250000000005,Low,Hyderabad,Treatment,0.15,Off-Peak Incentive,0.3,0.32899999999999996,False,0,33,0.0
CUST04026,Convenience_First,100,32,0.32,2000.37,20.0037,65.5,True,47.401250000000005,Low,Delhi NCR,Treatment,0.15,Off-Peak Incentive,0.2,0.231,False,0,32,0.0
CUST04957,Routine_Commuter,97,36,0.3711340206185567,3129.36,32.26144329896908,61.8,True,47.40036082474227,Low,Kolkata,Control,0.0,No Incentive,0.35,0.3736,False,0,36,0.0
CUST04832,Routine_Commuter,99,32,0.3232323232323232,2158.68,21.804848484848485,65.6,True,47.39804292929293,Low,Mumbai,Treatment,0.15,Off-Peak Incentive,0.35,0.3812,False,0,32,0.0
CUST07119,Routine_Commuter,96,33,0.34375,1974.97,20.572604166666668,65.0,True,47.385,Low,Jaipur,Control,0.0,No Incentive,0.35,0.38,False,0,33,0.0
CUST03129,Convenience_First,95,37,0.3894736842105263,2315.38,24.37242105263158,60.9,True,47.38144736842106,Low,Mumbai,Control,0.0,No Incentive,0.2,0.2218,False,0,37,0.0
CUST00372,Convenience_First,99,35,0.3535353535353535,3203.29,32.356464646464644,62.5,True,47.370164141414136,Low,Pune,Control,0.0,No Incentive,0.2,0.225,False,0,35,0.0
CUST01593,Convenience_First,102,31,0.3039215686274509,2705.0,26.519607843137255,66.1,True,47.36936274509804,Low,Hyderabad,Control,0.0,No Incentive,0.2,0.23220000000000002,False,0,31,0.0
CUST04013,Price_Sensitive,96,32,0.3333333333333333,2141.44,22.30666666666667,66.0,True,47.36833333333333,Low,Pune,Control,0.0,No Incentive,0.3,0.33199999999999996,False,0,32,0.0
CUST02523,Convenience_First,101,34,0.3366336633663366,2774.51,27.47039603960396,63.3,True,47.36409653465346,Low,Bengaluru,Control,0.0,No Incentive,0.2,0.22660000000000002,False,0,34,0.0
CUST02512,Convenience_First,99,33,0.3333333333333333,2417.49,24.419090909090908,64.5,True,47.36208333333333,Low,Hyderabad,Control,0.0,No Incentive,0.2,0.229,False,0,33,0.0
CUST04376,Routine_Commuter,102,32,0.3137254901960784,2507.2,24.580392156862743,65.1,True,47.361519607843135,Low,Lucknow,Control,0.0,No Incentive,0.35,0.3802,False,0,32,0.0
CUST00461,Convenience_First,100,33,0.33,2224.25,22.2425,64.4,True,47.36125000000001,Low,Mumbai,Treatment,0.15,Off-Peak Incentive,0.2,0.22880000000000003,False,0,33,0.0
CUST00263,Routine_Commuter,93,35,0.3763440860215054,2278.77,24.502903225806453,63.2,True,47.360013440860214,Low,Pune,Treatment,0.15,Off-Peak Incentive,0.35,0.37639999999999996,False,0,35,0.0
CUST02615,Convenience_First,95,32,0.3368421052631579,2172.6,22.86947368421053,66.1,True,47.356184210526315,Low,Jaipur,Control,0.0,No Incentive,0.2,0.23220000000000002,False,0,32,0.0
CUST01258,Convenience_First,90,35,0.3888888888888889,2195.94,24.399333333333335,63.4,True,47.355555555555554,Low,Mumbai,Treatment,0.15,Off-Peak Incentive,0.2,0.2268,False,0,35,0.0
CUST00295,Routine_Commuter,103,33,0.3203883495145631,3299.37,32.03271844660194,63.9,True,47.33803398058252,Low,Bengaluru,Treatment,0.15,Off-Peak Incentive,0.35,0.37779999999999997,True,19,14,0.5757575757575758
CUST01425,Convenience_First,95,31,0.3263157894736842,2498.45,26.299473684210525,67.1,True,47.335131578947376,Low,Bengaluru,Treatment,0.15,Off-Peak Incentive,0.2,0.2342,False,0,31,0.0
CUST05434,Price_Sensitive,102,31,0.3039215686274509,1048.38,10.278235294117648,66.0,True,47.32936274509804,Low,Mumbai,Control,0.0,No Incentive,0.3,0.33199999999999996,False,0,31,0.0
CUST07771,Routine_Commuter,97,30,0.3092783505154639,2458.95,25.35,67.8,True,47.32613402061856,Low,Jaipur,Treatment,0.15,Off-Peak Incentive,0.35,0.38559999999999994,False,0,30,0.0
CUST05605,Convenience_First,99,33,0.3333333333333333,2583.81,26.099090909090908,64.4,True,47.32208333333334,Low,Delhi NCR,Control,0.0,No Incentive,0.2,0.22880000000000003,False,0,33,0.0
CUST00309,Routine_Commuter,100,32,0.32,2498.75,24.9875,65.3,True,47.321250000000006,Low,Kolkata,Control,0.0,No Incentive,0.35,0.3806,False,0,32,0.0
CUST06000,Routine_Commuter,90,35,0.3888888888888889,1951.4,21.682222222222222,63.3,True,47.31555555555556,Low,Lucknow,Control,0.0,No Incentive,0.35,0.3766,False,0,35,0.0
CUST05218,Routine_Commuter,99,31,0.3131313131313131,1611.53,16.27808080808081,66.4,True,47.31400252525253,Low,Kolkata,Treatment,0.15,Off-Peak Incentive,0.35,0.3828,False,0,31,0.0
CUST06549,Price_Sensitive,102,33,0.3235294117647059,2775.79,27.213627450980393,64.0,True,47.31367647058824,Low,Ahmedabad,Control,0.0,No Incentive,0.3,0.328,False,0,33,0.0
CUST02525,Price_Sensitive,97,32,0.3298969072164948,1586.86,16.359381443298968,65.7,True,47.31087628865979,Low,Delhi NCR,Control,0.0,No Incentive,0.3,0.3314,False,0,32,0.0
CUST04313,Convenience_First,99,30,0.303030303030303,2154.82,21.765858585858588,67.4,True,47.30996212121212,Low,Delhi NCR,Treatment,0.15,Off-Peak Incentive,0.2,0.2348,False,0,30,0.0
CUST04489,Price_Sensitive,97,31,0.3195876288659793,2003.16,20.651134020618557,66.7,True,47.29850515463918,Low,Delhi NCR,Control,0.0,No Incentive,0.3,0.3334,False,0,31,0.0
CUST04142,Routine_Commuter,97,31,0.3195876288659793,2480.01,25.567113402061857,66.7,True,47.29850515463918,Low,Jaipur,Treatment,0.15,Off-Peak Incentive,0.35,0.38339999999999996,False,0,31,0.0
CUST03342,Price_Sensitive,102,35,0.3431372549019608,1944.61,19.06480392156863,62.0,True,47.29799019607844,Low,Lucknow,Control,0.0,No Incentive,0.3,0.324,False,0,35,0.0
CUST05936,Price_Sensitive,95,33,0.3473684210526316,2018.17,21.243894736842105,64.9,True,47.29723684210527,Low,Chandigarh,Treatment,0.15,Off-Peak Incentive,0.3,0.3298,False,0,33,0.0
CUST00901,Price_Sensitive,95,31,0.3263157894736842,3491.1,36.74842105263158,67.0,True,47.29513157894737,Low,Bengaluru,Control,0.0,No Incentive,0.3,0.33399999999999996,False,0,31,0.0
CUST01432,Convenience_First,89,34,0.3820224719101123,2552.42,28.678876404494385,64.4,True,47.293398876404495,Low,Pune,Control,0.0,No Incentive,0.2,0.22880000000000003,False,0,34,0.0
CUST06127,Convenience_First,93,34,0.3655913978494624,2564.11,27.571075268817207,64.1,True,47.2899059139785,Low,Kochi,Treatment,0.15,Off-Peak Incentive,0.2,0.22820000000000001,False,0,34,0.0
CUST06904,Convenience_First,101,33,0.3267326732673267,2116.34,20.953861386138616,64.1,True,47.28805693069307,Low,Kolkata,Control,0.0,No Incentive,0.2,0.22820000000000001,False,0,33,0.0
CUST02124,Price_Sensitive,96,34,0.3541666666666667,1704.27,17.7528125,63.7,True,47.28166666666667,Low,Delhi NCR,Treatment,0.15,Off-Peak Incentive,0.3,0.3274,False,0,34,0.0
CUST02379,Convenience_First,100,30,0.3,2780.85,27.8085,67.2,True,47.28125,Low,Lucknow,Control,0.0,No Incentive,0.2,0.23440000000000003,False,0,30,0.0
CUST02681,Price_Sensitive,100,30,0.3,2720.96,27.2096,67.2,True,47.28125,Low,Bengaluru,Control,0.0,No Incentive,0.3,0.3344,False,0,30,0.0
CUST06810,Routine_Commuter,96,35,0.3645833333333333,2379.98,24.791458333333335,62.6,True,47.25833333333333,Low,Bengaluru,Treatment,0.15,Off-Peak Incentive,0.35,0.3752,True,20,15,0.5714285714285714
CUST01061,Routine_Commuter,104,32,0.3076923076923077,3930.97,37.79778846153846,64.5,True,47.25644230769231,Low,Ahmedabad,Treatment,0.15,Off-Peak Incentive,0.35,0.379,True,18,14,0.5625
CUST06734,Price_Sensitive,94,33,0.351063829787234,2662.92,28.328936170212767,64.9,True,47.25005319148937,Low,Chennai,Control,0.0,No Incentive,0.3,0.3298,False,0,33,0.0
CUST06600,Routine_Commuter,100,30,0.3,1557.93,15.5793,67.1,True,47.24125000000001,Low,Bengaluru,Treatment,0.15,Off-Peak Incentive,0.35,0.3842,False,0,30,0.0
CUST04450,Price_Sensitive,95,34,0.3578947368421052,1868.21,19.665368421052634,63.7,True,47.23828947368421,Low,Delhi NCR,Control,0.0,No Incentive,0.3,0.3274,False,0,34,0.0
CUST05571,Price_Sensitive,97,35,0.3608247422680412,2066.31,21.30216494845361,62.4,True,47.22798969072165,Low,Chandigarh,Control,0.0,No Incentive,0.3,0.3248,False,0,35,0.0
CUST03297,Convenience_First,96,33,0.34375,3340.68,34.79875,64.6,True,47.225,Low,Bengaluru,Control,0.0,No Incentive,0.2,0.22920000000000001,False,0,33,0.0
CUST07250,Convenience_First,101,31,0.3069306930693069,2523.67,24.98683168316832,65.9,True,47.21597772277228,Low,Hyderabad,Treatment,0.15,Off-Peak Incentive,0.2,0.23180000000000003,True,18,13,0.5806451612903226
CUST01319,Routine_Commuter,100,32,0.32,2547.02,25.4702,65.0,True,47.20125,Low,Kolkata,Control,0.0,No Incentive,0.35,0.38,False,0,32,0.0
CUST03418,Convenience_First,94,37,0.3936170212765957,2362.19,25.12968085106383,60.5,True,47.19218085106383,Low,Jaipur,Control,0.0,No Incentive,0.2,0.221,False,0,37,0.0
CUST04006,Routine_Commuter,97,31,0.3195876288659793,1584.37,16.333711340206186,66.4,True,47.178505154639176,Low,Ahmedabad,Treatment,0.15,Off-Peak Incentive,0.35,0.3828,False,0,31,0.0
CUST00198,Routine_Commuter,103,31,0.3009708737864077,1300.06,12.621941747572816,65.4,True,47.16133495145631,Low,Hyderabad,Treatment,0.15,Off-Peak Incentive,0.35,0.38079999999999997,False,0,31,0.0
CUST01321,Convenience_First,100,31,0.31,2153.05,21.530500000000004,65.9,True,47.16125000000001,Low,Pune,Treatment,0.15,Off-Peak Incentive,0.2,0.23180000000000003,False,0,31,0.0
CUST03756,Convenience_First,95,34,0.3578947368421052,1261.48,13.278736842105264,63.5,True,47.15828947368421,Low,Pune,Treatment,0.15,Off-Peak Incentive,0.2,0.227,True,19,15,0.5588235294117647
CUST03440,Price_Sensitive,95,30,0.3157894736842105,1960.71,20.63905263157895,67.7,True,47.154078947368426,Low,Jaipur,Control,0.0,No Incentive,0.3,0.3354,False,0,30,0.0
CUST03844,Convenience_First,93,36,0.3870967741935484,2384.55,25.64032258064516,61.6,True,47.15012096774194,Low,Kochi,Treatment,0.15,Off-Peak Incentive,0.2,0.2232,False,0,36,0.0
CUST02694,Price_Sensitive,95,31,0.3263157894736842,2159.31,22.72957894736842,66.6,True,47.13513157894737,Low,Hyderabad,Control,0.0,No Incentive,0.3,0.3332,False,0,31,0.0
CUST02191,Price_Sensitive,95,29,0.3052631578947368,1702.43,17.920315789473683,68.7,True,47.13302631578948,Low,Chennai,Treatment,0.15,Off-Peak Incentive,0.3,0.3374,False,0,29,0.0
CUST05380,Routine_Commuter,101,32,0.3168316831683168,2171.88,21.503762376237624,64.7,True,47.13201732673267,Low,Mumbai,Treatment,0.15,Off-Peak Incentive,0.35,0.37939999999999996,True,18,14,0.5625
CUST07365,Price_Sensitive,102,31,0.3039215686274509,1499.13,14.697352941176472,65.5,True,47.12936274509804,Low,Jaipur,Treatment,0.15,Off-Peak Incentive,0.3,0.33099999999999996,False,0,31,0.0
CUST03985,Price_Sensitive,96,32,0.3333333333333333,1583.41,16.49385416666667,65.4,True,47.12833333333334,Low,Kolkata,Control,0.0,No Incentive,0.3,0.3308,False,0,32,0.0
CUST02799,Convenience_First,96,34,0.3541666666666667,2358.01,24.56260416666667,63.3,True,47.12166666666667,Low,Delhi NCR,Control,0.0,No Incentive,0.2,0.22660000000000002,False,0,34,0.0
CUST02653,Routine_Commuter,100,35,0.35,1999.53,19.9953,61.8,True,47.12125,Low,Delhi NCR,Treatment,0.15,Off-Peak Incentive,0.35,0.3736,False,0,35,0.0
CUST05044,Price_Sensitive,94,31,0.3297872340425531,1947.12,20.714042553191486,66.7,True,47.118989361702134,Low,Jaipur,Control,0.0,No Incentive,0.3,0.3334,False,0,31,0.0
CUST04136,Convenience_First,96,29,0.3020833333333333,2337.39,24.3478125,68.5,True,47.11833333333333,Low,Mumbai,Treatment,0.15,Off-Peak Incentive,0.2,0.23700000000000002,False,0,29,0.0
CUST05623,Convenience_First,96,31,0.3229166666666667,2207.81,22.99802083333333,66.4,True,47.11166666666667,Low,Jaipur,Treatment,0.15,Off-Peak Incentive,0.2,0.23280000000000003,True,18,13,0.5806451612903226
CUST03553,Price_Sensitive,93,28,0.3010752688172043,2104.6,22.63010752688172,70.1,True,47.10926075268817,Low,Bengaluru,Treatment,0.15,Off-Peak Incentive,0.3,0.3402,True,17,11,0.6071428571428571
CUST03866,Price_Sensitive,94,32,0.3404255319148936,2482.63,26.410957446808514,65.6,True,47.10452127659575,Low,Mumbai,Control,0.0,No Incentive,0.3,0.3312,False,0,32,0.0
CUST02596,Routine_Commuter,95,31,0.3263157894736842,2726.16,28.696421052631575,66.5,True,47.095131578947374,Low,Kolkata,Control,0.0,No Incentive,0.35,0.383,False,0,31,0.0
CUST04124,Price_Sensitive,92,31,0.3369565217391304,3058.02,33.239347826086956,67.0,True,47.09451086956522,Low,Ahmedabad,Control,0.0,No Incentive,0.3,0.33399999999999996,False,0,31,0.0
CUST04009,Routine_Commuter,97,30,0.3092783505154639,2404.36,24.787216494845364,67.2,True,47.08613402061856,Low,Lucknow,Treatment,0.15,Off-Peak Incentive,0.35,0.38439999999999996,False,0,30,0.0
CUST02741,Convenience_First,99,33,0.3333333333333333,2345.36,23.690505050505053,63.8,True,47.08208333333333,Low,Pune,Treatment,0.15,Off-Peak Incentive,0.2,0.22760000000000002,True,19,14,0.5757575757575758
CUST07383,Routine_Commuter,100,31,0.31,2327.3,23.273000000000003,65.7,True,47.08125,Low,Hyderabad,Control,0.0,No Incentive,0.35,0.38139999999999996,False,0,31,0.0
CUST01093,Convenience_First,100,31,0.31,3713.63,37.1363,65.7,True,47.08125,Low,Lucknow,Treatment,0.15,Off-Peak Incentive,0.2,0.23140000000000002,False,0,31,0.0
CUST05164,Convenience_First,96,31,0.3229166666666667,2107.92,21.9575,66.3,True,47.071666666666665,Low,Pune,Control,0.0,No Incentive,0.2,0.2326,False,0,31,0.0
CUST05592,Price_Sensitive,96,31,0.3229166666666667,2720.94,28.343125,66.3,True,47.071666666666665,Low,Hyderabad,Control,0.0,No Incentive,0.3,0.3326,False,0,31,0.0
CUST06451,Routine_Commuter,104,32,0.3076923076923077,2922.77,28.103557692307692,64.0,True,47.05644230769231,Low,Kochi,Treatment,0.15,Off-Peak Incentive,0.35,0.378,False,0,32,0.0
CUST01654,Routine_Commuter,92,33,0.358695652173913,1422.89,15.466195652173914,64.7,True,47.04407608695653,Low,Hyderabad,Control,0.0,No Incentive,0.35,0.37939999999999996,False,0,33,0.0
CUST05256,Routine_Commuter,98,30,0.3061224489795918,1855.04,18.928979591836736,66.9,True,47.04364795918368,Low,Delhi NCR,Control,0.0,No Incentive,0.35,0.3838,False,0,30,0.0
CUST07454,Convenience_First,97,33,0.3402061855670103,2606.13,26.867319587628867,64.0,True,47.043247422680416,Low,Chennai,Treatment,0.15,Off-Peak Incentive,0.2,0.228,True,19,14,0.5757575757575758
CUST07429,Price_Sensitive,99,32,0.3232323232323232,2110.84,21.321616161616163,64.7,True,47.03804292929293,Low,Hyderabad,Control,0.0,No Incentive,0.3,0.32939999999999997,False,0,32,0.0
CUST01023,Routine_Commuter,96,33,0.34375,2669.2,27.804166666666664,64.1,True,47.025,Low,Mumbai,Control,0.0,No Incentive,0.35,0.3782,False,0,33,0.0
CUST04492,Price_Sensitive,89,35,0.3932584269662921,1452.13,16.316067415730338,62.6,True,47.02283707865168,Low,Ahmedabad,Treatment,0.15,Off-Peak Incentive,0.3,0.3252,False,0,35,0.0
CUST07667,Convenience_First,91,35,0.3846153846153846,1969.51,21.642967032967032,62.5,True,47.02211538461539,Low,Hyderabad,Control,0.0,No Incentive,0.2,0.225,False,0,35,0.0
CUST03355,Routine_Commuter,94,30,0.3191489361702128,2069.09,22.011595744680857,67.5,True,47.01345744680851,Low,Bengaluru,Treatment,0.15,Off-Peak Incentive,0.35,0.38499999999999995,False,0,30,0.0
CUST04404,Price_Sensitive,96,32,0.3333333333333333,767.73,7.9971875,65.1,True,47.00833333333333,Low,Delhi NCR,Control,0.0,No Incentive,0.3,0.3302,False,0,32,0.0
CUST00555,Price_Sensitive,97,30,0.3092783505154639,2429.98,25.051340206185568,67.0,True,47.00613402061855,Low,Mumbai,Control,0.0,No Incentive,0.3,0.33399999999999996,False,0,30,0.0
CUST03466,Convenience_First,99,34,0.3434343434343434,3231.43,32.640707070707066,62.6,True,47.00612373737374,Low,Lucknow,Control,0.0,No Incentive,0.2,0.2252,False,0,34,0.0
CUST05816,Routine_Commuter,97,33,0.3402061855670103,1948.29,20.08546391752577,63.9,True,47.00324742268042,Low,Chennai,Treatment,0.15,Off-Peak Incentive,0.35,0.37779999999999997,False,0,33,0.0
CUST01452,Convenience_First,100,34,0.34,2270.86,22.7086,62.5,True,47.00125,Low,Hyderabad,Control,0.0,No Incentive,0.2,0.225,False,0,34,0.0
CUST04410,Routine_Commuter,95,34,0.3578947368421052,1285.79,13.534631578947367,63.1,True,46.99828947368422,Low,Kolkata,Treatment,0.15,Off-Peak Incentive,0.35,0.3762,False,0,34,0.0
CUST04932,Price_Sensitive,99,31,0.3131313131313131,1930.6,19.5010101010101,65.6,True,46.994002525252526,Low,Delhi NCR,Treatment,0.15,Off-Peak Incentive,0.3,0.3312,False,0,31,0.0
CUST07838,Price_Sensitive,96,33,0.34375,1724.69,17.965520833333333,64.0,True,46.985,Low,Jaipur,Treatment,0.15,Off-Peak Incentive,0.3,0.328,True,19,14,0.5757575757575758
CUST02763,Price_Sensitive,94,32,0.3404255319148936,1198.41,12.74904255319149,65.3,True,46.98452127659575,Low,Mumbai,Control,0.0,No Incentive,0.3,0.3306,False,0,32,0.0
CUST02367,Price_Sensitive,91,31,0.3406593406593406,1807.29,19.86032967032967,66.8,True,46.98387362637362,Low,Delhi NCR,Treatment,0.15,Off-Peak Incentive,0.3,0.3336,True,18,13,0.5806451612903226
CUST05588,Convenience_First,89,35,0.3932584269662921,2311.87,25.976067415730338,62.5,True,46.98283707865168,Low,Delhi NCR,Treatment,0.15,Off-Peak Incentive,0.2,0.225,False,0,35,0.0
CUST00077,Price_Sensitive,91,35,0.3846153846153846,2643.24,29.04659340659341,62.4,True,46.98211538461539,Low,Mumbai,Control,0.0,No Incentive,0.3,0.3248,False,0,35,0.0
CUST05688,Routine_Commuter,93,29,0.3118279569892473,2458.85,26.439247311827955,68.7,True,46.9793682795699,Low,Mumbai,Treatment,0.15,Off-Peak Incentive,0.35,0.38739999999999997,False,0,29,0.0
CUST06371,Convenience_First,95,33,0.3473684210526316,2574.25,27.097368421052632,64.1,True,46.97723684210526,Low,Pune,Treatment,0.15,Off-Peak Incentive,0.2,0.22820000000000001,False,0,33,0.0
CUST06376,Routine_Commuter,95,31,0.3263157894736842,2163.91,22.778,66.2,True,46.97513157894738,Low,Ahmedabad,Treatment,0.15,Off-Peak Incentive,0.35,0.38239999999999996,True,18,13,0.5806451612903226
CUST07531,Routine_Commuter,96,30,0.3125,1344.02,14.000208333333331,67.1,True,46.975,Low,Chennai,Treatment,0.15,Off-Peak Incentive,0.35,0.3842,False,0,30,0.0
CUST04971,Price_Sensitive,97,30,0.3092783505154639,1649.3,17.003092783505153,66.9,True,46.96613402061856,Low,Chennai,Control,0.0,No Incentive,0.3,0.3338,False,0,30,0.0
CUST01320,Convenience_First,98,30,0.3061224489795918,2592.32,26.452244897959183,66.7,True,46.963647959183675,Low,Kolkata,Treatment,0.15,Off-Peak Incentive,0.2,0.23340000000000002,True,18,12,0.6
CUST01847,Price_Sensitive,97,33,0.3402061855670103,1741.29,17.95144329896907,63.8,True,46.96324742268042,Low,Hyderabad,Treatment,0.15,Off-Peak Incentive,0.3,0.3276,False,0,33,0.0
CUST01812,Routine_Commuter,89,37,0.4157303370786517,2391.19,26.867303370786516,60.2,True,46.96171348314607,Low,Ahmedabad,Control,0.0,No Incentive,0.35,0.3704,False,0,37,0.0
CUST06368,Convenience_First,96,34,0.3541666666666667,2167.52,22.578333333333333,62.9,True,46.961666666666666,Low,Kochi,Control,0.0,No Incentive,0.2,0.2258,False,0,34,0.0
CUST04161,Routine_Commuter,100,30,0.3,2178.12,21.7812,66.4,True,46.96125000000001,Low,Ahmedabad,Control,0.0,No Incentive,0.35,0.3828,False,0,30,0.0
CUST01617,Price_Sensitive,88,37,0.4204545454545454,1045.42,11.879772727272728,60.2,True,46.95818181818182,Low,Chandigarh,Control,0.0,No Incentive,0.3,0.3204,False,0,37,0.0
CUST06306,Routine_Commuter,88,34,0.3863636363636363,1693.9,19.248863636363637,63.6,True,46.95454545454545,Low,Pune,Control,0.0,No Incentive,0.35,0.3772,False,0,34,0.0
CUST03374,Convenience_First,96,33,0.34375,2056.49,21.42177083333333,63.9,True,46.945,Low,Pune,Treatment,0.15,Off-Peak Incentive,0.2,0.2278,False,0,33,0.0
CUST03673,Convenience_First,94,32,0.3404255319148936,1554.09,16.53287234042553,65.2,True,46.94452127659575,Low,Mumbai,Control,0.0,No Incentive,0.2,0.23040000000000002,False,0,32,0.0
CUST01095,Price_Sensitive,90,32,0.3555555555555555,1376.5,15.294444444444444,65.7,True,46.94222222222223,Low,Hyderabad,Control,0.0,No Incentive,0.3,0.3314,False,0,32,0.0
CUST03614,Price_Sensitive,90,31,0.3444444444444444,1944.94,21.610444444444447,66.8,True,46.93777777777777,Low,Pune,Treatment,0.15,Off-Peak Incentive,0.3,0.3336,False,0,31,0.0
CUST07680,Price_Sensitive,93,30,0.3225806451612903,2169.11,23.323763440860215,67.5,True,46.92947580645162,Low,Ahmedabad,Treatment,0.15,Off-Peak Incentive,0.3,0.33499999999999996,True,18,12,0.6
CUST06023,Convenience_First,102,31,0.3039215686274509,2613.92,25.62666666666667,65.0,True,46.92936274509804,Low,Chennai,Treatment,0.15,Off-Peak Incentive,0.2,0.23,True,18,13,0.5806451612903226
CUST01774,Convenience_First,96,32,0.3333333333333333,2780.84,28.967083333333335,64.9,True,46.928333333333335,Low,Kolkata,Control,0.0,No Incentive,0.2,0.22980000000000003,False,0,32,0.0
CUST03613,Convenience_First,93,31,0.3333333333333333,2044.31,21.98182795698925,66.4,True,46.919583333333335,Low,Mumbai,Control,0.0,No Incentive,0.2,0.23280000000000003,False,0,31,0.0
CUST02882,Price_Sensitive,96,29,0.3020833333333333,2356.78,24.549791666666668,68.0,True,46.91833333333334,Low,Chennai,Control,0.0,No Incentive,0.3,0.33599999999999997,False,0,29,0.0
CUST03874,Routine_Commuter,93,32,0.3440860215053763,2348.97,25.257741935483867,65.3,True,46.90969086021505,Low,Bengaluru,Treatment,0.15,Off-Peak Incentive,0.35,0.3806,False,0,32,0.0
CUST04896,Price_Sensitive,94,32,0.3404255319148936,2375.47,25.27095744680851,65.1,True,46.904521276595744,Low,Lucknow,Treatment,0.15,Off-Peak Incentive,0.3,0.3302,False,0,32,0.0
CUST00569,Routine_Commuter,93,33,0.3548387096774194,2755.31,29.626989247311823,64.2,True,46.89979838709678,Low,Delhi NCR,Treatment,0.15,Off-Peak Incentive,0.35,0.37839999999999996,True,19,14,0.5757575757575758
CUST07853,Price_Sensitive,92,30,0.3260869565217391,2367.72,25.73608695652174,67.6,True,46.899728260869566,Low,Chandigarh,Control,0.0,No Incentive,0.3,0.3352,False,0,30,0.0
CUST03989,Convenience_First,101,31,0.3069306930693069,2397.53,23.73792079207921,65.1,True,46.89597772277227,Low,Pune,Control,0.0,No Incentive,0.2,0.23020000000000002,False,0,31,0.0
CUST04904,Routine_Commuter,96,30,0.3125,1556.87,16.21739583333333,66.9,True,46.895,Low,Kolkata,Control,0.0,No Incentive,0.35,0.3838,False,0,30,0.0
CUST04130,Price_Sensitive,92,31,0.3369565217391304,2673.45,29.05923913043478,66.5,True,46.894510869565224,Low,Chennai,Control,0.0,No Incentive,0.3,0.33299999999999996,False,0,31,0.0
CUST02069,Routine_Commuter,90,37,0.4111111111111111,1915.08,21.278666666666663,60.0,True,46.88444444444444,Low,Hyderabad,Control,0.0,No Incentive,0.35,0.37,False,0,37,0.0
CUST07011,Price_Sensitive,95,36,0.3789473684210526,2058.81,21.671684210526315,60.7,True,46.880394736842106,Low,Kochi,Control,0.0,No Incentive,0.3,0.3214,False,0,36,0.0
CUST07964,Price_Sensitive,93,31,0.3333333333333333,1649.58,17.73741935483871,66.3,True,46.87958333333333,Low,Mumbai,Treatment,0.15,Off-Peak Incentive,0.3,0.3326,False,0,31,0.0
CUST03261,Routine_Commuter,98,34,0.3469387755102041,2495.79,25.467244897959183,62.4,True,46.87630102040816,Low,Delhi NCR,Treatment,0.15,Off-Peak Incentive,0.35,0.37479999999999997,False,0,34,0.0
CUST04534,Price_Sensitive,91,28,0.3076923076923077,1867.63,20.523406593406595,69.8,True,46.86519230769231,Low,Kolkata,Treatment,0.15,Off-Peak Incentive,0.3,0.3396,True,17,11,0.6071428571428571
CUST03976,Price_Sensitive,91,31,0.3406593406593406,2162.75,23.76648351648352,66.5,True,46.86387362637363,Low,Bengaluru,Treatment,0.15,Off-Peak Incentive,0.3,0.33299999999999996,False,0,31,0.0
CUST01582,Convenience_First,86,34,0.3953488372093023,2251.97,26.1856976744186,63.5,True,46.8627034883721,Low,Chennai,Treatment,0.15,Off-Peak Incentive,0.2,0.227,True,19,15,0.5588235294117647
CUST02941,Convenience_First,90,32,0.3555555555555555,3060.57,34.00633333333334,65.5,True,46.86222222222223,Low,Lucknow,Treatment,0.15,Off-Peak Incentive,0.2,0.231,False,0,32,0.0
CUST06933,Price_Sensitive,97,31,0.3195876288659793,2312.87,23.8440206185567,65.6,True,46.85850515463917,Low,Ahmedabad,Control,0.0,No Incentive,0.3,0.3312,False,0,31,0.0
CUST03358,Routine_Commuter,97,31,0.3195876288659793,2324.95,23.968556701030927,65.6,True,46.85850515463917,Low,Chennai,Treatment,0.15,Off-Peak Incentive,0.35,0.3812,True,18,13,0.5806451612903226
CUST01557,Routine_Commuter,90,31,0.3444444444444444,1339.73,14.88588888888889,66.6,True,46.85777777777777,Low,Pune,Control,0.0,No Incentive,0.35,0.3832,False,0,31,0.0
CUST06040,Routine_Commuter,98,31,0.3163265306122449,2933.84,29.93714285714286,65.4,True,46.8518112244898,Low,Lucknow,Control,0.0,No Incentive,0.35,0.38079999999999997,False,0,31,0.0
CUST05111,Price_Sensitive,85,34,0.4,1454.96,17.117176470588237,63.5,True,46.84375000000001,Low,Bengaluru,Control,0.0,No Incentive,0.3,0.327,False,0,34,0.0
CUST03607,Routine_Commuter,98,30,0.3061224489795918,1479.76,15.099591836734694,66.4,True,46.84364795918368,Low,Kochi,Control,0.0,No Incentive,0.35,0.3828,False,0,30,0.0
CUST05574,Price_Sensitive,93,35,0.3763440860215054,2185.21,23.496881720430107,61.9,True,46.84001344086022,Low,Kolkata,Treatment,0.15,Off-Peak Incentive,0.3,0.3238,False,0,35,0.0
CUST03648,Routine_Commuter,95,32,0.3368421052631579,2083.43,21.930842105263157,64.8,True,46.83618421052632,Low,Mumbai,Control,0.0,No Incentive,0.35,0.3796,False,0,32,0.0
CUST05038,Price_Sensitive,94,34,0.3617021276595745,2625.64,27.932340425531912,62.8,True,46.835585106382986,Low,Mumbai,Treatment,0.15,Off-Peak Incentive,0.3,0.3256,True,19,15,0.5588235294117647
CUST07744,Convenience_First,92,35,0.3804347826086957,1866.16,20.284347826086957,62.0,True,46.83364130434783,Low,Ahmedabad,Control,0.0,No Incentive,0.2,0.224,False,0,35,0.0
CUST00967,Routine_Commuter,86,36,0.4186046511627907,1595.49,18.552209302325583,61.1,True,46.83293604651163,Low,Chandigarh,Treatment,0.15,Off-Peak Incentive,0.35,0.3722,False,0,36,0.0
CUST05214,Convenience_First,93,33,0.3548387096774194,2644.43,28.434731182795694,64.0,True,46.81979838709678,Low,Pune,Treatment,0.15,Off-Peak Incentive,0.2,0.228,False,0,33,0.0
CUST02920,Convenience_First,90,31,0.3444444444444444,1482.34,16.470444444444443,66.5,True,46.81777777777778,Low,Chandigarh,Control,0.0,No Incentive,0.2,0.233,False,0,31,0.0
CUST01610,Convenience_First,101,31,0.3069306930693069,3679.49,36.43059405940594,64.9,True,46.81597772277228,Low,Bengaluru,Control,0.0,No Incentive,0.2,0.22980000000000003,False,0,31,0.0
CUST02407,Convenience_First,95,29,0.3052631578947368,2294.49,24.152526315789473,67.9,True,46.81302631578948,Low,Ahmedabad,Treatment,0.15,Off-Peak Incentive,0.2,0.2358,False,0,29,0.0
CUST05460,Convenience_First,99,34,0.3434343434343434,1549.33,15.64979797979798,62.1,True,46.80612373737374,Low,Jaipur,Control,0.0,No Incentive,0.2,0.2242,False,0,34,0.0
CUST00253,Routine_Commuter,101,34,0.3366336633663366,2954.38,29.25128712871287,61.9,True,46.80409653465347,Low,Jaipur,Treatment,0.15,Off-Peak Incentive,0.35,0.37379999999999997,False,0,34,0.0
CUST00241,Routine_Commuter,98,30,0.3061224489795918,2399.23,24.481938775510205,66.3,True,46.80364795918367,Low,Ahmedabad,Control,0.0,No Incentive,0.35,0.3826,False,0,30,0.0
CUST01305,Convenience_First,92,35,0.3804347826086957,2743.27,29.81815217391304,61.9,True,46.79364130434784,Low,Chennai,Treatment,0.15,Off-Peak Incentive,0.2,0.2238,False,0,35,0.0
CUST04345,Convenience_First,90,34,0.3777777777777777,2249.82,24.998,63.1,True,46.79111111111111,Low,Chennai,Treatment,0.15,Off-Peak Incentive,0.2,0.2262,True,19,15,0.5588235294117647
CUST04579,Routine_Commuter,94,29,0.3085106382978723,1716.33,18.25882978723404,68.0,True,46.787925531914894,Low,Ahmedabad,Treatment,0.15,Off-Peak Incentive,0.35,0.38599999999999995,True,17,12,0.5862068965517241
CUST04137,Convenience_First,98,32,0.3265306122448979,2762.02,28.18387755102041,64.2,True,46.77997448979592,Low,Kolkata,Treatment,0.15,Off-Peak Incentive,0.2,0.22840000000000002,True,18,14,0.5625
CUST00903,Convenience_First,97,31,0.3195876288659793,2563.71,26.43,65.4,True,46.77850515463918,Low,Bengaluru,Treatment,0.15,Off-Peak Incentive,0.2,0.23080000000000003,False,0,31,0.0
CUST04168,Price_Sensitive,96,30,0.3125,1801.84,18.769166666666667,66.6,True,46.775,Low,Bengaluru,Treatment,0.15,Off-Peak Incentive,0.3,0.3332,False,0,30,0.0
CUST02724,Routine_Commuter,94,33,0.351063829787234,2334.52,24.83531914893617,63.7,True,46.77005319148937,Low,Kochi,Treatment,0.15,Off-Peak Incentive,0.35,0.37739999999999996,False,0,33,0.0
CUST00603,Routine_Commuter,93,34,0.3655913978494624,1767.83,19.008924731182795,62.8,True,46.769905913978505,Low,Chandigarh,Treatment,0.15,Off-Peak Incentive,0.35,0.3756,False,0,34,0.0
CUST05873,Convenience_First,97,30,0.3092783505154639,2594.17,26.744020618556704,66.4,True,46.76613402061856,Low,Hyderabad,Control,0.0,No Incentive,0.2,0.23280000000000003,False,0,30,0.0
CUST03344,Convenience_First,94,32,0.3404255319148936,2810.02,29.893829787234043,64.7,True,46.74452127659575,Low,Delhi NCR,Treatment,0.15,Off-Peak Incentive,0.2,0.22940000000000002,False,0,32,0.0
CUST03960,Convenience_First,91,32,0.3516483516483517,1809.74,19.88725274725275,65.1,True,46.74343406593407,Low,Ahmedabad,Control,0.0,No Incentive,0.2,0.23020000000000002,False,0,32,0.0
CUST02490,Price_Sensitive,91,33,0.3626373626373626,1762.53,19.36846153846154,64.0,True,46.74299450549451,Low,Pune,Control,0.0,No Incentive,0.3,0.328,False,0,33,0.0
CUST00707,Convenience_First,91,35,0.3846153846153846,2452.22,26.947472527472524,61.8,True,46.74211538461539,Low,Ahmedabad,Treatment,0.15,Off-Peak Incentive,0.2,0.22360000000000002,True,20,15,0.5714285714285714
CUST01709,Convenience_First,93,30,0.3225806451612903,2890.1,31.076344086021503,67.0,True,46.72947580645162,Low,Ahmedabad,Control,0.0,No Incentive,0.2,0.234,False,0,30,0.0
CUST04180,Routine_Commuter,96,32,0.3333333333333333,1784.21,18.585520833333337,64.4,True,46.72833333333333,Low,Bengaluru,Treatment,0.15,Off-Peak Incentive,0.35,0.37879999999999997,True,18,14,0.5625
CUST04392,Routine_Commuter,97,30,0.3092783505154639,2154.68,22.21319587628866,66.3,True,46.72613402061855,Low,Delhi NCR,Treatment,0.15,Off-Peak Incentive,0.35,0.3826,False,0,30,0.0
CUST02491,Routine_Commuter,88,32,0.3636363636363636,2227.75,25.31534090909091,65.3,True,46.72545454545455,Low,Bengaluru,Control,0.0,No Incentive,0.35,0.3806,False,0,32,0.0
CUST02254,Routine_Commuter,100,30,0.3,2017.03,20.1703,65.8,True,46.72125,Low,Lucknow,Control,0.0,No Incentive,0.35,0.3816,False,0,30,0.0
CUST03990,Routine_Commuter,92,34,0.3695652173913043,3461.38,37.623695652173915,62.8,True,46.71885869565218,Low,Ahmedabad,Control,0.0,No Incentive,0.35,0.3756,False,0,34,0.0
CUST07292,Routine_Commuter,98,34,0.3469387755102041,1995.98,20.367142857142856,62.0,True,46.71630102040816,Low,Delhi NCR,Treatment,0.15,Off-Peak Incentive,0.35,0.374,True,19,15,0.5588235294117647
CUST05558,Convenience_First,99,31,0.3131313131313131,3907.52,39.46989898989899,64.9,True,46.714002525252525,Low,Mumbai,Control,0.0,No Incentive,0.2,0.22980000000000003,False,0,31,0.0
CUST02098,Convenience_First,94,35,0.3723404255319149,1851.59,19.69776595744681,61.4,True,46.7011170212766,Low,Mumbai,Treatment,0.15,Off-Peak Incentive,0.2,0.2228,True,19,16,0.5428571428571428
CUST00361,Convenience_First,88,33,0.375,2119.07,24.08034090909091,64.1,True,46.7,Low,Delhi NCR,Treatment,0.15,Off-Peak Incentive,0.2,0.22820000000000001,False,0,33,0.0
CUST00646,Routine_Commuter,94,30,0.3191489361702128,1771.4,18.84468085106383,66.7,True,46.69345744680851,Low,Hyderabad,Treatment,0.15,Off-Peak Incentive,0.35,0.38339999999999996,False,0,30,0.0
CUST00210,Routine_Commuter,94,30,0.3191489361702128,1827.4,19.440425531914897,66.7,True,46.69345744680851,Low,Bengaluru,Control,0.0,No Incentive,0.35,0.38339999999999996,False,0,30,0.0
CUST02677,Price_Sensitive,93,30,0.3225806451612903,1426.52,15.338924731182797,66.9,True,46.689475806451625,Low,Delhi NCR,Treatment,0.15,Off-Peak Incentive,0.3,0.3338,False,0,30,0.0
CUST07663,Convenience_First,93,31,0.3333333333333333,1995.44,21.456344086021502,65.8,True,46.67958333333334,Low,Chennai,Control,0.0,No Incentive,0.2,0.2316,False,0,31,0.0
CUST02022,Convenience_First,99,31,0.3131313131313131,2010.13,20.304343434343433,64.8,True,46.67400252525253,Low,Pune,Control,0.0,No Incentive,0.2,0.2296,False,0,31,0.0
CUST05401,Convenience_First,87,31,0.3563218390804598,2655.46,30.522528735632186,66.4,True,46.6716235632184,Low,Jaipur,Control,0.0,No Incentive,0.2,0.23280000000000003,False,0,31,0.0
CUST00084,Routine_Commuter,87,31,0.3563218390804598,1680.46,19.315632183908047,66.4,True,46.6716235632184,Low,Chennai,Control,0.0,No Incentive,0.35,0.3828,False,0,31,0.0
CUST06333,Routine_Commuter,97,32,0.3298969072164948,1641.72,16.92494845360825,64.1,True,46.67087628865979,Low,Kochi,Control,0.0,No Incentive,0.35,0.3782,False,0,32,0.0
CUST05762,Routine_Commuter,93,32,0.3440860215053763,3397.64,36.53376344086021,64.7,True,46.669690860215056,Low,Chandigarh,Treatment,0.15,Off-Peak Incentive,0.35,0.37939999999999996,True,18,14,0.5625
CUST04423,Convenience_First,90,32,0.3555555555555555,2851.89,31.687666666666665,65.0,True,46.662222222222226,Low,Delhi NCR,Treatment,0.15,Off-Peak Incentive,0.2,0.23,False,0,32,0.0
CUST04522,Price_Sensitive,92,30,0.3260869565217391,1540.25,16.741847826086957,67.0,True,46.65972826086957,Low,Mumbai,Control,0.0,No Incentive,0.3,0.33399999999999996,False,0,30,0.0
CUST04763,Convenience_First,95,33,0.3473684210526316,2205.34,23.214105263157897,63.3,True,46.65723684210527,Low,Pune,Treatment,0.15,Off-Peak Incentive,0.2,0.22660000000000002,True,19,14,0.5757575757575758
CUST05594,Routine_Commuter,96,29,0.3020833333333333,2445.58,25.474791666666665,67.3,True,46.638333333333335,Low,Bengaluru,Treatment,0.15,Off-Peak Incentive,0.35,0.38459999999999994,False,0,29,0.0
CUST07842,Routine_Commuter,88,31,0.3522727272727273,3125.2,35.51363636363636,66.2,True,46.6309090909091,Low,Delhi NCR,Treatment,0.15,Off-Peak Incentive,0.35,0.38239999999999996,True,18,13,0.5806451612903226
CUST04529,Price_Sensitive,94,29,0.3085106382978723,2156.79,22.944574468085104,67.6,True,46.6279255319149,Low,Chandigarh,Treatment,0.15,Off-Peak Incentive,0.3,0.3352,False,0,29,0.0
CUST04593,Convenience_First,98,32,0.3265306122448979,1538.24,15.696326530612245,63.8,True,46.619974489795915,Low,Chennai,Treatment,0.15,Off-Peak Incentive,0.2,0.22760000000000002,False,0,32,0.0
CUST07821,Routine_Commuter,95,33,0.3473684210526316,1734.14,18.254105263157896,63.2,True,46.617236842105264,Low,Kochi,Treatment,0.15,Off-Peak Incentive,0.35,0.37639999999999996,False,0,33,0.0
CUST00167,Convenience_First,89,33,0.3707865168539326,1731.88,19.45932584269663,63.8,True,46.60396067415731,Low,Jaipur,Control,0.0,No Incentive,0.2,0.22760000000000002,False,0,33,0.0
CUST01306,Convenience_First,94,31,0.3297872340425531,2202.01,23.425638297872343,65.4,True,46.59898936170213,Low,Pune,Treatment,0.15,Off-Peak Incentive,0.2,0.23080000000000003,True,18,13,0.5806451612903226
CUST00812,Price_Sensitive,94,31,0.3297872340425531,2161.21,22.99159574468085,65.4,True,46.59898936170213,Low,Mumbai,Control,0.0,No Incentive,0.3,0.3308,False,0,31,0.0
CUST02981,Routine_Commuter,96,29,0.3020833333333333,2334.93,24.3221875,67.2,True,46.598333333333336,Low,Ahmedabad,Control,0.0,No Incentive,0.35,0.38439999999999996,False,0,29,0.0
CUST06959,Convenience_First,95,34,0.3578947368421052,1511.95,15.915263157894737,62.1,True,46.59828947368421,Low,Bengaluru,Treatment,0.15,Off-Peak Incentive,0.2,0.2242,False,0,34,0.0
CUST02323,Convenience_First,92,35,0.3804347826086957,3285.0,35.70652173913044,61.4,True,46.593641304347834,Low,Mumbai,Control,0.0,No Incentive,0.2,0.2228,False,0,35,0.0
CUST06477,Routine_Commuter,97,32,0.3298969072164948,2024.46,20.870721649484537,63.9,True,46.59087628865979,Low,Delhi NCR,Control,0.0,No Incentive,0.35,0.37779999999999997,False,0,32,0.0
CUST01449,Convenience_First,99,30,0.303030303030303,2384.63,24.087171717171717,65.6,True,46.589962121212125,Low,Mumbai,Control,0.0,No Incentive,0.2,0.23120000000000002,False,0,30,0.0
CUST00496,Price_Sensitive,93,32,0.3440860215053763,2281.85,24.536021505376343,64.5,True,46.58969086021506,Low,Pune,Treatment,0.15,Off-Peak Incentive,0.3,0.32899999999999996,True,18,14,0.5625
CUST03049,Price_Sensitive,86,31,0.3604651162790697,1671.44,19.435348837209304,66.3,True,46.58735465116279,Low,Kochi,Treatment,0.15,Off-Peak Incentive,0.3,0.3326,False,0,31,0.0
CUST06393,Price_Sensitive,92,29,0.3152173913043478,1438.5,15.63586956521739,67.9,True,46.58494565217392,Low,Pune,Treatment,0.15,Off-Peak Incentive,0.3,0.3358,True,17,12,0.5862068965517241
CUST02479,Price_Sensitive,85,36,0.4235294117647059,1670.58,19.653882352941174,60.5,True,46.58492647058824,Low,Chennai,Control,0.0,No Incentive,0.3,0.321,False,0,36,0.0
CUST01353,Routine_Commuter,93,29,0.3118279569892473,2585.12,27.796989247311828,67.7,True,46.57936827956989,Low,Kochi,Control,0.0,No Incentive,0.35,0.38539999999999996,False,0,29,0.0
CUST02935,Convenience_First,96,31,0.3229166666666667,2788.75,29.049479166666668,65.0,True,46.55166666666667,Low,Kolkata,Control,0.0,No Incentive,0.2,0.23,False,0,31,0.0
CUST01019,Routine_Commuter,87,35,0.4022988505747126,2265.19,26.03666666666667,61.5,True,46.550704022988505,Low,Lucknow,Control,0.0,No Incentive,0.35,0.373,False,0,35,0.0
CUST01273,Routine_Commuter,93,32,0.3440860215053763,2688.78,28.91161290322581,64.4,True,46.549690860215065,Low,Pune,Control,0.0,No Incentive,0.35,0.37879999999999997,False,0,32,0.0
CUST06984,Convenience_First,97,35,0.3608247422680412,3207.47,33.06670103092783,60.7,True,46.54798969072165,Low,Hyderabad,Control,0.0,No Incentive,0.2,0.2214,False,0,35,0.0
CUST04008,Routine_Commuter,94,32,0.3404255319148936,1196.38,12.72744680851064,64.2,True,46.54452127659575,Low,Hyderabad,Treatment,0.15,Off-Peak Incentive,0.35,0.37839999999999996,True,18,14,0.5625
CUST06752,Routine_Commuter,88,33,0.375,1976.59,22.46125,63.7,True,46.540000000000006,Low,Ahmedabad,Control,0.0,No Incentive,0.35,0.37739999999999996,False,0,33,0.0
CUST05938,Convenience_First,93,32,0.3440860215053763,2840.63,30.54440860215054,64.3,True,46.50969086021506,Low,Delhi NCR,Treatment,0.15,Off-Peak Incentive,0.2,0.2286,False,0,32,0.0
CUST00819,Price_Sensitive,91,32,0.3516483516483517,1648.76,18.11824175824176,64.5,True,46.50343406593407,Low,Chennai,Treatment,0.15,Off-Peak Incentive,0.3,0.32899999999999996,False,0,32,0.0
CUST01477,Routine_Commuter,84,33,0.3928571428571428,1799.57,21.42345238095238,63.8,True,46.50053571428571,Low,Pune,Control,0.0,No Incentive,0.35,0.3776,False,0,33,0.0
CUST07868,Convenience_First,93,33,0.3548387096774194,2443.02,26.269032258064517,63.2,True,46.499798387096774,Low,Delhi NCR,Control,0.0,No Incentive,0.2,0.22640000000000002,False,0,33,0.0
CUST06503,Convenience_First,92,30,0.3260869565217391,3031.22,32.948043478260864,66.6,True,46.49972826086957,Low,Delhi NCR,Treatment,0.15,Off-Peak Incentive,0.2,0.23320000000000002,False,0,30,0.0
CUST00780,Routine_Commuter,90,31,0.3444444444444444,1542.56,17.139555555555553,65.7,True,46.49777777777777,Low,Delhi NCR,Treatment,0.15,Off-Peak Incentive,0.35,0.38139999999999996,True,18,13,0.5806451612903226
CUST06034,Convenience_First,101,31,0.3069306930693069,3097.87,30.6719801980198,64.1,True,46.49597772277228,Low,Lucknow,Treatment,0.15,Off-Peak Incentive,0.2,0.22820000000000001,False,0,31,0.0
CUST05324,Price_Sensitive,93,30,0.3225806451612903,1951.5,20.983870967741936,66.4,True,46.48947580645162,Low,Bengaluru,Treatment,0.15,Off-Peak Incentive,0.3,0.3328,True,17,13,0.5666666666666667
CUST06146,Convenience_First,92,32,0.3478260869565217,2337.32,25.405652173913044,64.4,True,46.48929347826088,Low,Jaipur,Treatment,0.15,Off-Peak Incentive,0.2,0.22880000000000003,True,18,14,0.5625
CUST06925,Price_Sensitive,89,33,0.3707865168539326,1702.47,19.12887640449438,63.5,True,46.4839606741573,Low,Bengaluru,Control,0.0,No Incentive,0.3,0.327,False,0,33,0.0
CUST02296,Routine_Commuter,94,31,0.3297872340425531,1650.91,17.562872340425532,65.1,True,46.478989361702126,Low,Hyderabad,Control,0.0,No Incentive,0.35,0.3802,False,0,31,0.0
CUST05122,Routine_Commuter,95,32,0.3368421052631579,2145.98,22.589263157894734,63.9,True,46.47618421052632,Low,Mumbai,Treatment,0.15,Off-Peak Incentive,0.35,0.37779999999999997,False,0,32,0.0
CUST06678,Price_Sensitive,93,28,0.3010752688172043,2801.72,30.126021505376343,68.5,True,46.46926075268817,Low,Ahmedabad,Treatment,0.15,Off-Peak Incentive,0.3,0.33699999999999997,True,17,11,0.6071428571428571
CUST03837,Price_Sensitive,89,31,0.348314606741573,1695.84,19.05438202247191,65.7,True,46.46508426966292,Low,Bengaluru,Treatment,0.15,Off-Peak Incentive,0.3,0.3314,False,0,31,0.0
CUST00561,Price_Sensitive,92,29,0.3152173913043478,1595.37,17.340978260869566,67.6,True,46.46494565217392,Low,Bengaluru,Treatment,0.15,Off-Peak Incentive,0.3,0.3352,True,17,12,0.5862068965517241
CUST00101,Convenience_First,92,29,0.3152173913043478,1647.85,17.91141304347826,67.6,True,46.46494565217392,Low,Pune,Control,0.0,No Incentive,0.2,0.2352,False,0,29,0.0
CUST07341,Price_Sensitive,84,32,0.3809523809523809,1993.75,23.735119047619047,64.9,True,46.46434523809524,Low,Delhi NCR,Control,0.0,No Incentive,0.3,0.3298,False,0,32,0.0
CUST02870,Convenience_First,88,33,0.375,1560.11,17.728522727272725,63.5,True,46.46000000000001,Low,Hyderabad,Control,0.0,No Incentive,0.2,0.227,False,0,33,0.0
CUST07453,Convenience_First,87,32,0.367816091954023,2138.56,24.581149425287357,64.7,True,46.451393678160926,Low,Kochi,Treatment,0.15,Off-Peak Incentive,0.2,0.22940000000000002,True,18,14,0.5625
CUST01522,Price_Sensitive,87,34,0.3908045977011494,1479.81,17.009310344827586,62.4,True,46.45093390804598,Low,Lucknow,Control,0.0,No Incentive,0.3,0.3248,False,0,34,0.0
CUST01344,Routine_Commuter,97,30,0.3092783505154639,2652.99,27.35041237113402,65.6,True,46.44613402061855,Low,Kochi,Treatment,0.15,Off-Peak Incentive,0.35,0.3812,False,0,30,0.0
CUST04979,Routine_Commuter,93,35,0.3763440860215054,1625.24,17.475698924731184,60.9,True,46.44001344086021,Low,Bengaluru,Treatment,0.15,Off-Peak Incentive,0.35,0.37179999999999996,True,19,16,0.5428571428571428
CUST02864,Routine_Commuter,85,35,0.4117647058823529,1636.79,19.25635294117647,61.3,True,46.43433823529411,Low,Mumbai,Control,0.0,No Incentive,0.35,0.3726,False,0,35,0.0
CUST01009,Routine_Commuter,95,30,0.3157894736842105,2154.91,22.683263157894736,65.9,True,46.43407894736843,Low,Chennai,Control,0.0,No Incentive,0.35,0.3818,False,0,30,0.0
CUST01597,Routine_Commuter,99,31,0.3131313131313131,1869.54,18.884242424242423,64.2,True,46.43400252525253,Low,Bengaluru,Control,0.0,No Incentive,0.35,0.37839999999999996,False,0,31,0.0
CUST01210,Convenience_First,90,34,0.3777777777777777,2601.29,28.903222222222222,62.2,True,46.43111111111111,Low,Kochi,Control,0.0,No Incentive,0.2,0.22440000000000002,False,0,34,0.0
CUST05382,Convenience_First,94,29,0.3085106382978723,2820.46,30.00489361702128,67.1,True,46.427925531914894,Low,Lucknow,Control,0.0,No Incentive,0.2,0.2342,False,0,29,0.0
CUST06001,Routine_Commuter,90,31,0.3444444444444444,2026.93,22.521444444444445,65.5,True,46.41777777777777,Low,Jaipur,Control,0.0,No Incentive,0.35,0.381,False,0,31,0.0
CUST06849,Price_Sensitive,90,30,0.3333333333333333,2788.96,30.988444444444443,66.6,True,46.41333333333333,Low,Hyderabad,Treatment,0.15,Off-Peak Incentive,0.3,0.3332,False,0,30,0.0
CUST05077,Routine_Commuter,96,32,0.3333333333333333,3081.74,32.10145833333333,63.6,True,46.40833333333333,Low,Hyderabad,Treatment,0.15,Off-Peak Incentive,0.35,0.3772,False,0,32,0.0
CUST04270,Convenience_First,89,33,0.3707865168539326,2174.19,24.429101123595505,63.3,True,46.403960674157304,Low,Hyderabad,Treatment,0.15,Off-Peak Incentive,0.2,0.22660000000000002,True,19,14,0.5757575757575758
CUST02790,Convenience_First,96,29,0.3020833333333333,1376.61,14.339687499999998,66.7,True,46.39833333333333,Low,Mumbai,Treatment,0.15,Off-Peak Incentive,0.2,0.23340000000000002,False,0,29,0.0
CUST07333,Routine_Commuter,95,32,0.3368421052631579,1835.18,19.317684210526316,63.7,True,46.39618421052632,Low,Delhi NCR,Treatment,0.15,Off-Peak Incentive,0.35,0.37739999999999996,True,18,14,0.5625
CUST05381,Price_Sensitive,87,29,0.3333333333333333,2891.84,33.23954022988506,68.0,True,46.39208333333333,Low,Delhi NCR,Treatment,0.15,Off-Peak Incentive,0.3,0.33599999999999997,False,0,29,0.0
CUST05336,Convenience_First,96,31,0.3229166666666667,1990.08,20.73,64.6,True,46.391666666666666,Low,Chennai,Control,0.0,No Incentive,0.2,0.22920000000000001,False,0,31,0.0
CUST06941,Price_Sensitive,89,31,0.348314606741573,1714.73,19.266629213483142,65.5,True,46.38508426966292,Low,Kolkata,Control,0.0,No Incentive,0.3,0.33099999999999996,False,0,31,0.0
CUST04829,Convenience_First,92,29,0.3152173913043478,2600.96,28.27130434782609,67.4,True,46.38494565217392,Low,Hyderabad,Control,0.0,No Incentive,0.2,0.2348,False,0,29,0.0
CUST00202,Convenience_First,94,30,0.3191489361702128,2503.69,26.635,65.9,True,46.37345744680851,Low,Delhi NCR,Treatment,0.15,Off-Peak Incentive,0.2,0.23180000000000003,True,17,13,0.5666666666666667
CUST06063,Routine_Commuter,97,30,0.3092783505154639,2303.8,23.750515463917527,65.4,True,46.36613402061856,Low,Mumbai,Control,0.0,No Incentive,0.35,0.38079999999999997,False,0,30,0.0
CUST04710,Price_Sensitive,94,34,0.3617021276595745,2037.46,21.67510638297872,61.6,True,46.35558510638298,Low,Hyderabad,Treatment,0.15,Off-Peak Incentive,0.3,0.3232,False,0,34,0.0
CUST00540,Routine_Commuter,89,32,0.3595505617977528,1967.71,22.109101123595504,64.3,True,46.35452247191011,Low,Pune,Treatment,0.15,Off-Peak Incentive,0.35,0.3786,False,0,32,0.0
CUST07117,Routine_Commuter,92,30,0.3260869565217391,2602.86,28.29195652173913,66.2,True,46.33972826086957,Low,Bengaluru,Treatment,0.15,Off-Peak Incentive,0.35,0.38239999999999996,False,0,30,0.0
CUST02439,Routine_Commuter,90,31,0.3444444444444444,1984.18,22.046444444444447,65.3,True,46.337777777777774,Low,Kochi,Treatment,0.15,Off-Peak Incentive,0.35,0.3806,False,0,31,0.0
CUST05101,Convenience_First,95,31,0.3263157894736842,2624.23,27.623473684210527,64.6,True,46.335131578947376,Low,Kolkata,Treatment,0.15,Off-Peak Incentive,0.2,0.22920000000000001,False,0,31,0.0
CUST00416,Routine_Commuter,93,34,0.3655913978494624,2234.74,24.029462365591396,61.7,True,46.32990591397851,Low,Ahmedabad,Control,0.0,No Incentive,0.35,0.3734,False,0,34,0.0
CUST00331,Convenience_First,86,35,0.4069767441860465,2029.33,23.59686046511628,61.0,True,46.32781976744186,Low,Hyderabad,Control,0.0,No Incentive,0.2,0.222,False,0,35,0.0
CUST01195,Convenience_First,89,33,0.3707865168539326,1312.77,14.750224719101125,63.1,True,46.323960674157306,Low,Kolkata,Control,0.0,No Incentive,0.2,0.2262,False,0,33,0.0
CUST05808,Price_Sensitive,93,31,0.3333333333333333,1946.54,20.9305376344086,64.9,True,46.31958333333334,Low,Chandigarh,Treatment,0.15,Off-Peak Incentive,0.3,0.3298,False,0,31,0.0
CUST05351,Convenience_First,93,31,0.3333333333333333,2279.14,24.506881720430105,64.9,True,46.31958333333334,Low,Pune,Control,0.0,No Incentive,0.2,0.22980000000000003,False,0,31,0.0
CUST06871,Routine_Commuter,95,32,0.3368421052631579,2203.67,23.196526315789473,63.5,True,46.31618421052632,Low,Lucknow,Control,0.0,No Incentive,0.35,0.377,False,0,32,0.0
CUST04908,Convenience_First,99,31,0.3131313131313131,2032.99,20.535252525252524,63.9,True,46.31400252525253,Low,Kochi,Treatment,0.15,Off-Peak Incentive,0.2,0.2278,False,0,31,0.0
CUST03360,Convenience_First,90,34,0.3777777777777777,3833.45,42.59388888888888,61.9,True,46.31111111111112,Low,Bengaluru,Control,0.0,No Incentive,0.2,0.2238,False,0,34,0.0
CUST02386,Price_Sensitive,93,32,0.3440860215053763,1937.91,20.837741935483873,63.8,True,46.309690860215056,Low,Pune,Treatment,0.15,Off-Peak Incentive,0.3,0.3276,False,0,32,0.0
CUST00647,Routine_Commuter,94,32,0.3404255319148936,2102.8,22.370212765957447,63.6,True,46.30452127659575,Low,Ahmedabad,Treatment,0.15,Off-Peak Incentive,0.35,0.3772,False,0,32,0.0
CUST03167,Convenience_First,91,30,0.3296703296703296,2801.92,30.790329670329672,66.2,True,46.30431318681319,Low,Ahmedabad,Treatment,0.15,Off-Peak Incentive,0.2,0.23240000000000002,False,0,30,0.0
CUST00035,Convenience_First,93,33,0.3548387096774194,2298.28,24.712688172043013,62.7,True,46.299798387096786,Low,Bengaluru,Control,0.0,No Incentive,0.2,0.22540000000000002,False,0,33,0.0
CUST06375,Routine_Commuter,92,30,0.3260869565217391,1552.52,16.875217391304346,66.1,True,46.29972826086957,Low,Pune,Treatment,0.15,Off-Peak Incentive,0.35,0.3822,True,17,13,0.5666666666666667
CUST07926,Routine_Commuter,86,29,0.3372093023255814,1743.04,20.267906976744182,67.9,True,46.29712209302326,Low,Pune,Treatment,0.15,Off-Peak Incentive,0.35,0.3858,False,0,29,0.0
CUST05171,Routine_Commuter,89,30,0.3370786516853932,1687.72,18.96314606741573,66.4,True,46.29564606741573,Low,Ahmedabad,Treatment,0.15,Off-Peak Incentive,0.35,0.3828,False,0,30,0.0
CUST02937,Price_Sensitive,92,31,0.3369565217391304,2461.4,26.754347826086956,65.0,True,46.29451086956522,Low,Kochi,Control,0.0,No Incentive,0.3,0.32999999999999996,False,0,31,0.0
CUST05040,Price_Sensitive,92,31,0.3369565217391304,3257.84,35.41130434782609,65.0,True,46.29451086956522,Low,Mumbai,Treatment,0.15,Off-Peak Incentive,0.3,0.32999999999999996,False,0,31,0.0
CUST00341,Convenience_First,88,27,0.3068181818181818,2012.53,22.869659090909092,69.9,True,46.29272727272728,Low,Jaipur,Treatment,0.15,Off-Peak Incentive,0.2,0.2398,False,0,27,0.0
CUST05704,Convenience_First,96,32,0.3333333333333333,1790.49,18.6509375,63.3,True,46.288333333333334,Low,Ahmedabad,Treatment,0.15,Off-Peak Incentive,0.2,0.22660000000000002,False,0,32,0.0
CUST05838,Routine_Commuter,97,30,0.3092783505154639,2446.54,25.222061855670106,65.2,True,46.286134020618555,Low,Mumbai,Control,0.0,No Incentive,0.35,0.38039999999999996,False,0,30,0.0
CUST02507,Price_Sensitive,90,27,0.3,2022.86,22.476222222222223,69.6,True,46.28,Low,Mumbai,Control,0.0,No Incentive,0.3,0.3392,False,0,27,0.0
CUST01746,Routine_Commuter,96,29,0.3020833333333333,1977.77,20.601770833333333,66.4,True,46.278333333333336,Low,Chennai,Control,0.0,No Incentive,0.35,0.3828,False,0,29,0.0
CUST03754,Convenience_First,88,31,0.3522727272727273,2555.82,29.043409090909098,65.3,True,46.27090909090909,Low,Bengaluru,Treatment,0.15,Off-Peak Incentive,0.2,0.2306,True,18,13,0.5806451612903226
CUST01598,Price_Sensitive,81,33,0.4074074074074074,1869.43,23.079382716049384,63.2,True,46.2700462962963,Low,Pune,Treatment,0.15,Off-Peak Incentive,0.3,0.3264,False,0,33,0.0
CUST04406,Price_Sensitive,93,32,0.3440860215053763,2222.04,23.89290322580645,63.7,True,46.269690860215064,Low,Chennai,Control,0.0,No Incentive,0.3,0.3274,False,0,32,0.0
CUST00866,Routine_Commuter,83,32,0.3855421686746988,1245.33,15.003975903614457,64.4,True,46.26543674698796,Low,Chennai,Treatment,0.15,Off-Peak Incentive,0.35,0.37879999999999997,False,0,32,0.0
CUST00406,Convenience_First,92,31,0.3369565217391304,3375.05,36.68532608695652,64.9,True,46.25451086956522,Low,Chennai,Control,0.0,No Incentive,0.2,0.22980000000000003,False,0,31,0.0
CUST01584,Convenience_First,80,30,0.375,2499.82,31.247750000000003,66.9,True,46.25375,Low,Bengaluru,Control,0.0,No Incentive,0.2,0.23380000000000004,False,0,30,0.0
CUST03780,Convenience_First,95,29,0.3052631578947368,1744.85,18.366842105263157,66.5,True,46.25302631578948,Low,Delhi NCR,Treatment,0.15,Off-Peak Incentive,0.2,0.233,True,17,12,0.5862068965517241
CUST04625,Convenience_First,92,32,0.3478260869565217,1958.47,21.287717391304348,63.8,True,46.249293478260874,Low,Chennai,Control,0.0,No Incentive,0.2,0.22760000000000002,False,0,32,0.0
CUST01826,Price_Sensitive,89,29,0.3258426966292135,2543.99,28.584157303370787,67.4,True,46.24620786516854,Low,Delhi NCR,Control,0.0,No Incentive,0.3,0.3348,False,0,29,0.0
CUST03258,Routine_Commuter,88,29,0.3295454545454545,2038.37,23.16329545454545,67.5,True,46.24181818181818,Low,Delhi NCR,Treatment,0.15,Off-Peak Incentive,0.35,0.38499999999999995,False,0,29,0.0
CUST00364,Price_Sensitive,94,29,0.3085106382978723,2701.53,28.73968085106383,66.6,True,46.22792553191489,Low,Chennai,Treatment,0.15,Off-Peak Incentive,0.3,0.3332,True,17,12,0.5862068965517241
CUST01422,Price_Sensitive,83,32,0.3855421686746988,1681.84,20.26313253012048,64.3,True,46.22543674698795,Low,Hyderabad,Treatment,0.15,Off-Peak Incentive,0.3,0.3286,False,0,32,0.0
CUST04159,Convenience_First,93,29,0.3118279569892473,1828.74,19.663870967741936,66.8,True,46.21936827956989,Low,Kochi,Control,0.0,No Incentive,0.2,0.2336,False,0,29,0.0
CUST00717,Convenience_First,93,29,0.3118279569892473,2405.31,25.863548387096778,66.8,True,46.21936827956989,Low,Kolkata,Treatment,0.15,Off-Peak Incentive,0.2,0.2336,False,0,29,0.0
CUST07396,Routine_Commuter,84,34,0.4047619047619047,1739.81,20.71202380952381,61.9,True,46.216726190476194,Low,Chennai,Treatment,0.15,Off-Peak Incentive,0.35,0.37379999999999997,True,19,15,0.5588235294117647
CUST04045,Convenience_First,94,33,0.351063829787234,2145.92,22.828936170212767,62.3,True,46.210053191489365,Low,Lucknow,Control,0.0,No Incentive,0.2,0.22460000000000002,False,0,33,0.0
CUST00861,Routine_Commuter,94,33,0.351063829787234,3185.92,33.89276595744681,62.3,True,46.210053191489365,Low,Kolkata,Treatment,0.15,Off-Peak Incentive,0.35,0.3746,False,0,33,0.0
CUST05272,Price_Sensitive,88,29,0.3295454545454545,1222.21,13.88875,67.4,True,46.20181818181818,Low,Delhi NCR,Treatment,0.15,Off-Peak Incentive,0.3,0.3348,True,17,12,0.5862068965517241
CUST01491,Convenience_First,93,31,0.3333333333333333,3031.33,32.59494623655914,64.6,True,46.19958333333334,Low,Kochi,Control,0.0,No Incentive,0.2,0.22920000000000001,False,0,31,0.0
CUST05607,Routine_Commuter,95,32,0.3368421052631579,3743.33,39.403473684210525,63.2,True,46.19618421052632,Low,Chennai,Treatment,0.15,Off-Peak Incentive,0.35,0.37639999999999996,False,0,32,0.0
CUST00246,Convenience_First,95,30,0.3157894736842105,2959.05,31.147894736842108,65.3,True,46.194078947368425,Low,Mumbai,Treatment,0.15,Off-Peak Incentive,0.2,0.2306,False,0,30,0.0
CUST00798,Routine_Commuter,99,30,0.303030303030303,2584.43,26.105353535353533,64.6,True,46.18996212121212,Low,Mumbai,Treatment,0.15,Off-Peak Incentive,0.35,0.3792,True,17,13,0.5666666666666667
CUST06890,Price_Sensitive,92,29,0.3152173913043478,1712.75,18.616847826086957,66.9,True,46.18494565217392,Low,Chandigarh,Treatment,0.15,Off-Peak Incentive,0.3,0.3338,False,0,29,0.0
CUST04500,Routine_Commuter,86,34,0.3953488372093023,2442.88,28.40558139534884,61.8,True,46.18270348837209,Low,Delhi NCR,Treatment,0.15,Off-Peak Incentive,0.35,0.3736,False,0,34,0.0
CUST02731,Price_Sensitive,90,32,0.3555555555555555,1812.76,20.14177777777778,63.8,True,46.18222222222222,Low,Pune,Control,0.0,No Incentive,0.3,0.3276,False,0,32,0.0
CUST03570,Routine_Commuter,92,30,0.3260869565217391,2296.48,24.961739130434783,65.8,True,46.17972826086957,Low,Delhi NCR,Control,0.0,No Incentive,0.35,0.3816,False,0,30,0.0
CUST06420,Routine_Commuter,94,30,0.3191489361702128,1559.93,16.595000000000002,65.4,True,46.17345744680852,Low,Kolkata,Treatment,0.15,Off-Peak Incentive,0.35,0.38079999999999997,False,0,30,0.0
CUST06184,Convenience_First,90,30,0.3333333333333333,2691.69,29.907666666666668,66.0,True,46.17333333333333,Low,Chennai,Control,0.0,No Incentive,0.2,0.232,False,0,30,0.0
CUST02321,Routine_Commuter,95,29,0.3052631578947368,1672.31,17.603263157894737,66.3,True,46.17302631578948,Low,Bengaluru,Control,0.0,No Incentive,0.35,0.3826,False,0,29,0.0
CUST02340,Routine_Commuter,90,28,0.3111111111111111,1858.34,20.64822222222222,68.2,True,46.16444444444444,Low,Mumbai,Control,0.0,No Incentive,0.35,0.38639999999999997,False,0,28,0.0
CUST00474,Convenience_First,89,33,0.3707865168539326,1644.02,18.472134831460675,62.7,True,46.16396067415731,Low,Chandigarh,Control,0.0,No Incentive,0.2,0.22540000000000002,False,0,33,0.0
CUST06529,Routine_Commuter,96,29,0.3020833333333333,1769.05,18.427604166666665,66.1,True,46.15833333333333,Low,Hyderabad,Control,0.0,No Incentive,0.35,0.3822,False,0,29,0.0
CUST05761,Price_Sensitive,92,28,0.3043478260869565,2219.4,24.12391304347826,67.9,True,46.150163043478265,Low,Pune,Control,0.0,No Incentive,0.3,0.3358,False,0,28,0.0
CUST01772,Routine_Commuter,93,32,0.3440860215053763,1614.5,17.36021505376344,63.4,True,46.14969086021506,Low,Bengaluru,Treatment,0.15,Off-Peak Incentive,0.35,0.37679999999999997,False,0,32,0.0
CUST06688,Convenience_First,88,33,0.375,1195.31,13.58306818181818,62.7,True,46.14,Low,Hyderabad,Control,0.0,No Incentive,0.2,0.22540000000000002,False,0,33,0.0
CUST01954,Routine_Commuter,93,29,0.3118279569892473,2030.36,21.831827956989247,66.6,True,46.139368279569894,Low,Hyderabad,Treatment,0.15,Off-Peak Incentive,0.35,0.3832,False,0,29,0.0
CUST07395,Routine_Commuter,95,31,0.3263157894736842,2847.13,29.969789473684212,64.1,True,46.13513157894737,Low,Delhi NCR,Treatment,0.15,Off-Peak Incentive,0.35,0.3782,False,0,31,0.0
CUST02317,Convenience_First,86,32,0.3720930232558139,1563.35,18.17848837209302,64.0,True,46.13247093023256,Low,Pune,Control,0.0,No Incentive,0.2,0.228,False,0,32,0.0
CUST02696,Routine_Commuter,87,32,0.367816091954023,2747.72,31.582988505747124,63.9,True,46.13139367816092,Low,Jaipur,Treatment,0.15,Off-Peak Incentive,0.35,0.37779999999999997,True,18,14,0.5625
CUST01459,Convenience_First,79,34,0.430379746835443,1531.39,19.384683544303797,61.5,True,46.12643987341772,Low,Pune,Treatment,0.15,Off-Peak Incentive,0.2,0.223,False,0,34,0.0
CUST07060,Convenience_First,92,35,0.3804347826086957,3024.01,32.86967391304348,60.2,True,46.11364130434783,Low,Chandigarh,Treatment,0.15,Off-Peak Incentive,0.2,0.2204,False,0,35,0.0
CUST00081,Convenience_First,96,31,0.3229166666666667,3030.05,31.563020833333336,63.9,True,46.11166666666667,Low,Lucknow,Treatment,0.15,Off-Peak Incentive,0.2,0.2278,True,18,13,0.5806451612903226
CUST07340,Price_Sensitive,90,34,0.3777777777777777,1877.87,20.865222222222226,61.4,True,46.111111111111114,Low,Chandigarh,Control,0.0,No Incentive,0.3,0.3228,False,0,34,0.0
CUST03015,Price_Sensitive,88,31,0.3522727272727273,2102.67,23.893977272727273,64.9,True,46.1109090909091,Low,Chandigarh,Control,0.0,No Incentive,0.3,0.3298,False,0,31,0.0
CUST07496,Routine_Commuter,91,28,0.3076923076923077,2405.74,26.436703296703293,67.9,True,46.10519230769231,Low,Delhi NCR,Treatment,0.15,Off-Peak Incentive,0.35,0.3858,False,0,28,0.0
CUST03047,Convenience_First,91,29,0.3186813186813186,1811.47,19.906263736263735,66.8,True,46.104752747252746,Low,Bengaluru,Treatment,0.15,Off-Peak Incentive,0.2,0.2336,True,17,12,0.5862068965517241
CUST03176,Convenience_First,91,33,0.3626373626373626,1721.88,18.921758241758244,62.4,True,46.10299450549451,Low,Ahmedabad,Treatment,0.15,Off-Peak Incentive,0.2,0.2248,False,0,33,0.0
CUST04176,Convenience_First,90,31,0.3444444444444444,3414.89,37.94322222222222,64.7,True,46.09777777777778,Low,Mumbai,Treatment,0.15,Off-Peak Incentive,0.2,0.22940000000000002,False,0,31,0.0
CUST00135,Routine_Commuter,94,30,0.3191489361702128,1646.45,17.515425531914893,65.2,True,46.093457446808515,Low,Bengaluru,Control,0.0,No Incentive,0.35,0.38039999999999996,False,0,30,0.0
CUST00145,Price_Sensitive,87,29,0.3333333333333333,2537.0,29.160919540229884,67.2,True,46.07208333333334,Low,Mumbai,Control,0.0,No Incentive,0.3,0.3344,False,0,29,0.0
CUST05220,Convenience_First,92,29,0.3152173913043478,1991.95,21.65163043478261,66.6,True,46.06494565217392,Low,Jaipur,Treatment,0.15,Off-Peak Incentive,0.2,0.23320000000000002,False,0,29,0.0
CUST03840,Convenience_First,91,30,0.3296703296703296,2692.23,29.584945054945056,65.6,True,46.06431318681319,Low,Ahmedabad,Treatment,0.15,Off-Peak Incentive,0.2,0.23120000000000002,False,0,30,0.0
CUST00229,Convenience_First,93,29,0.3118279569892473,1303.35,14.014516129032256,66.4,True,46.059368279569895,Low,Bengaluru,Control,0.0,No Incentive,0.2,0.23280000000000003,False,0,29,0.0
CUST00352,Convenience_First,90,29,0.3222222222222222,2432.55,27.028333333333336,66.8,True,46.04888888888888,Low,Chandigarh,Control,0.0,No Incentive,0.2,0.2336,False,0,29,0.0
CUST02329,Price_Sensitive,88,29,0.3295454545454545,2310.83,26.259431818181817,67.0,True,46.041818181818186,Low,Pune,Treatment,0.15,Off-Peak Incentive,0.3,0.33399999999999996,False,0,29,0.0
CUST00746,Routine_Commuter,86,33,0.3837209302325581,1141.67,13.275232558139535,62.6,True,46.03758720930232,Low,Chandigarh,Treatment,0.15,Off-Peak Incentive,0.35,0.3752,False,0,33,0.0
CUST06973,Routine_Commuter,95,30,0.3157894736842105,1971.2,20.74947368421053,64.9,True,46.03407894736843,Low,Jaipur,Treatment,0.15,Off-Peak Incentive,0.35,0.37979999999999997,False,0,30,0.0
CUST07734,Convenience_First,93,32,0.3440860215053763,3378.96,36.332903225806454,63.1,True,46.029690860215055,Low,Kolkata,Control,0.0,No Incentive,0.2,0.2262,False,0,32,0.0
CUST01121,Convenience_First,93,28,0.3010752688172043,1091.84,11.74021505376344,67.4,True,46.029260752688174,Low,Pune,Treatment,0.15,Off-Peak Incentive,0.2,0.2348,False,0,28,0.0
CUST07086,Price_Sensitive,91,30,0.3296703296703296,1722.44,18.927912087912087,65.5,True,46.02431318681319,Low,Ahmedabad,Treatment,0.15,Off-Peak Incentive,0.3,0.33099999999999996,False,0,30,0.0
CUST04243,Price_Sensitive,84,33,0.3928571428571428,1476.76,17.58047619047619,62.6,True,46.020535714285714,Low,Delhi NCR,Control,0.0,No Incentive,0.3,0.3252,False,0,33,0.0
CUST07682,Price_Sensitive,86,29,0.3372093023255814,1444.43,16.795697674418605,67.2,True,46.01712209302326,Low,Chennai,Control,0.0,No Incentive,0.3,0.3344,False,0,29,0.0
CUST00629,Price_Sensitive,92,28,0.3043478260869565,1351.69,14.692282608695653,67.5,True,45.99016304347826,Low,Mumbai,Treatment,0.15,Off-Peak Incentive,0.3,0.33499999999999996,False,0,28,0.0
CUST07385,Convenience_First,84,31,0.369047619047619,1870.69,22.270119047619048,64.9,True,45.98815476190477,Low,Lucknow,Treatment,0.15,Off-Peak Incentive,0.2,0.22980000000000003,False,0,31,0.0
CUST06958,Convenience_First,94,29,0.3085106382978723,4123.18,43.86361702127659,66.0,True,45.9879255319149,Low,Ahmedabad,Treatment,0.15,Off-Peak Incentive,0.2,0.232,False,0,29,0.0
CUST02580,Price_Sensitive,91,30,0.3296703296703296,1903.49,20.91747252747253,65.4,True,45.9843131868132,Low,Chandigarh,Control,0.0,No Incentive,0.3,0.3308,False,0,30,0.0
CUST00250,Convenience_First,85,32,0.3764705882352941,2479.3,29.16823529411765,63.7,True,45.98257352941177,Low,Mumbai,Treatment,0.15,Off-Peak Incentive,0.2,0.22740000000000002,True,18,14,0.5625
CUST00022,Price_Sensitive,89,34,0.3820224719101123,2728.72,30.659775280898874,61.1,True,45.97339887640449,Low,Ahmedabad,Control,0.0,No Incentive,0.3,0.3222,False,0,34,0.0
CUST00075,Routine_Commuter,94,33,0.351063829787234,2748.14,29.235531914893617,61.7,True,45.97005319148937,Low,Delhi NCR,Control,0.0,No Incentive,0.35,0.3734,False,0,33,0.0
CUST03617,Price_Sensitive,93,30,0.3225806451612903,976.32,10.498064516129032,65.1,True,45.96947580645161,Low,Lucknow,Control,0.0,No Incentive,0.3,0.3302,False,0,30,0.0
CUST06440,Convenience_First,81,31,0.382716049382716,2945.32,36.36197530864198,64.9,True,45.96239197530864,Low,Chennai,Control,0.0,No Incentive,0.2,0.22980000000000003,False,0,31,0.0
CUST01699,Routine_Commuter,86,34,0.3953488372093023,1729.38,20.109069767441863,61.2,True,45.942703488372096,Low,Delhi NCR,Treatment,0.15,Off-Peak Incentive,0.35,0.3724,False,0,34,0.0
CUST06011,Convenience_First,82,32,0.3902439024390244,2904.49,35.42060975609756,63.6,True,45.94100609756097,Low,Pune,Treatment,0.15,Off-Peak Incentive,0.2,0.2272,False,0,32,0.0
CUST07472,Price_Sensitive,92,30,0.3260869565217391,1904.81,20.70445652173913,65.2,True,45.939728260869565,Low,Chennai,Control,0.0,No Incentive,0.3,0.33039999999999997,False,0,30,0.0
CUST06161,Convenience_First,92,32,0.3478260869565217,2000.28,21.742173913043477,63.0,True,45.929293478260874,Low,Pune,Treatment,0.15,Off-Peak Incentive,0.2,0.226,False,0,32,0.0
CUST01790,Price_Sensitive,88,32,0.3636363636363636,2336.59,26.552159090909093,63.3,True,45.92545454545455,Low,Chennai,Treatment,0.15,Off-Peak Incentive,0.3,0.3266,False,0,32,0.0
CUST07929,Convenience_First,89,32,0.3595505617977528,1824.22,20.49685393258427,63.2,True,45.91452247191011,Low,Hyderabad,Treatment,0.15,Off-Peak Incentive,0.2,0.22640000000000002,False,0,32,0.0
CUST02264,Convenience_First,89,32,0.3595505617977528,1969.92,22.133932584269665,63.2,True,45.91452247191011,Low,Mumbai,Treatment,0.15,Off-Peak Incentive,0.2,0.22640000000000002,False,0,32,0.0
CUST02839,Convenience_First,95,30,0.3157894736842105,2136.3,22.487368421052633,64.6,True,45.914078947368424,Low,Kolkata,Treatment,0.15,Off-Peak Incentive,0.2,0.22920000000000001,False,0,30,0.0
CUST01517,Routine_Commuter,87,29,0.3333333333333333,2162.86,24.860459770114943,66.8,True,45.91208333333333,Low,Chandigarh,Control,0.0,No Incentive,0.35,0.3836,False,0,29,0.0
CUST02243,Price_Sensitive,94,29,0.3085106382978723,2531.77,26.93372340425532,65.8,True,45.9079255319149,Low,Chennai,Control,0.0,No Incentive,0.3,0.3316,False,0,29,0.0
CUST07635,Price_Sensitive,90,33,0.3666666666666666,1717.99,19.08877777777778,62.0,True,45.906666666666666,Low,Delhi NCR,Control,0.0,No Incentive,0.3,0.324,False,0,33,0.0
CUST05444,Price_Sensitive,91,30,0.3296703296703296,2495.44,27.422417582417584,65.2,True,45.90431318681319,Low,Hyderabad,Control,0.0,No Incentive,0.3,0.33039999999999997,False,0,30,0.0
CUST02012,Convenience_First,91,32,0.3516483516483517,3694.48,40.59868131868132,63.0,True,45.90343406593407,Low,Kochi,Treatment,0.15,Off-Peak Incentive,0.2,0.226,False,0,32,0.0
CUST00841,Convenience_First,90,32,0.3555555555555555,2400.68,26.67422222222222,63.1,True,45.90222222222222,Low,Pune,Control,0.0,No Incentive,0.2,0.2262,False,0,32,0.0
CUST07063,Convenience_First,93,29,0.3118279569892473,1782.93,19.17129032258065,66.0,True,45.8993682795699,Low,Bengaluru,Control,0.0,No Incentive,0.2,0.232,False,0,29,0.0
CUST01771,Price_Sensitive,93,29,0.3118279569892473,2909.97,31.29,66.0,True,45.8993682795699,Low,Lucknow,Treatment,0.15,Off-Peak Incentive,0.3,0.33199999999999996,False,0,29,0.0
CUST05973,Convenience_First,90,31,0.3444444444444444,2230.04,24.778222222222222,64.2,True,45.897777777777776,Low,Kolkata,Control,0.0,No Incentive,0.2,0.22840000000000002,False,0,31,0.0
CUST02910,Convenience_First,90,30,0.3333333333333333,2304.28,25.60311111111111,65.3,True,45.89333333333333,Low,Mumbai,Treatment,0.15,Off-Peak Incentive,0.2,0.2306,False,0,30,0.0
CUST03543,Routine_Commuter,86,33,0.3837209302325581,1639.19,19.060348837209304,62.2,True,45.87758720930233,Low,Bengaluru,Treatment,0.15,Off-Peak Incentive,0.35,0.37439999999999996,False,0,33,0.0
CUST05020,Convenience_First,87,33,0.3793103448275862,2421.65,27.83505747126437,62.1,True,45.87116379310345,Low,Jaipur,Treatment,0.15,Off-Peak Incentive,0.2,0.2242,False,0,33,0.0
CUST03973,Convenience_First,94,29,0.3085106382978723,3054.9,32.498936170212765,65.7,True,45.86792553191489,Low,Bengaluru,Treatment,0.15,Off-Peak Incentive,0.2,0.23140000000000002,False,0,29,0.0
CUST04113,Convenience_First,91,30,0.3296703296703296,2561.71,28.15065934065934,65.1,True,45.86431318681319,Low,Bengaluru,Treatment,0.15,Off-Peak Incentive,0.2,0.23020000000000002,False,0,30,0.0
CUST01718,Routine_Commuter,91,33,0.3626373626373626,2300.65,25.281868131868137,61.8,True,45.862994505494505,Low,Pune,Control,0.0,No Incentive,0.35,0.3736,False,0,33,0.0
CUST02793,Convenience_First,96,30,0.3125,3070.75,31.986979166666668,64.3,True,45.855,Low,Jaipur,Control,0.0,No Incentive,0.2,0.2286,False,0,30,0.0
CUST02721,Convenience_First,92,31,0.3369565217391304,2107.06,22.90282608695652,63.9,True,45.854510869565225,Low,Bengaluru,Treatment,0.15,Off-Peak Incentive,0.2,0.2278,False,0,31,0.0
CUST06043,Routine_Commuter,87,32,0.367816091954023,1587.15,18.243103448275864,63.2,True,45.85139367816092,Low,Kolkata,Control,0.0,No Incentive,0.35,0.37639999999999996,False,0,32,0.0
CUST04782,Price_Sensitive,85,29,0.3411764705882353,1690.47,19.887882352941176,66.9,True,45.85080882352942,Low,Ahmedabad,Treatment,0.15,Off-Peak Incentive,0.3,0.3338,True,17,12,0.5862068965517241
CUST02859,Convenience_First,94,33,0.351063829787234,2112.55,22.473936170212767,61.4,True,45.850053191489366,Low,Ahmedabad,Control,0.0,No Incentive,0.2,0.2228,False,0,33,0.0
CUST04518,Price_Sensitive,90,29,0.3222222222222222,2094.57,23.273000000000003,66.3,True,45.848888888888894,Low,Mumbai,Treatment,0.15,Off-Peak Incentive,0.3,0.3326,False,0,29,0.0
CUST07877,Routine_Commuter,88,29,0.3295454545454545,2674.4,30.39090909090909,66.5,True,45.841818181818184,Low,Lucknow,Treatment,0.15,Off-Peak Incentive,0.35,0.383,True,17,12,0.5862068965517241
CUST00778,Convenience_First,93,31,0.3333333333333333,2307.31,24.80978494623656,63.7,True,45.83958333333334,Low,Chandigarh,Control,0.0,No Incentive,0.2,0.22740000000000002,False,0,31,0.0
CUST00857,Price_Sensitive,89,28,0.3146067415730337,3231.67,36.310898876404494,67.5,True,45.83676966292135,Low,Hyderabad,Control,0.0,No Incentive,0.3,0.33499999999999996,False,0,28,0.0
CUST02248,Price_Sensitive,87,29,0.3333333333333333,2411.72,27.72091954022988,66.6,True,45.83208333333333,Low,Mumbai,Control,0.0,No Incentive,0.3,0.3332,False,0,29,0.0
CUST01524,Price_Sensitive,87,29,0.3333333333333333,2142.5,24.626436781609197,66.6,True,45.83208333333333,Low,Delhi NCR,Control,0.0,No Incentive,0.3,0.3332,False,0,29,0.0
CUST00359,Routine_Commuter,87,33,0.3793103448275862,2507.56,28.822528735632183,62.0,True,45.83116379310345,Low,Delhi NCR,Control,0.0,No Incentive,0.35,0.374,False,0,33,0.0
CUST07484,Price_Sensitive,92,28,0.3043478260869565,1779.31,19.34032608695652,67.1,True,45.830163043478265,Low,Pune,Treatment,0.15,Off-Peak Incentive,0.3,0.3342,False,0,28,0.0
CUST06883,Price_Sensitive,91,30,0.3296703296703296,1576.76,17.327032967032967,65.0,True,45.824313186813185,Low,Mumbai,Treatment,0.15,Off-Peak Incentive,0.3,0.32999999999999996,False,0,30,0.0
CUST01980,Routine_Commuter,91,33,0.3626373626373626,1933.74,21.24989010989011,61.7,True,45.82299450549451,Low,Bengaluru,Treatment,0.15,Off-Peak Incentive,0.35,0.3734,False,0,33,0.0
CUST06787,Price_Sensitive,92,30,0.3260869565217391,1937.65,21.06141304347826,64.9,True,45.819728260869574,Low,Pune,Treatment,0.15,Off-Peak Incentive,0.3,0.3298,False,0,30,0.0
CUST05524,Convenience_First,93,29,0.3118279569892473,2944.25,31.658602150537636,65.8,True,45.8193682795699,Low,Pune,Treatment,0.15,Off-Peak Incentive,0.2,0.2316,False,0,29,0.0
CUST07511,Routine_Commuter,95,31,0.3263157894736842,2478.78,26.092421052631583,63.3,True,45.81513157894737,Low,Kolkata,Treatment,0.15,Off-Peak Incentive,0.35,0.3766,False,0,31,0.0
CUST07126,Convenience_First,92,31,0.3369565217391304,2070.44,22.504782608695653,63.8,True,45.81451086956522,Low,Chandigarh,Treatment,0.15,Off-Peak Incentive,0.2,0.22760000000000002,True,18,13,0.5806451612903226
CUST06858,Convenience_First,94,31,0.3297872340425531,2640.39,28.089255319148936,63.4,True,45.79898936170213,Low,Chennai,Control,0.0,No Incentive,0.2,0.2268,False,0,31,0.0
CUST05362,Price_Sensitive,93,28,0.3010752688172043,1859.58,19.995483870967742,66.8,True,45.78926075268818,Low,Mumbai,Treatment,0.15,Off-Peak Incentive,0.3,0.3336,False,0,28,0.0
CUST02041,Convenience_First,81,30,0.3703703703703703,2649.75,32.71296296296296,65.7,True,45.78856481481481,Low,Ahmedabad,Control,0.0,No Incentive,0.2,0.23140000000000002,False,0,30,0.0
CUST06275,Price_Sensitive,91,29,0.3186813186813186,1616.76,17.766593406593408,66.0,True,45.78475274725275,Low,Ahmedabad,Control,0.0,No Incentive,0.3,0.33199999999999996,False,0,29,0.0
CUST04286,Price_Sensitive,91,32,0.3516483516483517,918.16,10.08967032967033,62.7,True,45.783434065934074,Low,Chennai,Treatment,0.15,Off-Peak Incentive,0.3,0.3254,False,0,32,0.0
CUST05277,Convenience_First,87,28,0.3218390804597701,2320.66,26.674252873563216,67.6,True,45.772313218390806,Low,Mumbai,Treatment,0.15,Off-Peak Incentive,0.2,0.2352,False,0,28,0.0
CUST06338,Routine_Commuter,86,30,0.3488372093023256,2377.18,27.64162790697674,65.4,True,45.76223837209303,Low,Hyderabad,Control,0.0,No Incentive,0.35,0.38079999999999997,False,0,30,0.0
CUST00187,Routine_Commuter,89,28,0.3146067415730337,1363.99,15.325730337078651,67.3,True,45.75676966292135,Low,Mumbai,Control,0.0,No Incentive,0.35,0.38459999999999994,False,0,28,0.0
CUST06708,Convenience_First,89,28,0.3146067415730337,3339.4,37.52134831460674,67.3,True,45.75676966292135,Low,Ahmedabad,Treatment,0.15,Off-Peak Incentive,0.2,0.2346,True,16,12,0.5714285714285714
CUST03800,Convenience_First,91,32,0.3516483516483517,1697.09,18.64934065934066,62.6,True,45.743434065934075,Low,Hyderabad,Treatment,0.15,Off-Peak Incentive,0.2,0.2252,False,0,32,0.0
CUST05748,Convenience_First,85,32,0.3764705882352941,2362.16,27.79011764705882,63.1,True,45.74257352941177,Low,Hyderabad,Control,0.0,No Incentive,0.2,0.2262,False,0,32,0.0
CUST05798,Routine_Commuter,93,29,0.3118279569892473,1295.75,13.932795698924732,65.6,True,45.73936827956989,Low,Bengaluru,Control,0.0,No Incentive,0.35,0.3812,False,0,29,0.0
CUST01685,Convenience_First,94,31,0.3297872340425531,2682.87,28.541170212765955,63.2,True,45.71898936170213,Low,Kolkata,Treatment,0.15,Off-Peak Incentive,0.2,0.22640000000000002,False,0,31,0.0
CUST04263,Convenience_First,87,29,0.3333333333333333,2172.19,24.967701149425288,66.3,True,45.71208333333333,Low,Hyderabad,Treatment,0.15,Off-Peak Incentive,0.2,0.2326,False,0,29,0.0
CUST02537,Price_Sensitive,90,33,0.3666666666666666,2132.45,23.693888888888885,61.5,True,45.70666666666666,Low,Kochi,Control,0.0,No Incentive,0.3,0.323,False,0,33,0.0
CUST07897,Convenience_First,85,32,0.3764705882352941,1584.23,18.638,63.0,True,45.70257352941177,Low,Hyderabad,Treatment,0.15,Off-Peak Incentive,0.2,0.226,True,18,14,0.5625
CUST06977,Routine_Commuter,92,30,0.3260869565217391,2427.69,26.387934782608696,64.6,True,45.69972826086957,Low,Bengaluru,Control,0.0,No Incentive,0.35,0.3792,False,0,30,0.0
CUST07779,Price_Sensitive,89,30,0.3370786516853932,2098.08,23.573932584269663,64.9,True,45.69564606741573,Low,Chennai,Treatment,0.15,Off-Peak Incentive,0.3,0.3298,False,0,30,0.0
CUST03867,Convenience_First,86,32,0.3720930232558139,2914.24,33.88651162790698,62.9,True,45.69247093023255,Low,Delhi NCR,Control,0.0,No Incentive,0.2,0.2258,False,0,32,0.0
CUST02692,Price_Sensitive,89,29,0.3258426966292135,2464.33,27.689101123595503,66.0,True,45.68620786516854,Low,Chandigarh,Treatment,0.15,Off-Peak Incentive,0.3,0.33199999999999996,False,0,29,0.0
CUST04197,Price_Sensitive,88,32,0.3636363636363636,2406.94,27.35159090909091,62.7,True,45.68545454545455,Low,Lucknow,Treatment,0.15,Off-Peak Incentive,0.3,0.3254,True,18,14,0.5625
CUST04922,Price_Sensitive,88,29,0.3295454545454545,1731.02,19.67068181818182,66.1,True,45.68181818181818,Low,Delhi NCR,Control,0.0,No Incentive,0.3,0.3322,False,0,29,0.0
CUST03793,Routine_Commuter,84,30,0.3571428571428571,2506.07,29.83416666666667,65.3,True,45.67196428571428,Low,Chennai,Treatment,0.15,Off-Peak Incentive,0.35,0.3806,True,17,13,0.5666666666666667
CUST05551,Routine_Commuter,87,31,0.3563218390804598,2084.41,23.958735632183902,63.9,True,45.6716235632184,Low,Hyderabad,Control,0.0,No Incentive,0.35,0.37779999999999997,False,0,31,0.0
CUST00547,Price_Sensitive,93,28,0.3010752688172043,2536.32,27.27225806451613,66.5,True,45.669260752688174,Low,Kolkata,Treatment,0.15,Off-Peak Incentive,0.3,0.33299999999999996,True,16,12,0.5714285714285714
CUST05510,Convenience_First,91,28,0.3076923076923077,2167.86,23.82263736263737,66.8,True,45.66519230769231,Low,Mumbai,Control,0.0,No Incentive,0.2,0.2336,False,0,28,0.0
CUST01138,Convenience_First,91,31,0.3406593406593406,1421.49,15.62076923076923,63.5,True,45.66387362637363,Low,Bengaluru,Control,0.0,No Incentive,0.2,0.227,False,0,31,0.0
CUST05886,Price_Sensitive,90,31,0.3444444444444444,1652.85,18.365,63.6,True,45.65777777777778,Low,Jaipur,Control,0.0,No Incentive,0.3,0.3272,False,0,31,0.0
CUST05764,Convenience_First,89,30,0.3370786516853932,2095.72,23.547415730337075,64.8,True,45.65564606741573,Low,Kolkata,Treatment,0.15,Off-Peak Incentive,0.2,0.2296,False,0,30,0.0
CUST02673,Price_Sensitive,90,28,0.3111111111111111,1795.69,19.952111111111112,66.9,True,45.644444444444446,Low,Jaipur,Control,0.0,No Incentive,0.3,0.3338,False,0,28,0.0
CUST04924,Convenience_First,88,31,0.3522727272727273,2028.82,23.054772727272727,63.7,True,45.6309090909091,Low,Chennai,Control,0.0,No Incentive,0.2,0.22740000000000002,False,0,31,0.0
CUST00394,Convenience_First,91,33,0.3626373626373626,2892.68,31.787692307692307,61.2,True,45.62299450549451,Low,Pune,Control,0.0,No Incentive,0.2,0.22240000000000001,False,0,33,0.0
CUST05290,Price_Sensitive,87,28,0.3218390804597701,1050.09,12.07,67.2,True,45.61231321839081,Low,Delhi NCR,Treatment,0.15,Off-Peak Incentive,0.3,0.3344,True,16,12,0.5714285714285714
CUST07366,Convenience_First,87,28,0.3218390804597701,1802.57,20.71919540229885,67.2,True,45.61231321839081,Low,Delhi NCR,Treatment,0.15,Off-Peak Incentive,0.2,0.23440000000000003,False,0,28,0.0
CUST06736,Routine_Commuter,89,29,0.3258426966292135,2692.74,30.255505617977526,65.8,True,45.60620786516854,Low,Kochi,Treatment,0.15,Off-Peak Incentive,0.35,0.3816,False,0,29,0.0
CUST07127,Price_Sensitive,84,27,0.3214285714285714,2289.08,27.25095238095238,68.7,True,45.60339285714286,Low,Mumbai,Control,0.0,No Incentive,0.3,0.3374,False,0,27,0.0
CUST02130,Price_Sensitive,85,30,0.3529411764705882,2236.02,26.306117647058823,65.1,True,45.60139705882353,Low,Mumbai,Control,0.0,No Incentive,0.3,0.3302,False,0,30,0.0
CUST03576,Price_Sensitive,90,27,0.3,2136.12,23.734666666666666,67.9,True,45.60000000000001,Low,Kolkata,Treatment,0.15,Off-Peak Incentive,0.3,0.3358,False,0,27,0.0
CUST05877,Price_Sensitive,87,29,0.3333333333333333,2684.99,30.861954022988503,66.0,True,45.592083333333335,Low,Delhi NCR,Control,0.0,No Incentive,0.3,0.33199999999999996,False,0,29,0.0
CUST01628,Routine_Commuter,88,31,0.3522727272727273,2670.46,30.346136363636365,63.6,True,45.59090909090909,Low,Mumbai,Control,0.0,No Incentive,0.35,0.3772,False,0,31,0.0
CUST04844,Price_Sensitive,91,28,0.3076923076923077,1738.92,19.10901098901099,66.6,True,45.58519230769231,Low,Kolkata,Treatment,0.15,Off-Peak Incentive,0.3,0.3332,False,0,28,0.0
CUST06343,Convenience_First,81,32,0.3950617283950617,2047.81,25.28160493827161,62.7,True,45.57621913580247,Low,Kolkata,Treatment,0.15,Off-Peak Incentive,0.2,0.22540000000000002,False,0,32,0.0
CUST06278,Convenience_First,86,32,0.3720930232558139,2820.87,32.80081395348837,62.6,True,45.57247093023256,Low,Mumbai,Control,0.0,No Incentive,0.2,0.2252,False,0,32,0.0
CUST01404,Price_Sensitive,82,30,0.3658536585365853,2203.28,26.86926829268293,65.1,True,45.56539634146341,Low,Chandigarh,Control,0.0,No Incentive,0.3,0.3302,False,0,30,0.0
CUST01641,Routine_Commuter,88,29,0.3295454545454545,2031.88,23.089545454545455,65.8,True,45.56181818181818,Low,Pune,Treatment,0.15,Off-Peak Incentive,0.35,0.3816,True,17,12,0.5862068965517241
CUST04394,Convenience_First,82,34,0.4146341463414634,2504.61,30.544024390243905,60.2,True,45.55661585365854,Low,Kolkata,Control,0.0,No Incentive,0.2,0.2204,False,0,34,0.0
CUST05258,Routine_Commuter,87,31,0.3563218390804598,3256.02,37.42551724137931,63.6,True,45.5516235632184,Low,Chandigarh,Control,0.0,No Incentive,0.35,0.3772,False,0,31,0.0
CUST04134,Price_Sensitive,88,31,0.3522727272727273,1707.89,19.40784090909091,63.5,True,45.550909090909094,Low,Delhi NCR,Control,0.0,No Incentive,0.3,0.327,False,0,31,0.0
CUST04993,Convenience_First,92,28,0.3043478260869565,2733.92,29.716521739130435,66.4,True,45.550163043478264,Low,Chandigarh,Control,0.0,No Incentive,0.2,0.23280000000000003,False,0,28,0.0
CUST01277,Price_Sensitive,85,27,0.3176470588235294,2889.65,33.99588235294118,68.5,True,45.54963235294118,Low,Kochi,Control,0.0,No Incentive,0.3,0.33699999999999997,False,0,27,0.0
CUST05847,Convenience_First,88,28,0.3181818181818182,1448.63,16.46170454545455,66.9,True,45.547272727272734,Low,Delhi NCR,Control,0.0,No Incentive,0.2,0.23380000000000004,False,0,28,0.0
CUST00182,Price_Sensitive,91,32,0.3516483516483517,1719.38,18.89428571428571,62.1,True,45.54343406593407,Low,Ahmedabad,Treatment,0.15,Off-Peak Incentive,0.3,0.3242,False,0,32,0.0
CUST07270,Price_Sensitive,85,32,0.3764705882352941,1999.8,23.527058823529412,62.6,True,45.54257352941177,Low,Hyderabad,Control,0.0,No Incentive,0.3,0.3252,False,0,32,0.0
CUST05909,Routine_Commuter,89,30,0.3370786516853932,2667.7,29.974157303370784,64.5,True,45.535646067415726,Low,Delhi NCR,Treatment,0.15,Off-Peak Incentive,0.35,0.379,True,17,13,0.5666666666666667
CUST00546,Price_Sensitive,87,28,0.3218390804597701,1757.18,20.197471264367817,67.0,True,45.53231321839081,Low,Jaipur,Control,0.0,No Incentive,0.3,0.33399999999999996,False,0,28,0.0
CUST04458,Price_Sensitive,90,28,0.3111111111111111,2295.13,25.501444444444445,66.6,True,45.52444444444444,Low,Delhi NCR,Treatment,0.15,Off-Peak Incentive,0.3,0.3332,True,16,12,0.5714285714285714
CUST02093,Routine_Commuter,81,34,0.419753086419753,1444.86,17.837777777777777,60.1,True,45.52387345679013,Low,Chandigarh,Control,0.0,No Incentive,0.35,0.3702,False,0,34,0.0
CUST03604,Price_Sensitive,86,33,0.3837209302325581,1244.38,14.469534883720932,61.3,True,45.51758720930233,Low,Lucknow,Treatment,0.15,Off-Peak Incentive,0.3,0.3226,False,0,33,0.0
CUST05269,Routine_Commuter,89,32,0.3595505617977528,1755.89,19.729101123595505,62.2,True,45.51452247191011,Low,Pune,Treatment,0.15,Off-Peak Incentive,0.35,0.37439999999999996,True,18,14,0.5625
CUST06455,Price_Sensitive,87,33,0.3793103448275862,2704.32,31.084137931034483,61.2,True,45.51116379310345,Low,Hyderabad,Treatment,0.15,Off-Peak Incentive,0.3,0.3224,True,18,15,0.5454545454545454
CUST06836,Price_Sensitive,92,28,0.3043478260869565,1714.21,18.632717391304347,66.3,True,45.510163043478265,Low,Pune,Control,0.0,No Incentive,0.3,0.3326,False,0,28,0.0
CUST03770,Convenience_First,83,33,0.3975903614457831,1474.8,17.76867469879518,61.3,True,45.50736445783132,Low,Chennai,Control,0.0,No Incentive,0.2,0.22260000000000002,False,0,33,0.0
CUST07631,Routine_Commuter,91,30,0.3296703296703296,3099.83,34.06406593406593,64.2,True,45.50431318681319,Low,Jaipur,Treatment,0.15,Off-Peak Incentive,0.35,0.37839999999999996,False,0,30,0.0
CUST04706,Convenience_First,84,33,0.3928571428571428,3847.73,45.80630952380952,61.3,True,45.50053571428571,Low,Mumbai,Control,0.0,No Incentive,0.2,0.22260000000000002,False,0,33,0.0
CUST01272,Routine_Commuter,90,31,0.3444444444444444,1458.28,16.20311111111111,63.2,True,45.49777777777777,Low,Bengaluru,Control,0.0,No Incentive,0.35,0.37639999999999996,False,0,31,0.0
CUST04605,Convenience_First,86,28,0.3255813953488372,3490.0,40.58139534883721,67.0,True,45.47200581395349,Low,Pune,Treatment,0.15,Off-Peak Incentive,0.2,0.234,False,0,28,0.0
CUST04412,Price_Sensitive,88,28,0.3181818181818182,1784.04,20.27318181818182,66.7,True,45.46727272727273,Low,Hyderabad,Control,0.0,No Incentive,0.3,0.3334,False,0,28,0.0
CUST00814,Price_Sensitive,91,28,0.3076923076923077,1420.8,15.613186813186813,66.3,True,45.46519230769231,Low,Hyderabad,Treatment,0.15,Off-Peak Incentive,0.3,0.3326,True,16,12,0.5714285714285714
CUST07156,Convenience_First,92,29,0.3152173913043478,2867.99,31.17380434782609,65.1,True,45.46494565217392,Low,Ahmedabad,Treatment,0.15,Off-Peak Incentive,0.2,0.23020000000000002,False,0,29,0.0
CUST07991,Convenience_First,95,29,0.3052631578947368,1968.78,20.724,64.5,True,45.45302631578948,Low,Chennai,Control,0.0,No Incentive,0.2,0.229,False,0,29,0.0
CUST04653,Price_Sensitive,89,29,0.3258426966292135,1760.81,19.78438202247191,65.4,True,45.446207865168546,Low,Kolkata,Treatment,0.15,Off-Peak Incentive,0.3,0.3308,False,0,29,0.0
CUST04422,Price_Sensitive,85,30,0.3529411764705882,1680.25,19.76764705882353,64.7,True,45.44139705882353,Low,Pune,Control,0.0,No Incentive,0.3,0.32939999999999997,False,0,30,0.0
CUST03027,Convenience_First,86,33,0.3837209302325581,2260.93,26.28988372093023,61.1,True,45.43758720930233,Low,Jaipur,Control,0.0,No Incentive,0.2,0.2222,False,0,33,0.0
CUST02464,Price_Sensitive,79,29,0.3670886075949367,1453.42,18.397721518987343,66.1,True,45.43479430379747,Low,Chandigarh,Control,0.0,No Incentive,0.3,0.3322,False,0,29,0.0
CUST04659,Price_Sensitive,87,29,0.3333333333333333,1788.4,20.55632183908046,65.6,True,45.43208333333333,Low,Bengaluru,Control,0.0,No Incentive,0.3,0.3312,False,0,29,0.0
CUST06005,Price_Sensitive,86,28,0.3255813953488372,2372.74,27.589999999999996,66.9,True,45.43200581395349,Low,Chennai,Control,0.0,No Incentive,0.3,0.3338,False,0,28,0.0
CUST07171,Convenience_First,89,27,0.3033707865168539,2165.23,24.328426966292135,67.6,True,45.427331460674154,Low,Pune,Control,0.0,No Incentive,0.2,0.2352,False,0,27,0.0
CUST02213,Convenience_First,88,28,0.3181818181818182,2492.64,28.325454545454544,66.6,True,45.42727272727273,Low,Chandigarh,Treatment,0.15,Off-Peak Incentive,0.2,0.23320000000000002,False,0,28,0.0
CUST05527,Routine_Commuter,85,32,0.3764705882352941,1888.94,22.22282352941177,62.3,True,45.42257352941177,Low,Ahmedabad,Treatment,0.15,Off-Peak Incentive,0.35,0.3746,True,18,14,0.5625
CUST05815,Routine_Commuter,88,30,0.3409090909090909,3003.16,34.12681818181818,64.3,True,45.416363636363634,Low,Hyderabad,Control,0.0,No Incentive,0.35,0.3786,False,0,30,0.0
CUST06721,Price_Sensitive,88,27,0.3068181818181818,1917.74,21.7925,67.7,True,45.41272727272728,Low,Mumbai,Treatment,0.15,Off-Peak Incentive,0.3,0.3354,False,0,27,0.0
CUST01979,Convenience_First,86,32,0.3720930232558139,1796.76,20.892558139534884,62.2,True,45.41247093023256,Low,Delhi NCR,Treatment,0.15,Off-Peak Incentive,0.2,0.22440000000000002,False,0,32,0.0
CUST04387,Convenience_First,89,29,0.3258426966292135,2519.64,28.310561797752808,65.3,True,45.40620786516854,Low,Mumbai,Treatment,0.15,Off-Peak Incentive,0.2,0.2306,True,17,12,0.5862068965517241
CUST02841,Routine_Commuter,89,28,0.3146067415730337,1897.87,21.32438202247191,66.4,True,45.39676966292135,Low,Ahmedabad,Control,0.0,No Incentive,0.35,0.3828,False,0,28,0.0
CUST04210,Routine_Commuter,87,27,0.3103448275862069,2461.26,28.29034482758621,67.8,True,45.39254310344827,Low,Jaipur,Treatment,0.15,Off-Peak Incentive,0.35,0.38559999999999994,True,16,11,0.5925925925925926
CUST07327,Price_Sensitive,87,31,0.3563218390804598,1766.12,20.300229885057473,63.2,True,45.3916235632184,Low,Kochi,Treatment,0.15,Off-Peak Incentive,0.3,0.3264,True,18,13,0.5806451612903226
CUST07927,Routine_Commuter,86,31,0.3604651162790697,1933.28,22.48,63.3,True,45.38735465116279,Low,Lucknow,Treatment,0.15,Off-Peak Incentive,0.35,0.3766,False,0,31,0.0
CUST01931,Price_Sensitive,88,28,0.3181818181818182,1148.29,13.04875,66.5,True,45.38727272727273,Low,Bengaluru,Treatment,0.15,Off-Peak Incentive,0.3,0.33299999999999996,True,16,12,0.5714285714285714
CUST06006,Convenience_First,83,30,0.3614457831325301,2237.08,26.95277108433735,64.6,True,45.381581325301205,Low,Bengaluru,Control,0.0,No Incentive,0.2,0.22920000000000001,False,0,30,0.0
CUST02954,Convenience_First,88,29,0.3295454545454545,1262.88,14.350909090909092,65.3,True,45.36181818181818,Low,Chennai,Treatment,0.15,Off-Peak Incentive,0.2,0.2306,False,0,29,0.0
CUST06929,Price_Sensitive,85,30,0.3529411764705882,1893.77,22.279647058823528,64.5,True,45.361397058823535,Low,Delhi NCR,Control,0.0,No Incentive,0.3,0.32899999999999996,False,0,30,0.0
CUST06520,Convenience_First,84,28,0.3333333333333333,2850.55,33.93511904761905,66.9,True,45.35958333333333,Low,Delhi NCR,Control,0.0,No Incentive,0.2,0.23380000000000004,False,0,28,0.0
CUST04076,Routine_Commuter,89,32,0.3595505617977528,2231.51,25.07314606741573,61.8,True,45.35452247191011,Low,Mumbai,Treatment,0.15,Off-Peak Incentive,0.35,0.3736,False,0,32,0.0
CUST04756,Routine_Commuter,83,32,0.3855421686746988,1903.51,22.933855421686747,62.1,True,45.34543674698796,Low,Ahmedabad,Control,0.0,No Incentive,0.35,0.3742,False,0,32,0.0
CUST03429,Routine_Commuter,92,29,0.3152173913043478,1902.44,20.67869565217391,64.8,True,45.34494565217392,Low,Mumbai,Control,0.0,No Incentive,0.35,0.3796,False,0,29,0.0
CUST04470,Routine_Commuter,84,32,0.3809523809523809,2220.97,26.44011904761905,62.1,True,45.34434523809524,Low,Delhi NCR,Control,0.0,No Incentive,0.35,0.3742,False,0,32,0.0
CUST01805,Routine_Commuter,83,31,0.3734939759036144,1882.72,22.683373493975903,63.3,True,45.34350903614458,Low,Chennai,Treatment,0.15,Off-Peak Incentive,0.35,0.3766,True,18,13,0.5806451612903226
CUST03222,Convenience_First,83,30,0.3614457831325301,1625.51,19.584457831325302,64.5,True,45.34158132530121,Low,Jaipur,Treatment,0.15,Off-Peak Incentive,0.2,0.229,False,0,30,0.0
CUST02999,Routine_Commuter,88,33,0.375,2453.2,27.877272727272725,60.7,True,45.34,Low,Delhi NCR,Control,0.0,No Incentive,0.35,0.3714,False,0,33,0.0
CUST03475,Convenience_First,87,28,0.3218390804597701,2905.12,33.39218390804598,66.5,True,45.33231321839081,Low,Kolkata,Control,0.0,No Incentive,0.2,0.233,False,0,28,0.0
CUST01372,Convenience_First,87,30,0.3448275862068966,2271.4,26.108045977011496,64.2,True,45.331853448275865,Low,Lucknow,Control,0.0,No Incentive,0.2,0.22840000000000002,False,0,30,0.0
CUST07660,Convenience_First,90,29,0.3222222222222222,3024.24,33.60266666666667,65.0,True,45.32888888888888,Low,Kolkata,Control,0.0,No Incentive,0.2,0.23,False,0,29,0.0
CUST00471,Routine_Commuter,86,27,0.313953488372093,1546.21,17.97918604651163,67.8,True,45.326889534883726,Low,Bengaluru,Treatment,0.15,Off-Peak Incentive,0.35,0.38559999999999994,True,16,11,0.5925925925925926
CUST07772,Price_Sensitive,88,28,0.3181818181818182,1765.49,20.062386363636364,66.3,True,45.30727272727273,Low,Chennai,Control,0.0,No Incentive,0.3,0.3326,False,0,28,0.0
CUST00738,Convenience_First,83,31,0.3734939759036144,1645.89,19.83,63.2,True,45.30350903614458,Low,Chennai,Treatment,0.15,Off-Peak Incentive,0.2,0.22640000000000002,True,18,13,0.5806451612903226
CUST02360,Convenience_First,85,32,0.3764705882352941,2393.05,28.15352941176471,62.0,True,45.30257352941177,Low,Kolkata,Control,0.0,No Incentive,0.2,0.224,False,0,32,0.0
CUST01662,Price_Sensitive,92,30,0.3260869565217391,2191.08,23.816086956521737,63.6,True,45.29972826086957,Low,Kolkata,Treatment,0.15,Off-Peak Incentive,0.3,0.3272,False,0,30,0.0
CUST02295,Convenience_First,90,29,0.3222222222222222,2345.38,26.05977777777778,64.9,True,45.28888888888889,Low,Mumbai,Treatment,0.15,Off-Peak Incentive,0.2,0.22980000000000003,False,0,29,0.0
CUST02972,Price_Sensitive,80,31,0.3875,1574.18,19.67725,63.2,True,45.27375,Low,Delhi NCR,Control,0.0,No Incentive,0.3,0.3264,False,0,31,0.0
CUST04714,Convenience_First,84,30,0.3571428571428571,1188.96,14.154285714285717,64.3,True,45.27196428571428,Low,Mumbai,Control,0.0,No Incentive,0.2,0.2286,False,0,30,0.0
CUST07685,Routine_Commuter,91,28,0.3076923076923077,1429.8,15.712087912087911,65.8,True,45.26519230769231,Low,Chandigarh,Control,0.0,No Incentive,0.35,0.3816,False,0,28,0.0
CUST00809,Convenience_First,91,29,0.3186813186813186,2495.85,27.426923076923075,64.7,True,45.26475274725275,Low,Bengaluru,Treatment,0.15,Off-Peak Incentive,0.2,0.22940000000000002,False,0,29,0.0
CUST07804,Routine_Commuter,83,31,0.3734939759036144,2052.3,24.726506024096388,63.1,True,45.26350903614458,Low,Hyderabad,Treatment,0.15,Off-Peak Incentive,0.35,0.3762,False,0,31,0.0
CUST07943,Price_Sensitive,88,30,0.3409090909090909,2289.63,26.018522727272728,63.9,True,45.25636363636364,Low,Delhi NCR,Control,0.0,No Incentive,0.3,0.3278,False,0,30,0.0
CUST06628,Convenience_First,90,30,0.3333333333333333,1822.64,20.251555555555555,63.7,True,45.25333333333333,Low,Lucknow,Treatment,0.15,Off-Peak Incentive,0.2,0.22740000000000002,True,17,13,0.5666666666666667
CUST04567,Convenience_First,88,29,0.3295454545454545,2494.93,28.35147727272727,65.0,True,45.24181818181818,Low,Ahmedabad,Treatment,0.15,Off-Peak Incentive,0.2,0.23,False,0,29,0.0
CUST01313,Price_Sensitive,87,29,0.3333333333333333,1691.72,19.445057471264366,65.1,True,45.232083333333335,Low,Pune,Control,0.0,No Incentive,0.3,0.3302,False,0,29,0.0
CUST01063,Convenience_First,86,28,0.3255813953488372,1643.47,19.110116279069768,66.4,True,45.232005813953485,Low,Mumbai,Treatment,0.15,Off-Peak Incentive,0.2,0.23280000000000003,True,16,12,0.5714285714285714
CUST07948,Price_Sensitive,89,27,0.3033707865168539,2389.34,26.846516853932584,67.1,True,45.22733146067415,Low,Chandigarh,Control,0.0,No Incentive,0.3,0.3342,False,0,27,0.0
CUST05874,Price_Sensitive,82,31,0.3780487804878049,1363.19,16.624268292682927,63.0,True,45.2132012195122,Low,Bengaluru,Treatment,0.15,Off-Peak Incentive,0.3,0.326,False,0,31,0.0
CUST03515,Price_Sensitive,88,27,0.3068181818181818,2918.98,33.170227272727274,67.2,True,45.21272727272728,Low,Ahmedabad,Control,0.0,No Incentive,0.3,0.3344,False,0,27,0.0
CUST05450,Price_Sensitive,90,28,0.3111111111111111,1796.84,19.964888888888886,65.8,True,45.20444444444445,Low,Hyderabad,Control,0.0,No Incentive,0.3,0.3316,False,0,28,0.0
CUST06857,Convenience_First,87,31,0.3563218390804598,2607.65,29.97298850574713,62.7,True,45.1916235632184,Low,Bengaluru,Control,0.0,No Incentive,0.2,0.22540000000000002,False,0,31,0.0
CUST02817,Convenience_First,91,28,0.3076923076923077,1805.46,19.84021978021978,65.6,True,45.18519230769231,Low,Ahmedabad,Control,0.0,No Incentive,0.2,0.23120000000000002,False,0,28,0.0
CUST02907,Routine_Commuter,80,32,0.4,3239.99,40.499875,61.7,True,45.173750000000005,Low,Delhi NCR,Treatment,0.15,Off-Peak Incentive,0.35,0.3734,False,0,32,0.0
CUST02112,Price_Sensitive,88,27,0.3068181818181818,2403.27,27.30988636363636,67.1,True,45.17272727272727,Low,Kochi,Control,0.0,No Incentive,0.3,0.3342,False,0,27,0.0
CUST04280,Routine_Commuter,88,27,0.3068181818181818,2307.28,26.219090909090912,67.1,True,45.17272727272727,Low,Ahmedabad,Control,0.0,No Incentive,0.35,0.3842,False,0,27,0.0
CUST07783,Convenience_First,88,27,0.3068181818181818,1746.33,19.84465909090909,67.1,True,45.17272727272727,Low,Chennai,Control,0.0,No Incentive,0.2,0.2342,False,0,27,0.0
CUST07296,Convenience_First,90,29,0.3222222222222222,2424.38,26.937555555555555,64.6,True,45.16888888888889,Low,Bengaluru,Control,0.0,No Incentive,0.2,0.22920000000000001,False,0,29,0.0
CUST07451,Convenience_First,86,27,0.313953488372093,1325.5,15.41279069767442,67.4,True,45.16688953488373,Low,Kochi,Control,0.0,No Incentive,0.2,0.2348,False,0,27,0.0
CUST01329,Convenience_First,88,28,0.3181818181818182,1981.52,22.51727272727273,65.9,True,45.147272727272735,Low,Chennai,Control,0.0,No Incentive,0.2,0.23180000000000003,False,0,28,0.0
CUST02983,Price_Sensitive,86,26,0.3023255813953488,1501.72,17.461860465116278,68.5,True,45.14177325581395,Low,Hyderabad,Control,0.0,No Incentive,0.3,0.33699999999999997,False,0,26,0.0
CUST02992,Routine_Commuter,82,31,0.3780487804878049,2924.88,35.66926829268293,62.8,True,45.133201219512195,Low,Hyderabad,Treatment,0.15,Off-Peak Incentive,0.35,0.3756,True,17,14,0.5483870967741935
CUST05841,Convenience_First,85,29,0.3411764705882353,2780.25,32.70882352941177,65.1,True,45.130808823529414,Low,Pune,Treatment,0.15,Off-Peak Incentive,0.2,0.23020000000000002,False,0,29,0.0
CUST02428,Convenience_First,86,27,0.313953488372093,1777.69,20.670813953488373,67.3,True,45.12688953488372,Low,Ahmedabad,Control,0.0,No Incentive,0.2,0.2346,False,0,27,0.0
CUST00498,Routine_Commuter,87,27,0.3103448275862069,1921.62,22.08758620689655,67.1,True,45.112543103448274,Low,Kochi,Treatment,0.15,Off-Peak Incentive,0.35,0.3842,False,0,27,0.0
CUST04890,Price_Sensitive,91,29,0.3186813186813186,1543.3,16.959340659340658,64.3,True,45.104752747252746,Low,Pune,Control,0.0,No Incentive,0.3,0.3286,False,0,29,0.0
CUST05949,Routine_Commuter,91,29,0.3186813186813186,2058.59,22.621868131868133,64.3,True,45.104752747252746,Low,Kolkata,Control,0.0,No Incentive,0.35,0.3786,False,0,29,0.0
CUST06357,Convenience_First,85,28,0.3294117647058823,1658.31,19.509529411764703,66.2,True,45.100220588235295,Low,Chennai,Treatment,0.15,Off-Peak Incentive,0.2,0.23240000000000002,False,0,28,0.0
CUST07542,Price_Sensitive,87,28,0.3218390804597701,2502.48,28.764137931034483,65.9,True,45.092313218390814,Low,Hyderabad,Control,0.0,No Incentive,0.3,0.3318,False,0,28,0.0
CUST05039,Convenience_First,89,33,0.3707865168539326,2992.09,33.61898876404494,60.0,True,45.083960674157304,Low,Jaipur,Control,0.0,No Incentive,0.2,0.22000000000000003,False,0,33,0.0
CUST00279,Routine_Commuter,88,29,0.3295454545454545,1731.14,19.672045454545454,64.6,True,45.08181818181818,Low,Pune,Control,0.0,No Incentive,0.35,0.3792,False,0,29,0.0
CUST00387,Convenience_First,80,33,0.4125,1483.36,18.542,60.2,True,45.07375,Low,Chennai,Treatment,0.15,Off-Peak Incentive,0.2,0.2204,True,18,15,0.5454545454545454
CUST01715,Convenience_First,85,31,0.3647058823529411,1825.1,21.47176470588235,62.6,True,45.071985294117646,Low,Kolkata,Control,0.0,No Incentive,0.2,0.2252,False,0,31,0.0
CUST04123,Price_Sensitive,86,31,0.3604651162790697,1924.28,22.3753488372093,62.5,True,45.06735465116279,Low,Pune,Treatment,0.15,Off-Peak Incentive,0.3,0.325,True,17,14,0.5483870967741935
CUST07636,Convenience_First,91,28,0.3076923076923077,1958.4,21.520879120879123,65.3,True,45.065192307692314,Low,Mumbai,Control,0.0,No Incentive,0.2,0.2306,False,0,28,0.0
CUST03993,Price_Sensitive,81,32,0.3950617283950617,1356.5,16.746913580246915,61.4,True,45.05621913580247,Low,Jaipur,Treatment,0.15,Off-Peak Incentive,0.3,0.3228,True,18,14,0.5625
CUST07582,Convenience_First,88,32,0.3636363636363636,868.88,9.873636363636365,61.1,True,45.04545454545455,Low,Chennai,Control,0.0,No Incentive,0.2,0.2222,False,0,32,0.0
CUST00904,Convenience_First,86,30,0.3488372093023256,2533.34,29.457441860465117,63.6,True,45.042238372093024,Low,Chandigarh,Control,0.0,No Incentive,0.2,0.2272,False,0,30,0.0
CUST06305,Convenience_First,88,28,0.3181818181818182,2538.28,28.844090909090912,65.6,True,45.02727272727273,Low,Hyderabad,Control,0.0,No Incentive,0.2,0.23120000000000002,False,0,28,0.0
CUST05545,Convenience_First,83,29,0.3493975903614458,1961.14,23.62819277108434,64.9,True,45.01965361445784,Low,Mumbai,Treatment,0.15,Off-Peak Incentive,0.2,0.22980000000000003,False,0,29,0.0
CUST06565,Convenience_First,81,32,0.3950617283950617,3171.24,39.15111111111111,61.3,True,45.016219135802466,Low,Pune,Control,0.0,No Incentive,0.2,0.22260000000000002,False,0,32,0.0
CUST06531,Routine_Commuter,85,29,0.3411764705882353,1752.52,20.617882352941177,64.8,True,45.010808823529416,Low,Bengaluru,Control,0.0,No Incentive,0.35,0.3796,False,0,29,0.0
CUST03694,Price_Sensitive,84,26,0.3095238095238095,2228.81,26.53345238095238,68.4,True,45.00720238095238,Low,Bengaluru,Treatment,0.15,Off-Peak Incentive,0.3,0.3368,False,0,26,0.0
CUST05280,Routine_Commuter,82,30,0.3658536585365853,2508.8,30.595121951219515,63.7,True,45.00539634146342,Low,Mumbai,Control,0.0,No Incentive,0.35,0.37739999999999996,False,0,30,0.0
CUST00631,Routine_Commuter,88,29,0.3295454545454545,2052.64,23.325454545454544,64.4,True,45.00181818181819,Low,Jaipur,Control,0.0,No Incentive,0.35,0.37879999999999997,False,0,29,0.0
CUST01363,Price_Sensitive,80,29,0.3625,1645.33,20.566625,65.0,True,44.99375,Low,Mumbai,Control,0.0,No Incentive,0.3,0.32999999999999996,False,0,29,0.0
CUST03468,Convenience_First,85,27,0.3176470588235294,2353.66,27.690117647058823,67.1,True,44.98963235294118,Low,Kolkata,Control,0.0,No Incentive,0.2,0.2342,False,0,27,0.0
CUST07597,Convenience_First,84,31,0.369047619047619,1866.43,22.21940476190476,62.4,True,44.98815476190476,Low,Delhi NCR,Control,0.0,No Incentive,0.2,0.2248,False,0,31,0.0
CUST03017,Routine_Commuter,89,27,0.3033707865168539,3143.65,35.321910112359554,66.5,True,44.98733146067416,Low,Delhi NCR,Control,0.0,No Incentive,0.35,0.383,False,0,27,0.0
CUST05553,Convenience_First,88,28,0.3181818181818182,2223.0,25.261363636363637,65.5,True,44.98727272727273,Low,Delhi NCR,Control,0.0,No Incentive,0.2,0.231,False,0,28,0.0
CUST04784,Convenience_First,88,30,0.3409090909090909,2587.43,29.402613636363636,63.2,True,44.97636363636364,Low,Lucknow,Treatment,0.15,Off-Peak Incentive,0.2,0.22640000000000002,True,17,13,0.5666666666666667
CUST02966,Price_Sensitive,88,27,0.3068181818181818,2417.4,27.470454545454547,66.6,True,44.97272727272728,Low,Chandigarh,Control,0.0,No Incentive,0.3,0.3332,False,0,27,0.0
CUST07886,Convenience_First,89,29,0.3258426966292135,1950.09,21.911123595505615,64.2,True,44.96620786516854,Low,Kochi,Control,0.0,No Incentive,0.2,0.22840000000000002,False,0,29,0.0
CUST00369,Convenience_First,86,30,0.3488372093023256,2276.99,26.47662790697674,63.4,True,44.96223837209302,Low,Chandigarh,Control,0.0,No Incentive,0.2,0.2268,False,0,30,0.0
CUST05456,Convenience_First,86,30,0.3488372093023256,2957.96,34.39488372093023,63.4,True,44.96223837209302,Low,Chennai,Control,0.0,No Incentive,0.2,0.2268,False,0,30,0.0
CUST00217,Convenience_First,90,27,0.3,1277.66,14.196222222222223,66.3,True,44.959999999999994,Low,Pune,Treatment,0.15,Off-Peak Incentive,0.2,0.2326,False,0,27,0.0
CUST04386,Convenience_First,84,29,0.3452380952380952,2091.16,24.894761904761904,64.7,True,44.95577380952381,Low,Kolkata,Treatment,0.15,Off-Peak Incentive,0.2,0.22940000000000002,False,0,29,0.0
CUST06177,Price_Sensitive,85,28,0.3294117647058823,1697.15,19.966470588235296,65.8,True,44.9402205882353,Low,Hyderabad,Control,0.0,No Incentive,0.3,0.3316,False,0,28,0.0
CUST05234,Convenience_First,83,29,0.3493975903614458,2496.64,30.08,64.7,True,44.93965361445784,Low,Delhi NCR,Treatment,0.15,Off-Peak Incentive,0.2,0.22940000000000002,True,17,12,0.5862068965517241
CUST07107,Convenience_First,74,31,0.4189189189189189,1288.02,17.405675675675674,61.8,True,44.93800675675676,Low,Kolkata,Treatment,0.15,Off-Peak Incentive,0.2,0.22360000000000002,False,0,31,0.0
CUST07786,Routine_Commuter,81,29,0.3580246913580246,1635.47,20.19098765432099,64.8,True,44.93473765432099,Low,Mumbai,Treatment,0.15,Off-Peak Incentive,0.35,0.3796,False,0,29,0.0
CUST00614,Price_Sensitive,81,29,0.3580246913580246,2040.27,25.188518518518517,64.8,True,44.93473765432099,Low,Ahmedabad,Control,0.0,No Incentive,0.3,0.3296,False,0,29,0.0
CUST03890,Price_Sensitive,80,30,0.375,2778.09,34.726125,63.6,True,44.93375,Low,Pune,Treatment,0.15,Off-Peak Incentive,0.3,0.3272,False,0,30,0.0
CUST00795,Price_Sensitive,88,27,0.3068181818181818,1655.46,18.812045454545455,66.5,True,44.93272727272728,Low,Ahmedabad,Treatment,0.15,Off-Peak Incentive,0.3,0.33299999999999996,False,0,27,0.0
CUST03740,Convenience_First,86,32,0.3720930232558139,2215.99,25.767325581395347,61.0,True,44.93247093023256,Low,Kochi,Treatment,0.15,Off-Peak Incentive,0.2,0.222,False,0,32,0.0
CUST03878,Convenience_First,87,28,0.3218390804597701,2906.48,33.407816091954025,65.5,True,44.93231321839081,Low,Mumbai,Treatment,0.15,Off-Peak Incentive,0.2,0.231,False,0,28,0.0
CUST00523,Routine_Commuter,85,29,0.3411764705882353,1259.87,14.822,64.6,True,44.93080882352941,Low,Chennai,Treatment,0.15,Off-Peak Incentive,0.35,0.3792,False,0,29,0.0
CUST01050,Routine_Commuter,86,27,0.313953488372093,1458.5,16.959302325581394,66.8,True,44.92688953488372,Low,Chennai,Control,0.0,No Incentive,0.35,0.3836,False,0,27,0.0
CUST06666,Convenience_First,76,32,0.4210526315789473,1761.51,23.177763157894734,60.7,True,44.92085526315789,Low,Lucknow,Control,0.0,No Incentive,0.2,0.2214,False,0,32,0.0
CUST07986,Convenience_First,84,31,0.369047619047619,1615.33,19.23011904761905,62.2,True,44.90815476190476,Low,Delhi NCR,Treatment,0.15,Off-Peak Incentive,0.2,0.22440000000000002,False,0,31,0.0
CUST00697,Price_Sensitive,86,31,0.3604651162790697,1766.69,20.542906976744188,62.1,True,44.90735465116279,Low,Jaipur,Control,0.0,No Incentive,0.3,0.3242,False,0,31,0.0
CUST01855,Routine_Commuter,88,28,0.3181818181818182,1323.03,15.034431818181815,65.3,True,44.907272727272726,Low,Kochi,Treatment,0.15,Off-Peak Incentive,0.35,0.3806,False,0,28,0.0
CUST06334,Convenience_First,86,26,0.3023255813953488,2931.01,34.08151162790698,67.9,True,44.90177325581396,Low,Chandigarh,Treatment,0.15,Off-Peak Incentive,0.2,0.2358,False,0,26,0.0
CUST02541,Price_Sensitive,83,30,0.3614457831325301,2271.21,27.36397590361446,63.4,True,44.90158132530121,Low,Kolkata,Control,0.0,No Incentive,0.3,0.3268,False,0,30,0.0
CUST05708,Convenience_First,83,28,0.3373493975903614,2145.47,25.84903614457831,65.8,True,44.897725903614464,Low,Chennai,Control,0.0,No Incentive,0.2,0.2316,False,0,28,0.0
CUST07526,Convenience_First,86,29,0.3372093023255814,2453.94,28.53418604651163,64.4,True,44.89712209302326,Low,Bengaluru,Control,0.0,No Incentive,0.2,0.22880000000000003,False,0,29,0.0
CUST04081,Price_Sensitive,82,26,0.3170731707317073,1768.94,21.57243902439025,68.3,True,44.89417682926829,Low,Jaipur,Treatment,0.15,Off-Peak Incentive,0.3,0.3366,False,0,26,0.0
CUST02524,Routine_Commuter,87,30,0.3448275862068966,1944.94,22.35563218390805,63.1,True,44.89185344827587,Low,Delhi NCR,Treatment,0.15,Off-Peak Incentive,0.35,0.3762,True,17,13,0.5666666666666667
CUST07391,Convenience_First,79,31,0.3924050632911392,1712.33,21.67506329113924,62.2,True,44.88745253164557,Low,Lucknow,Treatment,0.15,Off-Peak Incentive,0.2,0.22440000000000002,True,17,14,0.5483870967741935
CUST04461,Routine_Commuter,90,28,0.3111111111111111,2058.59,22.873222222222225,65.0,True,44.88444444444444,Low,Ahmedabad,Treatment,0.15,Off-Peak Incentive,0.35,0.38,False,0,28,0.0
CUST02710,Price_Sensitive,81,31,0.382716049382716,1903.99,23.50604938271605,62.2,True,44.88239197530864,Low,Pune,Control,0.0,No Incentive,0.3,0.3244,False,0,31,0.0
CUST06386,Routine_Commuter,85,30,0.3529411764705882,1879.37,22.110235294117647,63.3,True,44.88139705882353,Low,Delhi NCR,Treatment,0.15,Off-Peak Incentive,0.35,0.3766,False,0,30,0.0
CUST02583,Price_Sensitive,81,28,0.345679012345679,1868.29,23.065308641975307,65.9,True,44.880910493827166,Low,Bengaluru,Control,0.0,No Incentive,0.3,0.3318,False,0,28,0.0
CUST03550,Convenience_First,77,28,0.3636363636363636,2200.54,28.57844155844156,65.9,True,44.87795454545454,Low,Kolkata,Control,0.0,No Incentive,0.2,0.23180000000000003,False,0,28,0.0
CUST07462,Convenience_First,77,31,0.4025974025974026,2043.08,26.533506493506493,62.0,True,44.8763961038961,Low,Chennai,Control,0.0,No Incentive,0.2,0.224,False,0,31,0.0
CUST04363,Convenience_First,86,28,0.3255813953488372,2562.17,29.79267441860465,65.5,True,44.872005813953486,Low,Delhi NCR,Treatment,0.15,Off-Peak Incentive,0.2,0.231,False,0,28,0.0
CUST00823,Convenience_First,92,28,0.3043478260869565,2042.5,22.20108695652174,64.7,True,44.870163043478264,Low,Bengaluru,Control,0.0,No Incentive,0.2,0.22940000000000002,False,0,28,0.0
CUST07264,Routine_Commuter,88,28,0.3181818181818182,2808.88,31.91909090909091,65.2,True,44.867272727272734,Low,Chennai,Treatment,0.15,Off-Peak Incentive,0.35,0.38039999999999996,False,0,28,0.0
CUST00673,Convenience_First,85,28,0.3294117647058823,2048.86,24.10423529411765,65.6,True,44.86022058823529,Low,Mumbai,Control,0.0,No Incentive,0.2,0.23120000000000002,False,0,28,0.0
CUST00826,Routine_Commuter,83,29,0.3493975903614458,1438.56,17.332048192771083,64.5,True,44.859653614457834,Low,Kolkata,Treatment,0.15,Off-Peak Incentive,0.35,0.379,True,17,12,0.5862068965517241
CUST05634,Price_Sensitive,83,26,0.3132530120481928,1283.57,15.464698795180722,68.1,True,44.853870481927714,Low,Delhi NCR,Control,0.0,No Incentive,0.3,0.3362,False,0,26,0.0
CUST02140,Routine_Commuter,90,30,0.3333333333333333,1779.12,19.768,62.7,True,44.85333333333334,Low,Hyderabad,Control,0.0,No Incentive,0.35,0.37539999999999996,False,0,30,0.0
CUST04572,Convenience_First,88,27,0.3068181818181818,1664.38,18.91340909090909,66.3,True,44.85272727272728,Low,Mumbai,Control,0.0,No Incentive,0.2,0.2326,False,0,27,0.0
CUST02691,Convenience_First,85,29,0.3411764705882353,1680.47,19.770235294117647,64.4,True,44.85080882352942,Low,Pune,Control,0.0,No Incentive,0.2,0.22880000000000003,False,0,29,0.0
CUST04577,Convenience_First,86,27,0.313953488372093,2991.94,34.79,66.6,True,44.84688953488372,Low,Pune,Control,0.0,No Incentive,0.2,0.23320000000000002,False,0,27,0.0
CUST06850,Price_Sensitive,76,32,0.4210526315789473,1376.83,18.116184210526313,60.5,True,44.84085526315789,Low,Pune,Control,0.0,No Incentive,0.3,0.321,False,0,32,0.0
CUST07911,Routine_Commuter,82,29,0.3536585365853658,2331.86,28.437317073170732,64.5,True,44.83759146341463,Low,Ahmedabad,Treatment,0.15,Off-Peak Incentive,0.35,0.379,True,17,12,0.5862068965517241
CUST03481,Convenience_First,87,29,0.3333333333333333,2729.63,31.37505747126437,64.1,True,44.83208333333333,Low,Lucknow,Control,0.0,No Incentive,0.2,0.22820000000000001,False,0,29,0.0
CUST04442,Convenience_First,83,29,0.3493975903614458,1924.33,23.18469879518072,64.4,True,44.81965361445784,Low,Pune,Control,0.0,No Incentive,0.2,0.22880000000000003,False,0,29,0.0
CUST00885,Convenience_First,82,31,0.3780487804878049,1277.07,15.5740243902439,62.0,True,44.813201219512194,Low,Lucknow,Control,0.0,No Incentive,0.2,0.224,False,0,31,0.0
CUST01970,Routine_Commuter,87,30,0.3448275862068966,1519.34,17.46367816091954,62.9,True,44.81185344827587,Low,Delhi NCR,Treatment,0.15,Off-Peak Incentive,0.35,0.37579999999999997,False,0,30,0.0
CUST03852,Price_Sensitive,84,26,0.3095238095238095,2045.61,24.3525,67.9,True,44.80720238095238,Low,Delhi NCR,Control,0.0,No Incentive,0.3,0.3358,False,0,26,0.0
CUST01649,Convenience_First,86,27,0.313953488372093,2235.88,25.998604651162793,66.5,True,44.80688953488372,Low,Mumbai,Treatment,0.15,Off-Peak Incentive,0.2,0.233,False,0,27,0.0
CUST01196,Price_Sensitive,82,30,0.3658536585365853,1606.68,19.59365853658537,63.2,True,44.805396341463414,Low,Kochi,Control,0.0,No Incentive,0.3,0.3264,False,0,30,0.0
CUST02815,Price_Sensitive,81,28,0.345679012345679,2271.27,28.04037037037037,65.7,True,44.80091049382716,Low,Hyderabad,Treatment,0.15,Off-Peak Incentive,0.3,0.3314,False,0,28,0.0
CUST00962,Convenience_First,89,28,0.3146067415730337,2709.92,30.4485393258427,64.9,True,44.79676966292135,Low,Mumbai,Treatment,0.15,Off-Peak Incentive,0.2,0.22980000000000003,False,0,28,0.0
CUST01614,Convenience_First,91,30,0.3296703296703296,2451.58,26.94043956043956,62.4,True,44.78431318681319,Low,Chennai,Treatment,0.15,Off-Peak Incentive,0.2,0.2248,False,0,30,0.0
CUST03062,Routine_Commuter,83,28,0.3373493975903614,1607.88,19.37204819277109,65.5,True,44.77772590361446,Low,Kolkata,Treatment,0.15,Off-Peak Incentive,0.35,0.381,False,0,28,0.0
CUST07891,Price_Sensitive,83,27,0.3253012048192771,2454.2,29.568674698795174,66.7,True,44.77579819277109,Low,Hyderabad,Treatment,0.15,Off-Peak Incentive,0.3,0.3334,False,0,27,0.0
CUST02411,Price_Sensitive,88,27,0.3068181818181818,2034.17,23.115568181818183,66.1,True,44.77272727272727,Low,Hyderabad,Control,0.0,No Incentive,0.3,0.3322,False,0,27,0.0
CUST07879,Price_Sensitive,88,27,0.3068181818181818,1544.5,17.551136363636363,66.1,True,44.77272727272727,Low,Bengaluru,Treatment,0.15,Off-Peak Incentive,0.3,0.3322,False,0,27,0.0
CUST00166,Routine_Commuter,78,30,0.3846153846153846,1869.27,23.965,63.1,True,44.768365384615386,Low,Chennai,Control,0.0,No Incentive,0.35,0.3762,False,0,30,0.0
CUST06692,Convenience_First,84,26,0.3095238095238095,2171.43,25.850357142857145,67.8,True,44.767202380952384,Low,Delhi NCR,Treatment,0.15,Off-Peak Incentive,0.2,0.2356,True,15,11,0.5769230769230769
CUST01647,Convenience_First,88,29,0.3295454545454545,2286.83,25.986704545454543,63.8,True,44.761818181818185,Low,Lucknow,Control,0.0,No Incentive,0.2,0.22760000000000002,False,0,29,0.0
CUST05056,Convenience_First,85,26,0.3058823529411765,3095.01,36.41188235294118,67.7,True,44.759044117647065,Low,Kolkata,Control,0.0,No Incentive,0.2,0.23540000000000003,False,0,26,0.0
CUST04357,Convenience_First,82,29,0.3536585365853658,2546.45,31.054268292682924,64.3,True,44.75759146341463,Low,Chennai,Treatment,0.15,Off-Peak Incentive,0.2,0.2286,False,0,29,0.0
CUST04072,Price_Sensitive,79,26,0.3291139240506329,1673.27,21.180632911392404,68.2,True,44.75580696202532,Low,Ahmedabad,Control,0.0,No Incentive,0.3,0.3364,False,0,26,0.0
CUST00388,Convenience_First,84,29,0.3452380952380952,3332.0,39.666666666666664,64.2,True,44.75577380952381,Low,Mumbai,Control,0.0,No Incentive,0.2,0.22840000000000002,False,0,29,0.0
CUST00386,Convenience_First,76,31,0.4078947368421052,2065.8,27.181578947368426,61.6,True,44.75453947368421,Low,Chennai,Control,0.0,No Incentive,0.2,0.2232,False,0,31,0.0
CUST07919,Convenience_First,89,27,0.3033707865168539,2147.75,24.132022471910112,65.9,True,44.74733146067416,Low,Delhi NCR,Treatment,0.15,Off-Peak Incentive,0.2,0.23180000000000003,False,0,27,0.0
CUST01245,Routine_Commuter,83,31,0.3734939759036144,1951.47,23.51168674698795,61.8,True,44.74350903614458,Low,Bengaluru,Treatment,0.15,Off-Peak Incentive,0.35,0.3736,True,17,14,0.5483870967741935
CUST03711,Routine_Commuter,83,28,0.3373493975903614,2489.06,29.98867469879518,65.4,True,44.73772590361447,Low,Mumbai,Control,0.0,No Incentive,0.35,0.38079999999999997,False,0,28,0.0
CUST01849,Price_Sensitive,86,29,0.3372093023255814,1801.45,20.947093023255817,64.0,True,44.73712209302326,Low,Chandigarh,Treatment,0.15,Off-Peak Incentive,0.3,0.328,False,0,29,0.0
CUST06545,Price_Sensitive,83,27,0.3253012048192771,1449.43,17.463012048192773,66.6,True,44.735798192771085,Low,Delhi NCR,Control,0.0,No Incentive,0.3,0.3332,False,0,27,0.0
CUST06358,Routine_Commuter,90,29,0.3222222222222222,2533.07,28.145222222222223,63.5,True,44.72888888888889,Low,Delhi NCR,Treatment,0.15,Off-Peak Incentive,0.35,0.377,False,0,29,0.0
CUST02072,Price_Sensitive,78,25,0.3205128205128205,1775.07,22.75730769230769,69.4,True,44.72426282051282,Low,Chennai,Control,0.0,No Incentive,0.3,0.3388,False,0,25,0.0
CUST00281,Price_Sensitive,86,30,0.3488372093023256,2354.04,27.372558139534885,62.8,True,44.722238372093024,Low,Bengaluru,Treatment,0.15,Off-Peak Incentive,0.3,0.3256,True,17,13,0.5666666666666667
CUST00833,Convenience_First,88,29,0.3295454545454545,3087.82,35.08886363636364,63.7,True,44.721818181818186,Low,Jaipur,Treatment,0.15,Off-Peak Incentive,0.2,0.22740000000000002,False,0,29,0.0
CUST05880,Convenience_First,77,30,0.3896103896103896,2844.21,36.93779220779221,62.9,True,44.71691558441559,Low,Jaipur,Control,0.0,No Incentive,0.2,0.2258,False,0,30,0.0
CUST07544,Routine_Commuter,88,31,0.3522727272727273,1363.65,15.49602272727273,61.4,True,44.7109090909091,Low,Bengaluru,Control,0.0,No Incentive,0.35,0.37279999999999996,False,0,31,0.0
CUST04559,Price_Sensitive,76,30,0.3947368421052631,1723.48,22.67736842105263,62.8,True,44.70822368421052,Low,Kolkata,Control,0.0,No Incentive,0.3,0.3256,False,0,30,0.0
CUST00923,Convenience_First,72,31,0.4305555555555556,1900.79,26.39986111111111,60.8,True,44.70722222222222,Low,Chandigarh,Control,0.0,No Incentive,0.2,0.22160000000000002,False,0,31,0.0
CUST00300,Convenience_First,86,26,0.3023255813953488,2235.97,25.999651162790695,67.4,True,44.701773255813954,Low,Bengaluru,Treatment,0.15,Off-Peak Incentive,0.2,0.2348,False,0,26,0.0
CUST03033,Price_Sensitive,80,26,0.325,1862.38,23.27975,68.0,True,44.69375,Low,Mumbai,Treatment,0.15,Off-Peak Incentive,0.3,0.33599999999999997,False,0,26,0.0
CUST07769,Price_Sensitive,87,28,0.3218390804597701,2319.9,26.665517241379312,64.9,True,44.69231321839081,Low,Lucknow,Treatment,0.15,Off-Peak Incentive,0.3,0.3298,False,0,28,0.0
CUST02853,Convenience_First,78,30,0.3846153846153846,2233.6,28.635897435897434,62.9,True,44.68836538461538,Low,Chandigarh,Control,0.0,No Incentive,0.2,0.2258,False,0,30,0.0
CUST05132,Price_Sensitive,86,30,0.3488372093023256,2498.98,29.057906976744185,62.7,True,44.682238372093025,Low,Mumbai,Treatment,0.15,Off-Peak Incentive,0.3,0.3254,False,0,30,0.0
CUST02483,Convenience_First,85,30,0.3529411764705882,1893.76,22.279529411764702,62.8,True,44.68139705882353,Low,Mumbai,Control,0.0,No Incentive,0.2,0.22560000000000002,False,0,30,0.0
CUST07498,Convenience_First,82,29,0.3536585365853658,1741.1,21.23292682926829,64.1,True,44.67759146341463,Low,Jaipur,Treatment,0.15,Off-Peak Incentive,0.2,0.22820000000000001,False,0,29,0.0
CUST06096,Routine_Commuter,89,28,0.3146067415730337,1596.46,17.937752808988765,64.6,True,44.676769662921345,Low,Chennai,Treatment,0.15,Off-Peak Incentive,0.35,0.3792,False,0,28,0.0
CUST06768,Convenience_First,82,28,0.3414634146341463,2346.16,28.61170731707317,65.3,True,44.669786585365856,Low,Bengaluru,Treatment,0.15,Off-Peak Incentive,0.2,0.2306,True,16,12,0.5714285714285714
CUST07474,Convenience_First,82,28,0.3414634146341463,2216.32,27.028292682926832,65.3,True,44.669786585365856,Low,Hyderabad,Treatment,0.15,Off-Peak Incentive,0.2,0.2306,True,16,12,0.5714285714285714
CUST01008,Price_Sensitive,88,28,0.3181818181818182,2265.65,25.746022727272727,64.7,True,44.66727272727273,Low,Delhi NCR,Treatment,0.15,Off-Peak Incentive,0.3,0.32939999999999997,False,0,28,0.0
CUST00242,Convenience_First,85,28,0.3294117647058823,2512.36,29.557176470588235,65.1,True,44.6602205882353,Low,Bengaluru,Control,0.0,No Incentive,0.2,0.23020000000000002,False,0,28,0.0
CUST03591,Convenience_First,80,32,0.4,2051.86,25.64825,60.4,True,44.653749999999995,Low,Ahmedabad,Treatment,0.15,Off-Peak Incentive,0.2,0.2208,False,0,32,0.0
CUST06802,Convenience_First,87,28,0.3218390804597701,1883.94,21.65448275862069,64.8,True,44.65231321839081,Low,Ahmedabad,Control,0.0,No Incentive,0.2,0.2296,False,0,28,0.0
CUST05414,Convenience_First,87,28,0.3218390804597701,2110.53,24.258965517241386,64.8,True,44.65231321839081,Low,Chennai,Control,0.0,No Incentive,0.2,0.2296,False,0,28,0.0
CUST05967,Convenience_First,84,27,0.3214285714285714,3449.88,41.07,66.3,True,44.64339285714286,Low,Jaipur,Control,0.0,No Incentive,0.2,0.2326,False,0,27,0.0
CUST02590,Price_Sensitive,82,29,0.3536585365853658,1543.3,18.820731707317073,64.0,True,44.63759146341464,Low,Chennai,Control,0.0,No Incentive,0.3,0.328,False,0,29,0.0
CUST04239,Convenience_First,79,32,0.4050632911392405,2310.07,29.241392405063294,60.3,True,44.63378164556963,Low,Mumbai,Treatment,0.15,Off-Peak Incentive,0.2,0.22060000000000002,False,0,32,0.0
CUST02177,Routine_Commuter,86,31,0.3604651162790697,2119.47,24.644999999999996,61.4,True,44.62735465116279,Low,Lucknow,Treatment,0.15,Off-Peak Incentive,0.35,0.37279999999999996,True,17,14,0.5483870967741935
CUST07097,Convenience_First,89,27,0.3033707865168539,1631.52,18.331685393258425,65.6,True,44.62733146067416,Low,Kolkata,Treatment,0.15,Off-Peak Incentive,0.2,0.23120000000000002,False,0,27,0.0
CUST02425,Routine_Commuter,83,31,0.3734939759036144,1374.82,16.564096385542168,61.5,True,44.62350903614458,Low,Hyderabad,Control,0.0,No Incentive,0.35,0.373,False,0,31,0.0
CUST07223,Convenience_First,75,30,0.4,3152.07,42.0276,62.5,True,44.6225,Low,Delhi NCR,Control,0.0,No Incentive,0.2,0.225,False,0,30,0.0
CUST02081,Convenience_First,79,30,0.379746835443038,2828.37,35.802151898734174,62.8,True,44.62112341772152,Low,Chennai,Treatment,0.15,Off-Peak Incentive,0.2,0.22560000000000002,False,0,30,0.0
CUST03264,Convenience_First,81,29,0.3580246913580246,2237.65,27.62530864197531,64.0,True,44.61473765432099,Low,Mumbai,Treatment,0.15,Off-Peak Incentive,0.2,0.228,False,0,29,0.0
CUST06079,Routine_Commuter,81,29,0.3580246913580246,1578.92,19.49283950617284,64.0,True,44.61473765432099,Low,Kolkata,Control,0.0,No Incentive,0.35,0.378,False,0,29,0.0
CUST04497,Convenience_First,80,30,0.375,2220.57,27.757125,62.8,True,44.61375,Low,Bengaluru,Control,0.0,No Incentive,0.2,0.22560000000000002,False,0,30,0.0
CUST01946,Convenience_First,88,29,0.3295454545454545,1818.67,20.666704545454547,63.4,True,44.60181818181818,Low,Kolkata,Control,0.0,No Incentive,0.2,0.2268,False,0,29,0.0
CUST06324,Price_Sensitive,81,28,0.345679012345679,1941.42,23.96814814814815,65.2,True,44.600910493827165,Low,Kolkata,Control,0.0,No Incentive,0.3,0.33039999999999997,False,0,28,0.0
CUST02858,Routine_Commuter,80,27,0.3375,1871.11,23.388875,66.5,True,44.59375,Low,Chandigarh,Control,0.0,No Incentive,0.35,0.383,False,0,27,0.0
CUST07339,Routine_Commuter,83,30,0.3614457831325301,1937.27,23.340602409638553,62.6,True,44.58158132530121,Low,Mumbai,Control,0.0,No Incentive,0.35,0.3752,False,0,30,0.0
CUST06312,Price_Sensitive,83,28,0.3373493975903614,1643.84,19.805301204819276,65.0,True,44.57772590361446,Low,Lucknow,Treatment,0.15,Off-Peak Incentive,0.3,0.32999999999999996,False,0,28,0.0
CUST07620,Price_Sensitive,82,25,0.3048780487804878,998.74,12.179756097560976,68.7,True,44.56637195121952,Low,Jaipur,Treatment,0.15,Off-Peak Incentive,0.3,0.3374,False,0,25,0.0
CUST01794,Price_Sensitive,84,27,0.3214285714285714,1144.25,13.62202380952381,66.1,True,44.56339285714285,Low,Delhi NCR,Control,0.0,No Incentive,0.3,0.3322,False,0,27,0.0
CUST00455,Convenience_First,84,28,0.3333333333333333,2002.93,23.84440476190476,64.9,True,44.559583333333336,Low,Chennai,Control,0.0,No Incentive,0.2,0.22980000000000003,False,0,28,0.0
CUST06620,Price_Sensitive,81,30,0.3703703703703703,2344.42,28.94345679012346,62.6,True,44.54856481481482,Low,Delhi NCR,Treatment,0.15,Off-Peak Incentive,0.3,0.3252,False,0,30,0.0
CUST00703,Convenience_First,84,31,0.369047619047619,1972.25,23.479166666666668,61.3,True,44.548154761904755,Low,Bengaluru,Control,0.0,No Incentive,0.2,0.22260000000000002,False,0,31,0.0
CUST00055,Routine_Commuter,83,29,0.3493975903614458,1530.84,18.443855421686745,63.7,True,44.53965361445784,Low,Mumbai,Treatment,0.15,Off-Peak Incentive,0.35,0.37739999999999996,True,16,13,0.5517241379310345
CUST05542,Convenience_First,78,29,0.3717948717948718,1556.51,19.95525641025641,63.8,True,44.53554487179487,Low,Ahmedabad,Control,0.0,No Incentive,0.2,0.22760000000000002,False,0,29,0.0
CUST06729,Price_Sensitive,83,25,0.3012048192771084,932.08,11.22987951807229,68.5,True,44.53194277108434,Low,Bengaluru,Treatment,0.15,Off-Peak Incentive,0.3,0.33699999999999997,False,0,25,0.0
CUST03432,Routine_Commuter,84,27,0.3214285714285714,1634.38,19.45690476190476,66.0,True,44.52339285714286,Low,Ahmedabad,Control,0.0,No Incentive,0.35,0.382,False,0,27,0.0
CUST00600,Price_Sensitive,84,28,0.3333333333333333,2084.65,24.817261904761907,64.8,True,44.51958333333333,Low,Chennai,Control,0.0,No Incentive,0.3,0.3296,False,0,28,0.0
CUST05587,Price_Sensitive,80,29,0.3625,1222.91,15.286375,63.8,True,44.513749999999995,Low,Bengaluru,Treatment,0.15,Off-Peak Incentive,0.3,0.3276,True,17,12,0.5862068965517241
CUST05451,Convenience_First,74,31,0.4189189189189189,1181.79,15.970135135135134,60.7,True,44.49800675675676,Low,Chennai,Treatment,0.15,Off-Peak Incentive,0.2,0.2214,False,0,31,0.0
CUST07321,Price_Sensitive,81,29,0.3580246913580246,1987.72,24.53975308641975,63.7,True,44.49473765432099,Low,Lucknow,Control,0.0,No Incentive,0.3,0.3274,False,0,29,0.0
CUST06577,Price_Sensitive,80,30,0.375,1147.5,14.34375,62.5,True,44.49375,Low,Delhi NCR,Treatment,0.15,Off-Peak Incentive,0.3,0.325,True,17,13,0.5666666666666667
CUST01904,Routine_Commuter,80,24,0.3,1351.54,16.89425,70.0,True,44.49375,Low,Pune,Treatment,0.15,Off-Peak Incentive,0.35,0.39,False,0,24,0.0
CUST02163,Price_Sensitive,84,26,0.3095238095238095,1610.62,19.174047619047617,67.1,True,44.48720238095238,Low,Jaipur,Control,0.0,No Incentive,0.3,0.3342,False,0,26,0.0
CUST01347,Routine_Commuter,84,29,0.3452380952380952,1901.87,22.64130952380952,63.5,True,44.47577380952381,Low,Ahmedabad,Treatment,0.15,Off-Peak Incentive,0.35,0.377,False,0,29,0.0
CUST03575,Routine_Commuter,78,27,0.3461538461538461,1910.48,24.493333333333332,66.2,True,44.46990384615384,Low,Kolkata,Treatment,0.15,Off-Peak Incentive,0.35,0.38239999999999996,True,16,11,0.5925925925925926
CUST04893,Convenience_First,81,29,0.3580246913580246,3193.39,39.42456790123457,63.6,True,44.45473765432099,Low,Kochi,Treatment,0.15,Off-Peak Incentive,0.2,0.2272,False,0,29,0.0
CUST00204,Price_Sensitive,78,26,0.3333333333333333,1868.66,23.957179487179488,67.4,True,44.437083333333334,Low,Delhi NCR,Control,0.0,No Incentive,0.3,0.3348,False,0,26,0.0
CUST00097,Price_Sensitive,80,27,0.3375,1889.79,23.622375,66.1,True,44.43375,Low,Kolkata,Treatment,0.15,Off-Peak Incentive,0.3,0.3322,True,16,11,0.5925925925925926
CUST01743,Convenience_First,86,28,0.3255813953488372,2970.86,34.54488372093024,64.4,True,44.43200581395349,Low,Chennai,Treatment,0.15,Off-Peak Incentive,0.2,0.22880000000000003,False,0,28,0.0
CUST02420,Routine_Commuter,85,31,0.3647058823529411,1546.88,18.19858823529412,61.0,True,44.431985294117645,Low,Lucknow,Treatment,0.15,Off-Peak Incentive,0.35,0.372,False,0,31,0.0
CUST03798,Price_Sensitive,82,28,0.3414634146341463,1815.18,22.13634146341463,64.7,True,44.429786585365854,Low,Bengaluru,Treatment,0.15,Off-Peak Incentive,0.3,0.32939999999999997,False,0,28,0.0
CUST05242,Convenience_First,85,27,0.3176470588235294,2400.33,28.239176470588234,65.7,True,44.42963235294118,Low,Delhi NCR,Treatment,0.15,Off-Peak Incentive,0.2,0.23140000000000002,False,0,27,0.0
CUST02586,Price_Sensitive,85,28,0.3294117647058823,1823.16,21.44894117647059,64.5,True,44.420220588235296,Low,Delhi NCR,Treatment,0.15,Off-Peak Incentive,0.3,0.32899999999999996,False,0,28,0.0
CUST00844,Price_Sensitive,81,29,0.3580246913580246,2293.85,28.319135802469138,63.5,True,44.41473765432099,Low,Bengaluru,Treatment,0.15,Off-Peak Incentive,0.3,0.327,True,16,13,0.5517241379310345
CUST05900,Price_Sensitive,83,26,0.3132530120481928,2110.06,25.422409638554218,67.0,True,44.41387048192772,Low,Mumbai,Treatment,0.15,Off-Peak Incentive,0.3,0.33399999999999996,False,0,26,0.0
CUST07058,Convenience_First,82,31,0.3780487804878049,2499.85,30.485975609756096,61.0,True,44.41320121951219,Low,Ahmedabad,Control,0.0,No Incentive,0.2,0.222,False,0,31,0.0
CUST05939,Convenience_First,87,30,0.3448275862068966,3403.61,39.121954022988504,61.9,True,44.41185344827586,Low,Delhi NCR,Treatment,0.15,Off-Peak Incentive,0.2,0.2238,False,0,30,0.0
CUST00961,Routine_Commuter,78,30,0.3846153846153846,2599.04,33.32102564102564,62.2,True,44.40836538461539,Low,Delhi NCR,Treatment,0.15,Off-Peak Incentive,0.35,0.37439999999999996,False,0,30,0.0
CUST04302,Price_Sensitive,77,26,0.3376623376623376,1794.73,23.30818181818182,67.3,True,44.39899350649351,Low,Lucknow,Control,0.0,No Incentive,0.3,0.3346,False,0,26,0.0
CUST02746,Convenience_First,77,28,0.3636363636363636,2201.59,28.592077922077923,64.7,True,44.39795454545455,Low,Chennai,Control,0.0,No Incentive,0.2,0.22940000000000002,False,0,28,0.0
CUST05227,Convenience_First,75,31,0.4133333333333333,3064.33,40.857733333333336,60.6,True,44.395833333333336,Low,Kolkata,Control,0.0,No Incentive,0.2,0.2212,False,0,31,0.0
CUST06292,Convenience_First,82,28,0.3414634146341463,1410.92,17.206341463414635,64.6,True,44.389786585365854,Low,Ahmedabad,Treatment,0.15,Off-Peak Incentive,0.2,0.22920000000000001,True,16,12,0.5714285714285714
CUST03369,Routine_Commuter,81,30,0.3703703703703703,2276.98,28.110864197530866,62.2,True,44.38856481481482,Low,Pune,Treatment,0.15,Off-Peak Incentive,0.35,0.37439999999999996,False,0,30,0.0
CUST05328,Convenience_First,81,30,0.3703703703703703,1831.62,22.61259259259259,62.2,True,44.38856481481482,Low,Chennai,Treatment,0.15,Off-Peak Incentive,0.2,0.22440000000000002,True,17,13,0.5666666666666667
CUST00604,Price_Sensitive,84,31,0.369047619047619,1452.55,17.292261904761904,60.9,True,44.38815476190476,Low,Delhi NCR,Treatment,0.15,Off-Peak Incentive,0.3,0.3218,False,0,31,0.0
CUST03535,Routine_Commuter,91,28,0.3076923076923077,1682.04,18.483956043956045,63.6,True,44.385192307692314,Low,Bengaluru,Treatment,0.15,Off-Peak Incentive,0.35,0.3772,False,0,28,0.0
CUST01830,Convenience_First,73,31,0.4246575342465753,2257.92,30.930410958904112,60.2,True,44.38130136986301,Low,Chennai,Control,0.0,No Incentive,0.2,0.2204,False,0,31,0.0
CUST04906,Price_Sensitive,83,28,0.3373493975903614,1638.91,19.74590361445783,64.5,True,44.37772590361446,Low,Mumbai,Treatment,0.15,Off-Peak Incentive,0.3,0.32899999999999996,False,0,28,0.0
CUST03421,Price_Sensitive,83,25,0.3012048192771084,1315.9,15.85421686746988,68.1,True,44.37194277108434,Low,Delhi NCR,Control,0.0,No Incentive,0.3,0.3362,False,0,25,0.0
CUST06634,Convenience_First,85,29,0.3411764705882353,2279.74,26.820470588235292,63.2,True,44.370808823529416,Low,Ahmedabad,Treatment,0.15,Off-Peak Incentive,0.2,0.22640000000000002,True,16,13,0.5517241379310345
CUST04764,Routine_Commuter,78,26,0.3333333333333333,2420.65,31.03397435897436,67.2,True,44.357083333333335,Low,Hyderabad,Treatment,0.15,Off-Peak Incentive,0.35,0.38439999999999996,True,15,11,0.5769230769230769
CUST06071,Convenience_First,84,29,0.3452380952380952,1709.44,20.35047619047619,63.2,True,44.35577380952381,Low,Lucknow,Control,0.0,No Incentive,0.2,0.22640000000000002,False,0,29,0.0
CUST02221,Convenience_First,76,31,0.4078947368421052,1351.94,17.788684210526316,60.6,True,44.35453947368421,Low,Chennai,Control,0.0,No Incentive,0.2,0.2212,False,0,31,0.0
CUST07770,Convenience_First,87,27,0.3103448275862069,1612.01,18.52885057471264,65.2,True,44.35254310344828,Low,Jaipur,Treatment,0.15,Off-Peak Incentive,0.2,0.23040000000000002,False,0,27,0.0
CUST00705,Convenience_First,78,27,0.3461538461538461,1557.44,19.96717948717949,65.9,True,44.34990384615384,Low,Pune,Control,0.0,No Incentive,0.2,0.23180000000000003,False,0,27,0.0
CUST02020,Convenience_First,81,27,0.3333333333333333,2112.98,26.086172839506172,65.8,True,44.34708333333334,Low,Kolkata,Treatment,0.15,Off-Peak Incentive,0.2,0.2316,True,16,11,0.5925925925925926
CUST05370,Convenience_First,78,28,0.358974358974359,2054.33,26.3375641025641,64.6,True,44.34272435897436,Low,Pune,Treatment,0.15,Off-Peak Incentive,0.2,0.22920000000000001,False,0,28,0.0
CUST05557,Convenience_First,79,30,0.379746835443038,2479.12,31.38126582278481,62.1,True,44.341123417721526,Low,Hyderabad,Control,0.0,No Incentive,0.2,0.2242,False,0,30,0.0
CUST06552,Routine_Commuter,85,28,0.3294117647058823,1468.92,17.281411764705883,64.3,True,44.34022058823529,Low,Delhi NCR,Treatment,0.15,Off-Peak Incentive,0.35,0.3786,False,0,28,0.0
CUST03700,Routine_Commuter,85,28,0.3294117647058823,2036.54,23.959294117647055,64.3,True,44.34022058823529,Low,Lucknow,Treatment,0.15,Off-Peak Incentive,0.35,0.3786,False,0,28,0.0
CUST07750,Convenience_First,83,28,0.3373493975903614,1121.26,13.509156626506025,64.4,True,44.33772590361446,Low,Hyderabad,Treatment,0.15,Off-Peak Incentive,0.2,0.22880000000000003,True,16,12,0.5714285714285714
CUST05468,Convenience_First,81,29,0.3580246913580246,1928.01,23.802592592592593,63.3,True,44.33473765432099,Low,Bengaluru,Treatment,0.15,Off-Peak Incentive,0.2,0.22660000000000002,False,0,29,0.0
CUST01618,Price_Sensitive,75,26,0.3466666666666667,1636.91,21.825466666666667,67.1,True,44.32916666666667,Low,Chennai,Treatment,0.15,Off-Peak Incentive,0.3,0.3342,False,0,26,0.0
CUST07017,Routine_Commuter,86,27,0.313953488372093,1997.07,23.22174418604651,65.3,True,44.326889534883726,Low,Ahmedabad,Treatment,0.15,Off-Peak Incentive,0.35,0.3806,False,0,27,0.0
CUST03880,Price_Sensitive,77,27,0.3506493506493506,1748.58,22.708831168831168,65.8,True,44.31847402597403,Low,Lucknow,Control,0.0,No Incentive,0.3,0.3316,False,0,27,0.0
CUST04897,Price_Sensitive,77,28,0.3636363636363636,1064.48,13.824415584415584,64.5,True,44.31795454545454,Low,Delhi NCR,Control,0.0,No Incentive,0.3,0.32899999999999996,False,0,28,0.0
CUST05829,Price_Sensitive,77,28,0.3636363636363636,1278.69,16.606363636363636,64.5,True,44.31795454545454,Low,Chandigarh,Treatment,0.15,Off-Peak Incentive,0.3,0.32899999999999996,True,16,12,0.5714285714285714
CUST03518,Convenience_First,75,28,0.3733333333333333,1354.88,18.065066666666667,64.4,True,44.31583333333334,Low,Hyderabad,Treatment,0.15,Off-Peak Incentive,0.2,0.22880000000000003,True,16,12,0.5714285714285714
CUST05868,Convenience_First,75,31,0.4133333333333333,1663.15,22.175333333333334,60.4,True,44.31583333333333,Low,Delhi NCR,Control,0.0,No Incentive,0.2,0.2208,False,0,31,0.0
CUST01664,Convenience_First,79,26,0.3291139240506329,2175.05,27.53227848101266,67.1,True,44.31580696202532,Low,Delhi NCR,Treatment,0.15,Off-Peak Incentive,0.2,0.2342,False,0,26,0.0
CUST01591,Price_Sensitive,88,28,0.3181818181818182,1354.74,15.394772727272729,63.8,True,44.30727272727273,Low,Lucknow,Control,0.0,No Incentive,0.3,0.3276,False,0,28,0.0
CUST06430,Price_Sensitive,86,26,0.3023255813953488,1651.52,19.203720930232556,66.4,True,44.30177325581395,Low,Chandigarh,Control,0.0,No Incentive,0.3,0.3328,False,0,26,0.0
CUST06625,Convenience_First,83,29,0.3493975903614458,1074.04,12.94024096385542,63.1,True,44.29965361445784,Low,Delhi NCR,Treatment,0.15,Off-Peak Incentive,0.2,0.2262,False,0,29,0.0
CUST06254,Convenience_First,82,26,0.3170731707317073,2513.75,30.65548780487805,66.8,True,44.294176829268295,Low,Kolkata,Treatment,0.15,Off-Peak Incentive,0.2,0.2336,False,0,26,0.0
CUST04991,Routine_Commuter,83,26,0.3132530120481928,1856.23,22.36421686746988,66.7,True,44.29387048192772,Low,Delhi NCR,Treatment,0.15,Off-Peak Incentive,0.35,0.38339999999999996,True,15,11,0.5769230769230769
CUST05998,Price_Sensitive,85,26,0.3058823529411765,2341.34,27.54517647058824,66.5,True,44.27904411764706,Low,Pune,Treatment,0.15,Off-Peak Incentive,0.3,0.33299999999999996,False,0,26,0.0
CUST00310,Price_Sensitive,77,29,0.3766233766233766,1067.0,13.857142857142858,63.1,True,44.27743506493506,Low,Kolkata,Treatment,0.15,Off-Peak Incentive,0.3,0.3262,True,16,13,0.5517241379310345
CUST01309,Convenience_First,79,29,0.3670886075949367,3104.93,39.30291139240506,63.2,True,44.27479430379747,Low,Pune,Control,0.0,No Incentive,0.2,0.22640000000000002,False,0,29,0.0
CUST07777,Convenience_First,76,31,0.4078947368421052,1802.92,23.722631578947368,60.4,True,44.27453947368421,Low,Hyderabad,Treatment,0.15,Off-Peak Incentive,0.2,0.2208,False,0,31,0.0
CUST06798,Convenience_First,87,29,0.3333333333333333,2237.94,25.72344827586207,62.7,True,44.272083333333335,Low,Pune,Control,0.0,No Incentive,0.2,0.22540000000000002,False,0,29,0.0
CUST02274,Convenience_First,82,28,0.3414634146341463,2652.77,32.350853658536586,64.3,True,44.26978658536585,Low,Mumbai,Control,0.0,No Incentive,0.2,0.2286,False,0,28,0.0
CUST05861,Convenience_First,76,28,0.3684210526315789,2758.99,36.3025,64.3,True,44.255592105263155,Low,Hyderabad,Treatment,0.15,Off-Peak Incentive,0.2,0.2286,False,0,28,0.0
CUST05333,Convenience_First,81,29,0.3580246913580246,2227.52,27.500246913580245,63.1,True,44.25473765432099,Low,Mumbai,Treatment,0.15,Off-Peak Incentive,0.2,0.2262,False,0,29,0.0
CUST05696,Convenience_First,87,28,0.3218390804597701,2277.0,26.17241379310345,63.8,True,44.25231321839081,Low,Pune,Treatment,0.15,Off-Peak Incentive,0.2,0.22760000000000002,True,16,12,0.5714285714285714
CUST01600,Convenience_First,82,30,0.3658536585365853,1572.23,19.173536585365852,61.8,True,44.24539634146341,Low,Delhi NCR,Control,0.0,No Incentive,0.2,0.22360000000000002,False,0,30,0.0
CUST07267,Convenience_First,84,27,0.3214285714285714,2504.63,29.81702380952381,65.3,True,44.24339285714286,Low,Chandigarh,Treatment,0.15,Off-Peak Incentive,0.2,0.2306,False,0,27,0.0
CUST05492,Price_Sensitive,88,29,0.3295454545454545,2555.94,29.04477272727273,62.5,True,44.24181818181818,Low,Delhi NCR,Control,0.0,No Incentive,0.3,0.325,False,0,29,0.0
CUST02383,Convenience_First,74,28,0.3783783783783784,1697.71,22.942027027027027,64.1,True,44.23638513513514,Low,Hyderabad,Control,0.0,No Incentive,0.2,0.22820000000000001,False,0,28,0.0
CUST04722,Routine_Commuter,87,27,0.3103448275862069,1607.44,18.47632183908046,64.9,True,44.23254310344828,Low,Kochi,Control,0.0,No Incentive,0.35,0.37979999999999997,False,0,27,0.0
CUST04050,Convenience_First,89,27,0.3033707865168539,2591.12,29.11370786516854,64.6,True,44.22733146067415,Low,Chandigarh,Control,0.0,No Incentive,0.2,0.22920000000000001,False,0,27,0.0
CUST00293,Convenience_First,88,27,0.3068181818181818,2308.27,26.23034090909091,64.7,True,44.21272727272728,Low,Chennai,Control,0.0,No Incentive,0.2,0.22940000000000002,False,0,27,0.0
CUST00106,Convenience_First,84,26,0.3095238095238095,2895.37,34.468690476190474,66.4,True,44.20720238095238,Low,Hyderabad,Control,0.0,No Incentive,0.2,0.23280000000000003,False,0,26,0.0
CUST03882,Convenience_First,82,25,0.3048780487804878,1858.37,22.6630487804878,67.8,True,44.20637195121951,Low,Bengaluru,Control,0.0,No Incentive,0.2,0.2356,False,0,25,0.0
CUST04736,Price_Sensitive,75,28,0.3733333333333333,1687.12,22.494933333333332,64.1,True,44.19583333333333,Low,Delhi NCR,Control,0.0,No Incentive,0.3,0.3282,False,0,28,0.0
CUST06235,Convenience_First,83,28,0.3373493975903614,1796.3,21.64216867469879,64.0,True,44.177725903614466,Low,Kochi,Control,0.0,No Incentive,0.2,0.228,False,0,28,0.0
CUST04182,Convenience_First,75,28,0.3733333333333333,2939.32,39.190933333333334,64.0,True,44.155833333333334,Low,Kochi,Control,0.0,No Incentive,0.2,0.228,False,0,28,0.0
CUST05715,Convenience_First,81,30,0.3703703703703703,2829.8,34.93580246913581,61.6,True,44.14856481481481,Low,Delhi NCR,Treatment,0.15,Off-Peak Incentive,0.2,0.2232,True,17,13,0.5666666666666667
CUST01318,Convenience_First,81,29,0.3580246913580246,2682.85,33.1216049382716,62.8,True,44.134737654320986,Low,Mumbai,Control,0.0,No Incentive,0.2,0.22560000000000002,False,0,29,0.0
CUST06441,Convenience_First,78,30,0.3846153846153846,2658.43,34.08243589743589,61.5,True,44.128365384615385,Low,Mumbai,Control,0.0,No Incentive,0.2,0.223,False,0,30,0.0
CUST04389,Convenience_First,79,31,0.3924050632911392,2692.44,34.081518987341774,60.3,True,44.127452531645574,Low,Kochi,Control,0.0,No Incentive,0.2,0.22060000000000002,False,0,31,0.0
CUST05221,Convenience_First,84,27,0.3214285714285714,2438.52,29.03,65.0,True,44.12339285714285,Low,Chandigarh,Treatment,0.15,Off-Peak Incentive,0.2,0.23,True,16,11,0.5925925925925926
CUST05339,Price_Sensitive,81,28,0.345679012345679,2317.63,28.61271604938272,64.0,True,44.12091049382716,Low,Lucknow,Control,0.0,No Incentive,0.3,0.328,False,0,28,0.0
CUST07464,Convenience_First,77,29,0.3766233766233766,1816.74,23.594025974025975,62.7,True,44.117435064935066,Low,Chennai,Control,0.0,No Incentive,0.2,0.22540000000000002,False,0,29,0.0
CUST01744,Convenience_First,85,31,0.3647058823529411,2239.89,26.351647058823527,60.2,True,44.11198529411765,Low,Hyderabad,Control,0.0,No Incentive,0.2,0.2204,False,0,31,0.0
CUST06971,Convenience_First,82,27,0.3292682926829268,2512.25,30.63719512195122,65.1,True,44.10198170731707,Low,Kochi,Treatment,0.15,Off-Peak Incentive,0.2,0.23020000000000002,False,0,27,0.0
CUST01290,Convenience_First,82,27,0.3292682926829268,1783.4,21.74878048780488,65.1,True,44.10198170731707,Low,Kolkata,Control,0.0,No Incentive,0.2,0.23020000000000002,False,0,27,0.0
CUST04689,Convenience_First,86,26,0.3023255813953488,2564.42,29.818837209302327,65.9,True,44.10177325581396,Low,Pune,Control,0.0,No Incentive,0.2,0.23180000000000003,False,0,26,0.0
CUST05753,Price_Sensitive,86,26,0.3023255813953488,1562.95,18.173837209302327,65.9,True,44.10177325581396,Low,Bengaluru,Control,0.0,No Incentive,0.3,0.3318,False,0,26,0.0
CUST04373,Price_Sensitive,72,25,0.3472222222222222,1217.85,16.914583333333333,67.6,True,44.09388888888889,Low,Pune,Control,0.0,No Incentive,0.3,0.3352,False,0,25,0.0
CUST07995,Price_Sensitive,80,26,0.325,1658.57,20.732125,66.5,True,44.09375,Low,Lucknow,Control,0.0,No Incentive,0.3,0.33299999999999996,False,0,26,0.0
CUST05619,Price_Sensitive,80,24,0.3,1889.02,23.61275,69.0,True,44.09375,Low,Bengaluru,Control,0.0,No Incentive,0.3,0.33799999999999997,False,0,24,0.0
CUST04061,Routine_Commuter,87,27,0.3103448275862069,1432.01,16.459885057471265,64.5,True,44.07254310344828,Low,Ahmedabad,Treatment,0.15,Off-Peak Incentive,0.35,0.379,False,0,27,0.0
CUST01253,Convenience_First,82,28,0.3414634146341463,1835.71,22.38670731707317,63.8,True,44.06978658536585,Low,Pune,Control,0.0,No Incentive,0.2,0.22760000000000002,False,0,28,0.0
CUST00830,Convenience_First,71,29,0.4084507042253521,1731.06,24.38112676056338,61.8,True,44.06927816901408,Low,Mumbai,Treatment,0.15,Off-Peak Incentive,0.2,0.22360000000000002,False,0,29,0.0
CUST02989,Price_Sensitive,81,30,0.3703703703703703,1962.33,24.226296296296297,61.4,True,44.06856481481481,Low,Bengaluru,Control,0.0,No Incentive,0.3,0.3228,False,0,30,0.0
CUST02961,Price_Sensitive,81,27,0.3333333333333333,1510.04,18.642469135802468,65.1,True,44.067083333333336,Low,Chennai,Control,0.0,No Incentive,0.3,0.3302,False,0,27,0.0
CUST07042,Price_Sensitive,75,27,0.36,1189.59,15.861199999999998,65.1,True,44.0625,Low,Kolkata,Treatment,0.15,Off-Peak Incentive,0.3,0.3302,False,0,27,0.0
CUST05493,Convenience_First,83,29,0.3493975903614458,1260.12,15.182168674698794,62.5,True,44.05965361445784,Low,Hyderabad,Treatment,0.15,Off-Peak Incentive,0.2,0.225,False,0,29,0.0
CUST05870,Price_Sensitive,83,29,0.3493975903614458,2153.04,25.94024096385542,62.5,True,44.05965361445784,Low,Kolkata,Treatment,0.15,Off-Peak Incentive,0.3,0.325,False,0,29,0.0
CUST00137,Routine_Commuter,79,28,0.3544303797468354,1824.7,23.09746835443038,63.9,True,44.04846518987342,Low,Delhi NCR,Control,0.0,No Incentive,0.35,0.37779999999999997,False,0,28,0.0
CUST06260,Convenience_First,72,27,0.375,1676.84,23.28944444444444,64.7,True,44.045,Low,Delhi NCR,Control,0.0,No Incentive,0.2,0.22940000000000002,False,0,27,0.0
CUST00504,Convenience_First,81,28,0.345679012345679,2279.86,28.14641975308642,63.8,True,44.04091049382716,Low,Kochi,Treatment,0.15,Off-Peak Incentive,0.2,0.22760000000000002,False,0,28,0.0
CUST02820,Price_Sensitive,84,28,0.3333333333333333,1660.56,19.768571428571427,63.6,True,44.03958333333333,Low,Pune,Control,0.0,No Incentive,0.3,0.3272,False,0,28,0.0
CUST07601,Convenience_First,85,26,0.3058823529411765,1582.98,18.62329411764706,65.9,True,44.039044117647066,Low,Ahmedabad,Treatment,0.15,Off-Peak Incentive,0.2,0.23180000000000003,False,0,26,0.0
CUST00456,Routine_Commuter,79,29,0.3670886075949367,1123.15,14.217088607594938,62.6,True,44.03479430379747,Low,Chennai,Control,0.0,No Incentive,0.35,0.3752,False,0,29,0.0
CUST06905,Convenience_First,86,28,0.3255813953488372,1470.67,17.100813953488373,63.4,True,44.03200581395348,Low,Chandigarh,Treatment,0.15,Off-Peak Incentive,0.2,0.2268,False,0,28,0.0
CUST01963,Price_Sensitive,75,30,0.4,1495.57,19.940933333333337,61.0,True,44.02250000000001,Low,Mumbai,Treatment,0.15,Off-Peak Incentive,0.3,0.322,True,17,13,0.5666666666666667
CUST01661,Convenience_First,83,28,0.3373493975903614,2622.72,31.59903614457831,63.6,True,44.01772590361446,Low,Chennai,Treatment,0.15,Off-Peak Incentive,0.2,0.2272,False,0,28,0.0
CUST02666,Price_Sensitive,75,29,0.3866666666666666,1646.74,21.956533333333333,62.3,True,44.009166666666665,Low,Hyderabad,Control,0.0,No Incentive,0.3,0.3246,False,0,29,0.0
CUST04801,Routine_Commuter,81,25,0.3086419753086419,2170.37,26.79469135802469,67.4,True,43.99942901234568,Low,Kolkata,Treatment,0.15,Off-Peak Incentive,0.35,0.3848,False,0,25,0.0
CUST01438,Price_Sensitive,77,28,0.3636363636363636,1197.87,15.556753246753246,63.7,True,43.99795454545455,Low,Chennai,Control,0.0,No Incentive,0.3,0.3274,False,0,28,0.0
CUST00822,Price_Sensitive,82,28,0.3414634146341463,1764.96,21.52390243902439,63.6,True,43.98978658536585,Low,Delhi NCR,Treatment,0.15,Off-Peak Incentive,0.3,0.3272,True,16,12,0.5714285714285714
CUST02336,Routine_Commuter,85,27,0.3176470588235294,2139.23,25.16741176470588,64.6,True,43.98963235294118,Low,Hyderabad,Treatment,0.15,Off-Peak Incentive,0.35,0.3792,False,0,27,0.0
CUST03983,Price_Sensitive,74,25,0.3378378378378378,1331.01,17.986621621621623,67.5,True,43.97476351351351,Low,Ahmedabad,Treatment,0.15,Off-Peak Incentive,0.3,0.33499999999999996,True,15,10,0.6
CUST01704,Convenience_First,86,27,0.313953488372093,3237.5499999999997,37.645930232558136,64.4,True,43.96688953488373,Low,Chennai,Treatment,0.15,Off-Peak Incentive,0.2,0.22880000000000003,False,0,27,0.0
CUST06204,Convenience_First,84,29,0.3452380952380952,2150.58,25.602142857142855,62.2,True,43.95577380952381,Low,Ahmedabad,Control,0.0,No Incentive,0.2,0.22440000000000002,False,0,29,0.0
CUST05323,Routine_Commuter,80,25,0.3125,1847.15,23.089375,67.4,True,43.95375000000001,Low,Lucknow,Treatment,0.15,Off-Peak Incentive,0.35,0.3848,True,15,10,0.6
CUST07248,Convenience_First,82,28,0.3414634146341463,1604.23,19.563780487804877,63.5,True,43.94978658536586,Low,Pune,Control,0.0,No Incentive,0.2,0.227,False,0,28,0.0
CUST00597,Price_Sensitive,83,28,0.3373493975903614,1951.36,23.510361445783133,63.4,True,43.93772590361446,Low,Mumbai,Treatment,0.15,Off-Peak Incentive,0.3,0.3268,True,16,12,0.5714285714285714
CUST03987,Routine_Commuter,80,26,0.325,1764.9,22.06125,66.1,True,43.93375,Low,Chennai,Treatment,0.15,Off-Peak Incentive,0.35,0.3822,True,15,11,0.5769230769230769
CUST05316,Price_Sensitive,80,26,0.325,1582.48,19.781,66.1,True,43.93375,Low,Chandigarh,Treatment,0.15,Off-Peak Incentive,0.3,0.3322,False,0,26,0.0
CUST00687,Price_Sensitive,76,27,0.3552631578947368,1567.24,20.62157894736842,64.8,True,43.92927631578947,Low,Mumbai,Treatment,0.15,Off-Peak Incentive,0.3,0.3296,True,15,12,0.5555555555555556
CUST06733,Routine_Commuter,89,28,0.3146067415730337,1937.14,21.76561797752809,62.7,True,43.91676966292135,Low,Jaipur,Control,0.0,No Incentive,0.35,0.37539999999999996,False,0,28,0.0
CUST04504,Convenience_First,80,25,0.3125,3121.84,39.023,67.3,True,43.91375,Low,Kolkata,Control,0.0,No Incentive,0.2,0.2346,False,0,25,0.0
CUST00618,Convenience_First,73,27,0.3698630136986301,2184.82,29.929041095890412,64.5,True,43.909520547945206,Low,Mumbai,Treatment,0.15,Off-Peak Incentive,0.2,0.229,False,0,27,0.0
CUST06910,Routine_Commuter,83,25,0.3012048192771084,1828.97,22.03578313253012,66.9,True,43.891942771084345,Low,Hyderabad,Control,0.0,No Incentive,0.35,0.3838,False,0,25,0.0
CUST07470,Price_Sensitive,76,26,0.3421052631578947,1482.12,19.501578947368422,66.0,True,43.882960526315784,Low,Kolkata,Control,0.0,No Incentive,0.3,0.33199999999999996,False,0,26,0.0
CUST03619,Convenience_First,77,25,0.3246753246753247,2089.41,27.135194805194804,67.3,True,43.87951298701299,Low,Bengaluru,Control,0.0,No Incentive,0.2,0.2346,False,0,25,0.0
CUST01548,Convenience_First,82,29,0.3536585365853658,2416.11,29.464756097560976,62.1,True,43.87759146341463,Low,Delhi NCR,Control,0.0,No Incentive,0.2,0.2242,False,0,29,0.0
CUST02930,Convenience_First,79,26,0.3291139240506329,2041.44,25.84101265822785,66.0,True,43.87580696202532,Low,Ahmedabad,Control,0.0,No Incentive,0.2,0.232,False,0,26,0.0
CUST07236,Price_Sensitive,80,29,0.3625,1600.03,20.000375,62.2,True,43.87375,Low,Jaipur,Control,0.0,No Incentive,0.3,0.3244,False,0,29,0.0
CUST05416,Price_Sensitive,83,26,0.3132530120481928,1630.54,19.645060240963858,65.6,True,43.853870481927714,Low,Delhi NCR,Control,0.0,No Incentive,0.3,0.3312,False,0,26,0.0
CUST00674,Convenience_First,75,29,0.3866666666666666,1728.48,23.0464,61.9,True,43.84916666666667,Low,Delhi NCR,Treatment,0.15,Off-Peak Incentive,0.2,0.2238,False,0,29,0.0
CUST03856,Convenience_First,79,28,0.3544303797468354,1966.32,24.89012658227848,63.4,True,43.848465189873416,Low,Bengaluru,Control,0.0,No Incentive,0.2,0.2268,False,0,28,0.0
CUST04399,Convenience_First,72,27,0.375,2005.78,27.858055555555556,64.2,True,43.845000000000006,Low,Delhi NCR,Treatment,0.15,Off-Peak Incentive,0.2,0.22840000000000002,False,0,27,0.0
CUST06129,Price_Sensitive,70,26,0.3714285714285714,1707.98,24.399714285714285,65.3,True,43.839642857142856,Low,Chennai,Control,0.0,No Incentive,0.3,0.3306,False,0,26,0.0
CUST05915,Price_Sensitive,77,25,0.3246753246753247,1604.93,20.843246753246753,67.2,True,43.839512987012995,Low,Kochi,Control,0.0,No Incentive,0.3,0.3344,False,0,25,0.0
CUST01255,Convenience_First,85,26,0.3058823529411765,2626.24,30.896941176470584,65.4,True,43.83904411764706,Low,Mumbai,Treatment,0.15,Off-Peak Incentive,0.2,0.23080000000000003,False,0,26,0.0
CUST06255,Convenience_First,77,28,0.3636363636363636,2583.85,33.5564935064935,63.3,True,43.83795454545455,Low,Kochi,Control,0.0,No Incentive,0.2,0.22660000000000002,False,0,28,0.0
CUST06367,Price_Sensitive,78,26,0.3333333333333333,1352.05,17.33397435897436,65.9,True,43.83708333333333,Low,Kochi,Control,0.0,No Incentive,0.3,0.3318,False,0,26,0.0
CUST05957,Price_Sensitive,76,25,0.3289473684210526,2037.3,26.806578947368426,67.2,True,43.8366447368421,Low,Ahmedabad,Treatment,0.15,Off-Peak Incentive,0.3,0.3344,True,15,10,0.6
CUST02775,Convenience_First,74,24,0.3243243243243243,1541.36,20.829189189189183,68.5,True,43.834222972972974,Low,Ahmedabad,Control,0.0,No Incentive,0.2,0.23700000000000002,False,0,24,0.0
CUST04600,Price_Sensitive,79,24,0.3037974683544304,2145.14,27.153670886075947,68.4,True,43.823148734177224,Low,Pune,Control,0.0,No Incentive,0.3,0.3368,False,0,24,0.0
CUST06586,Convenience_First,82,26,0.3170731707317073,1463.58,17.848536585365853,65.6,True,43.81417682926829,Low,Delhi NCR,Control,0.0,No Incentive,0.2,0.23120000000000002,False,0,26,0.0
CUST03362,Convenience_First,79,25,0.3164556962025316,1835.82,23.238227848101264,67.1,True,43.80947784810127,Low,Mumbai,Treatment,0.15,Off-Peak Incentive,0.2,0.2342,False,0,25,0.0
CUST06504,Convenience_First,72,26,0.3611111111111111,2394.99,33.263749999999995,65.5,True,43.809444444444445,Low,Delhi NCR,Treatment,0.15,Off-Peak Incentive,0.2,0.231,False,0,26,0.0
CUST02497,Price_Sensitive,77,25,0.3246753246753247,1354.58,17.59194805194805,67.1,True,43.79951298701299,Low,Pune,Control,0.0,No Incentive,0.3,0.3342,False,0,25,0.0
CUST04157,Convenience_First,75,28,0.3733333333333333,1472.83,19.637733333333333,63.1,True,43.795833333333334,Low,Bengaluru,Treatment,0.15,Off-Peak Incentive,0.2,0.2262,False,0,28,0.0
CUST04413,Price_Sensitive,80,26,0.325,1638.49,20.481125,65.7,True,43.77375,Low,Mumbai,Treatment,0.15,Off-Peak Incentive,0.3,0.3314,False,0,26,0.0
CUST03877,Convenience_First,67,29,0.4328358208955223,1164.39,17.3789552238806,60.0,True,43.770932835820894,Low,Chennai,Treatment,0.15,Off-Peak Incentive,0.2,0.22000000000000003,False,0,29,0.0
CUST01982,Convenience_First,84,26,0.3095238095238095,2085.76,24.83047619047619,65.3,True,43.767202380952384,Low,Hyderabad,Treatment,0.15,Off-Peak Incentive,0.2,0.2306,False,0,26,0.0
CUST01178,Routine_Commuter,77,27,0.3506493506493506,2299.26,29.86051948051948,64.4,True,43.758474025974024,Low,Pune,Control,0.0,No Incentive,0.35,0.37879999999999997,False,0,27,0.0
CUST06187,Routine_Commuter,79,26,0.3291139240506329,1437.74,18.199240506329115,65.7,True,43.75580696202532,Low,Kochi,Control,0.0,No Incentive,0.35,0.38139999999999996,False,0,26,0.0
CUST06942,Price_Sensitive,79,26,0.3291139240506329,2116.38,26.789620253164557,65.7,True,43.75580696202532,Low,Chennai,Control,0.0,No Incentive,0.3,0.3314,False,0,26,0.0
CUST03807,Convenience_First,84,29,0.3452380952380952,1454.68,17.317619047619047,61.7,True,43.75577380952381,Low,Chennai,Control,0.0,No Incentive,0.2,0.22340000000000002,False,0,29,0.0
CUST06349,Routine_Commuter,80,27,0.3375,2119.16,26.4895,64.4,True,43.75375,Low,Kolkata,Treatment,0.15,Off-Peak Incentive,0.35,0.37879999999999997,False,0,27,0.0
CUST05555,Convenience_First,78,27,0.3461538461538461,1897.59,24.32807692307692,64.4,True,43.74990384615384,Low,Chennai,Treatment,0.15,Off-Peak Incentive,0.2,0.22880000000000003,False,0,27,0.0
CUST06252,Convenience_First,78,28,0.358974358974359,1252.69,16.060128205128205,63.1,True,43.74272435897436,Low,Ahmedabad,Treatment,0.15,Off-Peak Incentive,0.2,0.2262,False,0,28,0.0
CUST06981,Convenience_First,79,27,0.3417721518987341,2732.05,34.582911392405066,64.4,True,43.74213607594937,Low,Chandigarh,Treatment,0.15,Off-Peak Incentive,0.2,0.22880000000000003,False,0,27,0.0
CUST04599,Price_Sensitive,73,28,0.3835616438356164,1358.23,18.605890410958903,62.7,True,43.73746575342466,Low,Mumbai,Treatment,0.15,Off-Peak Incentive,0.3,0.3254,False,0,28,0.0
CUST05721,Convenience_First,76,28,0.3684210526315789,1580.97,20.802236842105263,63.0,True,43.73559210526316,Low,Hyderabad,Treatment,0.15,Off-Peak Incentive,0.2,0.226,False,0,28,0.0
CUST06853,Price_Sensitive,83,26,0.3132530120481928,2256.74,27.18963855421687,65.3,True,43.73387048192772,Low,Jaipur,Treatment,0.15,Off-Peak Incentive,0.3,0.3306,False,0,26,0.0
CUST02752,Convenience_First,80,28,0.35,2993.93,37.424125,63.1,True,43.73375,Low,Mumbai,Treatment,0.15,Off-Peak Incentive,0.2,0.2262,False,0,28,0.0
CUST00060,Convenience_First,77,27,0.3506493506493506,2740.05,35.585064935064935,64.3,True,43.71847402597402,Low,Bengaluru,Control,0.0,No Incentive,0.2,0.2286,False,0,27,0.0
CUST01523,Convenience_First,82,29,0.3536585365853658,1755.69,21.410853658536585,61.7,True,43.717591463414635,Low,Ahmedabad,Control,0.0,No Incentive,0.2,0.22340000000000002,False,0,29,0.0
CUST05287,Price_Sensitive,72,29,0.4027777777777778,1591.14,22.09916666666667,61.1,True,43.71611111111111,Low,Hyderabad,Control,0.0,No Incentive,0.3,0.3222,False,0,29,0.0
CUST04329,Price_Sensitive,72,29,0.4027777777777778,1662.29,23.08736111111111,61.1,True,43.71611111111111,Low,Bengaluru,Control,0.0,No Incentive,0.3,0.3222,False,0,29,0.0
CUST02690,Price_Sensitive,79,26,0.3291139240506329,1382.88,17.50481012658228,65.6,True,43.71580696202531,Low,Chennai,Control,0.0,No Incentive,0.3,0.3312,False,0,26,0.0
CUST05690,Convenience_First,80,25,0.3125,2018.55,25.231875,66.8,True,43.71375,Low,Hyderabad,Treatment,0.15,Off-Peak Incentive,0.2,0.2336,False,0,25,0.0
CUST04306,Routine_Commuter,85,27,0.3176470588235294,1449.56,17.05364705882353,63.9,True,43.70963235294118,Low,Hyderabad,Control,0.0,No Incentive,0.35,0.37779999999999997,False,0,27,0.0
CUST03712,Price_Sensitive,78,29,0.3717948717948718,2819.33,36.14525641025641,61.7,True,43.69554487179487,Low,Mumbai,Treatment,0.15,Off-Peak Incentive,0.3,0.3234,False,0,29,0.0
CUST06261,Price_Sensitive,83,26,0.3132530120481928,1759.97,21.2044578313253,65.2,True,43.69387048192772,Low,Ahmedabad,Treatment,0.15,Off-Peak Incentive,0.3,0.33039999999999997,False,0,26,0.0
CUST05473,Routine_Commuter,80,30,0.375,2177.13,27.214125000000003,60.5,True,43.69375,Low,Kochi,Treatment,0.15,Off-Peak Incentive,0.35,0.371,False,0,30,0.0
CUST06710,Price_Sensitive,83,25,0.3012048192771084,2419.24,29.14746987951807,66.4,True,43.69194277108434,Low,Bengaluru,Treatment,0.15,Off-Peak Incentive,0.3,0.3328,False,0,25,0.0
CUST02236,Convenience_First,79,28,0.3544303797468354,1567.42,19.840759493670888,63.0,True,43.68846518987342,Low,Delhi NCR,Treatment,0.15,Off-Peak Incentive,0.2,0.226,False,0,28,0.0
CUST07902,Convenience_First,73,26,0.3561643835616438,2928.33,40.11410958904109,65.3,True,43.68157534246575,Low,Bengaluru,Control,0.0,No Incentive,0.2,0.2306,False,0,26,0.0
CUST03016,Convenience_First,81,28,0.345679012345679,1510.85,18.65246913580247,62.9,True,43.68091049382716,Low,Chennai,Control,0.0,No Incentive,0.2,0.2258,False,0,28,0.0
CUST04477,Price_Sensitive,85,26,0.3058823529411765,1776.44,20.89929411764706,65.0,True,43.67904411764706,Low,Lucknow,Control,0.0,No Incentive,0.3,0.32999999999999996,False,0,26,0.0
CUST03589,Price_Sensitive,79,24,0.3037974683544304,1752.67,22.185696202531645,68.0,True,43.66314873417722,Low,Chandigarh,Control,0.0,No Incentive,0.3,0.33599999999999997,False,0,24,0.0
CUST00067,Convenience_First,83,29,0.3493975903614458,2477.08,29.84433734939759,61.5,True,43.65965361445784,Low,Kolkata,Control,0.0,No Incentive,0.2,0.223,False,0,29,0.0
CUST00997,Convenience_First,73,28,0.3835616438356164,1668.29,22.853287671232877,62.5,True,43.65746575342465,Low,Delhi NCR,Treatment,0.15,Off-Peak Incentive,0.2,0.225,True,16,12,0.5714285714285714
CUST00027,Convenience_First,74,27,0.3648648648648648,1551.98,20.9727027027027,64.0,True,43.65584459459459,Low,Mumbai,Control,0.0,No Incentive,0.2,0.228,False,0,27,0.0
CUST05865,Convenience_First,83,26,0.3132530120481928,2469.26,29.750120481927713,65.1,True,43.65387048192771,Low,Pune,Control,0.0,No Incentive,0.2,0.23020000000000002,False,0,26,0.0
CUST04828,Routine_Commuter,80,26,0.325,1951.12,24.389,65.4,True,43.65375,Low,Mumbai,Treatment,0.15,Off-Peak Incentive,0.35,0.38079999999999997,False,0,26,0.0
CUST03869,Convenience_First,75,29,0.3866666666666666,1990.75,26.543333333333333,61.4,True,43.649166666666666,Low,Bengaluru,Treatment,0.15,Off-Peak Incentive,0.2,0.2228,False,0,29,0.0
CUST02674,Price_Sensitive,64,28,0.4375,2306.87,36.04484375,60.2,True,43.625,Low,Bengaluru,Control,0.0,No Incentive,0.3,0.3204,False,0,28,0.0
CUST05082,Convenience_First,83,26,0.3132530120481928,1646.81,19.841084337349397,65.0,True,43.61387048192771,Low,Pune,Control,0.0,No Incentive,0.2,0.23,False,0,26,0.0
CUST06417,Convenience_First,81,26,0.3209876543209876,1535.37,18.955185185185183,65.2,True,43.613256172839506,Low,Chennai,Treatment,0.15,Off-Peak Incentive,0.2,0.23040000000000002,True,15,11,0.5769230769230769
CUST03691,Convenience_First,83,25,0.3012048192771084,1628.4,19.619277108433735,66.2,True,43.611942771084344,Low,Pune,Control,0.0,No Incentive,0.2,0.23240000000000002,False,0,25,0.0
CUST05135,Price_Sensitive,78,24,0.3076923076923077,2072.23,26.56705128205128,67.9,True,43.61144230769231,Low,Pune,Treatment,0.15,Off-Peak Incentive,0.3,0.3358,False,0,24,0.0
CUST07591,Convenience_First,77,29,0.3766233766233766,1953.98,25.376363636363635,61.4,True,43.59743506493507,Low,Lucknow,Treatment,0.15,Off-Peak Incentive,0.2,0.2228,False,0,29,0.0
CUST02530,Convenience_First,79,29,0.3670886075949367,2845.3,36.016455696202534,61.5,True,43.59479430379747,Low,Ahmedabad,Treatment,0.15,Off-Peak Incentive,0.2,0.223,False,0,29,0.0
CUST07106,Convenience_First,66,26,0.3939393939393939,1709.28,25.89818181818182,63.8,True,43.59007575757576,Low,Lucknow,Treatment,0.15,Off-Peak Incentive,0.2,0.22760000000000002,False,0,26,0.0
CUST02013,Convenience_First,78,28,0.358974358974359,1131.88,14.51128205128205,62.7,True,43.58272435897436,Low,Bengaluru,Control,0.0,No Incentive,0.2,0.22540000000000002,False,0,28,0.0
CUST01571,Convenience_First,76,29,0.3815789473684211,3375.36,44.41263157894737,61.3,True,43.58190789473685,Low,Bengaluru,Treatment,0.15,Off-Peak Incentive,0.2,0.22260000000000002,False,0,29,0.0
CUST02005,Price_Sensitive,82,26,0.3170731707317073,2424.75,29.570121951219512,65.0,True,43.574176829268296,Low,Mumbai,Control,0.0,No Incentive,0.3,0.32999999999999996,False,0,26,0.0
CUST01040,Price_Sensitive,80,24,0.3,1452.47,18.155875,67.7,True,43.57375,Low,Mumbai,Treatment,0.15,Off-Peak Incentive,0.3,0.3354,False,0,24,0.0
CUST01887,Price_Sensitive,81,26,0.3209876543209876,1594.4,19.68395061728395,65.1,True,43.57325617283951,Low,Pune,Control,0.0,No Incentive,0.3,0.3302,False,0,26,0.0
CUST07056,Price_Sensitive,75,26,0.3466666666666667,1736.17,23.148933333333336,65.2,True,43.569166666666675,Low,Delhi NCR,Control,0.0,No Incentive,0.3,0.33039999999999997,False,0,26,0.0
CUST00579,Convenience_First,82,25,0.3048780487804878,1860.84,22.693170731707315,66.2,True,43.56637195121952,Low,Mumbai,Control,0.0,No Incentive,0.2,0.23240000000000002,False,0,25,0.0
CUST02402,Price_Sensitive,79,26,0.3291139240506329,1619.73,20.502911392405064,65.2,True,43.555806962025315,Low,Bengaluru,Control,0.0,No Incentive,0.3,0.33039999999999997,False,0,26,0.0
CUST01537,Convenience_First,79,26,0.3291139240506329,1921.8,24.326582278481013,65.2,True,43.555806962025315,Low,Chennai,Control,0.0,No Incentive,0.2,0.23040000000000002,False,0,26,0.0
CUST07379,Price_Sensitive,80,27,0.3375,1210.87,15.135875000000002,63.9,True,43.55375,Low,Kochi,Control,0.0,No Incentive,0.3,0.3278,False,0,27,0.0
CUST07960,Price_Sensitive,78,27,0.3461538461538461,1778.73,22.80423076923077,63.9,True,43.54990384615384,Low,Hyderabad,Control,0.0,No Incentive,0.3,0.3278,False,0,27,0.0
CUST05666,Convenience_First,78,27,0.3461538461538461,2226.47,28.544487179487177,63.9,True,43.54990384615384,Low,Chandigarh,Control,0.0,No Incentive,0.2,0.2278,False,0,27,0.0
CUST06753,Price_Sensitive,76,23,0.3026315789473684,2752.7,36.21973684210526,69.1,True,43.54401315789474,Low,Chennai,Treatment,0.15,Off-Peak Incentive,0.3,0.3382,False,0,23,0.0
CUST03426,Price_Sensitive,79,24,0.3037974683544304,1357.01,17.177341772151898,67.7,True,43.54314873417722,Low,Lucknow,Treatment,0.15,Off-Peak Incentive,0.3,0.3354,False,0,24,0.0
CUST01939,Convenience_First,79,27,0.3417721518987341,1313.74,16.629620253164557,63.9,True,43.542136075949365,Low,Hyderabad,Treatment,0.15,Off-Peak Incentive,0.2,0.2278,False,0,27,0.0
CUST03706,Convenience_First,83,26,0.3132530120481928,2826.58,34.05518072289156,64.8,True,43.533870481927714,Low,Mumbai,Treatment,0.15,Off-Peak Incentive,0.2,0.2296,False,0,26,0.0
CUST07144,Convenience_First,83,26,0.3132530120481928,2109.36,25.41397590361446,64.8,True,43.533870481927714,Low,Bengaluru,Treatment,0.15,Off-Peak Incentive,0.2,0.2296,False,0,26,0.0
CUST03469,Convenience_First,75,29,0.3866666666666666,1009.63,13.461733333333331,61.1,True,43.52916666666667,Low,Pune,Treatment,0.15,Off-Peak Incentive,0.2,0.2222,True,16,13,0.5517241379310345
CUST00821,Convenience_First,82,25,0.3048780487804878,1716.64,20.934634146341462,66.1,True,43.52637195121951,Low,Hyderabad,Control,0.0,No Incentive,0.2,0.23220000000000002,False,0,25,0.0
CUST03896,Price_Sensitive,78,25,0.3205128205128205,2315.21,29.68217948717949,66.4,True,43.52426282051282,Low,Mumbai,Treatment,0.15,Off-Peak Incentive,0.3,0.3328,False,0,25,0.0
CUST03431,Convenience_First,79,26,0.3291139240506329,2436.45,30.84113924050633,65.1,True,43.51580696202531,Low,Bengaluru,Control,0.0,No Incentive,0.2,0.23020000000000002,False,0,26,0.0
CUST02064,Price_Sensitive,69,28,0.4057971014492754,1169.18,16.94463768115942,61.3,True,43.49438405797101,Low,Chandigarh,Treatment,0.15,Off-Peak Incentive,0.3,0.3226,True,16,12,0.5714285714285714
CUST03505,Price_Sensitive,80,24,0.3,2234.08,27.926,67.5,True,43.49375,Low,Pune,Control,0.0,No Incentive,0.3,0.33499999999999996,False,0,24,0.0
CUST04699,Convenience_First,79,25,0.3164556962025316,2154.97,27.278101265822784,66.3,True,43.48947784810127,Low,Bengaluru,Treatment,0.15,Off-Peak Incentive,0.2,0.2326,True,15,10,0.6
CUST05301,Convenience_First,79,25,0.3164556962025316,1263.68,15.995949367088608,66.3,True,43.48947784810127,Low,Kochi,Treatment,0.15,Off-Peak Incentive,0.2,0.2326,False,0,25,0.0
CUST01445,Price_Sensitive,75,23,0.3066666666666666,2681.08,35.74773333333333,69.0,True,43.48916666666667,Low,Bengaluru,Treatment,0.15,Off-Peak Incentive,0.3,0.33799999999999997,True,14,9,0.6086956521739131
CUST06862,Convenience_First,82,25,0.3048780487804878,1479.54,18.043170731707317,66.0,True,43.48637195121951,Low,Hyderabad,Control,0.0,No Incentive,0.2,0.232,False,0,25,0.0
CUST06152,Convenience_First,76,26,0.3421052631578947,1342.67,17.66671052631579,65.0,True,43.482960526315786,Low,Kolkata,Treatment,0.15,Off-Peak Incentive,0.2,0.23,False,0,26,0.0
CUST03681,Price_Sensitive,77,24,0.3116883116883117,1929.95,25.064285714285713,67.6,True,43.48003246753247,Low,Bengaluru,Control,0.0,No Incentive,0.3,0.3352,False,0,24,0.0
CUST05206,Convenience_First,77,26,0.3376623376623376,2043.26,26.535844155844156,65.0,True,43.47899350649351,Low,Pune,Treatment,0.15,Off-Peak Incentive,0.2,0.23,True,15,11,0.5769230769230769
CUST05149,Convenience_First,79,26,0.3291139240506329,1153.59,14.60240506329114,65.0,True,43.47580696202532,Low,Bengaluru,Control,0.0,No Incentive,0.2,0.23,False,0,26,0.0
CUST01134,Routine_Commuter,80,26,0.325,2284.74,28.55925,64.9,True,43.45375000000001,Low,Jaipur,Treatment,0.15,Off-Peak Incentive,0.35,0.37979999999999997,False,0,26,0.0
CUST06147,Convenience_First,79,25,0.3164556962025316,1320.95,16.720886075949366,66.2,True,43.44947784810127,Low,Bengaluru,Control,0.0,No Incentive,0.2,0.23240000000000002,False,0,25,0.0
CUST01758,Routine_Commuter,82,29,0.3536585365853658,1553.43,18.944268292682928,61.0,True,43.437591463414634,Low,Hyderabad,Treatment,0.15,Off-Peak Incentive,0.35,0.372,True,16,13,0.5517241379310345
CUST04929,Price_Sensitive,80,25,0.3125,2043.23,25.540375,66.1,True,43.43375,Low,Chandigarh,Treatment,0.15,Off-Peak Incentive,0.3,0.3322,True,15,10,0.6
CUST03666,Price_Sensitive,73,27,0.3698630136986301,1404.86,19.244657534246578,63.3,True,43.4295205479452,Low,Lucknow,Treatment,0.15,Off-Peak Incentive,0.3,0.3266,True,15,12,0.5555555555555556
CUST06228,Convenience_First,75,27,0.36,2191.05,29.214,63.5,True,43.42250000000001,Low,Delhi NCR,Treatment,0.15,Off-Peak Incentive,0.2,0.227,False,0,27,0.0
CUST01173,Convenience_First,72,24,0.3333333333333333,1483.02,20.5975,67.3,True,43.41833333333333,Low,Chandigarh,Treatment,0.15,Off-Peak Incentive,0.2,0.2346,False,0,24,0.0
CUST02734,Routine_Commuter,82,26,0.3170731707317073,2477.35,30.211585365853654,64.6,True,43.41417682926829,Low,Lucknow,Control,0.0,No Incentive,0.35,0.3792,False,0,26,0.0
CUST03383,Convenience_First,75,29,0.3866666666666666,2167.39,28.898533333333333,60.8,True,43.409166666666664,Low,Delhi NCR,Treatment,0.15,Off-Peak Incentive,0.2,0.22160000000000002,False,0,29,0.0
CUST01056,Price_Sensitive,74,28,0.3783783783783784,807.92,10.917837837837835,62.0,True,43.39638513513514,Low,Bengaluru,Treatment,0.15,Off-Peak Incentive,0.3,0.324,True,16,12,0.5714285714285714
CUST07407,Convenience_First,63,25,0.3968253968253968,1451.47,23.03920634920635,64.0,True,43.39051587301587,Low,Kolkata,Control,0.0,No Incentive,0.2,0.228,False,0,25,0.0
CUST03766,Price_Sensitive,76,24,0.3157894736842105,1489.39,19.597236842105264,67.4,True,43.390328947368424,Low,Jaipur,Treatment,0.15,Off-Peak Incentive,0.3,0.3348,False,0,24,0.0
CUST05502,Price_Sensitive,78,24,0.3076923076923077,1256.59,16.110128205128206,67.3,True,43.371442307692305,Low,Mumbai,Treatment,0.15,Off-Peak Incentive,0.3,0.3346,True,14,10,0.5833333333333334
CUST05544,Convenience_First,79,25,0.3164556962025316,2530.38,32.030126582278484,66.0,True,43.36947784810127,Low,Kolkata,Control,0.0,No Incentive,0.2,0.232,False,0,25,0.0
CUST04179,Convenience_First,78,25,0.3205128205128205,2272.06,29.128974358974357,66.0,True,43.36426282051282,Low,Chandigarh,Control,0.0,No Incentive,0.2,0.232,False,0,25,0.0
CUST00898,Convenience_First,77,28,0.3636363636363636,1909.14,24.794025974025978,62.1,True,43.35795454545455,Low,Chandigarh,Control,0.0,No Incentive,0.2,0.2242,False,0,28,0.0
CUST02416,Convenience_First,80,29,0.3625,2648.78,33.109750000000005,60.9,True,43.35375,Low,Pune,Treatment,0.15,Off-Peak Incentive,0.2,0.2218,False,0,29,0.0
CUST06271,Convenience_First,68,27,0.3970588235294117,1980.8,29.12941176470588,62.1,True,43.33610294117647,Low,Chandigarh,Control,0.0,No Incentive,0.2,0.2242,False,0,27,0.0
CUST01376,Convenience_First,83,27,0.3253012048192771,1314.0,15.83132530120482,63.1,True,43.33579819277109,Low,Kolkata,Treatment,0.15,Off-Peak Incentive,0.2,0.2262,False,0,27,0.0
CUST05472,Price_Sensitive,78,25,0.3205128205128205,1521.94,19.51205128205128,65.9,True,43.32426282051282,Low,Mumbai,Control,0.0,No Incentive,0.3,0.3318,False,0,25,0.0
CUST07504,Convenience_First,77,27,0.3506493506493506,1838.04,23.87064935064935,63.3,True,43.31847402597403,Low,Kolkata,Control,0.0,No Incentive,0.2,0.22660000000000002,False,0,27,0.0
CUST03471,Convenience_First,77,28,0.3636363636363636,2424.78,31.490649350649353,62.0,True,43.31795454545454,Low,Ahmedabad,Control,0.0,No Incentive,0.2,0.224,False,0,28,0.0
CUST07595,Convenience_First,74,26,0.3513513513513513,1694.27,22.89554054054054,64.5,True,43.31530405405405,Low,Jaipur,Treatment,0.15,Off-Peak Incentive,0.2,0.229,False,0,26,0.0
CUST03080,Convenience_First,69,25,0.3623188405797101,2252.02,32.637971014492756,65.2,True,43.3152536231884,Low,Kolkata,Treatment,0.15,Off-Peak Incentive,0.2,0.23040000000000002,False,0,25,0.0
CUST01287,Convenience_First,80,25,0.3125,2644.07,33.050875000000005,65.8,True,43.31375,Low,Ahmedabad,Control,0.0,No Incentive,0.2,0.2316,False,0,25,0.0
CUST05141,Convenience_First,80,25,0.3125,1740.72,21.759,65.8,True,43.31375,Low,Pune,Control,0.0,No Incentive,0.2,0.2316,False,0,25,0.0
CUST05167,Convenience_First,73,24,0.3287671232876712,2180.75,29.873287671232877,67.1,True,43.305684931506846,Low,Pune,Control,0.0,No Incentive,0.2,0.2342,False,0,24,0.0
CUST02647,Price_Sensitive,72,23,0.3194444444444444,1488.97,20.68013888888889,68.4,True,43.302777777777784,Low,Hyderabad,Control,0.0,No Incentive,0.3,0.3368,False,0,23,0.0
CUST06066,Convenience_First,82,26,0.3170731707317073,1571.6,19.165853658536584,64.3,True,43.294176829268295,Low,Delhi NCR,Control,0.0,No Incentive,0.2,0.2286,False,0,26,0.0
CUST01803,Convenience_First,80,24,0.3,2328.33,29.104125,67.0,True,43.29375,Low,Kochi,Treatment,0.15,Off-Peak Incentive,0.2,0.234,False,0,24,0.0
CUST07532,Price_Sensitive,73,25,0.3424657534246575,2290.61,31.37821917808219,65.7,True,43.2936301369863,Low,Bengaluru,Treatment,0.15,Off-Peak Incentive,0.3,0.3314,True,14,11,0.56
CUST05151,Convenience_First,78,24,0.3076923076923077,2057.43,26.37730769230769,67.1,True,43.29144230769231,Low,Mumbai,Treatment,0.15,Off-Peak Incentive,0.2,0.2342,True,14,10,0.5833333333333334
CUST06273,Price_Sensitive,82,25,0.3048780487804878,1694.99,20.67060975609756,65.5,True,43.286371951219515,Low,Delhi NCR,Treatment,0.15,Off-Peak Incentive,0.3,0.33099999999999996,False,0,25,0.0
CUST04881,Convenience_First,77,24,0.3116883116883117,2258.11,29.3261038961039,67.1,True,43.280032467532465,Low,Kolkata,Treatment,0.15,Off-Peak Incentive,0.2,0.2342,True,14,10,0.5833333333333334
CUST00409,Convenience_First,81,25,0.3086419753086419,2012.73,24.848518518518517,65.6,True,43.27942901234568,Low,Chandigarh,Control,0.0,No Incentive,0.2,0.23120000000000002,False,0,25,0.0
CUST02730,Convenience_First,66,26,0.3939393939393939,1984.98,30.075454545454544,63.0,True,43.27007575757576,Low,Delhi NCR,Control,0.0,No Incentive,0.2,0.226,False,0,26,0.0
CUST02066,Routine_Commuter,73,27,0.3698630136986301,2879.56,39.44602739726027,62.9,True,43.269520547945206,Low,Hyderabad,Control,0.0,No Incentive,0.35,0.37579999999999997,False,0,27,0.0
CUST04669,Convenience_First,76,29,0.3815789473684211,2092.93,27.538552631578945,60.5,True,43.26190789473685,Low,Jaipur,Treatment,0.15,Off-Peak Incentive,0.2,0.221,False,0,29,0.0
CUST03389,Price_Sensitive,76,28,0.3684210526315789,2729.02,35.90815789473684,61.8,True,43.255592105263155,Low,Pune,Control,0.0,No Incentive,0.3,0.3236,False,0,28,0.0
CUST01271,Convenience_First,80,24,0.3,2656.3,33.20375,66.9,True,43.25375,Low,Kochi,Control,0.0,No Incentive,0.2,0.23380000000000004,False,0,24,0.0
CUST02050,Price_Sensitive,78,24,0.3076923076923077,2096.7,26.88076923076923,67.0,True,43.25144230769231,Low,Ahmedabad,Control,0.0,No Incentive,0.3,0.33399999999999996,False,0,24,0.0
CUST07468,Convenience_First,72,28,0.3888888888888889,1828.1,25.39027777777778,61.3,True,43.24055555555555,Low,Bengaluru,Control,0.0,No Incentive,0.2,0.22260000000000002,False,0,28,0.0
CUST02662,Convenience_First,70,26,0.3714285714285714,1720.17,24.573857142857143,63.8,True,43.239642857142854,Low,Ahmedabad,Control,0.0,No Incentive,0.2,0.22760000000000002,False,0,26,0.0
CUST02502,Price_Sensitive,62,27,0.4354838709677419,1337.66,21.575161290322583,60.0,True,43.23185483870968,Low,Kolkata,Control,0.0,No Incentive,0.3,0.32,False,0,27,0.0
CUST05361,Routine_Commuter,76,24,0.3157894736842105,1634.76,21.51,67.0,True,43.23032894736842,Low,Pune,Treatment,0.15,Off-Peak Incentive,0.35,0.384,False,0,24,0.0
CUST06881,Price_Sensitive,67,24,0.3582089552238806,1602.04,23.911044776119404,66.1,True,43.22585820895522,Low,Lucknow,Control,0.0,No Incentive,0.3,0.3322,False,0,24,0.0
CUST01987,Convenience_First,71,27,0.380281690140845,2123.69,29.91112676056338,62.5,True,43.2225176056338,Low,Pune,Treatment,0.15,Off-Peak Incentive,0.2,0.225,False,0,27,0.0
CUST02478,Convenience_First,74,29,0.3918918918918919,1918.24,25.922162162162163,60.2,True,43.216925675675675,Low,Bengaluru,Treatment,0.15,Off-Peak Incentive,0.2,0.2204,True,16,13,0.5517241379310345
CUST03286,Convenience_First,80,24,0.3,1778.73,22.234125,66.8,True,43.21375,Low,Pune,Treatment,0.15,Off-Peak Incentive,0.2,0.2336,False,0,24,0.0
CUST01713,Price_Sensitive,80,24,0.3,1849.41,23.117625,66.8,True,43.21375,Low,Ahmedabad,Control,0.0,No Incentive,0.3,0.3336,False,0,24,0.0
CUST04587,Convenience_First,72,27,0.375,1902.49,26.423472222222223,62.6,True,43.205000000000005,Low,Chennai,Control,0.0,No Incentive,0.2,0.2252,False,0,27,0.0
CUST03266,Price_Sensitive,81,25,0.3086419753086419,1845.62,22.78543209876543,65.4,True,43.19942901234568,Low,Bengaluru,Control,0.0,No Incentive,0.3,0.3308,False,0,25,0.0
CUST02023,Price_Sensitive,77,26,0.3376623376623376,989.79,12.854415584415584,64.3,True,43.19899350649351,Low,Chennai,Treatment,0.15,Off-Peak Incentive,0.3,0.3286,False,0,26,0.0
CUST00922,Price_Sensitive,77,26,0.3376623376623376,2356.1,30.598701298701297,64.3,True,43.19899350649351,Low,Chandigarh,Treatment,0.15,Off-Peak Incentive,0.3,0.3286,True,15,11,0.5769230769230769
CUST03779,Convenience_First,74,26,0.3513513513513513,2507.79,33.88905405405406,64.2,True,43.195304054054056,Low,Delhi NCR,Control,0.0,No Incentive,0.2,0.22840000000000002,False,0,26,0.0
CUST05136,Convenience_First,80,25,0.3125,2013.53,25.169125,65.5,True,43.19375,Low,Kochi,Treatment,0.15,Off-Peak Incentive,0.2,0.231,False,0,25,0.0
CUST03627,Convenience_First,47,22,0.4680851063829787,1167.16,24.833191489361703,60.1,True,43.190904255319154,Low,Mumbai,Control,0.0,No Incentive,0.2,0.2202,False,0,22,0.0
CUST01944,Convenience_First,74,27,0.3648648648648648,2356.38,31.842972972972973,62.8,True,43.175844594594594,Low,Chennai,Treatment,0.15,Off-Peak Incentive,0.2,0.22560000000000002,False,0,27,0.0
CUST02316,Convenience_First,70,26,0.3714285714285714,1347.54,19.25057142857143,63.6,True,43.159642857142856,Low,Chennai,Control,0.0,No Incentive,0.2,0.2272,False,0,26,0.0
CUST02834,Price_Sensitive,77,26,0.3376623376623376,1374.85,17.855194805194802,64.2,True,43.1589935064935,Low,Pune,Control,0.0,No Incentive,0.3,0.32839999999999997,False,0,26,0.0
CUST06511,Price_Sensitive,75,25,0.3333333333333333,1999.54,26.660533333333333,65.5,True,43.155833333333334,Low,Lucknow,Control,0.0,No Incentive,0.3,0.33099999999999996,False,0,25,0.0
CUST06263,Price_Sensitive,73,27,0.3698630136986301,1373.91,18.82068493150685,62.6,True,43.14952054794521,Low,Lucknow,Treatment,0.15,Off-Peak Incentive,0.3,0.3252,False,0,27,0.0
CUST05903,Convenience_First,66,25,0.3787878787878788,1216.94,18.438484848484848,64.2,True,43.144015151515156,Low,Chennai,Control,0.0,No Incentive,0.2,0.22840000000000002,False,0,25,0.0
CUST03270,Convenience_First,79,24,0.3037974683544304,1981.72,25.08506329113924,66.7,True,43.14314873417722,Low,Delhi NCR,Control,0.0,No Incentive,0.2,0.23340000000000002,False,0,24,0.0
CUST05613,Price_Sensitive,80,24,0.3,1747.03,21.837875,66.6,True,43.13375,Low,Chandigarh,Control,0.0,No Incentive,0.3,0.3332,False,0,24,0.0
CUST05270,Price_Sensitive,80,24,0.3,1927.56,24.0945,66.6,True,43.13375,Low,Bengaluru,Control,0.0,No Incentive,0.3,0.3332,False,0,24,0.0
CUST06243,Price_Sensitive,79,28,0.3544303797468354,1959.51,24.80392405063291,61.6,True,43.12846518987342,Low,Ahmedabad,Treatment,0.15,Off-Peak Incentive,0.3,0.3232,True,16,12,0.5714285714285714
CUST03455,Price_Sensitive,77,25,0.3246753246753247,1180.55,15.331818181818182,65.4,True,43.11951298701299,Low,Hyderabad,Treatment,0.15,Off-Peak Incentive,0.3,0.3308,True,14,11,0.56
CUST02962,Convenience_First,78,26,0.3333333333333333,2052.36,26.312307692307694,64.1,True,43.117083333333326,Low,Bengaluru,Treatment,0.15,Off-Peak Incentive,0.2,0.22820000000000001,False,0,26,0.0
CUST02739,Price_Sensitive,75,25,0.3333333333333333,1855.43,24.739066666666663,65.4,True,43.11583333333334,Low,Bengaluru,Treatment,0.15,Off-Peak Incentive,0.3,0.3308,False,0,25,0.0
CUST06814,Price_Sensitive,80,25,0.3125,1876.45,23.455625,65.3,True,43.11375,Low,Hyderabad,Control,0.0,No Incentive,0.3,0.3306,False,0,25,0.0
CUST00457,Price_Sensitive,75,24,0.32,1251.39,16.685200000000002,66.7,True,43.102500000000006,Low,Pune,Treatment,0.15,Off-Peak Incentive,0.3,0.3334,False,0,24,0.0
CUST07124,Price_Sensitive,67,27,0.4029850746268656,1448.0,21.611940298507463,61.3,True,43.09690298507463,Low,Mumbai,Treatment,0.15,Off-Peak Incentive,0.3,0.3226,True,15,12,0.5555555555555556
CUST01622,Convenience_First,68,24,0.3529411764705882,1750.55,25.743382352941175,65.9,True,43.09139705882354,Low,Chennai,Treatment,0.15,Off-Peak Incentive,0.2,0.23180000000000003,False,0,24,0.0
CUST01284,Price_Sensitive,75,25,0.3333333333333333,1827.8,24.370666666666665,65.3,True,43.075833333333335,Low,Bengaluru,Treatment,0.15,Off-Peak Incentive,0.3,0.3306,True,14,11,0.56
CUST01119,Convenience_First,74,24,0.3243243243243243,1388.86,18.768378378378376,66.6,True,43.07422297297297,Low,Jaipur,Treatment,0.15,Off-Peak Incentive,0.2,0.23320000000000002,False,0,24,0.0
CUST07457,Price_Sensitive,74,27,0.3648648648648648,2522.86,34.0927027027027,62.5,True,43.05584459459459,Low,Kolkata,Control,0.0,No Incentive,0.3,0.325,False,0,27,0.0
CUST06697,Convenience_First,74,25,0.3378378378378378,1819.89,24.593108108108105,65.2,True,43.054763513513514,Low,Kolkata,Treatment,0.15,Off-Peak Incentive,0.2,0.23040000000000002,False,0,25,0.0
CUST05947,Routine_Commuter,73,25,0.3424657534246575,1649.82,22.60027397260274,65.1,True,43.0536301369863,Low,Chennai,Control,0.0,No Incentive,0.35,0.3802,False,0,25,0.0
CUST03824,Convenience_First,78,24,0.3076923076923077,1891.04,24.244102564102565,66.5,True,43.051442307692305,Low,Bengaluru,Treatment,0.15,Off-Peak Incentive,0.2,0.233,True,14,10,0.5833333333333334
CUST00043,Convenience_First,70,27,0.3857142857142857,1577.69,22.53842857142857,61.9,True,43.051071428571426,Low,Ahmedabad,Treatment,0.15,Off-Peak Incentive,0.2,0.2238,True,15,12,0.5555555555555556
CUST00752,Convenience_First,79,25,0.3164556962025316,1749.36,22.14379746835443,65.2,True,43.04947784810127,Low,Bengaluru,Control,0.0,No Incentive,0.2,0.23040000000000002,False,0,25,0.0
CUST06682,Convenience_First,72,26,0.3611111111111111,1438.17,19.974583333333335,63.6,True,43.04944444444444,Low,Chandigarh,Treatment,0.15,Off-Peak Incentive,0.2,0.2272,True,15,11,0.5769230769230769
CUST03248,Routine_Commuter,78,25,0.3205128205128205,1321.84,16.946666666666665,65.2,True,43.04426282051282,Low,Ahmedabad,Treatment,0.15,Off-Peak Incentive,0.35,0.38039999999999996,False,0,25,0.0
CUST05084,Routine_Commuter,81,25,0.3086419753086419,1746.41,21.56061728395062,65.0,True,43.03942901234568,Low,Mumbai,Control,0.0,No Incentive,0.35,0.38,False,0,25,0.0
CUST05612,Convenience_First,63,26,0.4126984126984127,872.84,13.854603174603175,61.5,True,43.025436507936504,Low,Delhi NCR,Control,0.0,No Incentive,0.2,0.223,False,0,26,0.0
CUST04833,Price_Sensitive,78,24,0.3076923076923077,1464.33,18.773461538461536,66.4,True,43.011442307692306,Low,Kochi,Control,0.0,No Incentive,0.3,0.3328,False,0,24,0.0
CUST06469,Price_Sensitive,75,26,0.3466666666666667,1379.14,18.388533333333335,63.8,True,43.00916666666667,Low,Kochi,Treatment,0.15,Off-Peak Incentive,0.3,0.3276,True,15,11,0.5769230769230769
CUST00319,Price_Sensitive,71,22,0.3098591549295774,1030.88,14.519436619718308,69.0,True,43.005616197183095,Low,Pune,Control,0.0,No Incentive,0.3,0.33799999999999997,False,0,22,0.0
CUST03289,Price_Sensitive,68,25,0.3676470588235294,809.58,11.905588235294118,64.2,True,42.999632352941184,Low,Lucknow,Control,0.0,No Incentive,0.3,0.32839999999999997,False,0,25,0.0
CUST03596,Convenience_First,77,27,0.3506493506493506,2018.15,26.20974025974026,62.5,True,42.99847402597402,Low,Chennai,Control,0.0,No Incentive,0.2,0.225,False,0,27,0.0
CUST07276,Convenience_First,80,25,0.3125,2501.5,31.26875,65.0,True,42.99375,Low,Chandigarh,Treatment,0.15,Off-Peak Incentive,0.2,0.23,False,0,25,0.0
CUST02261,Routine_Commuter,80,26,0.325,2056.41,25.705125,63.7,True,42.97375,Low,Pune,Treatment,0.15,Off-Peak Incentive,0.35,0.37739999999999996,False,0,26,0.0
CUST01975,Convenience_First,76,24,0.3157894736842105,1705.33,22.438552631578947,66.3,True,42.95032894736842,Low,Chennai,Treatment,0.15,Off-Peak Incentive,0.2,0.2326,False,0,24,0.0
CUST06236,Convenience_First,71,28,0.3943661971830985,1335.74,18.81323943661972,60.4,True,42.94589788732394,Low,Hyderabad,Treatment,0.15,Off-Peak Incentive,0.2,0.2208,False,0,28,0.0
CUST07311,Price_Sensitive,76,23,0.3026315789473684,2448.08,32.21157894736842,67.6,True,42.94401315789474,Low,Delhi NCR,Control,0.0,No Incentive,0.3,0.3352,False,0,23,0.0
CUST01588,Price_Sensitive,74,27,0.3648648648648648,2165.76,29.26702702702703,62.2,True,42.93584459459459,Low,Chandigarh,Treatment,0.15,Off-Peak Incentive,0.3,0.3244,False,0,27,0.0
CUST07354,Price_Sensitive,79,25,0.3164556962025316,1769.53,22.39911392405063,64.9,True,42.92947784810127,Low,Mumbai,Treatment,0.15,Off-Peak Incentive,0.3,0.3298,False,0,25,0.0
CUST01447,Routine_Commuter,82,25,0.3048780487804878,1649.32,20.11365853658537,64.6,True,42.92637195121951,Low,Mumbai,Treatment,0.15,Off-Peak Incentive,0.35,0.3792,False,0,25,0.0
CUST06159,Price_Sensitive,66,27,0.4090909090909091,2142.21,32.457727272727276,60.6,True,42.91613636363637,Low,Bengaluru,Treatment,0.15,Off-Peak Incentive,0.3,0.3212,False,0,27,0.0
CUST04807,Price_Sensitive,67,22,0.3283582089552239,1609.08,24.016119402985073,68.3,True,42.91182835820896,Low,Bengaluru,Treatment,0.15,Off-Peak Incentive,0.3,0.3366,False,0,22,0.0
CUST00792,Convenience_First,71,26,0.3661971830985915,1631.58,22.98,63.1,True,42.89913732394366,Low,Bengaluru,Treatment,0.15,Off-Peak Incentive,0.2,0.2262,False,0,26,0.0
CUST07291,Convenience_First,72,24,0.3333333333333333,1627.25,22.600694444444443,66.0,True,42.89833333333333,Low,Chandigarh,Treatment,0.15,Off-Peak Incentive,0.2,0.232,False,0,24,0.0
CUST03959,Convenience_First,58,24,0.4137931034482758,1324.07,22.828793103448273,62.5,True,42.89797413793103,Low,Bengaluru,Control,0.0,No Incentive,0.2,0.225,False,0,24,0.0
CUST07978,Routine_Commuter,73,28,0.3835616438356164,1815.26,24.866575342465755,60.6,True,42.897465753424655,Low,Pune,Treatment,0.15,Off-Peak Incentive,0.35,0.3712,False,0,28,0.0
CUST01461,Price_Sensitive,70,24,0.3428571428571428,2427.66,34.68085714285714,65.8,True,42.89678571428571,Low,Kolkata,Control,0.0,No Incentive,0.3,0.3316,False,0,24,0.0
CUST05012,Routine_Commuter,80,24,0.3,2200.64,27.508,66.0,True,42.89375,Low,Ahmedabad,Treatment,0.15,Off-Peak Incentive,0.35,0.382,True,14,10,0.5833333333333334
CUST02787,Price_Sensitive,73,23,0.3150684931506849,1993.45,27.307534246575344,67.4,True,42.8777397260274,Low,Chennai,Treatment,0.15,Off-Peak Incentive,0.3,0.3348,False,0,23,0.0
CUST03579,Convenience_First,74,28,0.3783783783783784,1553.13,20.988243243243243,60.7,True,42.87638513513514,Low,Delhi NCR,Treatment,0.15,Off-Peak Incentive,0.2,0.2214,False,0,28,0.0
CUST05190,Convenience_First,70,28,0.4,1824.59,26.065571428571428,60.0,True,42.8625,Low,Chennai,Treatment,0.15,Off-Peak Incentive,0.2,0.22000000000000003,False,0,28,0.0
CUST07358,Convenience_First,72,24,0.3333333333333333,2146.78,29.81638888888889,65.9,True,42.858333333333334,Low,Bengaluru,Treatment,0.15,Off-Peak Incentive,0.2,0.23180000000000003,False,0,24,0.0
CUST00314,Price_Sensitive,74,23,0.3108108108108108,1523.56,20.588648648648647,67.4,True,42.85368243243243,Low,Delhi NCR,Treatment,0.15,Off-Peak Incentive,0.3,0.3348,False,0,23,0.0
CUST01433,Convenience_First,61,26,0.4262295081967213,1541.11,25.264098360655737,60.3,True,42.85293032786885,Low,Bengaluru,Control,0.0,No Incentive,0.2,0.22060000000000002,False,0,26,0.0
CUST00916,Routine_Commuter,83,25,0.3012048192771084,2222.08,26.772048192771084,64.3,True,42.85194277108434,Low,Chennai,Treatment,0.15,Off-Peak Incentive,0.35,0.3786,True,14,11,0.56
CUST02107,Price_Sensitive,73,22,0.3013698630136986,2154.88,29.51890410958904,68.7,True,42.849794520547945,Low,Chandigarh,Treatment,0.15,Off-Peak Incentive,0.3,0.3374,False,0,22,0.0
CUST02226,Price_Sensitive,77,25,0.3246753246753247,2201.37,28.589220779220778,64.7,True,42.839512987012995,Low,Jaipur,Control,0.0,No Incentive,0.3,0.32939999999999997,False,0,25,0.0
CUST04011,Convenience_First,80,27,0.3375,2095.86,26.19825,62.1,True,42.83375,Low,Lucknow,Treatment,0.15,Off-Peak Incentive,0.2,0.2242,False,0,27,0.0
CUST00335,Price_Sensitive,71,25,0.352112676056338,1848.84,26.04,64.3,True,42.81575704225352,Low,Kolkata,Treatment,0.15,Off-Peak Incentive,0.3,0.3286,True,14,11,0.56
CUST03637,Convenience_First,69,24,0.3478260869565217,2271.87,32.92565217391304,65.4,True,42.81554347826087,Low,Delhi NCR,Treatment,0.15,Off-Peak Incentive,0.2,0.23080000000000003,False,0,24,0.0
CUST07380,Convenience_First,80,26,0.325,1814.08,22.676,63.3,True,42.81375,Low,Hyderabad,Treatment,0.15,Off-Peak Incentive,0.2,0.22660000000000002,False,0,26,0.0
CUST03472,Convenience_First,75,26,0.3466666666666667,2146.33,28.617733333333337,63.3,True,42.80916666666667,Low,Hyderabad,Treatment,0.15,Off-Peak Incentive,0.2,0.22660000000000002,False,0,26,0.0
CUST01740,Price_Sensitive,63,24,0.3809523809523809,2106.74,33.44031746031746,64.1,True,42.79559523809523,Low,Chennai,Control,0.0,No Incentive,0.3,0.3282,False,0,24,0.0
CUST07570,Convenience_First,68,26,0.3823529411764705,2849.97,41.91132352941176,62.2,True,42.787867647058825,Low,Hyderabad,Control,0.0,No Incentive,0.2,0.22440000000000002,False,0,26,0.0
CUST05312,Convenience_First,60,25,0.4166666666666667,1492.16,24.869333333333337,61.4,True,42.78166666666667,Low,Chennai,Control,0.0,No Incentive,0.2,0.2228,False,0,25,0.0
CUST01030,Convenience_First,71,26,0.3661971830985915,2704.58,38.09267605633803,62.8,True,42.77913732394366,Low,Pune,Treatment,0.15,Off-Peak Incentive,0.2,0.22560000000000002,True,15,11,0.5769230769230769
CUST02933,Price_Sensitive,65,23,0.3538461538461538,1627.97,25.04569230769231,66.1,True,42.777596153846154,Low,Kochi,Treatment,0.15,Off-Peak Incentive,0.3,0.3322,False,0,23,0.0
CUST04064,Convenience_First,72,26,0.3611111111111111,1119.9,15.554166666666667,62.9,True,42.76944444444444,Low,Mumbai,Treatment,0.15,Off-Peak Incentive,0.2,0.2258,False,0,26,0.0
CUST04632,Price_Sensitive,76,26,0.3421052631578947,1672.33,22.004342105263156,63.2,True,42.76296052631579,Low,Bengaluru,Treatment,0.15,Off-Peak Incentive,0.3,0.3264,True,15,11,0.5769230769230769
CUST04132,Price_Sensitive,76,24,0.3157894736842105,1199.25,15.779605263157896,65.8,True,42.750328947368416,Low,Pune,Treatment,0.15,Off-Peak Incentive,0.3,0.3316,False,0,24,0.0
CUST05673,Convenience_First,72,22,0.3055555555555556,2117.69,29.41236111111111,68.4,True,42.74722222222223,Low,Pune,Treatment,0.15,Off-Peak Incentive,0.2,0.2368,False,0,22,0.0
CUST05386,Convenience_First,76,23,0.3026315789473684,1786.88,23.511578947368424,67.1,True,42.744013157894734,Low,Ahmedabad,Treatment,0.15,Off-Peak Incentive,0.2,0.2342,False,0,23,0.0
CUST00890,Price_Sensitive,75,24,0.32,1759.68,23.4624,65.8,True,42.74250000000001,Low,Kolkata,Treatment,0.15,Off-Peak Incentive,0.3,0.3316,False,0,24,0.0
CUST05763,Convenience_First,72,24,0.3333333333333333,1750.51,24.312638888888888,65.6,True,42.73833333333333,Low,Pune,Treatment,0.15,Off-Peak Incentive,0.2,0.23120000000000002,False,0,24,0.0
CUST03986,Price_Sensitive,71,24,0.3380281690140845,1896.46,26.710704225352114,65.5,True,42.732376760563376,Low,Bengaluru,Control,0.0,No Incentive,0.3,0.33099999999999996,False,0,24,0.0
CUST04048,Price_Sensitive,70,27,0.3857142857142857,1013.08,14.47257142857143,61.1,True,42.731071428571425,Low,Bengaluru,Treatment,0.15,Off-Peak Incentive,0.3,0.3222,True,15,12,0.5555555555555556
CUST02988,Convenience_First,77,24,0.3116883116883117,2194.54,28.50051948051948,65.7,True,42.72003246753246,Low,Kolkata,Control,0.0,No Incentive,0.2,0.23140000000000002,False,0,24,0.0
CUST03005,Price_Sensitive,68,25,0.3676470588235294,1413.08,20.78058823529412,63.5,True,42.71963235294118,Low,Chandigarh,Treatment,0.15,Off-Peak Incentive,0.3,0.327,False,0,25,0.0
CUST04361,Convenience_First,68,25,0.3676470588235294,1749.71,25.731029411764705,63.5,True,42.71963235294118,Low,Delhi NCR,Control,0.0,No Incentive,0.2,0.227,False,0,25,0.0
CUST07757,Price_Sensitive,75,25,0.3333333333333333,1449.37,19.32493333333333,64.4,True,42.715833333333336,Low,Bengaluru,Treatment,0.15,Off-Peak Incentive,0.3,0.3288,False,0,25,0.0
CUST00937,Routine_Commuter,80,27,0.3375,1329.85,16.623124999999998,61.8,True,42.71375,Low,Lucknow,Treatment,0.15,Off-Peak Incentive,0.35,0.3736,False,0,27,0.0
CUST05170,Price_Sensitive,70,24,0.3428571428571428,1453.44,20.763428571428573,65.3,True,42.69678571428571,Low,Lucknow,Treatment,0.15,Off-Peak Incentive,0.3,0.3306,False,0,24,0.0
CUST02209,Convenience_First,74,23,0.3108108108108108,1270.92,17.174594594594595,67.0,True,42.69368243243243,Low,Hyderabad,Treatment,0.15,Off-Peak Incentive,0.2,0.234,False,0,23,0.0
CUST06637,Convenience_First,64,24,0.375,1444.51,22.57046875,64.1,True,42.685,Low,Ahmedabad,Control,0.0,No Incentive,0.2,0.22820000000000001,False,0,24,0.0
CUST00665,Convenience_First,77,25,0.3246753246753247,1675.33,21.757532467532467,64.3,True,42.679512987012984,Low,Kolkata,Treatment,0.15,Off-Peak Incentive,0.2,0.2286,False,0,25,0.0
CUST03267,Price_Sensitive,77,25,0.3246753246753247,1328.22,17.24961038961039,64.3,True,42.679512987012984,Low,Mumbai,Treatment,0.15,Off-Peak Incentive,0.3,0.3286,True,14,11,0.56
CUST00934,Convenience_First,76,23,0.3026315789473684,1771.29,23.30644736842105,66.9,True,42.66401315789474,Low,Pune,Control,0.0,No Incentive,0.2,0.23380000000000004,False,0,23,0.0
CUST06546,Price_Sensitive,68,23,0.3382352941176471,1283.73,18.878382352941177,66.3,True,42.66316176470588,Low,Bengaluru,Treatment,0.15,Off-Peak Incentive,0.3,0.3326,False,0,23,0.0
CUST01781,Convenience_First,67,27,0.4029850746268656,1697.05,25.32910447761194,60.2,True,42.65690298507463,Low,Bengaluru,Control,0.0,No Incentive,0.2,0.2204,False,0,27,0.0
CUST03811,Convenience_First,72,25,0.3472222222222222,2389.38,33.185833333333335,64.0,True,42.65388888888889,Low,Hyderabad,Control,0.0,No Incentive,0.2,0.228,False,0,25,0.0
CUST05826,Price_Sensitive,70,26,0.3714285714285714,1720.14,24.57342857142857,62.3,True,42.63964285714285,Low,Bengaluru,Treatment,0.15,Off-Peak Incentive,0.3,0.3246,False,0,26,0.0
CUST03879,Price_Sensitive,67,23,0.3432835820895522,2500.47,37.320447761194025,66.1,True,42.628843283582086,Low,Mumbai,Treatment,0.15,Off-Peak Incentive,0.3,0.3322,False,0,23,0.0
CUST04713,Convenience_First,68,26,0.3823529411764705,2015.41,29.63838235294118,61.8,True,42.62786764705882,Low,Delhi NCR,Treatment,0.15,Off-Peak Incentive,0.2,0.22360000000000002,False,0,26,0.0
CUST01549,Price_Sensitive,55,21,0.3818181818181818,1276.68,23.212363636363637,65.7,True,42.62022727272728,Low,Delhi NCR,Control,0.0,No Incentive,0.3,0.3314,False,0,21,0.0
CUST03498,Convenience_First,71,26,0.3661971830985915,1963.92,27.660845070422535,62.4,True,42.61913732394366,Low,Bengaluru,Treatment,0.15,Off-Peak Incentive,0.2,0.2248,False,0,26,0.0
CUST03899,Price_Sensitive,67,27,0.4029850746268656,2208.57,32.963731343283584,60.1,True,42.61690298507463,Low,Chennai,Treatment,0.15,Off-Peak Incentive,0.3,0.3202,True,15,12,0.5555555555555556
CUST03433,Price_Sensitive,70,24,0.3428571428571428,980.6,14.008571428571427,65.1,True,42.61678571428571,Low,Hyderabad,Treatment,0.15,Off-Peak Incentive,0.3,0.3302,False,0,24,0.0
CUST03522,Convenience_First,76,28,0.3684210526315789,1657.05,21.80328947368421,60.2,True,42.61559210526316,Low,Delhi NCR,Control,0.0,No Incentive,0.2,0.2204,False,0,28,0.0
CUST00113,Price_Sensitive,80,24,0.3,1421.45,17.768125,65.3,True,42.61375,Low,Jaipur,Control,0.0,No Incentive,0.3,0.3306,False,0,24,0.0
CUST00245,Price_Sensitive,80,24,0.3,1144.38,14.304750000000002,65.3,True,42.61375,Low,Pune,Control,0.0,No Incentive,0.3,0.3306,False,0,24,0.0
CUST05239,Price_Sensitive,68,24,0.3529411764705882,1091.82,16.056176470588234,64.7,True,42.611397058823535,Low,Chandigarh,Control,0.0,No Incentive,0.3,0.32939999999999997,False,0,24,0.0
CUST00358,Routine_Commuter,76,24,0.3157894736842105,2152.36,28.320526315789476,65.4,True,42.59032894736842,Low,Ahmedabad,Control,0.0,No Incentive,0.35,0.38079999999999997,False,0,24,0.0
CUST03155,Convenience_First,70,25,0.3571428571428571,1736.02,24.80028571428571,63.6,True,42.58821428571429,Low,Bengaluru,Treatment,0.15,Off-Peak Incentive,0.2,0.2272,False,0,25,0.0
CUST02704,Convenience_First,69,22,0.3188405797101449,1117.59,16.19695652173913,67.7,True,42.576123188405795,Low,Mumbai,Control,0.0,No Incentive,0.2,0.23540000000000003,False,0,22,0.0
CUST06587,Convenience_First,63,22,0.3492063492063492,1015.15,16.113492063492064,66.7,True,42.565753968253965,Low,Lucknow,Control,0.0,No Incentive,0.2,0.23340000000000002,False,0,22,0.0
CUST02449,Convenience_First,76,25,0.3289473684210526,1313.22,17.27921052631579,64.0,True,42.5566447368421,Low,Ahmedabad,Treatment,0.15,Off-Peak Incentive,0.2,0.228,False,0,25,0.0
CUST01943,Price_Sensitive,67,24,0.3582089552238806,1568.47,23.41,64.4,True,42.54585820895523,Low,Lucknow,Control,0.0,No Incentive,0.3,0.3288,False,0,24,0.0
CUST05897,Price_Sensitive,72,23,0.3194444444444444,1609.45,22.353472222222223,66.5,True,42.54277777777778,Low,Pune,Control,0.0,No Incentive,0.3,0.33299999999999996,False,0,23,0.0
CUST02813,Price_Sensitive,70,21,0.3,1476.84,21.09771428571429,69.2,True,42.5425,Low,Delhi NCR,Treatment,0.15,Off-Peak Incentive,0.3,0.3384,False,0,21,0.0
CUST04532,Convenience_First,71,26,0.3661971830985915,1344.09,18.930845070422535,62.2,True,42.53913732394366,Low,Chandigarh,Treatment,0.15,Off-Peak Incentive,0.2,0.22440000000000002,False,0,26,0.0
CUST02494,Convenience_First,50,22,0.44,1481.17,29.6234,60.8,True,42.53625,Low,Lucknow,Treatment,0.15,Off-Peak Incentive,0.2,0.22160000000000002,True,12,10,0.5454545454545454
CUST07510,Convenience_First,73,25,0.3424657534246575,1916.63,26.25520547945205,63.8,True,42.533630136986304,Low,Kolkata,Control,0.0,No Incentive,0.2,0.22760000000000002,False,0,25,0.0
CUST05260,Price_Sensitive,75,23,0.3066666666666666,1109.58,14.7944,66.6,True,42.52916666666667,Low,Mumbai,Treatment,0.15,Off-Peak Incentive,0.3,0.3332,False,0,23,0.0
CUST06336,Price_Sensitive,65,22,0.3384615384615385,1050.83,16.166615384615383,67.0,True,42.52221153846155,Low,Mumbai,Control,0.0,No Incentive,0.3,0.33399999999999996,False,0,22,0.0
CUST04604,Convenience_First,73,26,0.3561643835616438,2116.57,28.9941095890411,62.4,True,42.52157534246575,Low,Hyderabad,Treatment,0.15,Off-Peak Incentive,0.2,0.2248,False,0,26,0.0
CUST03934,Convenience_First,76,25,0.3289473684210526,3023.41,39.781710526315784,63.9,True,42.5166447368421,Low,Lucknow,Control,0.0,No Incentive,0.2,0.2278,False,0,25,0.0
CUST05714,Convenience_First,76,24,0.3157894736842105,2620.75,34.483552631578945,65.2,True,42.51032894736842,Low,Jaipur,Treatment,0.15,Off-Peak Incentive,0.2,0.23040000000000002,True,14,10,0.5833333333333334
CUST06226,Price_Sensitive,70,25,0.3571428571428571,962.33,13.74757142857143,63.4,True,42.50821428571428,Low,Ahmedabad,Control,0.0,No Incentive,0.3,0.3268,False,0,25,0.0
CUST00887,Price_Sensitive,70,24,0.3428571428571428,1881.45,26.877857142857145,64.8,True,42.49678571428571,Low,Ahmedabad,Treatment,0.15,Off-Peak Incentive,0.3,0.3296,False,0,24,0.0
CUST05479,Price_Sensitive,71,25,0.352112676056338,1954.73,27.531408450704227,63.5,True,42.49575704225352,Low,Hyderabad,Treatment,0.15,Off-Peak Incentive,0.3,0.327,False,0,25,0.0
CUST03735,Convenience_First,64,26,0.40625,1709.74,26.7146875,60.5,True,42.495000000000005,Low,Pune,Treatment,0.15,Off-Peak Incentive,0.2,0.221,True,14,12,0.5384615384615384
CUST07246,Convenience_First,76,24,0.3157894736842105,1638.97,21.565394736842105,65.1,True,42.470328947368415,Low,Chennai,Treatment,0.15,Off-Peak Incentive,0.2,0.23020000000000002,True,14,10,0.5833333333333334
CUST06654,Price_Sensitive,67,23,0.3432835820895522,1168.14,17.43492537313433,65.7,True,42.46884328358209,Low,Delhi NCR,Treatment,0.15,Off-Peak Incentive,0.3,0.3314,False,0,23,0.0
CUST07910,Convenience_First,73,24,0.3287671232876712,1123.19,15.386164383561644,65.0,True,42.46568493150684,Low,Mumbai,Control,0.0,No Incentive,0.2,0.23,False,0,24,0.0
CUST06019,Price_Sensitive,63,19,0.3015873015873015,1039.53,16.50047619047619,71.2,True,42.460992063492064,Low,Pune,Control,0.0,No Incentive,0.3,0.3424,False,0,19,0.0
CUST05371,Convenience_First,55,21,0.3818181818181818,1901.14,34.56618181818182,65.3,True,42.46022727272727,Low,Hyderabad,Control,0.0,No Incentive,0.2,0.2306,False,0,21,0.0
CUST02046,Price_Sensitive,73,22,0.3013698630136986,1647.11,22.563150684931504,67.7,True,42.44979452054795,Low,Lucknow,Control,0.0,No Incentive,0.3,0.3354,False,0,22,0.0
CUST00078,Convenience_First,72,27,0.375,1811.93,25.165694444444444,60.7,True,42.445,Low,Chandigarh,Treatment,0.15,Off-Peak Incentive,0.2,0.2214,False,0,27,0.0
CUST02551,Convenience_First,73,24,0.3287671232876712,1595.34,21.853972602739724,64.9,True,42.42568493150685,Low,Chandigarh,Control,0.0,No Incentive,0.2,0.22980000000000003,False,0,24,0.0
CUST00954,Convenience_First,67,26,0.3880597014925373,1262.91,18.84940298507463,61.1,True,42.4198880597015,Low,Lucknow,Control,0.0,No Incentive,0.2,0.2222,False,0,26,0.0
CUST02765,Price_Sensitive,66,24,0.3636363636363636,1087.72,16.48060606060606,63.9,True,42.41795454545455,Low,Mumbai,Treatment,0.15,Off-Peak Incentive,0.3,0.3278,False,0,24,0.0
CUST07201,Convenience_First,70,24,0.3428571428571428,1658.55,23.693571428571428,64.6,True,42.41678571428571,Low,Chandigarh,Control,0.0,No Incentive,0.2,0.22920000000000001,False,0,24,0.0
CUST03584,Convenience_First,70,24,0.3428571428571428,2917.34,41.67628571428572,64.6,True,42.41678571428571,Low,Lucknow,Treatment,0.15,Off-Peak Incentive,0.2,0.22920000000000001,False,0,24,0.0
CUST05620,Routine_Commuter,69,22,0.3188405797101449,1828.66,26.50231884057971,67.3,True,42.4161231884058,Low,Pune,Control,0.0,No Incentive,0.35,0.38459999999999994,False,0,22,0.0
CUST05791,Convenience_First,80,24,0.3,1731.92,21.649,64.8,True,42.41375,Low,Hyderabad,Control,0.0,No Incentive,0.2,0.2296,False,0,24,0.0
CUST01316,Price_Sensitive,78,24,0.3076923076923077,1664.53,21.34012820512821,64.9,True,42.41144230769231,Low,Chennai,Control,0.0,No Incentive,0.3,0.3298,False,0,24,0.0
CUST03864,Price_Sensitive,73,22,0.3013698630136986,1578.54,21.623835616438356,67.6,True,42.40979452054794,Low,Kolkata,Treatment,0.15,Off-Peak Incentive,0.3,0.3352,False,0,22,0.0
CUST05327,Convenience_First,71,23,0.323943661971831,1439.01,20.26774647887324,66.1,True,42.408996478873235,Low,Bengaluru,Control,0.0,No Incentive,0.2,0.23220000000000002,False,0,23,0.0
CUST04716,Routine_Commuter,71,23,0.323943661971831,1799.62,25.34676056338028,66.1,True,42.408996478873235,Low,Delhi NCR,Treatment,0.15,Off-Peak Incentive,0.35,0.3822,False,0,23,0.0
CUST04866,Convenience_First,78,25,0.3205128205128205,2070.62,26.546410256410255,63.6,True,42.40426282051282,Low,Delhi NCR,Control,0.0,No Incentive,0.2,0.2272,False,0,25,0.0
CUST02136,Convenience_First,68,22,0.3235294117647059,1641.45,24.138970588235296,67.1,True,42.39492647058824,Low,Bengaluru,Treatment,0.15,Off-Peak Incentive,0.2,0.2342,False,0,22,0.0
CUST02280,Convenience_First,65,26,0.4,1334.57,20.531846153846153,60.5,True,42.383750000000006,Low,Lucknow,Control,0.0,No Incentive,0.2,0.221,False,0,26,0.0
CUST03961,Price_Sensitive,75,24,0.32,615.62,8.208266666666667,64.9,True,42.38250000000001,Low,Delhi NCR,Control,0.0,No Incentive,0.3,0.3298,False,0,24,0.0
CUST06689,Convenience_First,57,23,0.4035087719298245,1053.78,18.487368421052633,62.5,True,42.38035087719299,Low,Pune,Treatment,0.15,Off-Peak Incentive,0.2,0.225,False,0,23,0.0
CUST02385,Convenience_First,70,24,0.3428571428571428,2629.78,37.568285714285715,64.5,True,42.37678571428571,Low,Pune,Treatment,0.15,Off-Peak Incentive,0.2,0.229,False,0,24,0.0
CUST03797,Routine_Commuter,80,24,0.3,1988.17,24.852125,64.7,True,42.37375,Low,Bengaluru,Control,0.0,No Incentive,0.35,0.37939999999999996,False,0,24,0.0
CUST05655,Convenience_First,68,24,0.3529411764705882,1816.66,26.71558823529412,64.1,True,42.37139705882353,Low,Ahmedabad,Treatment,0.15,Off-Peak Incentive,0.2,0.22820000000000001,False,0,24,0.0
CUST03947,Routine_Commuter,77,25,0.3246753246753247,1681.11,21.8325974025974,63.5,True,42.35951298701299,Low,Chandigarh,Treatment,0.15,Off-Peak Incentive,0.35,0.377,False,0,25,0.0
CUST00032,Convenience_First,75,25,0.3333333333333333,1693.49,22.579866666666668,63.5,True,42.35583333333334,Low,Kolkata,Treatment,0.15,Off-Peak Incentive,0.2,0.227,False,0,25,0.0
CUST00214,Price_Sensitive,66,26,0.3939393939393939,2060.06,31.2130303030303,60.7,True,42.35007575757576,Low,Mumbai,Treatment,0.15,Off-Peak Incentive,0.3,0.3214,True,14,12,0.5384615384615384
CUST04616,Convenience_First,65,26,0.4,1591.9,24.49076923076923,60.4,True,42.34375,Low,Delhi NCR,Control,0.0,No Incentive,0.2,0.2208,False,0,26,0.0
CUST03927,Convenience_First,68,24,0.3529411764705882,1625.18,23.899705882352944,64.0,True,42.33139705882353,Low,Chennai,Control,0.0,No Incentive,0.2,0.228,False,0,24,0.0
CUST03076,Convenience_First,62,23,0.3709677419354839,2443.9,39.417741935483875,64.2,True,42.33120967741936,Low,Mumbai,Treatment,0.15,Off-Peak Incentive,0.2,0.22840000000000002,False,0,23,0.0
CUST07558,Convenience_First,72,26,0.3611111111111111,1834.19,25.47486111111111,61.8,True,42.32944444444444,Low,Chennai,Treatment,0.15,Off-Peak Incentive,0.2,0.22360000000000002,False,0,26,0.0
CUST03935,Convenience_First,70,23,0.3285714285714285,3246.5,46.378571428571426,65.8,True,42.32535714285714,Low,Kochi,Treatment,0.15,Off-Peak Incentive,0.2,0.2316,True,13,10,0.5652173913043478
CUST02915,Convenience_First,68,25,0.3676470588235294,1671.55,24.581617647058824,62.5,True,42.31963235294118,Low,Lucknow,Treatment,0.15,Off-Peak Incentive,0.2,0.225,False,0,25,0.0
CUST02358,Convenience_First,68,26,0.3823529411764705,1600.14,23.531470588235297,61.0,True,42.30786764705883,Low,Kochi,Control,0.0,No Incentive,0.2,0.222,False,0,26,0.0
CUST07183,Convenience_First,68,23,0.3382352941176471,1950.15,28.678676470588236,65.4,True,42.30316176470589,Low,Pune,Treatment,0.15,Off-Peak Incentive,0.2,0.23080000000000003,False,0,23,0.0
CUST07427,Price_Sensitive,62,24,0.3870967741935484,1061.18,17.115806451612904,62.5,True,42.296370967741936,Low,Hyderabad,Control,0.0,No Incentive,0.3,0.325,False,0,24,0.0
CUST01698,Convenience_First,71,25,0.352112676056338,1870.1,26.33943661971831,63.0,True,42.29575704225352,Low,Pune,Control,0.0,No Incentive,0.2,0.226,False,0,25,0.0
CUST04185,Convenience_First,53,21,0.3962264150943396,1879.09,35.45452830188679,63.9,True,42.29530660377358,Low,Chandigarh,Control,0.0,No Incentive,0.2,0.2278,False,0,21,0.0
CUST03813,Convenience_First,72,25,0.3472222222222222,1556.5,21.618055555555557,63.1,True,42.293888888888894,Low,Delhi NCR,Control,0.0,No Incentive,0.2,0.2262,False,0,25,0.0
CUST06589,Convenience_First,66,23,0.3484848484848485,1885.31,28.565303030303028,65.1,True,42.291893939393944,Low,Bengaluru,Treatment,0.15,Off-Peak Incentive,0.2,0.23020000000000002,False,0,23,0.0
CUST07657,Convenience_First,68,24,0.3529411764705882,1711.57,25.170147058823527,63.9,True,42.291397058823534,Low,Kolkata,Treatment,0.15,Off-Peak Incentive,0.2,0.2278,False,0,24,0.0
CUST04246,Convenience_First,75,23,0.3066666666666666,1542.91,20.572133333333333,66.0,True,42.28916666666667,Low,Hyderabad,Treatment,0.15,Off-Peak Incentive,0.2,0.232,False,0,23,0.0
CUST07844,Price_Sensitive,71,23,0.323943661971831,1423.94,20.05549295774648,65.8,True,42.28899647887324,Low,Chennai,Control,0.0,No Incentive,0.3,0.3316,False,0,23,0.0
CUST00258,Price_Sensitive,76,24,0.3157894736842105,1801.36,23.702105263157897,64.6,True,42.27032894736842,Low,Bengaluru,Control,0.0,No Incentive,0.3,0.3292,False,0,24,0.0
CUST04596,Price_Sensitive,66,26,0.3939393939393939,1467.59,22.23621212121212,60.5,True,42.27007575757576,Low,Kolkata,Treatment,0.15,Off-Peak Incentive,0.3,0.321,False,0,26,0.0
CUST02607,Price_Sensitive,67,24,0.3582089552238806,949.18,14.16686567164179,63.7,True,42.26585820895523,Low,Lucknow,Treatment,0.15,Off-Peak Incentive,0.3,0.3274,False,0,24,0.0
CUST03517,Convenience_First,75,26,0.3466666666666667,3178.14,42.3752,61.9,True,42.249166666666675,Low,Mumbai,Treatment,0.15,Off-Peak Incentive,0.2,0.2238,True,15,11,0.5769230769230769
CUST03496,Convenience_First,66,22,0.3333333333333333,1289.83,19.542878787878788,66.5,True,42.24583333333334,Low,Chennai,Control,0.0,No Incentive,0.2,0.233,False,0,22,0.0
CUST03438,Convenience_First,71,22,0.3098591549295774,1796.48,25.302535211267607,67.1,True,42.24561619718309,Low,Kolkata,Control,0.0,No Incentive,0.2,0.2342,False,0,22,0.0
CUST00672,Convenience_First,71,22,0.3098591549295774,1968.13,27.72014084507042,67.1,True,42.24561619718309,Low,Mumbai,Control,0.0,No Incentive,0.2,0.2342,False,0,22,0.0
CUST07394,Convenience_First,64,24,0.375,1715.35,26.80234375,63.0,True,42.245000000000005,Low,Pune,Control,0.0,No Incentive,0.2,0.226,False,0,24,0.0
CUST01897,Convenience_First,67,23,0.3432835820895522,1887.15,28.166417910447763,65.1,True,42.22884328358209,Low,Kolkata,Treatment,0.15,Off-Peak Incentive,0.2,0.23020000000000002,False,0,23,0.0
CUST00488,Convenience_First,74,25,0.3378378378378378,2035.9,27.512162162162163,63.1,True,42.21476351351351,Low,Ahmedabad,Control,0.0,No Incentive,0.2,0.2262,False,0,25,0.0
CUST05267,Price_Sensitive,72,26,0.3611111111111111,1429.01,19.847361111111113,61.5,True,42.20944444444444,Low,Bengaluru,Control,0.0,No Incentive,0.3,0.323,False,0,26,0.0
CUST02074,Convenience_First,60,23,0.3833333333333333,1949.49,32.4915,63.3,True,42.208333333333336,Low,Kolkata,Treatment,0.15,Off-Peak Incentive,0.2,0.22660000000000002,True,13,10,0.5652173913043478
CUST07822,Price_Sensitive,71,22,0.3098591549295774,1421.86,20.026197183098592,67.0,True,42.2056161971831,Low,Jaipur,Control,0.0,No Incentive,0.3,0.33399999999999996,False,0,22,0.0
CUST06082,Convenience_First,77,25,0.3246753246753247,1455.53,18.902987012987012,63.1,True,42.199512987012994,Low,Jaipur,Treatment,0.15,Off-Peak Incentive,0.2,0.2262,False,0,25,0.0
CUST01067,Price_Sensitive,69,21,0.3043478260869565,1221.83,17.70768115942029,68.2,True,42.19641304347826,Low,Hyderabad,Control,0.0,No Incentive,0.3,0.3364,False,0,21,0.0
CUST05671,Convenience_First,66,26,0.3939393939393939,1330.86,20.164545454545458,60.3,True,42.190075757575755,Low,Chandigarh,Control,0.0,No Incentive,0.2,0.22060000000000002,False,0,26,0.0
CUST02633,Convenience_First,58,21,0.3620689655172414,1594.34,27.48862068965517,65.9,True,42.189008620689656,Low,Chennai,Control,0.0,No Incentive,0.2,0.23180000000000003,False,0,21,0.0
CUST00021,Convenience_First,72,22,0.3055555555555556,1809.83,25.136527777777776,67.0,True,42.187222222222225,Low,Mumbai,Control,0.0,No Incentive,0.2,0.234,False,0,22,0.0
CUST06847,Convenience_First,61,24,0.3934426229508196,1389.93,22.78573770491803,61.9,True,42.181454918032784,Low,Jaipur,Treatment,0.15,Off-Peak Incentive,0.2,0.2238,False,0,24,0.0
CUST02175,Price_Sensitive,71,25,0.352112676056338,1727.21,24.326901408450706,62.7,True,42.175757042253515,Low,Kochi,Control,0.0,No Incentive,0.3,0.3254,False,0,25,0.0
CUST04671,Price_Sensitive,52,19,0.3653846153846153,1096.92,21.094615384615388,66.9,True,42.160384615384615,Low,Hyderabad,Control,0.0,No Incentive,0.3,0.3338,False,0,19,0.0
CUST04795,Convenience_First,77,24,0.3116883116883117,2214.05,28.753896103896107,64.3,True,42.16003246753246,Low,Kolkata,Control,0.0,No Incentive,0.2,0.2286,False,0,24,0.0
CUST03843,Price_Sensitive,66,20,0.303030303030303,1031.67,15.631363636363638,69.3,True,42.15371212121211,Low,Mumbai,Control,0.0,No Incentive,0.3,0.3386,False,0,20,0.0
CUST06846,Convenience_First,76,23,0.3026315789473684,1484.4,19.531578947368423,65.6,True,42.14401315789473,Low,Hyderabad,Treatment,0.15,Off-Peak Incentive,0.2,0.23120000000000002,False,0,23,0.0
CUST00430,Convenience_First,67,26,0.3880597014925373,1441.0,21.507462686567163,60.4,True,42.1398880597015,Low,Kolkata,Control,0.0,No Incentive,0.2,0.2208,False,0,26,0.0
CUST01587,Convenience_First,78,24,0.3076923076923077,2023.85,25.946794871794875,64.2,True,42.13144230769231,Low,Bengaluru,Control,0.0,No Incentive,0.2,0.22840000000000002,False,0,24,0.0
CUST04397,Convenience_First,64,21,0.328125,1136.88,17.76375,67.4,True,42.13000000000001,Low,Pune,Treatment,0.15,Off-Peak Incentive,0.2,0.2348,False,0,21,0.0
CUST02063,Price_Sensitive,66,22,0.3333333333333333,2237.09,33.89530303030303,66.2,True,42.12583333333333,Low,Jaipur,Treatment,0.15,Off-Peak Incentive,0.3,0.3324,False,0,22,0.0
CUST04708,Convenience_First,78,25,0.3205128205128205,2032.13,26.052948717948716,62.9,True,42.12426282051282,Low,Ahmedabad,Control,0.0,No Incentive,0.2,0.2258,False,0,25,0.0
CUST06257,Convenience_First,64,22,0.34375,1339.08,20.923125,65.8,True,42.115,Low,Delhi NCR,Control,0.0,No Incentive,0.2,0.2316,False,0,22,0.0
CUST01146,Price_Sensitive,76,24,0.3157894736842105,1489.19,19.594605263157895,64.2,True,42.11032894736842,Low,Pune,Control,0.0,No Incentive,0.3,0.32839999999999997,False,0,24,0.0
CUST06072,Convenience_First,66,25,0.3787878787878788,1640.07,24.849545454545453,61.6,True,42.10401515151515,Low,Kolkata,Treatment,0.15,Off-Peak Incentive,0.2,0.2232,True,14,11,0.56
CUST00963,Convenience_First,76,23,0.3026315789473684,1938.12,25.50157894736842,65.5,True,42.10401315789474,Low,Hyderabad,Control,0.0,No Incentive,0.2,0.231,False,0,23,0.0
CUST07688,Routine_Commuter,76,23,0.3026315789473684,1658.23,21.818815789473685,65.5,True,42.10401315789474,Low,Pune,Treatment,0.15,Off-Peak Incentive,0.35,0.381,True,13,10,0.5652173913043478
CUST01915,Convenience_First,65,23,0.3538461538461538,1771.53,27.25430769230769,64.4,True,42.09759615384616,Low,Bengaluru,Control,0.0,No Incentive,0.2,0.22880000000000003,False,0,23,0.0
CUST02410,Convenience_First,71,25,0.352112676056338,1759.82,24.78619718309859,62.5,True,42.09575704225352,Low,Mumbai,Treatment,0.15,Off-Peak Incentive,0.2,0.225,True,14,11,0.56
CUST02709,Convenience_First,72,25,0.3472222222222222,1537.53,21.354583333333338,62.6,True,42.09388888888889,Low,Ahmedabad,Control,0.0,No Incentive,0.2,0.2252,False,0,25,0.0
CUST04192,Convenience_First,74,23,0.3108108108108108,2642.16,35.70486486486486,65.5,True,42.09368243243244,Low,Delhi NCR,Control,0.0,No Incentive,0.2,0.231,False,0,23,0.0
CUST00732,Convenience_First,62,23,0.3709677419354839,1284.62,20.71967741935484,63.6,True,42.09120967741936,Low,Chandigarh,Control,0.0,No Incentive,0.2,0.2272,False,0,23,0.0
CUST02344,Convenience_First,70,23,0.3285714285714285,1424.67,20.35242857142857,65.2,True,42.08535714285714,Low,Jaipur,Control,0.0,No Incentive,0.2,0.23040000000000002,False,0,23,0.0
CUST01131,Convenience_First,77,24,0.3116883116883117,2094.98,27.207532467532467,64.1,True,42.08003246753246,Low,Ahmedabad,Treatment,0.15,Off-Peak Incentive,0.2,0.22820000000000001,True,14,10,0.5833333333333334
CUST01727,Convenience_First,68,25,0.3676470588235294,1553.15,22.84044117647059,61.9,True,42.07963235294118,Low,Mumbai,Control,0.0,No Incentive,0.2,0.2238,False,0,25,0.0
CUST02908,Convenience_First,58,22,0.3793103448275862,1070.89,18.463620689655173,63.9,True,42.078663793103445,Low,Delhi NCR,Control,0.0,No Incentive,0.2,0.2278,False,0,22,0.0
CUST05182,Convenience_First,60,24,0.4,1332.23,22.203833333333332,61.3,True,42.075,Low,Pune,Treatment,0.15,Off-Peak Incentive,0.2,0.22260000000000002,False,0,24,0.0
CUST03708,Convenience_First,70,22,0.3142857142857143,2847.89,40.68414285714285,66.6,True,42.07392857142857,Low,Ahmedabad,Control,0.0,No Incentive,0.2,0.23320000000000002,False,0,22,0.0
CUST04105,Convenience_First,73,24,0.3287671232876712,1468.99,20.123150684931502,64.0,True,42.06568493150685,Low,Bengaluru,Control,0.0,No Incentive,0.2,0.228,False,0,24,0.0
CUST07652,Routine_Commuter,76,23,0.3026315789473684,1721.78,22.655,65.4,True,42.06401315789474,Low,Chennai,Control,0.0,No Incentive,0.35,0.38079999999999997,False,0,23,0.0
CUST05052,Convenience_First,68,23,0.3382352941176471,2183.7,32.11323529411764,64.8,True,42.06316176470589,Low,Kolkata,Control,0.0,No Incentive,0.2,0.2296,False,0,23,0.0
CUST06496,Convenience_First,75,24,0.32,1299.42,17.3256,64.1,True,42.0625,Low,Lucknow,Treatment,0.15,Off-Peak Incentive,0.2,0.22820000000000001,False,0,24,0.0
CUST03775,Convenience_First,71,26,0.3661971830985915,1956.62,27.558028169014086,61.0,True,42.05913732394366,Low,Ahmedabad,Control,0.0,No Incentive,0.2,0.222,False,0,26,0.0
CUST01663,Convenience_First,66,24,0.3636363636363636,1464.79,22.193787878787877,63.0,True,42.05795454545455,Low,Mumbai,Treatment,0.15,Off-Peak Incentive,0.2,0.226,False,0,24,0.0
CUST04916,Price_Sensitive,62,24,0.3870967741935484,1024.68,16.52709677419355,61.9,True,42.05637096774194,Low,Delhi NCR,Treatment,0.15,Off-Peak Incentive,0.3,0.3238,False,0,24,0.0
CUST01552,Convenience_First,71,25,0.352112676056338,1250.14,17.60760563380282,62.4,True,42.05575704225352,Low,Bengaluru,Treatment,0.15,Off-Peak Incentive,0.2,0.2248,True,14,11,0.56
CUST05005,Convenience_First,78,24,0.3076923076923077,1520.29,19.49089743589743,64.0,True,42.051442307692305,Low,Hyderabad,Treatment,0.15,Off-Peak Incentive,0.2,0.228,False,0,24,0.0
CUST07678,Convenience_First,73,22,0.3013698630136986,2021.72,27.694794520547944,66.7,True,42.04979452054795,Low,Lucknow,Treatment,0.15,Off-Peak Incentive,0.2,0.23340000000000002,False,0,22,0.0
CUST02096,Convenience_First,75,26,0.3466666666666667,2850.01,38.00013333333334,61.4,True,42.04916666666667,Low,Hyderabad,Control,0.0,No Incentive,0.2,0.2228,False,0,26,0.0
CUST05832,Convenience_First,71,22,0.3098591549295774,1866.63,26.290563380281693,66.6,True,42.045616197183094,Low,Mumbai,Treatment,0.15,Off-Peak Incentive,0.2,0.23320000000000002,False,0,22,0.0
CUST05970,Price_Sensitive,63,23,0.365079365079365,1533.35,24.33888888888889,63.8,True,42.0406746031746,Low,Mumbai,Treatment,0.15,Off-Peak Incentive,0.3,0.3276,False,0,23,0.0
CUST03720,Convenience_First,63,23,0.365079365079365,1690.9,26.839682539682546,63.8,True,42.0406746031746,Low,Mumbai,Treatment,0.15,Off-Peak Incentive,0.2,0.22760000000000002,True,13,10,0.5652173913043478
CUST03995,Convenience_First,73,23,0.3150684931506849,2027.95,27.780136986301372,65.3,True,42.0377397260274,Low,Bengaluru,Control,0.0,No Incentive,0.2,0.2306,False,0,23,0.0
CUST04952,Convenience_First,70,25,0.3571428571428571,1603.07,22.901,62.2,True,42.02821428571429,Low,Delhi NCR,Treatment,0.15,Off-Peak Incentive,0.2,0.22440000000000002,False,0,25,0.0
CUST03095,Convenience_First,70,25,0.3571428571428571,1286.54,18.379142857142856,62.2,True,42.02821428571429,Low,Jaipur,Treatment,0.15,Off-Peak Incentive,0.2,0.22440000000000002,False,0,25,0.0
CUST01611,Convenience_First,73,24,0.3287671232876712,1053.18,14.427123287671234,63.9,True,42.025684931506845,Low,Bengaluru,Control,0.0,No Incentive,0.2,0.2278,False,0,24,0.0
CUST04323,Price_Sensitive,73,24,0.3287671232876712,969.52,13.281095890410958,63.9,True,42.025684931506845,Low,Hyderabad,Treatment,0.15,Off-Peak Incentive,0.3,0.3278,False,0,24,0.0
CUST04198,Convenience_First,51,22,0.4313725490196078,1048.49,20.558627450980392,60.2,True,42.02490196078431,Low,Delhi NCR,Control,0.0,No Incentive,0.2,0.2204,False,0,22,0.0
CUST07568,Convenience_First,65,23,0.3538461538461538,1815.45,27.93,64.2,True,42.01759615384616,Low,Mumbai,Treatment,0.15,Off-Peak Incentive,0.2,0.22840000000000002,False,0,23,0.0
CUST04432,Price_Sensitive,70,24,0.3428571428571428,1080.27,15.432428571428572,63.6,True,42.01678571428571,Low,Kolkata,Treatment,0.15,Off-Peak Incentive,0.3,0.3272,True,14,10,0.5833333333333334
CUST05699,Convenience_First,72,25,0.3472222222222222,2151.9,29.887500000000003,62.4,True,42.01388888888889,Low,Mumbai,Treatment,0.15,Off-Peak Incentive,0.2,0.2248,False,0,25,0.0
CUST05562,Price_Sensitive,64,21,0.328125,2122.19,33.15921875,67.1,True,42.010000000000005,Low,Hyderabad,Control,0.0,No Incentive,0.3,0.3342,False,0,21,0.0
CUST01569,Convenience_First,60,20,0.3333333333333333,1315.95,21.9325,67.8,True,42.00833333333333,Low,Bengaluru,Treatment,0.15,Off-Peak Incentive,0.2,0.2356,False,0,20,0.0
CUST06208,Convenience_First,61,23,0.3770491803278688,1665.11,27.29688524590164,63.1,True,42.00571721311477,Low,Bengaluru,Control,0.0,No Incentive,0.2,0.2262,False,0,23,0.0
CUST05971,Convenience_First,61,23,0.3770491803278688,1357.83,22.25950819672131,63.1,True,42.00571721311477,Low,Delhi NCR,Treatment,0.15,Off-Peak Incentive,0.2,0.2262,False,0,23,0.0
CUST02426,Convenience_First,77,24,0.3116883116883117,2083.3,27.05584415584416,63.9,True,42.00003246753246,Low,Chennai,Control,0.0,No Incentive,0.2,0.2278,False,0,24,0.0
CUST01087,Convenience_First,63,24,0.3809523809523809,1524.72,24.201904761904764,62.1,True,41.995595238095234,Low,Bengaluru,Treatment,0.15,Off-Peak Incentive,0.2,0.2242,False,0,24,0.0
CUST07722,Convenience_First,64,22,0.34375,1620.97,25.32765625,65.5,True,41.995000000000005,Low,Hyderabad,Treatment,0.15,Off-Peak Incentive,0.2,0.231,False,0,22,0.0
CUST00322,Convenience_First,67,21,0.3134328358208955,2005.78,29.937014925373138,67.5,True,41.99481343283582,Low,Mumbai,Treatment,0.15,Off-Peak Incentive,0.2,0.23500000000000001,False,0,21,0.0
CUST02854,Price_Sensitive,67,22,0.3283582089552239,1949.36,29.09492537313433,66.0,True,41.99182835820896,Low,Hyderabad,Control,0.0,No Incentive,0.3,0.33199999999999996,False,0,22,0.0
CUST06624,Convenience_First,61,22,0.360655737704918,1307.89,21.44081967213115,64.7,True,41.989979508196726,Low,Chandigarh,Treatment,0.15,Off-Peak Incentive,0.2,0.22940000000000002,False,0,22,0.0
CUST01606,Convenience_First,52,21,0.4038461538461538,1019.56,19.60692307692308,62.6,True,41.97884615384615,Low,Hyderabad,Control,0.0,No Incentive,0.2,0.2252,False,0,21,0.0
CUST07999,Price_Sensitive,72,24,0.3333333333333333,2235.16,31.043888888888887,63.7,True,41.97833333333333,Low,Chennai,Control,0.0,No Incentive,0.3,0.3274,False,0,24,0.0
CUST03717,Convenience_First,66,23,0.3484848484848485,1703.31,25.807727272727274,64.3,True,41.97189393939394,Low,Jaipur,Control,0.0,No Incentive,0.2,0.2286,False,0,23,0.0
CUST06653,Convenience_First,78,24,0.3076923076923077,1154.78,14.804871794871795,63.8,True,41.97144230769231,Low,Mumbai,Treatment,0.15,Off-Peak Incentive,0.2,0.22760000000000002,False,0,24,0.0
CUST07141,Price_Sensitive,71,23,0.323943661971831,1865.52,26.27492957746479,65.0,True,41.96899647887324,Low,Hyderabad,Control,0.0,No Incentive,0.3,0.32999999999999996,False,0,23,0.0
CUST00764,Convenience_First,64,24,0.375,1233.59,19.27484375,62.3,True,41.965,Low,Delhi NCR,Control,0.0,No Incentive,0.2,0.22460000000000002,False,0,24,0.0
CUST02277,Convenience_First,59,23,0.3898305084745763,1441.71,24.43576271186441,62.3,True,41.956970338983055,Low,Bengaluru,Control,0.0,No Incentive,0.2,0.22460000000000002,False,0,23,0.0
CUST02200,Convenience_First,75,25,0.3333333333333333,1434.58,19.12773333333333,62.5,True,41.95583333333333,Low,Hyderabad,Control,0.0,No Incentive,0.2,0.225,False,0,25,0.0
CUST06604,Convenience_First,54,22,0.4074074074074074,854.69,15.827592592592593,61.7,True,41.955046296296295,Low,Pune,Control,0.0,No Incentive,0.2,0.22340000000000002,False,0,22,0.0
CUST00552,Convenience_First,74,24,0.3243243243243243,914.27,12.355,63.8,True,41.95422297297297,Low,Mumbai,Control,0.0,No Incentive,0.2,0.22760000000000002,False,0,24,0.0
CUST04555,Convenience_First,72,22,0.3055555555555556,1838.28,25.531666666666663,66.4,True,41.94722222222222,Low,Mumbai,Control,0.0,No Incentive,0.2,0.23280000000000003,False,0,22,0.0
CUST01696,Convenience_First,67,24,0.3582089552238806,2014.79,30.071492537313432,62.9,True,41.94585820895522,Low,Ahmedabad,Treatment,0.15,Off-Peak Incentive,0.2,0.2258,False,0,24,0.0
CUST00867,Routine_Commuter,72,23,0.3194444444444444,2136.95,29.67986111111111,65.0,True,41.94277777777778,Low,Delhi NCR,Control,0.0,No Incentive,0.35,0.38,False,0,23,0.0
CUST05961,Convenience_First,53,20,0.3773584905660377,1109.34,20.930943396226414,64.9,True,41.94058962264151,Low,Chennai,Treatment,0.15,Off-Peak Incentive,0.2,0.22980000000000003,False,0,20,0.0
CUST04294,Convenience_First,65,23,0.3538461538461538,1906.18,29.32584615384615,64.0,True,41.93759615384616,Low,Delhi NCR,Control,0.0,No Incentive,0.2,0.228,False,0,23,0.0
CUST00223,Convenience_First,62,24,0.3870967741935484,1559.1,25.146774193548385,61.6,True,41.93637096774194,Low,Mumbai,Control,0.0,No Incentive,0.2,0.2232,False,0,24,0.0
CUST05871,Routine_Commuter,68,24,0.3529411764705882,1718.79,25.27632352941177,63.0,True,41.931397058823535,Low,Lucknow,Treatment,0.15,Off-Peak Incentive,0.35,0.376,False,0,24,0.0
CUST06712,Price_Sensitive,71,22,0.3098591549295774,1228.48,17.302535211267607,66.3,True,41.925616197183096,Low,Lucknow,Treatment,0.15,Off-Peak Incentive,0.3,0.3326,False,0,22,0.0
CUST05049,Convenience_First,70,23,0.3285714285714285,2166.81,30.954428571428572,64.8,True,41.92535714285714,Low,Bengaluru,Treatment,0.15,Off-Peak Incentive,0.2,0.2296,False,0,23,0.0
CUST06972,Price_Sensitive,66,21,0.3181818181818182,1865.29,28.261969696969697,67.2,True,41.91977272727273,Low,Chennai,Treatment,0.15,Off-Peak Incentive,0.3,0.3344,False,0,21,0.0
CUST07909,Price_Sensitive,64,20,0.3125,1267.27,19.80109375,68.4,True,41.905,Low,Chandigarh,Treatment,0.15,Off-Peak Incentive,0.3,0.3368,False,0,20,0.0
CUST07297,Convenience_First,65,23,0.3538461538461538,2056.88,31.644307692307695,63.9,True,41.89759615384616,Low,Bengaluru,Control,0.0,No Incentive,0.2,0.2278,False,0,23,0.0
CUST01686,Convenience_First,76,26,0.3421052631578947,2352.8,30.957894736842107,61.0,True,41.882960526315784,Low,Chandigarh,Control,0.0,No Incentive,0.2,0.222,False,0,26,0.0
CUST07177,Convenience_First,76,24,0.3157894736842105,1892.7,24.903947368421058,63.6,True,41.87032894736842,Low,Chandigarh,Control,0.0,No Incentive,0.2,0.2272,False,0,24,0.0
CUST00122,Convenience_First,66,24,0.3636363636363636,1876.82,28.436666666666667,62.5,True,41.85795454545455,Low,Bengaluru,Treatment,0.15,Off-Peak Incentive,0.2,0.225,False,0,24,0.0
CUST07843,Convenience_First,75,23,0.3066666666666666,2187.21,29.1628,64.9,True,41.84916666666667,Low,Mumbai,Control,0.0,No Incentive,0.2,0.22980000000000003,False,0,23,0.0
CUST00041,Convenience_First,61,23,0.3770491803278688,1599.78,26.22590163934426,62.7,True,41.84571721311475,Low,Ahmedabad,Treatment,0.15,Off-Peak Incentive,0.2,0.22540000000000002,False,0,23,0.0
CUST05368,Convenience_First,73,23,0.3150684931506849,1939.36,26.56657534246575,64.8,True,41.837739726027394,Low,Pune,Control,0.0,No Incentive,0.2,0.2296,False,0,23,0.0
CUST01692,Convenience_First,59,24,0.4067796610169492,1945.98,32.98271186440678,60.3,True,41.83493644067797,Low,Hyderabad,Treatment,0.15,Off-Peak Incentive,0.2,0.22060000000000002,False,0,24,0.0
CUST01608,Convenience_First,67,22,0.3283582089552239,2124.32,31.70626865671642,65.6,True,41.83182835820896,Low,Pune,Treatment,0.15,Off-Peak Incentive,0.2,0.23120000000000002,False,0,22,0.0
CUST02703,Convenience_First,67,22,0.3283582089552239,1495.69,22.323731343283583,65.6,True,41.83182835820896,Low,Chandigarh,Treatment,0.15,Off-Peak Incentive,0.2,0.23120000000000002,False,0,22,0.0
CUST03957,Convenience_First,49,19,0.3877551020408163,1558.6,31.80816326530612,64.4,True,41.83020408163266,Low,Chennai,Control,0.0,No Incentive,0.2,0.22880000000000003,False,0,19,0.0
CUST05302,Price_Sensitive,61,24,0.3934426229508196,1017.8,16.685245901639345,61.0,True,41.821454918032785,Low,Mumbai,Treatment,0.15,Off-Peak Incentive,0.3,0.322,False,0,24,0.0
CUST07446,Convenience_First,69,24,0.3478260869565217,1795.83,26.02652173913043,62.9,True,41.81554347826087,Low,Pune,Control,0.0,No Incentive,0.2,0.2258,False,0,24,0.0
CUST03138,Price_Sensitive,63,21,0.3333333333333333,1454.29,23.083968253968255,66.4,True,41.81083333333333,Low,Mumbai,Control,0.0,No Incentive,0.3,0.3328,False,0,21,0.0
CUST02944,Price_Sensitive,71,22,0.3098591549295774,1642.22,23.129859154929576,66.0,True,41.80561619718309,Low,Delhi NCR,Control,0.0,No Incentive,0.3,0.33199999999999996,False,0,22,0.0
CUST00509,Convenience_First,63,23,0.365079365079365,1983.75,31.488095238095237,63.2,True,41.8006746031746,Low,Jaipur,Treatment,0.15,Off-Peak Incentive,0.2,0.22640000000000002,False,0,23,0.0
CUST05767,Price_Sensitive,57,20,0.3508771929824561,1248.94,21.91122807017544,66.3,True,41.795087719298245,Low,Bengaluru,Treatment,0.15,Off-Peak Incentive,0.3,0.3326,True,12,8,0.6
CUST06824,Convenience_First,54,22,0.4074074074074074,1590.06,29.44555555555555,61.3,True,41.7950462962963,Low,Hyderabad,Treatment,0.15,Off-Peak Incentive,0.2,0.22260000000000002,False,0,22,0.0
CUST01469,Price_Sensitive,66,20,0.303030303030303,1145.06,17.349393939393938,68.4,True,41.79371212121213,Low,Ahmedabad,Treatment,0.15,Off-Peak Incentive,0.3,0.3368,False,0,20,0.0
CUST01096,Price_Sensitive,76,24,0.3157894736842105,2239.92,29.472631578947368,63.4,True,41.79032894736842,Low,Bengaluru,Control,0.0,No Incentive,0.3,0.3268,False,0,24,0.0
CUST04608,Convenience_First,61,24,0.3934426229508196,1272.87,20.86672131147541,60.9,True,41.78145491803278,Low,Chennai,Treatment,0.15,Off-Peak Incentive,0.2,0.2218,False,0,24,0.0
CUST05129,Convenience_First,66,23,0.3484848484848485,1278.5,19.37121212121212,63.8,True,41.77189393939394,Low,Bengaluru,Treatment,0.15,Off-Peak Incentive,0.2,0.22760000000000002,False,0,23,0.0
CUST04368,Price_Sensitive,73,22,0.3013698630136986,1940.37,26.58041095890411,66.0,True,41.76979452054795,Low,Mumbai,Treatment,0.15,Off-Peak Incentive,0.3,0.33199999999999996,False,0,22,0.0
CUST04131,Convenience_First,62,22,0.3548387096774194,1584.07,25.549516129032256,64.4,True,41.76604838709678,Low,Delhi NCR,Control,0.0,No Incentive,0.2,0.22880000000000003,False,0,22,0.0
CUST05143,Price_Sensitive,63,22,0.3492063492063492,927.6,14.723809523809525,64.7,True,41.76575396825397,Low,Delhi NCR,Treatment,0.15,Off-Peak Incentive,0.3,0.32939999999999997,False,0,22,0.0
CUST04564,Convenience_First,70,23,0.3285714285714285,962.64,13.752,64.4,True,41.76535714285714,Low,Kochi,Control,0.0,No Incentive,0.2,0.22880000000000003,False,0,23,0.0
CUST02182,Convenience_First,70,26,0.3714285714285714,1615.98,23.085428571428572,60.1,True,41.75964285714286,Low,Bengaluru,Treatment,0.15,Off-Peak Incentive,0.2,0.2202,False,0,26,0.0
CUST03227,Price_Sensitive,59,24,0.4067796610169492,1237.86,20.980677966101695,60.1,True,41.75493644067797,Low,Delhi NCR,Control,0.0,No Incentive,0.3,0.3202,False,0,24,0.0
CUST04986,Convenience_First,56,21,0.375,1398.52,24.97357142857143,64.0,True,41.74625,Low,Hyderabad,Control,0.0,No Incentive,0.2,0.228,False,0,21,0.0
CUST07013,Convenience_First,74,25,0.3378378378378378,1219.89,16.485,61.9,True,41.73476351351351,Low,Kochi,Treatment,0.15,Off-Peak Incentive,0.2,0.2238,False,0,25,0.0
CUST06029,Convenience_First,58,19,0.3275862068965517,1246.59,21.49293103448276,68.2,True,41.72969827586207,Low,Chennai,Treatment,0.15,Off-Peak Incentive,0.2,0.23640000000000003,False,0,19,0.0
CUST03020,Convenience_First,68,22,0.3235294117647059,1361.57,20.02308823529412,65.4,True,41.714926470588246,Low,Pune,Treatment,0.15,Off-Peak Incentive,0.2,0.23080000000000003,False,0,22,0.0
CUST04556,Convenience_First,70,22,0.3142857142857143,1572.43,22.46328571428571,65.7,True,41.71392857142857,Low,Hyderabad,Treatment,0.15,Off-Peak Incentive,0.2,0.23140000000000002,False,0,22,0.0
CUST01213,Convenience_First,76,24,0.3157894736842105,1557.82,20.497631578947367,63.2,True,41.710328947368424,Low,Jaipur,Treatment,0.15,Off-Peak Incentive,0.2,0.22640000000000002,False,0,24,0.0
CUST03587,Routine_Commuter,72,22,0.3055555555555556,1693.72,23.52388888888889,65.8,True,41.70722222222222,Low,Delhi NCR,Control,0.0,No Incentive,0.35,0.3816,False,0,22,0.0
CUST00157,Convenience_First,65,20,0.3076923076923077,1396.93,21.49123076923077,68.0,True,41.69144230769231,Low,Pune,Control,0.0,No Incentive,0.2,0.23600000000000002,False,0,20,0.0
CUST01643,Convenience_First,68,24,0.3529411764705882,1427.68,20.99529411764706,62.4,True,41.69139705882353,Low,Kolkata,Treatment,0.15,Off-Peak Incentive,0.2,0.2248,False,0,24,0.0
CUST06893,Convenience_First,53,22,0.4150943396226415,1198.18,22.607169811320755,60.5,True,41.69002358490566,Low,Mumbai,Control,0.0,No Incentive,0.2,0.221,False,0,22,0.0
CUST04974,Convenience_First,68,25,0.3676470588235294,1572.69,23.12779411764706,60.9,True,41.67963235294118,Low,Chennai,Treatment,0.15,Off-Peak Incentive,0.2,0.2218,True,14,11,0.56
CUST00464,Price_Sensitive,69,21,0.3043478260869565,1136.33,16.46855072463768,66.9,True,41.67641304347826,Low,Lucknow,Control,0.0,No Incentive,0.3,0.3338,False,0,21,0.0
CUST06192,Price_Sensitive,69,23,0.3333333333333333,1266.72,18.358260869565218,64.0,True,41.67583333333334,Low,Mumbai,Treatment,0.15,Off-Peak Incentive,0.3,0.328,False,0,23,0.0
CUST01974,Price_Sensitive,70,22,0.3142857142857143,2012.79,28.754142857142856,65.6,True,41.67392857142857,Low,Lucknow,Control,0.0,No Incentive,0.3,0.3312,False,0,22,0.0
CUST04978,Convenience_First,72,22,0.3055555555555556,1709.04,23.736666666666665,65.7,True,41.66722222222222,Low,Delhi NCR,Control,0.0,No Incentive,0.2,0.23140000000000002,False,0,22,0.0
CUST03158,Convenience_First,67,24,0.3582089552238806,1771.82,26.445074626865672,62.2,True,41.66585820895523,Low,Chandigarh,Treatment,0.15,Off-Peak Incentive,0.2,0.22440000000000002,True,13,11,0.5416666666666666
CUST03509,Convenience_First,64,23,0.359375,1394.75,21.79296875,63.1,True,41.66,Low,Kochi,Treatment,0.15,Off-Peak Incentive,0.2,0.2262,False,0,23,0.0
CUST01769,Routine_Commuter,73,22,0.3013698630136986,1213.71,16.626164383561644,65.7,True,41.64979452054794,Low,Hyderabad,Treatment,0.15,Off-Peak Incentive,0.35,0.38139999999999996,False,0,22,0.0
CUST02625,Convenience_First,60,23,0.3833333333333333,2127.44,35.45733333333333,61.9,True,41.64833333333333,Low,Hyderabad,Control,0.0,No Incentive,0.2,0.2238,False,0,23,0.0
CUST05987,Convenience_First,62,22,0.3548387096774194,1807.53,29.153709677419354,64.1,True,41.646048387096776,Low,Jaipur,Control,0.0,No Incentive,0.2,0.22820000000000001,False,0,22,0.0
CUST00853,Convenience_First,66,22,0.3333333333333333,1001.63,15.17621212121212,65.0,True,41.64583333333333,Low,Mumbai,Control,0.0,No Incentive,0.2,0.23,False,0,22,0.0
CUST03678,Convenience_First,70,23,0.3285714285714285,2252.89,32.18414285714285,64.1,True,41.64535714285714,Low,Chennai,Control,0.0,No Incentive,0.2,0.22820000000000001,False,0,23,0.0
CUST00248,Convenience_First,66,21,0.3181818181818182,2390.44,36.21878787878788,66.5,True,41.63977272727273,Low,Hyderabad,Control,0.0,No Incentive,0.2,0.233,False,0,21,0.0
CUST03098,Convenience_First,73,23,0.3150684931506849,1537.48,21.0613698630137,64.3,True,41.63773972602739,Low,Lucknow,Treatment,0.15,Off-Peak Incentive,0.2,0.2286,False,0,23,0.0
CUST04355,Convenience_First,69,23,0.3333333333333333,1387.71,20.111739130434785,63.9,True,41.63583333333333,Low,Delhi NCR,Control,0.0,No Incentive,0.2,0.2278,False,0,23,0.0
CUST04039,Convenience_First,64,22,0.34375,1261.04,19.70375,64.6,True,41.635000000000005,Low,Mumbai,Control,0.0,No Incentive,0.2,0.22920000000000001,False,0,22,0.0
CUST07346,Price_Sensitive,62,19,0.3064516129032258,1534.93,24.75693548387097,68.9,True,41.630564516129034,Low,Lucknow,Treatment,0.15,Off-Peak Incentive,0.3,0.3378,False,0,19,0.0
CUST06439,Price_Sensitive,61,19,0.3114754098360656,1023.36,16.77639344262295,68.7,True,41.62276639344263,Low,Delhi NCR,Control,0.0,No Incentive,0.3,0.3374,False,0,19,0.0
CUST04138,Convenience_First,70,21,0.3,2062.71,29.467285714285715,66.9,True,41.6225,Low,Mumbai,Treatment,0.15,Off-Peak Incentive,0.2,0.23380000000000004,False,0,21,0.0
CUST02193,Convenience_First,57,23,0.4035087719298245,938.73,16.468947368421052,60.6,True,41.62035087719298,Low,Ahmedabad,Treatment,0.15,Off-Peak Incentive,0.2,0.2212,False,0,23,0.0
CUST06062,Convenience_First,71,23,0.323943661971831,1609.27,22.665774647887325,64.1,True,41.60899647887324,Low,Pune,Control,0.0,No Incentive,0.2,0.22820000000000001,False,0,23,0.0
CUST05537,Convenience_First,60,23,0.3833333333333333,1399.79,23.329833333333333,61.8,True,41.60833333333333,Low,Jaipur,Treatment,0.15,Off-Peak Incentive,0.2,0.22360000000000002,False,0,23,0.0
CUST02511,Convenience_First,68,21,0.3088235294117647,2005.93,29.498970588235295,66.6,True,41.60669117647059,Low,Bengaluru,Treatment,0.15,Off-Peak Incentive,0.2,0.23320000000000002,False,0,21,0.0
CUST01999,Convenience_First,70,23,0.3285714285714285,1653.0,23.61428571428571,64.0,True,41.605357142857144,Low,Hyderabad,Treatment,0.15,Off-Peak Incentive,0.2,0.228,False,0,23,0.0
CUST02902,Convenience_First,57,22,0.3859649122807017,2030.45,35.621929824561406,62.3,True,41.59859649122807,Low,Chandigarh,Control,0.0,No Incentive,0.2,0.22460000000000002,False,0,22,0.0
CUST04860,Convenience_First,57,22,0.3859649122807017,1047.2,18.37192982456141,62.3,True,41.59859649122807,Low,Delhi NCR,Control,0.0,No Incentive,0.2,0.22460000000000002,False,0,22,0.0
CUST04885,Price_Sensitive,61,22,0.360655737704918,983.21,16.118196721311477,63.7,True,41.58997950819672,Low,Delhi NCR,Treatment,0.15,Off-Peak Incentive,0.3,0.3274,False,0,22,0.0
CUST00459,Convenience_First,67,23,0.3432835820895522,1444.84,21.564776119402985,63.5,True,41.588843283582094,Low,Chandigarh,Treatment,0.15,Off-Peak Incentive,0.2,0.227,True,13,10,0.5652173913043478
CUST01655,Convenience_First,67,24,0.3582089552238806,1427.28,21.30268656716418,62.0,True,41.58585820895522,Low,Chandigarh,Treatment,0.15,Off-Peak Incentive,0.2,0.224,False,0,24,0.0
CUST04949,Convenience_First,68,23,0.3382352941176471,2310.39,33.976323529411765,63.6,True,41.583161764705885,Low,Pune,Control,0.0,No Incentive,0.2,0.2272,False,0,23,0.0
CUST02906,Price_Sensitive,68,23,0.3382352941176471,1307.68,19.23058823529412,63.6,True,41.583161764705885,Low,Hyderabad,Treatment,0.15,Off-Peak Incentive,0.3,0.3272,False,0,23,0.0
CUST05305,Convenience_First,67,25,0.373134328358209,2084.69,31.114776119402983,60.5,True,41.582873134328366,Low,Ahmedabad,Control,0.0,No Incentive,0.2,0.221,False,0,25,0.0
CUST03539,Convenience_First,64,23,0.359375,1449.88,22.654375,62.9,True,41.58,Low,Bengaluru,Control,0.0,No Incentive,0.2,0.2258,False,0,23,0.0
CUST01604,Convenience_First,65,23,0.3538461538461538,1604.24,24.680615384615383,63.1,True,41.57759615384616,Low,Bengaluru,Treatment,0.15,Off-Peak Incentive,0.2,0.2262,True,13,10,0.5652173913043478
CUST01555,Convenience_First,63,20,0.3174603174603174,1620.41,25.720793650793652,67.4,True,41.5759126984127,Low,Pune,Control,0.0,No Incentive,0.2,0.2348,False,0,20,0.0
CUST04342,Convenience_First,71,24,0.3380281690140845,1357.96,19.126197183098594,62.6,True,41.57237676056338,Low,Ahmedabad,Control,0.0,No Incentive,0.2,0.2252,False,0,24,0.0
CUST04921,Convenience_First,62,23,0.3709677419354839,1174.99,18.951451612903227,62.3,True,41.571209677419354,Low,Kolkata,Control,0.0,No Incentive,0.2,0.22460000000000002,False,0,23,0.0
CUST05131,Convenience_First,62,23,0.3709677419354839,1548.29,24.97241935483871,62.3,True,41.571209677419354,Low,Delhi NCR,Treatment,0.15,Off-Peak Incentive,0.2,0.22460000000000002,False,0,23,0.0
CUST01561,Convenience_First,60,23,0.3833333333333333,1309.07,21.817833333333333,61.7,True,41.568333333333335,Low,Kochi,Control,0.0,No Incentive,0.2,0.22340000000000002,False,0,23,0.0
CUST04570,Convenience_First,73,23,0.3150684931506849,2974.31,40.74397260273973,64.1,True,41.55773972602739,Low,Delhi NCR,Control,0.0,No Incentive,0.2,0.22820000000000001,False,0,23,0.0
CUST06792,Price_Sensitive,54,20,0.3703703703703703,849.24,15.726666666666668,64.4,True,41.55356481481481,Low,Bengaluru,Control,0.0,No Incentive,0.3,0.3288,False,0,20,0.0
CUST07696,Convenience_First,64,23,0.359375,1285.44,20.085,62.8,True,41.540000000000006,Low,Jaipur,Control,0.0,No Incentive,0.2,0.22560000000000002,False,0,23,0.0
CUST05777,Convenience_First,64,23,0.359375,1339.48,20.929375,62.8,True,41.540000000000006,Low,Bengaluru,Treatment,0.15,Off-Peak Incentive,0.2,0.22560000000000002,True,13,10,0.5652173913043478
CUST03406,Convenience_First,52,21,0.4038461538461538,1512.05,29.077884615384615,61.5,True,41.53884615384615,Low,Ahmedabad,Control,0.0,No Incentive,0.2,0.223,False,0,21,0.0
CUST07418,Price_Sensitive,71,23,0.323943661971831,1749.38,24.63915492957746,63.9,True,41.52899647887324,Low,Bengaluru,Control,0.0,No Incentive,0.3,0.3278,False,0,23,0.0
CUST00989,Convenience_First,65,22,0.3384615384615385,1915.93,29.475846153846156,64.5,True,41.52221153846155,Low,Ahmedabad,Treatment,0.15,Off-Peak Incentive,0.2,0.229,False,0,22,0.0
CUST07996,Price_Sensitive,52,19,0.3653846153846153,1301.42,25.027307692307694,65.3,True,41.520384615384614,Low,Ahmedabad,Treatment,0.15,Off-Peak Incentive,0.3,0.3306,True,11,8,0.5789473684210527
CUST06564,Convenience_First,46,19,0.4130434782608695,1301.7,28.297826086956523,61.6,True,41.517989130434785,Low,Chandigarh,Treatment,0.15,Off-Peak Incentive,0.2,0.2232,True,11,8,0.5789473684210527
CUST06065,Price_Sensitive,69,21,0.3043478260869565,2005.87,29.07057971014493,66.5,True,41.51641304347826,Low,Lucknow,Control,0.0,No Incentive,0.3,0.33299999999999996,False,0,21,0.0
CUST06779,Convenience_First,68,22,0.3235294117647059,1756.81,25.83544117647059,64.9,True,41.51492647058824,Low,Bengaluru,Treatment,0.15,Off-Peak Incentive,0.2,0.22980000000000003,False,0,22,0.0
CUST01340,Price_Sensitive,70,22,0.3142857142857143,1532.37,21.891,65.2,True,41.51392857142857,Low,Hyderabad,Control,0.0,No Incentive,0.3,0.33039999999999997,False,0,22,0.0
CUST04426,Convenience_First,61,22,0.360655737704918,1653.23,27.102131147540984,63.5,True,41.50997950819672,Low,Chennai,Treatment,0.15,Off-Peak Incentive,0.2,0.227,False,0,22,0.0
CUST00609,Routine_Commuter,67,23,0.3432835820895522,1138.8,16.997014925373133,63.3,True,41.50884328358209,Low,Bengaluru,Treatment,0.15,Off-Peak Incentive,0.35,0.3766,False,0,23,0.0
CUST03300,Price_Sensitive,67,23,0.3432835820895522,1782.99,26.61179104477612,63.3,True,41.50884328358209,Low,Lucknow,Control,0.0,No Incentive,0.3,0.3266,False,0,23,0.0
CUST04836,Convenience_First,72,22,0.3055555555555556,2042.59,28.369305555555556,65.3,True,41.507222222222225,Low,Mumbai,Treatment,0.15,Off-Peak Incentive,0.2,0.2306,False,0,22,0.0
CUST04887,Convenience_First,47,18,0.3829787234042553,939.15,19.98191489361702,64.4,True,41.50664893617022,Low,Delhi NCR,Control,0.0,No Incentive,0.2,0.22880000000000003,False,0,18,0.0
CUST03903,Price_Sensitive,63,20,0.3174603174603174,1758.21,27.90809523809524,67.2,True,41.495912698412695,Low,Bengaluru,Treatment,0.15,Off-Peak Incentive,0.3,0.3344,True,12,8,0.6
CUST02278,Convenience_First,71,25,0.352112676056338,1222.25,17.214788732394368,61.0,True,41.49575704225352,Low,Chennai,Control,0.0,No Incentive,0.2,0.222,False,0,25,0.0
CUST03819,Convenience_First,65,20,0.3076923076923077,1575.31,24.23553846153846,67.5,True,41.49144230769231,Low,Hyderabad,Treatment,0.15,Off-Peak Incentive,0.2,0.23500000000000001,False,0,20,0.0
CUST01011,Convenience_First,47,20,0.425531914893617,1423.91,30.29595744680851,60.1,True,41.48877659574469,Low,Ahmedabad,Control,0.0,No Incentive,0.2,0.2202,False,0,20,0.0
CUST02387,Convenience_First,70,23,0.3285714285714285,1782.73,25.46757142857143,63.7,True,41.48535714285714,Low,Lucknow,Control,0.0,No Incentive,0.2,0.22740000000000002,False,0,23,0.0
CUST00014,Price_Sensitive,70,23,0.3285714285714285,1372.6,19.608571428571427,63.7,True,41.48535714285714,Low,Bengaluru,Treatment,0.15,Off-Peak Incentive,0.3,0.3274,False,0,23,0.0
CUST07207,Price_Sensitive,59,19,0.3220338983050847,1375.53,23.314067796610168,67.9,True,41.48510593220339,Low,Lucknow,Treatment,0.15,Off-Peak Incentive,0.3,0.3358,True,11,8,0.5789473684210527
CUST00983,Convenience_First,64,24,0.375,1548.99,24.20296875,61.1,True,41.485,Low,Ahmedabad,Treatment,0.15,Off-Peak Incentive,0.2,0.2222,False,0,24,0.0
CUST07402,Convenience_First,51,21,0.4117647058823529,1290.8,25.309803921568623,60.8,True,41.480588235294114,Low,Delhi NCR,Control,0.0,No Incentive,0.2,0.22160000000000002,False,0,21,0.0
CUST03953,Convenience_First,69,21,0.3043478260869565,1682.04,24.377391304347825,66.4,True,41.47641304347826,Low,Pune,Control,0.0,No Incentive,0.2,0.23280000000000003,False,0,21,0.0
CUST00506,Convenience_First,60,21,0.35,2057.99,34.29983333333333,64.8,True,41.475,Low,Jaipur,Treatment,0.15,Off-Peak Incentive,0.2,0.2296,False,0,21,0.0
CUST05155,Price_Sensitive,60,18,0.3,1308.74,21.812333333333335,69.8,True,41.475,Low,Kolkata,Treatment,0.15,Off-Peak Incentive,0.3,0.3396,False,0,18,0.0
CUST04209,Price_Sensitive,65,21,0.3230769230769231,1683.26,25.89630769230769,65.9,True,41.46682692307693,Low,Kolkata,Control,0.0,No Incentive,0.3,0.3318,False,0,21,0.0
CUST02084,Routine_Commuter,72,24,0.3333333333333333,1861.14,25.849166666666665,62.4,True,41.458333333333336,Low,Bengaluru,Control,0.0,No Incentive,0.35,0.37479999999999997,False,0,24,0.0
CUST02657,Convenience_First,73,22,0.3013698630136986,1829.77,25.065342465753425,65.2,True,41.44979452054795,Low,Pune,Control,0.0,No Incentive,0.2,0.23040000000000002,False,0,22,0.0
CUST03618,Convenience_First,69,21,0.3043478260869565,2470.15,35.799275362318845,66.3,True,41.43641304347826,Low,Pune,Treatment,0.15,Off-Peak Incentive,0.2,0.2326,False,0,21,0.0
CUST07284,Convenience_First,69,23,0.3333333333333333,973.94,14.115072463768117,63.4,True,41.43583333333333,Low,Jaipur,Control,0.0,No Incentive,0.2,0.2268,False,0,23,0.0
CUST05104,Convenience_First,70,22,0.3142857142857143,1342.99,19.18557142857143,65.0,True,41.43392857142857,Low,Lucknow,Control,0.0,No Incentive,0.2,0.23,False,0,22,0.0
CUST04531,Convenience_First,57,19,0.3333333333333333,1724.17,30.24859649122807,67.1,True,41.413333333333334,Low,Bengaluru,Treatment,0.15,Off-Peak Incentive,0.2,0.2342,False,0,19,0.0
CUST05199,Convenience_First,73,22,0.3013698630136986,1030.32,14.113972602739723,65.1,True,41.40979452054794,Low,Lucknow,Treatment,0.15,Off-Peak Incentive,0.2,0.23020000000000002,False,0,22,0.0
CUST00313,Convenience_First,59,18,0.3050847457627119,2246.18,38.07084745762712,69.4,True,41.40713983050848,Low,Jaipur,Treatment,0.15,Off-Peak Incentive,0.2,0.2388,False,0,18,0.0
CUST01468,Price_Sensitive,64,22,0.34375,1537.83,24.02859375,64.0,True,41.395,Low,Kochi,Control,0.0,No Incentive,0.3,0.328,False,0,22,0.0
CUST02846,Convenience_First,64,22,0.34375,1343.51,20.99234375,64.0,True,41.395,Low,Bengaluru,Treatment,0.15,Off-Peak Incentive,0.2,0.228,False,0,22,0.0
CUST07742,Convenience_First,68,22,0.3235294117647059,1542.82,22.688529411764705,64.6,True,41.39492647058824,Low,Hyderabad,Control,0.0,No Incentive,0.2,0.22920000000000001,False,0,22,0.0
CUST02363,Convenience_First,67,21,0.3134328358208955,1888.35,28.184328358208955,66.0,True,41.394813432835825,Low,Lucknow,Control,0.0,No Incentive,0.2,0.232,False,0,21,0.0
CUST03902,Price_Sensitive,55,17,0.3090909090909091,898.21,16.33109090909091,69.9,True,41.39113636363637,Low,Chennai,Control,0.0,No Incentive,0.3,0.3398,False,0,17,0.0
CUST06603,Price_Sensitive,58,19,0.3275862068965517,1261.14,21.743793103448276,67.3,True,41.36969827586207,Low,Delhi NCR,Control,0.0,No Incentive,0.3,0.3346,False,0,19,0.0
CUST04231,Convenience_First,66,21,0.3181818181818182,1750.99,26.530151515151516,65.8,True,41.35977272727273,Low,Bengaluru,Treatment,0.15,Off-Peak Incentive,0.2,0.2316,True,12,9,0.5714285714285714
CUST03488,Convenience_First,61,20,0.3278688524590163,1444.69,23.68344262295082,66.4,True,41.358504098360655,Low,Mumbai,Control,0.0,No Incentive,0.2,0.23280000000000003,False,0,20,0.0
CUST03311,Price_Sensitive,54,22,0.4074074074074074,1095.32,20.283703703703704,60.2,True,41.3550462962963,Low,Kolkata,Treatment,0.15,Off-Peak Incentive,0.3,0.3204,True,12,10,0.5454545454545454
CUST05795,Convenience_First,64,20,0.3125,1290.38,20.1621875,67.0,True,41.345,Low,Bengaluru,Control,0.0,No Incentive,0.2,0.234,False,0,20,0.0
CUST06718,Convenience_First,70,21,0.3,1887.96,26.97085714285714,66.2,True,41.3425,Low,Mumbai,Control,0.0,No Incentive,0.2,0.23240000000000002,False,0,21,0.0
CUST07894,Routine_Commuter,72,24,0.3333333333333333,1106.45,15.367361111111112,62.1,True,41.33833333333333,Low,Mumbai,Control,0.0,No Incentive,0.35,0.3742,False,0,24,0.0
CUST02115,Convenience_First,65,23,0.3538461538461538,1241.88,19.10584615384615,62.5,True,41.33759615384616,Low,Mumbai,Control,0.0,No Incentive,0.2,0.225,False,0,23,0.0
CUST01231,Convenience_First,69,24,0.3478260869565217,1811.3,26.25072463768116,61.7,True,41.33554347826087,Low,Delhi NCR,Treatment,0.15,Off-Peak Incentive,0.2,0.22340000000000002,False,0,24,0.0
CUST07937,Convenience_First,60,23,0.3833333333333333,1522.8,25.38,61.1,True,41.32833333333333,Low,Mumbai,Control,0.0,No Incentive,0.2,0.2222,False,0,23,0.0
CUST02293,Convenience_First,62,22,0.3548387096774194,1220.91,19.69209677419355,63.3,True,41.326048387096776,Low,Lucknow,Control,0.0,No Incentive,0.2,0.22660000000000002,False,0,22,0.0
CUST00136,Price_Sensitive,61,23,0.3770491803278688,1578.24,25.8727868852459,61.4,True,41.32571721311476,Low,Chandigarh,Control,0.0,No Incentive,0.3,0.3228,False,0,23,0.0
CUST06601,Convenience_First,60,21,0.35,1864.49,31.074833333333338,64.4,True,41.315000000000005,Low,Pune,Treatment,0.15,Off-Peak Incentive,0.2,0.22880000000000003,False,0,21,0.0
CUST01705,Convenience_First,65,21,0.3230769230769231,1906.21,29.326307692307697,65.5,True,41.306826923076926,Low,Chennai,Treatment,0.15,Off-Peak Incentive,0.2,0.231,False,0,21,0.0
CUST00425,Convenience_First,65,21,0.3230769230769231,1550.26,23.850153846153844,65.5,True,41.306826923076926,Low,Hyderabad,Control,0.0,No Incentive,0.2,0.231,False,0,21,0.0
CUST00096,Convenience_First,69,24,0.3478260869565217,2370.87,34.36043478260869,61.6,True,41.29554347826087,Low,Delhi NCR,Treatment,0.15,Off-Peak Incentive,0.2,0.2232,False,0,24,0.0
CUST06556,Price_Sensitive,61,21,0.3442622950819672,1489.03,24.41032786885246,64.6,True,41.294241803278695,Low,Jaipur,Control,0.0,No Incentive,0.3,0.3292,False,0,21,0.0
CUST01853,Convenience_First,68,24,0.3529411764705882,1227.86,18.05676470588235,61.4,True,41.291397058823534,Low,Jaipur,Control,0.0,No Incentive,0.2,0.2228,False,0,24,0.0
CUST07225,Convenience_First,63,23,0.365079365079365,1789.34,28.40222222222222,61.9,True,41.28067460317459,Low,Chennai,Control,0.0,No Incentive,0.2,0.2238,False,0,23,0.0
CUST04705,Price_Sensitive,66,21,0.3181818181818182,2261.94,34.27181818181818,65.6,True,41.27977272727273,Low,Jaipur,Treatment,0.15,Off-Peak Incentive,0.3,0.3312,False,0,21,0.0
CUST04639,Price_Sensitive,66,21,0.3181818181818182,2208.32,33.45939393939394,65.6,True,41.27977272727273,Low,Lucknow,Control,0.0,No Incentive,0.3,0.3312,False,0,21,0.0
CUST07953,Price_Sensitive,66,20,0.303030303030303,792.2,12.003030303030304,67.1,True,41.27371212121212,Low,Ahmedabad,Treatment,0.15,Off-Peak Incentive,0.3,0.3342,False,0,20,0.0
CUST06225,Convenience_First,65,21,0.3230769230769231,2213.41,34.052461538461536,65.4,True,41.266826923076934,Low,Kolkata,Treatment,0.15,Off-Peak Incentive,0.2,0.23080000000000003,False,0,21,0.0
CUST01446,Convenience_First,64,23,0.359375,1494.01,23.34390625,62.1,True,41.260000000000005,Low,Pune,Control,0.0,No Incentive,0.2,0.2242,False,0,23,0.0
CUST02155,Price_Sensitive,63,20,0.3174603174603174,1914.32,30.386031746031744,66.6,True,41.25591269841269,Low,Kolkata,Treatment,0.15,Off-Peak Incentive,0.3,0.3332,False,0,20,0.0
CUST05349,Convenience_First,73,23,0.3150684931506849,1866.34,25.566301369863012,63.3,True,41.2377397260274,Low,Delhi NCR,Treatment,0.15,Off-Peak Incentive,0.2,0.22660000000000002,True,13,10,0.5652173913043478
CUST05883,Convenience_First,64,22,0.34375,1294.89,20.23265625,63.6,True,41.235,Low,Ahmedabad,Treatment,0.15,Off-Peak Incentive,0.2,0.2272,True,12,10,0.5454545454545454
CUST02255,Convenience_First,72,23,0.3194444444444444,1613.58,22.410833333333333,63.2,True,41.22277777777778,Low,Delhi NCR,Control,0.0,No Incentive,0.2,0.22640000000000002,False,0,23,0.0
CUST02717,Price_Sensitive,69,22,0.3188405797101449,1572.5,22.78985507246377,64.3,True,41.216123188405795,Low,Kolkata,Control,0.0,No Incentive,0.3,0.3286,False,0,22,0.0
CUST00499,Price_Sensitive,63,20,0.3174603174603174,1465.1,23.255555555555553,66.5,True,41.215912698412694,Low,Bengaluru,Treatment,0.15,Off-Peak Incentive,0.3,0.33299999999999996,False,0,20,0.0
CUST00996,Price_Sensitive,58,19,0.3275862068965517,1550.87,26.73913793103448,66.9,True,41.209698275862074,Low,Hyderabad,Treatment,0.15,Off-Peak Incentive,0.3,0.3338,True,11,8,0.5789473684210527
CUST01919,Price_Sensitive,60,20,0.3333333333333333,1368.65,22.810833333333335,65.8,True,41.208333333333336,Low,Mumbai,Control,0.0,No Incentive,0.3,0.3316,False,0,20,0.0
CUST01257,Convenience_First,60,23,0.3833333333333333,1141.06,19.017666666666667,60.8,True,41.208333333333336,Low,Chennai,Treatment,0.15,Off-Peak Incentive,0.2,0.22160000000000002,False,0,23,0.0
CUST04948,Price_Sensitive,68,21,0.3088235294117647,1796.09,26.413088235294115,65.6,True,41.20669117647059,Low,Delhi NCR,Control,0.0,No Incentive,0.3,0.3312,False,0,21,0.0
CUST07386,Convenience_First,49,20,0.4081632653061224,1191.05,24.307142857142857,60.8,True,41.2065306122449,Low,Delhi NCR,Control,0.0,No Incentive,0.2,0.22160000000000002,False,0,20,0.0
CUST00379,Convenience_First,66,22,0.3333333333333333,1972.49,29.88621212121212,63.9,True,41.20583333333333,Low,Kochi,Control,0.0,No Incentive,0.2,0.2278,False,0,22,0.0
CUST04516,Convenience_First,66,22,0.3333333333333333,2507.48,37.99212121212121,63.9,True,41.20583333333333,Low,Mumbai,Control,0.0,No Incentive,0.2,0.2278,False,0,22,0.0
CUST05110,Routine_Commuter,62,21,0.3387096774193548,1906.67,30.752741935483872,64.6,True,41.20088709677419,Low,Mumbai,Control,0.0,No Incentive,0.35,0.3792,False,0,21,0.0
CUST07005,Convenience_First,65,24,0.3692307692307692,2150.83,33.0896923076923,60.6,True,41.19298076923077,Low,Lucknow,Control,0.0,No Incentive,0.2,0.2212,False,0,24,0.0
CUST06024,Convenience_First,56,21,0.375,1286.91,22.980535714285715,62.6,True,41.18625000000001,Low,Hyderabad,Treatment,0.15,Off-Peak Incentive,0.2,0.2252,False,0,21,0.0
CUST02847,Price_Sensitive,72,23,0.3194444444444444,988.2,13.725,63.1,True,41.18277777777778,Low,Kolkata,Treatment,0.15,Off-Peak Incentive,0.3,0.3262,False,0,23,0.0
CUST02320,Convenience_First,58,20,0.3448275862068966,1908.4,32.90344827586207,65.1,True,41.17935344827586,Low,Delhi NCR,Control,0.0,No Incentive,0.2,0.23020000000000002,False,0,20,0.0
CUST01843,Convenience_First,68,21,0.3088235294117647,1536.62,22.597352941176467,65.5,True,41.16669117647059,Low,Kochi,Treatment,0.15,Off-Peak Incentive,0.2,0.231,False,0,21,0.0
CUST03753,Convenience_First,62,22,0.3548387096774194,773.7,12.479032258064516,62.9,True,41.16604838709678,Low,Mumbai,Control,0.0,No Incentive,0.2,0.2258,False,0,22,0.0
CUST00769,Convenience_First,51,21,0.4117647058823529,1302.28,25.53490196078431,60.0,True,41.160588235294114,Low,Pune,Control,0.0,No Incentive,0.2,0.22000000000000003,False,0,21,0.0
CUST06899,Convenience_First,52,19,0.3653846153846153,1295.57,24.91480769230769,64.4,True,41.160384615384615,Low,Delhi NCR,Control,0.0,No Incentive,0.2,0.22880000000000003,False,0,19,0.0
CUST03208,Price_Sensitive,60,21,0.35,1317.38,21.95633333333333,64.0,True,41.155,Low,Delhi NCR,Treatment,0.15,Off-Peak Incentive,0.3,0.328,False,0,21,0.0
CUST04717,Price_Sensitive,62,19,0.3064516129032258,1254.88,20.24,67.7,True,41.15056451612904,Low,Ahmedabad,Treatment,0.15,Off-Peak Incentive,0.3,0.3354,True,11,8,0.5789473684210527
CUST02936,Convenience_First,51,17,0.3333333333333333,1617.87,31.722941176470584,67.8,True,41.14333333333333,Low,Bengaluru,Control,0.0,No Incentive,0.2,0.2356,False,0,17,0.0
CUST07524,Convenience_First,65,23,0.3538461538461538,1338.38,20.59046153846154,62.0,True,41.13759615384616,Low,Delhi NCR,Treatment,0.15,Off-Peak Incentive,0.2,0.224,False,0,23,0.0
CUST02688,Convenience_First,64,22,0.34375,1204.9,18.8265625,63.3,True,41.115,Low,Delhi NCR,Control,0.0,No Incentive,0.2,0.22660000000000002,False,0,22,0.0
CUST05103,Price_Sensitive,67,21,0.3134328358208955,1532.2,22.86865671641791,65.3,True,41.114813432835824,Low,Pune,Control,0.0,No Incentive,0.3,0.3306,False,0,21,0.0
CUST03416,Price_Sensitive,61,21,0.3442622950819672,1339.11,21.95262295081967,64.1,True,41.09424180327869,Low,Pune,Control,0.0,No Incentive,0.3,0.3282,False,0,21,0.0
CUST02315,Convenience_First,71,24,0.3380281690140845,1633.04,23.00056338028169,61.4,True,41.092376760563376,Low,Ahmedabad,Control,0.0,No Incentive,0.2,0.2228,False,0,24,0.0
CUST02230,Convenience_First,50,19,0.38,1335.62,26.7124,63.1,True,41.056250000000006,Low,Chandigarh,Treatment,0.15,Off-Peak Incentive,0.2,0.2262,False,0,19,0.0
CUST03038,Convenience_First,70,23,0.3285714285714285,1506.54,21.522,62.6,True,41.04535714285714,Low,Hyderabad,Treatment,0.15,Off-Peak Incentive,0.2,0.2252,False,0,23,0.0
CUST00799,Routine_Commuter,62,21,0.3387096774193548,1331.34,21.473225806451612,64.2,True,41.0408870967742,Low,Kolkata,Control,0.0,No Incentive,0.35,0.37839999999999996,False,0,21,0.0
CUST05008,Convenience_First,47,19,0.4042553191489361,1264.12,26.896170212765956,61.1,True,41.03771276595744,Low,Chennai,Treatment,0.15,Off-Peak Incentive,0.2,0.2222,True,11,8,0.5789473684210527
CUST07073,Convenience_First,70,22,0.3142857142857143,1829.73,26.139,64.0,True,41.03392857142857,Low,Ahmedabad,Treatment,0.15,Off-Peak Incentive,0.2,0.228,True,13,9,0.5909090909090909
CUST05928,Price_Sensitive,65,20,0.3076923076923077,1465.17,22.541076923076925,66.3,True,41.01144230769231,Low,Hyderabad,Treatment,0.15,Off-Peak Incentive,0.3,0.3326,True,12,8,0.6
CUST07710,Convenience_First,51,18,0.3529411764705882,1000.08,19.60941176470588,65.5,True,41.00764705882353,Low,Lucknow,Treatment,0.15,Off-Peak Incentive,0.2,0.231,False,0,18,0.0
CUST01859,Price_Sensitive,55,19,0.3454545454545454,709.45,12.89909090909091,65.3,True,41.00568181818182,Low,Lucknow,Control,0.0,No Incentive,0.3,0.3306,False,0,19,0.0
CUST03511,Convenience_First,44,17,0.3863636363636363,703.13,15.980227272727271,63.3,True,40.99704545454545,Low,Delhi NCR,Treatment,0.15,Off-Peak Incentive,0.2,0.22660000000000002,True,10,7,0.5882352941176471
CUST01097,Routine_Commuter,64,22,0.34375,1175.19,18.36234375,63.0,True,40.995000000000005,Low,Jaipur,Control,0.0,No Incentive,0.35,0.376,False,0,22,0.0
CUST02127,Price_Sensitive,60,18,0.3,863.02,14.383666666666668,68.6,True,40.995,Low,Chennai,Treatment,0.15,Off-Peak Incentive,0.3,0.3372,True,11,7,0.6111111111111112
CUST04704,Price_Sensitive,68,22,0.3235294117647059,1334.03,19.618088235294117,63.6,True,40.99492647058824,Low,Lucknow,Control,0.0,No Incentive,0.3,0.3272,False,0,22,0.0
CUST02089,Convenience_First,53,20,0.3773584905660377,1136.8,21.449056603773585,62.5,True,40.9805896226415,Low,Pune,Treatment,0.15,Off-Peak Incentive,0.2,0.225,False,0,20,0.0
CUST07043,Price_Sensitive,64,23,0.359375,1242.69,19.41703125,61.4,True,40.98,Low,Jaipur,Control,0.0,No Incentive,0.3,0.3228,False,0,23,0.0
CUST07143,Convenience_First,57,19,0.3333333333333333,1747.15,30.651754385964914,66.0,True,40.973333333333336,Low,Kolkata,Treatment,0.15,Off-Peak Incentive,0.2,0.232,False,0,19,0.0
CUST04024,Convenience_First,54,19,0.3518518518518518,1078.03,19.96351851851852,64.8,True,40.97282407407408,Low,Delhi NCR,Control,0.0,No Incentive,0.2,0.2296,False,0,19,0.0
CUST07972,Convenience_First,58,19,0.3275862068965517,1702.48,29.353103448275863,66.3,True,40.96969827586207,Low,Mumbai,Treatment,0.15,Off-Peak Incentive,0.2,0.2326,False,0,19,0.0
CUST00316,Price_Sensitive,60,23,0.3833333333333333,1460.87,24.34783333333333,60.2,True,40.968333333333334,Low,Jaipur,Treatment,0.15,Off-Peak Incentive,0.3,0.3204,True,13,10,0.5652173913043478
CUST02679,Convenience_First,66,20,0.303030303030303,1477.73,22.38984848484849,66.3,True,40.95371212121212,Low,Chennai,Treatment,0.15,Off-Peak Incentive,0.2,0.2326,False,0,20,0.0
CUST03715,Convenience_First,72,22,0.3055555555555556,2119.21,29.43347222222222,63.9,True,40.94722222222222,Low,Bengaluru,Control,0.0,No Incentive,0.2,0.2278,False,0,22,0.0
CUST07716,Convenience_First,64,20,0.3125,1547.85,24.18515625,66.0,True,40.94500000000001,Low,Mumbai,Control,0.0,No Incentive,0.2,0.232,False,0,20,0.0
CUST06189,Convenience_First,75,23,0.3066666666666666,1981.23,26.4164,62.6,True,40.92916666666667,Low,Jaipur,Treatment,0.15,Off-Peak Incentive,0.2,0.2252,False,0,23,0.0
CUST02508,Price_Sensitive,58,18,0.3103448275862069,1046.47,18.04258620689655,67.9,True,40.92004310344828,Low,Jaipur,Treatment,0.15,Off-Peak Incentive,0.3,0.3358,False,0,18,0.0
CUST02106,Convenience_First,67,21,0.3134328358208955,1540.3,22.98955223880597,64.8,True,40.91481343283582,Low,Mumbai,Control,0.0,No Incentive,0.2,0.2296,False,0,21,0.0
CUST07491,Convenience_First,53,19,0.3584905660377358,902.15,17.021698113207545,64.2,True,40.90587264150943,Low,Hyderabad,Control,0.0,No Incentive,0.2,0.22840000000000002,False,0,19,0.0
CUST01741,Convenience_First,56,22,0.3928571428571428,1746.54,31.188214285714285,60.1,True,40.90053571428571,Low,Mumbai,Treatment,0.15,Off-Peak Incentive,0.2,0.2202,False,0,22,0.0
CUST04486,Convenience_First,69,22,0.3188405797101449,1397.97,20.260434782608694,63.5,True,40.8961231884058,Low,Kolkata,Control,0.0,No Incentive,0.2,0.227,False,0,22,0.0
CUST05657,Price_Sensitive,57,19,0.3333333333333333,1123.1,19.703508771929823,65.8,True,40.89333333333334,Low,Chandigarh,Control,0.0,No Incentive,0.3,0.3316,False,0,19,0.0
CUST01327,Convenience_First,66,23,0.3484848484848485,1047.96,15.87818181818182,61.6,True,40.89189393939394,Low,Ahmedabad,Control,0.0,No Incentive,0.2,0.2232,False,0,23,0.0
CUST00929,Convenience_First,59,20,0.3389830508474576,1738.51,29.46627118644068,64.7,True,40.88307203389831,Low,Mumbai,Treatment,0.15,Off-Peak Incentive,0.2,0.22940000000000002,False,0,20,0.0
CUST01278,Convenience_First,61,20,0.3278688524590163,1560.01,25.573934426229503,65.2,True,40.87850409836065,Low,Chennai,Treatment,0.15,Off-Peak Incentive,0.2,0.23040000000000002,False,0,20,0.0
CUST02922,Convenience_First,60,18,0.3,1625.78,27.096333333333337,68.3,True,40.875,Low,Delhi NCR,Treatment,0.15,Off-Peak Incentive,0.2,0.2366,True,11,7,0.6111111111111112
CUST02406,Price_Sensitive,67,22,0.3283582089552239,1165.93,17.401940298507462,63.2,True,40.87182835820896,Low,Mumbai,Control,0.0,No Incentive,0.3,0.3264,False,0,22,0.0
CUST00970,Convenience_First,71,22,0.3098591549295774,1199.26,16.89098591549296,63.6,True,40.8456161971831,Low,Bengaluru,Treatment,0.15,Off-Peak Incentive,0.2,0.2272,False,0,22,0.0
CUST00023,Convenience_First,59,19,0.3220338983050847,1517.21,25.71542372881356,66.3,True,40.84510593220339,Low,Hyderabad,Control,0.0,No Incentive,0.2,0.2326,False,0,19,0.0
CUST00587,Price_Sensitive,68,22,0.3235294117647059,1475.13,21.69308823529412,63.2,True,40.83492647058824,Low,Bengaluru,Control,0.0,No Incentive,0.3,0.3264,False,0,22,0.0
CUST04634,Convenience_First,62,19,0.3064516129032258,1671.64,26.96193548387097,66.9,True,40.83056451612904,Low,Chandigarh,Control,0.0,No Incentive,0.2,0.23380000000000004,False,0,19,0.0
CUST07785,Price_Sensitive,52,17,0.3269230769230769,920.22,17.696538461538463,67.4,True,40.82192307692308,Low,Bengaluru,Treatment,0.15,Off-Peak Incentive,0.3,0.3348,True,10,7,0.5882352941176471
CUST02887,Convenience_First,55,21,0.3818181818181818,1883.64,34.248,61.2,True,40.82022727272728,Low,Delhi NCR,Treatment,0.15,Off-Peak Incentive,0.2,0.22240000000000001,False,0,21,0.0
CUST06095,Convenience_First,53,21,0.3962264150943396,1239.71,23.39075471698113,60.2,True,40.815306603773585,Low,Mumbai,Treatment,0.15,Off-Peak Incentive,0.2,0.2204,False,0,21,0.0
CUST02219,Convenience_First,61,21,0.3442622950819672,1782.86,29.227213114754097,63.4,True,40.81424180327869,Low,Mumbai,Control,0.0,No Incentive,0.2,0.2268,False,0,21,0.0
CUST01996,Price_Sensitive,62,21,0.3387096774193548,1341.33,21.634354838709676,63.6,True,40.80088709677419,Low,Pune,Control,0.0,No Incentive,0.3,0.3272,False,0,21,0.0
CUST03495,Convenience_First,53,17,0.320754716981132,1461.08,27.56754716981132,67.7,True,40.79643867924528,Low,Mumbai,Treatment,0.15,Off-Peak Incentive,0.2,0.23540000000000003,True,10,7,0.5882352941176471
CUST03871,Price_Sensitive,57,20,0.3508771929824561,908.37,15.936315789473683,63.8,True,40.795087719298245,Low,Lucknow,Control,0.0,No Incentive,0.3,0.3276,False,0,20,0.0
CUST04269,Convenience_First,66,20,0.303030303030303,1867.01,28.288030303030304,65.9,True,40.79371212121213,Low,Hyderabad,Treatment,0.15,Off-Peak Incentive,0.2,0.23180000000000003,True,12,8,0.6
CUST04899,Convenience_First,45,17,0.3777777777777777,923.14,20.514222222222223,63.5,True,40.79236111111111,Low,Bengaluru,Treatment,0.15,Off-Peak Incentive,0.2,0.227,False,0,17,0.0
CUST07061,Price_Sensitive,65,21,0.3230769230769231,1533.57,23.593384615384615,64.2,True,40.78682692307693,Low,Kolkata,Treatment,0.15,Off-Peak Incentive,0.3,0.32839999999999997,False,0,21,0.0
CUST07096,Convenience_First,63,19,0.3015873015873015,1058.03,16.794126984126983,67.0,True,40.78099206349206,Low,Mumbai,Control,0.0,No Incentive,0.2,0.234,False,0,19,0.0
CUST00190,Price_Sensitive,54,19,0.3518518518518518,1051.45,19.4712962962963,64.3,True,40.77282407407407,Low,Bengaluru,Treatment,0.15,Off-Peak Incentive,0.3,0.3286,False,0,19,0.0
CUST06229,Convenience_First,64,21,0.328125,1180.41,18.44390625,64.0,True,40.77,Low,Hyderabad,Treatment,0.15,Off-Peak Incentive,0.2,0.228,False,0,21,0.0
CUST02125,Convenience_First,45,18,0.4,1192.27,26.494888888888887,61.2,True,40.76125,Low,Delhi NCR,Control,0.0,No Incentive,0.2,0.22240000000000001,False,0,18,0.0
CUST02667,Price_Sensitive,59,21,0.3559322033898305,1433.08,24.289491525423728,62.7,True,40.761038135593225,Low,Chennai,Control,0.0,No Incentive,0.3,0.3254,False,0,21,0.0
CUST05130,Convenience_First,66,20,0.303030303030303,1325.04,20.07636363636363,65.8,True,40.75371212121212,Low,Bengaluru,Treatment,0.15,Off-Peak Incentive,0.2,0.2316,False,0,20,0.0
CUST02285,Convenience_First,57,21,0.3684210526315789,1335.48,23.429473684210528,61.9,True,40.73684210526316,Low,Hyderabad,Treatment,0.15,Off-Peak Incentive,0.2,0.2238,False,0,21,0.0
CUST03801,Convenience_First,65,20,0.3076923076923077,1368.4,21.052307692307693,65.6,True,40.73144230769231,Low,Jaipur,Control,0.0,No Incentive,0.2,0.23120000000000002,False,0,20,0.0
CUST05981,Convenience_First,59,19,0.3220338983050847,1974.63,33.46830508474576,66.0,True,40.72510593220339,Low,Bengaluru,Treatment,0.15,Off-Peak Incentive,0.2,0.232,False,0,19,0.0
CUST06649,Convenience_First,62,19,0.3064516129032258,1238.23,19.971451612903227,66.6,True,40.71056451612903,Low,Kolkata,Treatment,0.15,Off-Peak Incentive,0.2,0.23320000000000002,False,0,19,0.0
CUST04004,Convenience_First,47,18,0.3829787234042553,723.0,15.382978723404255,62.4,True,40.70664893617022,Low,Mumbai,Control,0.0,No Incentive,0.2,0.2248,False,0,18,0.0
CUST00606,Convenience_First,64,20,0.3125,1604.85,25.07578125,65.4,True,40.705000000000005,Low,Pune,Treatment,0.15,Off-Peak Incentive,0.2,0.23080000000000003,False,0,20,0.0
CUST02119,Convenience_First,70,21,0.3,1531.61,21.880142857142857,64.6,True,40.7025,Low,Jaipur,Control,0.0,No Incentive,0.2,0.22920000000000001,False,0,21,0.0
CUST06473,Convenience_First,57,19,0.3333333333333333,1682.82,29.52315789473684,65.3,True,40.693333333333335,Low,Delhi NCR,Treatment,0.15,Off-Peak Incentive,0.2,0.2306,False,0,19,0.0
CUST01509,Convenience_First,57,19,0.3333333333333333,1140.32,20.005614035087717,65.3,True,40.693333333333335,Low,Bengaluru,Treatment,0.15,Off-Peak Incentive,0.2,0.2306,False,0,19,0.0
CUST01089,Routine_Commuter,62,23,0.3709677419354839,1714.47,27.65274193548387,60.1,True,40.69120967741936,Low,Pune,Treatment,0.15,Off-Peak Incentive,0.35,0.3702,True,13,10,0.5652173913043478
CUST06762,Price_Sensitive,62,21,0.3387096774193548,1982.11,31.969516129032257,63.3,True,40.68088709677419,Low,Mumbai,Treatment,0.15,Off-Peak Incentive,0.3,0.3266,True,12,9,0.5714285714285714
CUST03024,Convenience_First,66,20,0.303030303030303,1087.29,16.474090909090908,65.6,True,40.67371212121212,Low,Bengaluru,Treatment,0.15,Off-Peak Incentive,0.2,0.23120000000000002,True,12,8,0.6
CUST04984,Convenience_First,67,22,0.3283582089552239,1297.79,19.37,62.7,True,40.67182835820896,Low,Kochi,Treatment,0.15,Off-Peak Incentive,0.2,0.22540000000000002,True,12,10,0.5454545454545454
CUST06848,Convenience_First,51,17,0.3333333333333333,891.24,17.47529411764706,66.6,True,40.66333333333333,Low,Mumbai,Control,0.0,No Incentive,0.2,0.23320000000000002,False,0,17,0.0
CUST05060,Convenience_First,65,23,0.3538461538461538,1827.25,28.111538461538466,60.8,True,40.65759615384616,Low,Lucknow,Control,0.0,No Incentive,0.2,0.22160000000000002,False,0,23,0.0
CUST03988,Price_Sensitive,57,21,0.3684210526315789,1275.68,22.380350877192985,61.7,True,40.65684210526316,Low,Pune,Treatment,0.15,Off-Peak Incentive,0.3,0.3234,False,0,21,0.0
CUST03116,Price_Sensitive,65,20,0.3076923076923077,1157.28,17.80430769230769,65.4,True,40.651442307692314,Low,Delhi NCR,Control,0.0,No Incentive,0.3,0.3308,False,0,20,0.0
CUST02921,Price_Sensitive,68,21,0.3088235294117647,1750.87,25.748088235294116,64.2,True,40.6466911764706,Low,Chennai,Control,0.0,No Incentive,0.3,0.32839999999999997,False,0,21,0.0
CUST04291,Convenience_First,66,20,0.303030303030303,1347.95,20.42348484848485,65.5,True,40.63371212121212,Low,Mumbai,Control,0.0,No Incentive,0.2,0.231,False,0,20,0.0
CUST00090,Price_Sensitive,58,21,0.3620689655172414,1564.95,26.981896551724137,62.0,True,40.62900862068965,Low,Lucknow,Treatment,0.15,Off-Peak Incentive,0.3,0.324,True,12,9,0.5714285714285714
CUST02622,Convenience_First,67,23,0.3432835820895522,1608.38,24.005671641791047,61.1,True,40.62884328358209,Low,Bengaluru,Treatment,0.15,Off-Peak Incentive,0.2,0.2222,False,0,23,0.0
CUST02154,Price_Sensitive,64,20,0.3125,1344.66,21.0103125,65.2,True,40.625,Low,Mumbai,Treatment,0.15,Off-Peak Incentive,0.3,0.33039999999999997,False,0,20,0.0
CUST04194,Convenience_First,55,21,0.3818181818181818,1299.65,23.630000000000003,60.7,True,40.62022727272728,Low,Mumbai,Treatment,0.15,Off-Peak Incentive,0.2,0.2214,False,0,21,0.0
CUST03332,Price_Sensitive,63,20,0.3174603174603174,1612.76,25.59936507936508,65.0,True,40.61591269841269,Low,Kochi,Treatment,0.15,Off-Peak Incentive,0.3,0.32999999999999996,False,0,20,0.0
CUST02575,Convenience_First,47,17,0.3617021276595745,1535.29,32.66574468085106,64.3,True,40.61558510638298,Low,Mumbai,Control,0.0,No Incentive,0.2,0.2286,False,0,17,0.0
CUST05614,Convenience_First,57,19,0.3333333333333333,1003.09,17.598070175438597,65.1,True,40.61333333333334,Low,Delhi NCR,Control,0.0,No Incentive,0.2,0.23020000000000002,False,0,19,0.0
CUST00658,Convenience_First,69,21,0.3043478260869565,1776.85,25.75144927536232,64.2,True,40.596413043478265,Low,Mumbai,Treatment,0.15,Off-Peak Incentive,0.2,0.22840000000000002,False,0,21,0.0
CUST03458,Convenience_First,64,23,0.359375,1596.82,24.9503125,60.4,True,40.58,Low,Chennai,Treatment,0.15,Off-Peak Incentive,0.2,0.2208,False,0,23,0.0
CUST07912,Convenience_First,64,21,0.328125,1084.73,16.94890625,63.5,True,40.57000000000001,Low,Bengaluru,Treatment,0.15,Off-Peak Incentive,0.2,0.227,False,0,21,0.0
CUST01757,Price_Sensitive,59,20,0.3389830508474576,1502.22,25.46135593220339,63.9,True,40.56307203389831,Low,Delhi NCR,Treatment,0.15,Off-Peak Incentive,0.3,0.3278,False,0,20,0.0
CUST01891,Price_Sensitive,61,20,0.3278688524590163,1746.7,28.634426229508197,64.4,True,40.55850409836066,Low,Chandigarh,Control,0.0,No Incentive,0.3,0.3288,False,0,20,0.0
CUST02754,Convenience_First,70,21,0.3,1572.92,22.470285714285716,64.2,True,40.5425,Low,Bengaluru,Treatment,0.15,Off-Peak Incentive,0.2,0.22840000000000002,False,0,21,0.0
CUST03702,Convenience_First,57,19,0.3333333333333333,1498.77,26.29421052631579,64.9,True,40.53333333333334,Low,Ahmedabad,Control,0.0,No Incentive,0.2,0.22980000000000003,False,0,19,0.0
CUST00170,Convenience_First,68,21,0.3088235294117647,1363.16,20.046470588235294,63.9,True,40.52669117647059,Low,Bengaluru,Control,0.0,No Incentive,0.2,0.2278,False,0,21,0.0
CUST03664,Convenience_First,63,19,0.3015873015873015,2185.26,34.68666666666667,66.3,True,40.500992063492056,Low,Delhi NCR,Control,0.0,No Incentive,0.2,0.2326,False,0,19,0.0
CUST07495,Convenience_First,64,21,0.328125,1805.06,28.2040625,63.3,True,40.49,Low,Lucknow,Control,0.0,No Incentive,0.2,0.22660000000000002,False,0,21,0.0
CUST07040,Price_Sensitive,60,20,0.3333333333333333,1258.6,20.976666666666667,64.0,True,40.48833333333334,Low,Bengaluru,Control,0.0,No Incentive,0.3,0.328,False,0,20,0.0
CUST07062,Convenience_First,62,19,0.3064516129032258,1344.04,21.67806451612903,66.0,True,40.47056451612903,Low,Chennai,Treatment,0.15,Off-Peak Incentive,0.2,0.232,False,0,19,0.0
CUST06731,Convenience_First,46,16,0.3478260869565217,961.78,20.90826086956522,65.5,True,40.46929347826087,Low,Kolkata,Treatment,0.15,Off-Peak Incentive,0.2,0.231,False,0,16,0.0
CUST06778,Convenience_First,65,21,0.3230769230769231,1366.33,21.020461538461536,63.4,True,40.46682692307692,Low,Bengaluru,Control,0.0,No Incentive,0.2,0.2268,False,0,21,0.0
CUST05297,Convenience_First,48,18,0.375,1340.65,27.930208333333336,62.4,True,40.4575,Low,Hyderabad,Treatment,0.15,Off-Peak Incentive,0.2,0.2248,False,0,18,0.0
CUST03834,Convenience_First,57,19,0.3333333333333333,1618.83,28.40052631578947,64.7,True,40.45333333333334,Low,Kolkata,Control,0.0,No Incentive,0.2,0.22940000000000002,False,0,19,0.0
CUST05561,Convenience_First,55,20,0.3636363636363636,1527.45,27.771818181818183,62.1,True,40.45295454545455,Low,Pune,Treatment,0.15,Off-Peak Incentive,0.2,0.2242,False,0,20,0.0
CUST06735,Convenience_First,68,21,0.3088235294117647,2121.2,31.19411764705882,63.7,True,40.446691176470594,Low,Bengaluru,Treatment,0.15,Off-Peak Incentive,0.2,0.22740000000000002,False,0,21,0.0
CUST06017,Convenience_First,66,20,0.303030303030303,1781.22,26.98818181818182,65.0,True,40.43371212121212,Low,Chandigarh,Treatment,0.15,Off-Peak Incentive,0.2,0.23,False,0,20,0.0
CUST04851,Price_Sensitive,56,21,0.375,1204.5,21.508928571428573,60.7,True,40.42625,Low,Chandigarh,Control,0.0,No Incentive,0.3,0.3214,False,0,21,0.0
CUST03476,Convenience_First,61,21,0.3442622950819672,1681.4,27.56393442622951,62.4,True,40.414241803278685,Low,Mumbai,Treatment,0.15,Off-Peak Incentive,0.2,0.2248,False,0,21,0.0
CUST02875,Convenience_First,68,21,0.3088235294117647,1945.63,28.612205882352946,63.6,True,40.406691176470595,Low,Hyderabad,Treatment,0.15,Off-Peak Incentive,0.2,0.2272,False,0,21,0.0
CUST02350,Price_Sensitive,54,18,0.3333333333333333,1087.4,20.13703703703704,65.2,True,40.39208333333333,Low,Bengaluru,Treatment,0.15,Off-Peak Incentive,0.3,0.33039999999999997,False,0,18,0.0
CUST07029,Convenience_First,60,19,0.3166666666666666,1090.83,18.1805,65.4,True,40.38166666666667,Low,Kolkata,Control,0.0,No Incentive,0.2,0.23080000000000003,False,0,19,0.0
CUST07695,Convenience_First,63,20,0.3174603174603174,1338.57,21.247142857142855,64.4,True,40.3759126984127,Low,Delhi NCR,Control,0.0,No Incentive,0.2,0.22880000000000003,False,0,20,0.0
CUST04809,Convenience_First,59,18,0.3050847457627119,1407.22,23.851186440677967,66.8,True,40.36713983050848,Low,Chandigarh,Treatment,0.15,Off-Peak Incentive,0.2,0.2336,False,0,18,0.0
CUST03647,Convenience_First,56,20,0.3571428571428571,1837.34,32.809642857142855,62.3,True,40.35196428571429,Low,Kochi,Control,0.0,No Incentive,0.2,0.22460000000000002,False,0,20,0.0
CUST02205,Convenience_First,60,19,0.3166666666666666,1622.75,27.045833333333334,65.3,True,40.34166666666666,Low,Delhi NCR,Treatment,0.15,Off-Peak Incentive,0.2,0.2306,False,0,19,0.0
CUST03721,Price_Sensitive,50,16,0.32,713.43,14.2686,67.3,True,40.33625,Low,Chandigarh,Control,0.0,No Incentive,0.3,0.3346,False,0,16,0.0
CUST02286,Convenience_First,57,18,0.3157894736842105,1531.79,26.873508771929824,66.1,True,40.311578947368425,Low,Chennai,Treatment,0.15,Off-Peak Incentive,0.2,0.23220000000000002,False,0,18,0.0
CUST05573,Price_Sensitive,52,18,0.3461538461538461,1165.48,22.41307692307692,64.2,True,40.31115384615384,Low,Chennai,Treatment,0.15,Off-Peak Incentive,0.3,0.32839999999999997,False,0,18,0.0
CUST04933,Convenience_First,38,14,0.3684210526315789,1073.26,28.243684210526315,63.8,True,40.31059210526316,Low,Kochi,Control,0.0,No Incentive,0.2,0.22760000000000002,False,0,14,0.0
CUST07967,Convenience_First,63,19,0.3015873015873015,1184.4,18.8,65.8,True,40.30099206349206,Low,Pune,Control,0.0,No Incentive,0.2,0.2316,False,0,19,0.0
CUST07206,Convenience_First,54,17,0.3148148148148148,1518.14,28.113703703703703,66.8,True,40.29134259259259,Low,Jaipur,Treatment,0.15,Off-Peak Incentive,0.2,0.2336,False,0,17,0.0
CUST04862,Convenience_First,52,19,0.3653846153846153,922.45,17.739423076923078,62.2,True,40.28038461538461,Low,Chennai,Control,0.0,No Incentive,0.2,0.22440000000000002,False,0,19,0.0
CUST00468,Convenience_First,44,17,0.3863636363636363,712.86,16.201363636363638,61.5,True,40.27704545454545,Low,Chennai,Control,0.0,No Incentive,0.2,0.223,False,0,17,0.0
CUST03785,Convenience_First,64,20,0.3125,1683.08,26.298125,64.3,True,40.265,Low,Pune,Treatment,0.15,Off-Peak Incentive,0.2,0.2286,False,0,20,0.0
CUST05018,Convenience_First,53,20,0.3773584905660377,1504.49,28.386603773584905,60.7,True,40.260589622641504,Low,Hyderabad,Control,0.0,No Incentive,0.2,0.2214,False,0,20,0.0
CUST05567,Convenience_First,49,18,0.3673469387755102,1307.9,26.69183673469388,62.5,True,40.25387755102041,Low,Chennai,Control,0.0,No Incentive,0.2,0.225,False,0,18,0.0
CUST05990,Convenience_First,61,20,0.3278688524590163,1936.16,31.74032786885246,63.6,True,40.23850409836065,Low,Chennai,Treatment,0.15,Off-Peak Incentive,0.2,0.2272,False,0,20,0.0
CUST06611,Convenience_First,66,20,0.303030303030303,1410.9,21.37727272727273,64.5,True,40.23371212121212,Low,Kolkata,Control,0.0,No Incentive,0.2,0.229,False,0,20,0.0
CUST03938,Convenience_First,55,17,0.3090909090909091,1093.53,19.882363636363635,67.0,True,40.23113636363637,Low,Bengaluru,Treatment,0.15,Off-Peak Incentive,0.2,0.234,False,0,17,0.0
CUST04623,Convenience_First,55,19,0.3454545454545454,1204.42,21.898545454545456,63.3,True,40.20568181818182,Low,Pune,Control,0.0,No Incentive,0.2,0.22660000000000002,False,0,19,0.0
CUST06110,Convenience_First,70,23,0.3285714285714285,2008.87,28.698142857142855,60.5,True,40.20535714285714,Low,Hyderabad,Treatment,0.15,Off-Peak Incentive,0.2,0.221,False,0,23,0.0
CUST04328,Convenience_First,51,16,0.3137254901960784,1556.37,30.51705882352941,67.4,True,40.19901960784314,Low,Mumbai,Treatment,0.15,Off-Peak Incentive,0.2,0.2348,True,9,7,0.5625
CUST03371,Convenience_First,44,17,0.3863636363636363,1270.06,28.865,61.3,True,40.197045454545446,Low,Kolkata,Control,0.0,No Incentive,0.2,0.22260000000000002,False,0,17,0.0
CUST04436,Convenience_First,64,22,0.34375,1411.61,22.05640625,61.0,True,40.19500000000001,Low,Kochi,Control,0.0,No Incentive,0.2,0.222,False,0,22,0.0
CUST02526,Convenience_First,48,16,0.3333333333333333,1147.13,23.89854166666667,65.9,True,40.19083333333334,Low,Pune,Control,0.0,No Incentive,0.2,0.23180000000000003,False,0,16,0.0
CUST00357,Price_Sensitive,53,19,0.3584905660377358,1325.28,25.005283018867924,62.4,True,40.185872641509434,Low,Bengaluru,Control,0.0,No Incentive,0.3,0.3248,False,0,19,0.0
CUST02038,Convenience_First,49,15,0.3061224489795918,1361.25,27.78061224489796,68.4,True,40.16489795918368,Low,Hyderabad,Treatment,0.15,Off-Peak Incentive,0.2,0.2368,False,0,15,0.0
CUST02630,Routine_Commuter,59,20,0.3389830508474576,1801.81,30.53915254237288,62.9,True,40.16307203389831,Low,Delhi NCR,Treatment,0.15,Off-Peak Incentive,0.35,0.37579999999999997,False,0,20,0.0
CUST03293,Convenience_First,52,19,0.3653846153846153,1296.67,24.93596153846154,61.9,True,40.160384615384615,Low,Lucknow,Treatment,0.15,Off-Peak Incentive,0.2,0.2238,False,0,19,0.0
CUST05881,Convenience_First,58,18,0.3103448275862069,980.56,16.906206896551726,66.0,True,40.160043103448274,Low,Chandigarh,Treatment,0.15,Off-Peak Incentive,0.2,0.232,False,0,18,0.0
CUST02396,Convenience_First,56,19,0.3392857142857143,1494.43,26.68625,63.6,True,40.157678571428576,Low,Bengaluru,Treatment,0.15,Off-Peak Incentive,0.2,0.2272,False,0,19,0.0
CUST00470,Price_Sensitive,49,17,0.3469387755102041,1272.37,25.966734693877548,64.3,True,40.15755102040816,Low,Delhi NCR,Control,0.0,No Incentive,0.3,0.3286,False,0,17,0.0
CUST04561,Convenience_First,53,20,0.3773584905660377,1162.48,21.93358490566038,60.4,True,40.14058962264151,Low,Pune,Control,0.0,No Incentive,0.2,0.2208,False,0,20,0.0
CUST00765,Price_Sensitive,49,18,0.3673469387755102,1071.96,21.87673469387755,62.2,True,40.13387755102042,Low,Kochi,Treatment,0.15,Off-Peak Incentive,0.3,0.3244,False,0,18,0.0
CUST05435,Price_Sensitive,57,19,0.3333333333333333,1158.84,20.330526315789474,63.9,True,40.13333333333333,Low,Delhi NCR,Treatment,0.15,Off-Peak Incentive,0.3,0.3278,False,0,19,0.0
CUST01003,Convenience_First,46,18,0.391304347826087,989.99,21.521521739130435,60.3,True,40.12842391304349,Low,Kolkata,Control,0.0,No Incentive,0.2,0.22060000000000002,False,0,18,0.0
CUST04427,Convenience_First,46,18,0.391304347826087,1212.2,26.35217391304348,60.3,True,40.12842391304349,Low,Delhi NCR,Treatment,0.15,Off-Peak Incentive,0.2,0.22060000000000002,False,0,18,0.0
CUST04288,Price_Sensitive,66,21,0.3181818181818182,1417.82,21.48212121212121,62.7,True,40.11977272727273,Low,Jaipur,Treatment,0.15,Off-Peak Incentive,0.3,0.3254,False,0,21,0.0
CUST01152,Convenience_First,60,21,0.35,1728.73,28.812166666666663,61.4,True,40.115,Low,Hyderabad,Treatment,0.15,Off-Peak Incentive,0.2,0.2228,False,0,21,0.0
CUST01098,Convenience_First,61,19,0.3114754098360656,1283.69,21.044098360655735,64.9,True,40.10276639344264,Low,Kolkata,Treatment,0.15,Off-Peak Incentive,0.2,0.22980000000000003,False,0,19,0.0
CUST07158,Price_Sensitive,61,19,0.3114754098360656,1222.5,20.040983606557376,64.9,True,40.10276639344264,Low,Hyderabad,Treatment,0.15,Off-Peak Incentive,0.3,0.3298,False,0,19,0.0
CUST05147,Price_Sensitive,49,18,0.3673469387755102,970.72,19.81061224489796,62.1,True,40.09387755102041,Low,Chennai,Control,0.0,No Incentive,0.3,0.3242,False,0,18,0.0
CUST06403,Convenience_First,59,21,0.3559322033898305,1102.91,18.693389830508476,61.0,True,40.081038135593225,Low,Mumbai,Treatment,0.15,Off-Peak Incentive,0.2,0.222,True,12,9,0.5714285714285714
CUST06355,Convenience_First,51,16,0.3137254901960784,1227.74,24.073333333333338,67.1,True,40.079019607843136,Low,Chennai,Control,0.0,No Incentive,0.2,0.2342,False,0,16,0.0
CUST06535,Convenience_First,61,19,0.3114754098360656,1891.93,31.015245901639343,64.8,True,40.06276639344263,Low,Jaipur,Control,0.0,No Incentive,0.2,0.2296,False,0,19,0.0
CUST00782,Convenience_First,46,17,0.3695652173913043,826.3,17.963043478260868,62.3,True,40.05885869565218,Low,Pune,Control,0.0,No Incentive,0.2,0.22460000000000002,False,0,17,0.0
CUST02777,Convenience_First,59,18,0.3050847457627119,1139.41,19.312033898305085,66.0,True,40.04713983050848,Low,Chandigarh,Treatment,0.15,Off-Peak Incentive,0.2,0.232,False,0,18,0.0
CUST07819,Price_Sensitive,51,16,0.3137254901960784,1981.42,38.85137254901961,67.0,True,40.03901960784314,Low,Bengaluru,Treatment,0.15,Off-Peak Incentive,0.3,0.33399999999999996,False,0,16,0.0
CUST02027,Convenience_First,42,15,0.3571428571428571,812.86,19.353809523809524,64.0,True,40.03696428571429,Low,Hyderabad,Treatment,0.15,Off-Peak Incentive,0.2,0.228,False,0,15,0.0
CUST05681,Convenience_First,51,19,0.3725490196078431,955.25,18.730392156862745,61.1,True,40.031960784313725,Low,Chennai,Treatment,0.15,Off-Peak Incentive,0.2,0.2222,False,0,19,0.0
CUST00399,Convenience_First,61,19,0.3114754098360656,768.0,12.59016393442623,64.7,True,40.02276639344262,Low,Delhi NCR,Treatment,0.15,Off-Peak Incentive,0.2,0.22940000000000002,False,0,19,0.0
CUST01837,Convenience_First,55,18,0.3272727272727272,1162.13,21.129636363636365,64.6,True,39.99840909090909,Low,Mumbai,Control,0.0,No Incentive,0.2,0.22920000000000001,False,0,18,0.0
CUST00377,Price_Sensitive,54,18,0.3333333333333333,1429.5,26.47222222222222,64.2,True,39.99208333333333,Low,Bengaluru,Treatment,0.15,Off-Peak Incentive,0.3,0.32839999999999997,False,0,18,0.0
CUST00165,Price_Sensitive,52,18,0.3461538461538461,1131.58,21.76115384615385,63.4,True,39.99115384615384,Low,Delhi NCR,Treatment,0.15,Off-Peak Incentive,0.3,0.3268,False,0,18,0.0
CUST04757,Convenience_First,48,18,0.375,1087.09,22.64770833333333,61.2,True,39.977500000000006,Low,Bengaluru,Treatment,0.15,Off-Peak Incentive,0.2,0.22240000000000001,False,0,18,0.0
CUST03931,Convenience_First,50,19,0.38,1718.59,34.3718,60.4,True,39.97625,Low,Hyderabad,Control,0.0,No Incentive,0.2,0.2208,False,0,19,0.0
CUST07019,Price_Sensitive,54,19,0.3518518518518518,1291.23,23.911666666666665,62.3,True,39.97282407407408,Low,Chennai,Control,0.0,No Incentive,0.3,0.3246,False,0,19,0.0
CUST01199,Convenience_First,58,19,0.3275862068965517,1540.24,26.555862068965517,63.8,True,39.96969827586207,Low,Bengaluru,Control,0.0,No Incentive,0.2,0.22760000000000002,False,0,19,0.0
CUST06502,Price_Sensitive,59,18,0.3050847457627119,1479.31,25.073050847457623,65.8,True,39.96713983050848,Low,Ahmedabad,Control,0.0,No Incentive,0.3,0.3316,False,0,18,0.0
CUST00174,Price_Sensitive,46,15,0.3260869565217391,680.41,14.791521739130436,66.4,True,39.95972826086957,Low,Bengaluru,Control,0.0,No Incentive,0.3,0.3328,False,0,15,0.0
CUST05801,Convenience_First,55,20,0.3636363636363636,1687.1,30.674545454545456,60.8,True,39.93295454545455,Low,Ahmedabad,Control,0.0,No Incentive,0.2,0.22160000000000002,False,0,20,0.0
CUST05532,Convenience_First,58,18,0.3103448275862069,1948.75,33.599137931034484,65.4,True,39.92004310344828,Low,Kochi,Treatment,0.15,Off-Peak Incentive,0.2,0.23080000000000003,False,0,18,0.0
CUST06281,Convenience_First,56,19,0.3392857142857143,1138.33,20.327321428571427,63.0,True,39.917678571428574,Low,Lucknow,Control,0.0,No Incentive,0.2,0.226,False,0,19,0.0
CUST04977,Convenience_First,51,19,0.3725490196078431,1118.56,21.93254901960784,60.8,True,39.91196078431372,Low,Mumbai,Control,0.0,No Incentive,0.2,0.22160000000000002,False,0,19,0.0
CUST00481,Convenience_First,43,16,0.3720930232558139,1124.46,26.150232558139535,62.1,True,39.90747093023256,Low,Hyderabad,Treatment,0.15,Off-Peak Incentive,0.2,0.2242,False,0,16,0.0
CUST05979,Convenience_First,60,19,0.3166666666666666,1921.55,32.02583333333333,64.2,True,39.901666666666664,Low,Delhi NCR,Control,0.0,No Incentive,0.2,0.22840000000000002,False,0,19,0.0
CUST07100,Convenience_First,39,15,0.3846153846153846,1141.4,29.26666666666667,61.1,True,39.900865384615386,Low,Hyderabad,Treatment,0.15,Off-Peak Incentive,0.2,0.2222,False,0,15,0.0
CUST05189,Convenience_First,47,16,0.3404255319148936,916.5,19.5,64.6,True,39.88452127659575,Low,Pune,Control,0.0,No Incentive,0.2,0.22920000000000001,False,0,16,0.0
CUST04723,Price_Sensitive,58,18,0.3103448275862069,1017.26,17.53896551724138,65.3,True,39.88004310344827,Low,Delhi NCR,Treatment,0.15,Off-Peak Incentive,0.3,0.3306,False,0,18,0.0
CUST02202,Convenience_First,55,17,0.3090909090909091,827.83,15.051454545454549,66.1,True,39.87113636363636,Low,Hyderabad,Control,0.0,No Incentive,0.2,0.23220000000000002,False,0,17,0.0
CUST03143,Convenience_First,48,16,0.3333333333333333,1413.8,29.454166666666666,65.1,True,39.87083333333334,Low,Delhi NCR,Control,0.0,No Incentive,0.2,0.23020000000000002,False,0,16,0.0
CUST02268,Convenience_First,61,19,0.3114754098360656,1829.71,29.995245901639343,64.3,True,39.86276639344263,Low,Ahmedabad,Treatment,0.15,Off-Peak Incentive,0.2,0.2286,False,0,19,0.0
CUST06197,Convenience_First,52,17,0.3269230769230769,893.37,17.18019230769231,65.0,True,39.86192307692308,Low,Kolkata,Treatment,0.15,Off-Peak Incentive,0.2,0.23,True,10,7,0.5882352941176471
CUST06672,Convenience_First,58,20,0.3448275862068966,1535.8,26.479310344827585,61.8,True,39.85935344827586,Low,Bengaluru,Treatment,0.15,Off-Peak Incentive,0.2,0.22360000000000002,False,0,20,0.0
CUST00148,Price_Sensitive,57,19,0.3333333333333333,1869.49,32.798070175438596,63.2,True,39.85333333333333,Low,Delhi NCR,Treatment,0.15,Off-Peak Incentive,0.3,0.3264,False,0,19,0.0
CUST01881,Convenience_First,55,20,0.3636363636363636,1265.49,23.008909090909093,60.6,True,39.85295454545455,Low,Mumbai,Control,0.0,No Incentive,0.2,0.2212,False,0,20,0.0
CUST07133,Convenience_First,64,21,0.328125,1046.87,16.35734375,61.7,True,39.85000000000001,Low,Ahmedabad,Treatment,0.15,Off-Peak Incentive,0.2,0.22340000000000002,False,0,21,0.0
CUST00667,Convenience_First,56,17,0.3035714285714285,1724.18,30.788928571428578,66.4,True,39.84910714285714,Low,Jaipur,Treatment,0.15,Off-Peak Incentive,0.2,0.23280000000000003,False,0,17,0.0
CUST04418,Price_Sensitive,53,16,0.3018867924528302,1354.59,25.558301886792453,67.2,True,39.84172169811321,Low,Bengaluru,Treatment,0.15,Off-Peak Incentive,0.3,0.3344,False,0,16,0.0
CUST06606,Convenience_First,60,21,0.35,1510.48,25.174666666666667,60.7,True,39.835,Low,Bengaluru,Control,0.0,No Incentive,0.2,0.2214,False,0,21,0.0
CUST04484,Convenience_First,55,18,0.3272727272727272,1385.95,25.19909090909091,64.1,True,39.79840909090909,Low,Pune,Treatment,0.15,Off-Peak Incentive,0.2,0.22820000000000001,False,0,18,0.0
CUST02643,Price_Sensitive,53,17,0.320754716981132,1421.35,26.817924528301884,65.2,True,39.79643867924528,Low,Bengaluru,Control,0.0,No Incentive,0.3,0.33039999999999997,False,0,17,0.0
CUST06691,Convenience_First,45,17,0.3777777777777777,576.04,12.800888888888888,61.0,True,39.79236111111111,Low,Lucknow,Treatment,0.15,Off-Peak Incentive,0.2,0.222,False,0,17,0.0
CUST02819,Price_Sensitive,57,18,0.3157894736842105,1494.25,26.214912280701753,64.8,True,39.79157894736843,Low,Ahmedabad,Treatment,0.15,Off-Peak Incentive,0.3,0.3296,False,0,18,0.0
CUST05247,Convenience_First,53,18,0.3396226415094339,558.19,10.53188679245283,63.2,True,39.75115566037736,Low,Bengaluru,Control,0.0,No Incentive,0.2,0.22640000000000002,False,0,18,0.0
CUST04043,Convenience_First,48,18,0.375,1694.44,35.30083333333334,60.6,True,39.7375,Low,Jaipur,Treatment,0.15,Off-Peak Incentive,0.2,0.2212,True,10,8,0.5555555555555556
CUST00441,Convenience_First,52,16,0.3076923076923077,1581.63,30.41596153846154,66.6,True,39.732692307692304,Low,Ahmedabad,Control,0.0,No Incentive,0.2,0.23320000000000002,False,0,16,0.0
CUST01666,Convenience_First,42,14,0.3333333333333333,1192.52,28.393333333333334,65.6,True,39.72458333333333,Low,Bengaluru,Treatment,0.15,Off-Peak Incentive,0.2,0.23120000000000002,False,0,14,0.0
CUST06669,Routine_Commuter,60,18,0.3,1898.71,31.645166666666668,65.4,True,39.715,Low,Jaipur,Control,0.0,No Incentive,0.35,0.38079999999999997,False,0,18,0.0
CUST01402,Price_Sensitive,57,18,0.3157894736842105,1657.43,29.077719298245615,64.6,True,39.71157894736842,Low,Mumbai,Control,0.0,No Incentive,0.3,0.3292,False,0,18,0.0
CUST01291,Convenience_First,58,19,0.3275862068965517,1367.65,23.580172413793104,63.1,True,39.68969827586207,Low,Delhi NCR,Control,0.0,No Incentive,0.2,0.2262,False,0,19,0.0
CUST02856,Convenience_First,53,17,0.320754716981132,1911.65,36.068867924528305,64.9,True,39.67643867924528,Low,Chennai,Treatment,0.15,Off-Peak Incentive,0.2,0.22980000000000003,False,0,17,0.0
CUST06297,Convenience_First,39,14,0.358974358974359,1240.62,31.810769230769235,63.1,True,39.67522435897436,Low,Bengaluru,Control,0.0,No Incentive,0.2,0.2262,False,0,14,0.0
CUST01585,Convenience_First,54,18,0.3333333333333333,1817.74,33.66185185185185,63.4,True,39.672083333333326,Low,Pune,Control,0.0,No Incentive,0.2,0.2268,False,0,18,0.0
CUST05697,Convenience_First,44,15,0.3409090909090909,938.75,21.335227272727273,64.5,True,39.658863636363634,Low,Chennai,Treatment,0.15,Off-Peak Incentive,0.2,0.229,True,9,6,0.6
CUST04739,Convenience_First,45,15,0.3333333333333333,1648.87,36.64155555555555,65.1,True,39.654583333333335,Low,Mumbai,Treatment,0.15,Off-Peak Incentive,0.2,0.23020000000000002,False,0,15,0.0
CUST06970,Convenience_First,56,19,0.3392857142857143,1024.16,18.28857142857143,62.3,True,39.63767857142857,Low,Chennai,Control,0.0,No Incentive,0.2,0.22460000000000002,False,0,19,0.0
CUST00393,Convenience_First,56,19,0.3392857142857143,947.46,16.918928571428573,62.3,True,39.63767857142857,Low,Chennai,Treatment,0.15,Off-Peak Incentive,0.2,0.22460000000000002,False,0,19,0.0
CUST02087,Convenience_First,53,17,0.320754716981132,1052.04,19.84981132075472,64.8,True,39.63643867924528,Low,Ahmedabad,Control,0.0,No Incentive,0.2,0.2296,False,0,17,0.0
CUST06538,Convenience_First,55,19,0.3454545454545454,1707.34,31.042545454545458,61.8,True,39.605681818181814,Low,Bengaluru,Control,0.0,No Incentive,0.2,0.22360000000000002,False,0,19,0.0
CUST07449,Convenience_First,62,19,0.3064516129032258,1287.41,20.76467741935484,63.8,True,39.590564516129035,Low,Chandigarh,Treatment,0.15,Off-Peak Incentive,0.2,0.22760000000000002,True,11,8,0.5789473684210527
CUST01819,Convenience_First,48,18,0.375,1143.65,23.82604166666667,60.2,True,39.5775,Low,Chennai,Control,0.0,No Incentive,0.2,0.2204,False,0,18,0.0
CUST02105,Convenience_First,50,17,0.34,848.02,16.9604,63.4,True,39.57625,Low,Hyderabad,Control,0.0,No Incentive,0.2,0.2268,False,0,17,0.0
CUST07481,Convenience_First,49,17,0.3469387755102041,1526.09,31.14469387755102,62.8,True,39.55755102040817,Low,Delhi NCR,Treatment,0.15,Off-Peak Incentive,0.2,0.22560000000000002,False,0,17,0.0
CUST07443,Convenience_First,53,17,0.320754716981132,1312.44,24.76301886792453,64.6,True,39.556438679245275,Low,Chennai,Control,0.0,No Incentive,0.2,0.22920000000000001,False,0,17,0.0
CUST07213,Convenience_First,60,18,0.3,1942.4,32.373333333333335,65.0,True,39.555,Low,Lucknow,Treatment,0.15,Off-Peak Incentive,0.2,0.23,False,0,18,0.0
CUST06630,Convenience_First,44,15,0.3409090909090909,1263.21,28.709318181818183,64.2,True,39.53886363636364,Low,Hyderabad,Treatment,0.15,Off-Peak Incentive,0.2,0.22840000000000002,False,0,15,0.0
CUST06416,Convenience_First,40,14,0.35,1057.23,26.43075,63.6,True,39.53875,Low,Hyderabad,Control,0.0,No Incentive,0.2,0.2272,False,0,14,0.0
CUST07251,Convenience_First,50,17,0.34,846.55,16.930999999999997,63.3,True,39.53625,Low,Delhi NCR,Treatment,0.15,Off-Peak Incentive,0.2,0.22660000000000002,False,0,17,0.0
CUST05842,Convenience_First,55,18,0.3272727272727272,1601.05,29.11,63.4,True,39.51840909090909,Low,Mumbai,Control,0.0,No Incentive,0.2,0.2268,False,0,18,0.0
CUST03949,Convenience_First,46,16,0.3478260869565217,1607.49,34.94543478260869,63.1,True,39.50929347826087,Low,Kochi,Treatment,0.15,Off-Peak Incentive,0.2,0.2262,False,0,16,0.0
CUST01669,Convenience_First,51,17,0.3333333333333333,1187.67,23.28764705882353,63.7,True,39.50333333333333,Low,Delhi NCR,Treatment,0.15,Off-Peak Incentive,0.2,0.22740000000000002,False,0,17,0.0
CUST03100,Convenience_First,55,18,0.3272727272727272,1314.22,23.894909090909092,63.3,True,39.47840909090909,Low,Bengaluru,Treatment,0.15,Off-Peak Incentive,0.2,0.22660000000000002,False,0,18,0.0
CUST00800,Convenience_First,49,16,0.3265306122448979,950.12,19.390204081632653,64.6,True,39.46122448979592,Low,Ahmedabad,Control,0.0,No Incentive,0.2,0.22920000000000001,False,0,16,0.0
CUST03703,Price_Sensitive,55,18,0.3272727272727272,676.23,12.29509090909091,63.2,True,39.43840909090909,Low,Bengaluru,Control,0.0,No Incentive,0.3,0.3264,False,0,18,0.0
CUST01832,Convenience_First,42,15,0.3571428571428571,673.52,16.036190476190477,62.5,True,39.43696428571428,Low,Hyderabad,Control,0.0,No Incentive,0.2,0.225,False,0,15,0.0
CUST05806,Convenience_First,46,16,0.3478260869565217,831.62,18.078695652173913,62.9,True,39.429293478260874,Low,Chandigarh,Control,0.0,No Incentive,0.2,0.2258,False,0,16,0.0
CUST07430,Convenience_First,50,17,0.34,1613.61,32.2722,63.0,True,39.416250000000005,Low,Jaipur,Control,0.0,No Incentive,0.2,0.226,False,0,17,0.0
CUST06380,Convenience_First,44,14,0.3181818181818182,925.07,21.024318181818185,66.1,True,39.38977272727272,Low,Hyderabad,Control,0.0,No Incentive,0.2,0.23220000000000002,False,0,14,0.0
CUST05191,Convenience_First,44,14,0.3181818181818182,763.64,17.355454545454545,66.1,True,39.38977272727272,Low,Ahmedabad,Control,0.0,No Incentive,0.2,0.23220000000000002,False,0,14,0.0
CUST00657,Price_Sensitive,42,13,0.3095238095238095,722.45,17.201190476190476,67.1,True,39.37220238095238,Low,Chennai,Control,0.0,No Incentive,0.3,0.3342,False,0,13,0.0
CUST04798,Convenience_First,49,17,0.3469387755102041,854.37,17.436122448979592,62.3,True,39.35755102040817,Low,Pune,Control,0.0,No Incentive,0.2,0.22460000000000002,False,0,17,0.0
CUST03558,Convenience_First,41,15,0.3658536585365853,1019.77,24.872439024390243,61.5,True,39.35664634146342,Low,Chennai,Control,0.0,No Incentive,0.2,0.223,False,0,15,0.0
CUST06467,Convenience_First,50,15,0.3,1373.43,27.4686,66.8,True,39.33625,Low,Kochi,Treatment,0.15,Off-Peak Incentive,0.2,0.2336,True,9,6,0.6
CUST06831,Convenience_First,39,14,0.358974358974359,880.96,22.58871794871795,62.2,True,39.31522435897436,Low,Pune,Treatment,0.15,Off-Peak Incentive,0.2,0.22440000000000002,False,0,14,0.0
CUST00222,Price_Sensitive,50,15,0.3,1441.5,28.83,66.7,True,39.29625000000001,Low,Jaipur,Control,0.0,No Incentive,0.3,0.3334,False,0,15,0.0
CUST04279,Convenience_First,46,16,0.3478260869565217,1284.75,27.929347826086957,62.5,True,39.26929347826087,Low,Jaipur,Treatment,0.15,Off-Peak Incentive,0.2,0.225,True,9,7,0.5625
CUST03946,Convenience_First,51,17,0.3333333333333333,1115.35,21.869607843137253,63.1,True,39.263333333333335,Low,Bengaluru,Treatment,0.15,Off-Peak Incentive,0.2,0.2262,False,0,17,0.0
CUST00794,Price_Sensitive,45,14,0.3111111111111111,1007.29,22.38422222222222,66.3,True,39.245694444444446,Low,Lucknow,Control,0.0,No Incentive,0.3,0.3326,False,0,14,0.0
CUST02886,Convenience_First,46,15,0.3260869565217391,1529.56,33.251304347826085,64.6,True,39.23972826086957,Low,Pune,Treatment,0.15,Off-Peak Incentive,0.2,0.22920000000000001,False,0,15,0.0
CUST01848,Convenience_First,42,15,0.3571428571428571,921.94,21.95095238095238,62.0,True,39.236964285714286,Low,Chandigarh,Treatment,0.15,Off-Peak Incentive,0.2,0.224,False,0,15,0.0
CUST01350,Convenience_First,47,17,0.3617021276595745,1627.73,34.632553191489365,60.8,True,39.21558510638298,Low,Lucknow,Treatment,0.15,Off-Peak Incentive,0.2,0.22160000000000002,False,0,17,0.0
CUST06659,Convenience_First,45,15,0.3333333333333333,1394.05,30.97888888888889,64.0,True,39.21458333333334,Low,Bengaluru,Treatment,0.15,Off-Peak Incentive,0.2,0.228,False,0,15,0.0
CUST02884,Convenience_First,48,15,0.3125,972.7,20.264583333333334,65.5,True,39.197500000000005,Low,Kochi,Control,0.0,No Incentive,0.2,0.231,False,0,15,0.0
CUST03459,Convenience_First,41,15,0.3658536585365853,1183.15,28.857317073170737,61.1,True,39.19664634146342,Low,Lucknow,Control,0.0,No Incentive,0.2,0.2222,False,0,15,0.0
CUST05719,Convenience_First,45,15,0.3333333333333333,1090.2,24.226666666666667,63.9,True,39.17458333333333,Low,Chandigarh,Control,0.0,No Incentive,0.2,0.2278,False,0,15,0.0
CUST01143,Convenience_First,36,11,0.3055555555555556,956.9,26.580555555555556,67.3,True,39.172222222222224,Low,Ahmedabad,Control,0.0,No Incentive,0.2,0.2346,False,0,11,0.0
CUST02436,Price_Sensitive,51,18,0.3529411764705882,1445.8,28.349019607843136,60.8,True,39.12764705882353,Low,Lucknow,Control,0.0,No Incentive,0.3,0.3216,False,0,18,0.0
CUST07099,Convenience_First,51,17,0.3333333333333333,1485.3,29.123529411764704,62.7,True,39.10333333333333,Low,Chennai,Treatment,0.15,Off-Peak Incentive,0.2,0.22540000000000002,False,0,17,0.0
CUST06352,Convenience_First,52,16,0.3076923076923077,964.16,18.54153846153846,65.0,True,39.0926923076923,Low,Chennai,Control,0.0,No Incentive,0.2,0.23,False,0,16,0.0
CUST05181,Convenience_First,38,14,0.3684210526315789,765.72,20.15052631578947,60.6,True,39.03059210526316,Low,Delhi NCR,Treatment,0.15,Off-Peak Incentive,0.2,0.2212,False,0,14,0.0
CUST02162,Convenience_First,45,15,0.3333333333333333,838.58,18.63511111111111,63.5,True,39.014583333333334,Low,Delhi NCR,Treatment,0.15,Off-Peak Incentive,0.2,0.227,False,0,15,0.0
CUST02877,Convenience_First,32,12,0.375,963.39,30.1059375,60.0,True,39.01,Low,Bengaluru,Control,0.0,No Incentive,0.2,0.22000000000000003,False,0,12,0.0
CUST02208,Convenience_First,48,16,0.3333333333333333,1543.23,32.150625,62.9,True,38.990833333333335,Low,Delhi NCR,Control,0.0,No Incentive,0.2,0.2258,False,0,16,0.0
CUST00900,Convenience_First,49,17,0.3469387755102041,1287.49,26.27530612244898,61.3,True,38.95755102040816,Low,Hyderabad,Treatment,0.15,Off-Peak Incentive,0.2,0.22260000000000002,False,0,17,0.0
CUST01838,Convenience_First,49,16,0.3265306122448979,1154.9,23.56938775510204,63.3,True,38.94122448979592,Low,Pune,Control,0.0,No Incentive,0.2,0.22660000000000002,False,0,16,0.0
CUST01736,Convenience_First,46,15,0.3260869565217391,1239.03,26.935434782608695,63.8,True,38.91972826086956,Low,Delhi NCR,Treatment,0.15,Off-Peak Incentive,0.2,0.22760000000000002,True,9,6,0.6
CUST05963,Convenience_First,53,17,0.320754716981132,872.39,16.460188679245285,63.0,True,38.91643867924528,Low,Mumbai,Treatment,0.15,Off-Peak Incentive,0.2,0.226,True,10,7,0.5882352941176471
CUST01421,Convenience_First,38,13,0.3421052631578947,883.32,23.245263157894737,62.8,True,38.857960526315786,Low,Bengaluru,Treatment,0.15,Off-Peak Incentive,0.2,0.22560000000000002,True,7,6,0.5384615384615384
CUST02900,Convenience_First,53,16,0.3018867924528302,1343.46,25.348301886792452,64.7,True,38.84172169811321,Low,Bengaluru,Treatment,0.15,Off-Peak Incentive,0.2,0.22940000000000002,True,9,7,0.5625
CUST00786,Convenience_First,53,17,0.320754716981132,974.32,18.383396226415098,62.8,True,38.83643867924528,Low,Mumbai,Control,0.0,No Incentive,0.2,0.22560000000000002,False,0,17,0.0
CUST07812,Convenience_First,47,16,0.3404255319148936,884.12,18.811063829787233,61.9,True,38.80452127659575,Low,Hyderabad,Treatment,0.15,Off-Peak Incentive,0.2,0.2238,False,0,16,0.0
CUST06567,Convenience_First,53,16,0.3018867924528302,1872.4,35.32830188679245,64.6,True,38.801721698113205,Low,Chennai,Control,0.0,No Incentive,0.2,0.22920000000000001,False,0,16,0.0
CUST04303,Convenience_First,46,14,0.3043478260869565,1135.49,24.684565217391302,65.6,True,38.77016304347826,Low,Delhi NCR,Treatment,0.15,Off-Peak Incentive,0.2,0.23120000000000002,False,0,14,0.0
CUST05230,Convenience_First,41,13,0.3170731707317073,1131.64,27.6009756097561,64.9,True,38.7654268292683,Low,Mumbai,Control,0.0,No Incentive,0.2,0.22980000000000003,False,0,13,0.0
CUST07525,Convenience_First,50,15,0.3,1324.62,26.492399999999996,65.3,True,38.736250000000005,Low,Kolkata,Control,0.0,No Incentive,0.2,0.2306,False,0,15,0.0
CUST02092,Convenience_First,53,16,0.3018867924528302,1581.29,29.83566037735849,64.4,True,38.72172169811321,Low,Pune,Control,0.0,No Incentive,0.2,0.22880000000000003,False,0,16,0.0
CUST00109,Convenience_First,48,15,0.3125,1039.68,21.66,64.3,True,38.7175,Low,Delhi NCR,Treatment,0.15,Off-Peak Incentive,0.2,0.2286,False,0,15,0.0
CUST04115,Convenience_First,60,18,0.3,2104.61,35.07683333333333,62.9,True,38.715,Low,Delhi NCR,Control,0.0,No Incentive,0.2,0.2258,False,0,18,0.0
CUST06989,Convenience_First,45,15,0.3333333333333333,1167.4,25.942222222222224,62.7,True,38.694583333333334,Low,Hyderabad,Control,0.0,No Incentive,0.2,0.22540000000000002,False,0,15,0.0
CUST03402,Convenience_First,56,18,0.3214285714285714,1526.41,27.25732142857143,61.7,True,38.68339285714286,Low,Jaipur,Treatment,0.15,Off-Peak Incentive,0.2,0.22340000000000002,False,0,18,0.0
CUST04402,Convenience_First,47,15,0.3191489361702128,1652.83,35.16659574468085,63.7,True,38.67345744680852,Low,Kolkata,Treatment,0.15,Off-Peak Incentive,0.2,0.22740000000000002,False,0,15,0.0
CUST06482,Convenience_First,50,15,0.3,910.99,18.2198,65.1,True,38.65625,Low,Hyderabad,Treatment,0.15,Off-Peak Incentive,0.2,0.23020000000000002,False,0,15,0.0
CUST05004,Price_Sensitive,42,13,0.3095238095238095,1177.16,28.027619047619048,65.3,True,38.65220238095238,Low,Hyderabad,Treatment,0.15,Off-Peak Incentive,0.3,0.3306,False,0,13,0.0
CUST05641,Price_Sensitive,48,15,0.3125,1437.69,29.951875,64.1,True,38.6375,Low,Delhi NCR,Treatment,0.15,Off-Peak Incentive,0.3,0.3282,False,0,15,0.0
CUST05222,Convenience_First,40,12,0.3,1078.41,26.96025,66.3,True,38.61875,Low,Ahmedabad,Treatment,0.15,Off-Peak Incentive,0.2,0.2326,False,0,12,0.0
CUST07130,Convenience_First,46,14,0.3043478260869565,954.92,20.75913043478261,65.1,True,38.57016304347826,Low,Bengaluru,Treatment,0.15,Off-Peak Incentive,0.2,0.23020000000000002,False,0,14,0.0
CUST05926,Convenience_First,45,15,0.3333333333333333,1523.46,33.85466666666667,62.3,True,38.53458333333333,Low,Hyderabad,Control,0.0,No Incentive,0.2,0.22460000000000002,False,0,15,0.0
CUST06433,Convenience_First,46,14,0.3043478260869565,805.32,17.50695652173913,65.0,True,38.53016304347826,Low,Ahmedabad,Treatment,0.15,Off-Peak Incentive,0.2,0.23,False,0,14,0.0
CUST00842,Convenience_First,36,12,0.3333333333333333,739.01,20.528055555555554,62.9,True,38.52333333333333,Low,Lucknow,Treatment,0.15,Off-Peak Incentive,0.2,0.2258,False,0,12,0.0
CUST07170,Convenience_First,43,13,0.3023255813953488,841.65,19.573255813953487,65.6,True,38.51677325581396,Low,Lucknow,Control,0.0,No Incentive,0.2,0.23120000000000002,False,0,13,0.0
CUST00485,Price_Sensitive,60,18,0.3,769.62,12.827,62.4,True,38.515,Low,Bengaluru,Treatment,0.15,Off-Peak Incentive,0.3,0.3248,False,0,18,0.0
CUST05901,Price_Sensitive,49,15,0.3061224489795918,921.29,18.801836734693875,64.2,True,38.48489795918368,Low,Ahmedabad,Treatment,0.15,Off-Peak Incentive,0.3,0.32839999999999997,False,0,15,0.0
CUST02487,Convenience_First,53,16,0.3018867924528302,1500.84,28.317735849056604,63.8,True,38.481721698113205,Low,Pune,Treatment,0.15,Off-Peak Incentive,0.2,0.22760000000000002,False,0,16,0.0
CUST00412,Convenience_First,40,12,0.3,495.41,12.38525,65.9,True,38.45875,Low,Bengaluru,Treatment,0.15,Off-Peak Incentive,0.2,0.23180000000000003,False,0,12,0.0
CUST02365,Convenience_First,52,17,0.3269230769230769,1110.84,21.36230769230769,61.4,True,38.42192307692308,Low,Ahmedabad,Treatment,0.15,Off-Peak Incentive,0.2,0.2228,True,9,8,0.5294117647058824
CUST02899,Convenience_First,53,16,0.3018867924528302,909.73,17.164716981132077,63.6,True,38.40172169811321,Low,Lucknow,Treatment,0.15,Off-Peak Incentive,0.2,0.2272,True,9,7,0.5625
CUST00111,Convenience_First,48,16,0.3333333333333333,1292.74,26.932083333333335,61.3,True,38.350833333333334,Low,Chandigarh,Treatment,0.15,Off-Peak Incentive,0.2,0.22260000000000002,False,0,16,0.0
CUST00957,Convenience_First,41,13,0.3170731707317073,666.88,16.265365853658537,63.8,True,38.325426829268295,Low,Mumbai,Control,0.0,No Incentive,0.2,0.22760000000000002,False,0,13,0.0
CUST05399,Convenience_First,40,13,0.325,910.86,22.7715,63.0,True,38.298750000000005,Low,Pune,Control,0.0,No Incentive,0.2,0.226,False,0,13,0.0
CUST01049,Convenience_First,45,14,0.3111111111111111,1164.43,25.876222222222225,63.9,True,38.285694444444445,Low,Bengaluru,Treatment,0.15,Off-Peak Incentive,0.2,0.2278,True,8,6,0.5714285714285714
CUST04029,Convenience_First,47,15,0.3191489361702128,952.17,20.258936170212767,62.6,True,38.233457446808515,Low,Kochi,Treatment,0.15,Off-Peak Incentive,0.2,0.2252,False,0,15,0.0
CUST03353,Convenience_First,46,15,0.3260869565217391,922.28,20.049565217391304,62.0,True,38.19972826086956,Low,Bengaluru,Treatment,0.15,Off-Peak Incentive,0.2,0.224,True,8,7,0.5333333333333333
CUST07535,Convenience_First,39,13,0.3333333333333333,1539.59,39.47666666666667,61.9,True,38.169583333333335,Low,Chennai,Control,0.0,No Incentive,0.2,0.2238,False,0,13,0.0
CUST05107,Convenience_First,41,13,0.3170731707317073,1225.63,29.893414634146342,63.4,True,38.1654268292683,Low,Kochi,Control,0.0,No Incentive,0.2,0.2268,False,0,13,0.0
CUST01993,Convenience_First,38,12,0.3157894736842105,975.89,25.681315789473683,63.7,True,38.16532894736843,Low,Kochi,Treatment,0.15,Off-Peak Incentive,0.2,0.22740000000000002,False,0,12,0.0
CUST00915,Convenience_First,46,14,0.3043478260869565,907.7,19.732608695652175,63.9,True,38.09016304347826,Low,Ahmedabad,Treatment,0.15,Off-Peak Incentive,0.2,0.2278,False,0,14,0.0
CUST05534,Convenience_First,43,14,0.3255813953488372,859.14,19.98,62.2,True,38.087005813953496,Low,Pune,Treatment,0.15,Off-Peak Incentive,0.2,0.22440000000000002,False,0,14,0.0
CUST07320,Price_Sensitive,53,16,0.3018867924528302,1483.46,27.98981132075472,62.8,True,38.081721698113206,Low,Kolkata,Control,0.0,No Incentive,0.3,0.3256,False,0,16,0.0
CUST02352,Convenience_First,48,16,0.3333333333333333,1440.68,30.014166666666668,60.4,True,37.990833333333335,Low,Hyderabad,Control,0.0,No Incentive,0.2,0.2208,False,0,16,0.0
CUST02460,Convenience_First,40,13,0.325,1545.0,38.625,61.9,True,37.85875000000001,Low,Mumbai,Treatment,0.15,Off-Peak Incentive,0.2,0.2238,False,0,13,0.0
CUST07336,Convenience_First,44,14,0.3181818181818182,1235.62,28.082272727272724,61.6,True,37.58977272727272,Low,Lucknow,Control,0.0,No Incentive,0.2,0.2232,False,0,14,0.0
CUST02343,Convenience_First,40,12,0.3,862.66,21.5665,62.6,True,37.13875000000001,Low,Mumbai,Treatment,0.15,Off-Peak Incentive,0.2,0.2252,True,7,5,0.5833333333333334
CUST07651,Convenience_First,43,13,0.3023255813953488,850.09,19.76953488372093,61.9,True,37.036773255813955,Low,Chennai,Control,0.0,No Incentive,0.2,0.2238,False,0,13,0.0
