customer_id,customer_segment_x,total_sessions,peak_sessions,peak_share,total_energy_kwh,avg_energy_kwh,flexibility_score,eligible_for_intervention,intervention_score,priority_band
CUST01186,High_Mileage,481,172,0.3575883575883576,12054.74,25.061829521829523,66.2,True,60.58853430353431,Medium
CUST03288,High_Mileage,568,201,0.3538732394366197,12298.49,21.652271126760564,65.8,True,60.457429577464794,Medium
CUST05705,High_Mileage,449,161,0.3585746102449889,15208.53,33.872004454342985,65.8,True,60.295484409799556,Medium
CUST06073,High_Mileage,502,159,0.3167330677290836,17748.08,35.35474103585658,69.3,True,60.29057270916334,Medium
CUST03013,High_Mileage,572,201,0.3513986013986014,16223.21,28.362255244755243,65.6,True,60.28344405594406,Medium
CUST06920,High_Mileage,443,148,0.3340857787810384,14252.39,32.17243792325056,68.3,True,60.28218115124154,Medium
CUST05223,High_Mileage,441,155,0.3514739229024943,6639.91,15.056485260770977,66.6,True,60.27895691609977,Medium
CUST05568,High_Mileage,559,179,0.3202146690518783,17537.6,31.373166368515204,68.7,True,60.26233676207514,Medium
CUST04791,High_Mileage,462,162,0.3506493506493506,13407.29,29.020108225108228,66.2,True,60.21347402597402,Medium
CUST00082,High_Mileage,432,151,0.349537037037037,11770.34,27.24615740740741,66.8,True,60.20148148148148,Medium
CUST05738,High_Mileage,474,161,0.339662447257384,11178.37,23.58305907172996,67.1,True,60.19649789029536,Medium
CUST00713,High_Mileage,483,146,0.3022774327122153,16375.56,33.90385093167702,70.7,True,60.18859730848861,Medium
CUST00594,High_Mileage,471,162,0.3439490445859872,8460.08,17.96195329087049,66.7,True,60.18796178343949,Medium
CUST00910,High_Mileage,468,156,0.3333333333333333,18429.28,39.378803418803415,67.8,True,60.187083333333334,Medium
CUST00791,High_Mileage,476,170,0.3571428571428571,13668.4,28.715126050420167,65.2,True,60.15196428571429,Medium
CUST06124,High_Mileage,435,145,0.3333333333333333,12873.13,29.593402298850577,68.1,True,60.11083333333333,Medium
CUST02019,High_Mileage,426,146,0.3427230046948357,16865.23,39.58974178403756,67.3,True,60.09017018779343,Medium
CUST00987,High_Mileage,474,159,0.3354430379746835,13962.98,29.45776371308017,67.2,True,60.06772151898735,Medium
CUST01986,High_Mileage,538,178,0.3308550185873606,21709.1,40.35148698884758,67.2,True,60.06170074349443,Medium
CUST07718,High_Mileage,464,152,0.3275862068965517,11966.25,25.78933189655172,68.1,True,60.05594827586208,Medium
CUST07708,High_Mileage,487,154,0.3162217659137577,19869.83,40.80047227926078,68.9,True,60.053870636550315,Medium
CUST06258,High_Mileage,545,180,0.3302752293577982,10547.7,19.353577981651377,67.2,True,60.04600917431193,Medium
CUST02128,High_Mileage,555,182,0.3279279279279279,19111.57,34.43526126126126,67.4,True,60.04461711711712,Medium
CUST01899,High_Mileage,426,141,0.3309859154929577,14953.42,35.101924882629106,68.3,True,60.02068661971832,Medium
CUST04290,High_Mileage,482,161,0.3340248962655601,9899.15,20.53765560165975,67.1,True,60.01099585062241,Medium
CUST00405,High_Mileage,469,164,0.3496801705756929,18067.71,38.52390191897654,65.7,True,60.00470682302772,Medium
CUST06145,High_Mileage,461,155,0.3362255965292842,14153.85,30.702494577006508,67.1,True,59.99027386117137,Medium
CUST04318,High_Mileage,392,140,0.3571428571428571,5913.67,15.085892857142856,66.4,True,59.95821428571429,Medium
CUST02812,High_Mileage,441,136,0.3083900226757369,9297.68,21.083174603174605,70.1,True,59.95560090702948,Medium
CUST07033,High_Mileage,404,134,0.3316831683168317,14040.93,34.754777227722776,68.6,True,59.94607673267326,Medium
CUST02684,High_Mileage,434,136,0.3133640552995391,9180.06,21.15221198156682,69.7,True,59.93956221198157,Medium
CUST00926,High_Mileage,461,159,0.3449023861171366,11513.38,24.974793926247287,66.1,True,59.93734544468546,Medium
CUST04724,High_Mileage,472,155,0.3283898305084746,12557.34,26.604533898305085,67.6,True,59.93559322033899,Medium
CUST05229,High_Mileage,493,157,0.3184584178498986,16485.45,33.43904665314402,68.3,True,59.92833671399595,Medium
CUST03782,High_Mileage,521,163,0.3128598848368522,10825.15,20.777639155470247,68.7,True,59.9256453934741,Medium
CUST01451,High_Mileage,483,160,0.3312629399585921,10159.58,21.034327122153208,67.1,True,59.908017598343676,Medium
CUST07208,High_Mileage,390,148,0.3794871794871794,14753.36,37.82912820512821,64.1,True,59.906987179487174,Medium
CUST02347,High_Mileage,476,158,0.3319327731092437,18960.15,39.83224789915967,67.1,True,59.90356092436975,Medium
CUST03786,High_Mileage,556,178,0.3201438848920863,12420.31,22.338687050359713,67.8,True,59.89575539568345,Medium
CUST02539,High_Mileage,484,155,0.3202479338842975,14573.87,30.111301652892564,68.1,True,59.8799173553719,Medium
CUST00516,High_Mileage,454,146,0.3215859030837004,12119.4,26.694713656387663,68.4,True,59.87968612334802,Medium
CUST04712,High_Mileage,485,160,0.3298969072164948,20550.88,42.37294845360825,67.1,True,59.8746262886598,Medium
CUST04166,High_Mileage,548,174,0.3175182481751825,12527.61,22.860602189781023,68.0,True,59.860729927007306,Medium
CUST01010,High_Mileage,509,154,0.3025540275049116,15884.07,31.206424361493124,69.6,True,59.85091110019647,Medium
CUST04467,High_Mileage,445,140,0.3146067415730337,11790.74,26.496044943820223,69.1,True,59.84051966292135,Medium
CUST01717,High_Mileage,489,159,0.3251533742331288,8114.79,16.594662576687117,67.4,True,59.824884969325154,Medium
CUST03962,High_Mileage,498,153,0.3072289156626506,17350.21,34.83977911646586,69.1,True,59.81915662650603,Medium
CUST06761,High_Mileage,484,161,0.3326446280991735,8427.13,17.41142561983471,66.7,True,59.81578512396695,Medium
CUST07878,High_Mileage,554,168,0.3032490974729241,15332.66,27.676281588447655,69.3,True,59.81496389891697,Medium
CUST07301,High_Mileage,438,142,0.3242009132420091,10896.99,24.87897260273973,68.2,True,59.809286529680364,Medium
CUST03950,High_Mileage,423,139,0.3286052009456264,9868.83,23.330567375886524,68.0,True,59.780458037825056,Medium
CUST01068,High_Mileage,428,153,0.3574766355140187,10335.9,24.14929906542056,65.0,True,59.77531542056075,Medium
CUST03450,High_Mileage,529,176,0.332703213610586,6529.82,12.343705103969754,66.3,True,59.77187854442344,Medium
CUST02004,High_Mileage,438,156,0.3561643835616438,13407.25,30.610159817351597,64.9,True,59.767825342465756,Medium
CUST03646,High_Mileage,495,157,0.3171717171717171,14273.41,28.83517171717172,68.0,True,59.76311868686869,Medium
CUST04002,High_Mileage,510,175,0.3431372549019608,13569.32,26.60650980392157,65.3,True,59.75924019607843,Medium
CUST01656,High_Mileage,407,144,0.3538083538083538,12126.47,29.794766584766585,65.8,True,59.738584152334155,Medium
CUST03276,High_Mileage,410,140,0.3414634146341463,9866.93,24.06568292682927,66.9,True,59.73603658536586,Medium
CUST07880,High_Mileage,456,151,0.3311403508771929,10053.4,22.046929824561403,67.0,True,59.71561403508772,Medium
CUST07922,High_Mileage,573,180,0.3141361256544502,16868.97,29.43973821989529,67.9,True,59.71544502617802,Medium
CUST07712,High_Mileage,451,160,0.3547671840354767,11049.66,24.500354767184035,64.7,True,59.711937361419075,Medium
CUST07146,High_Mileage,550,167,0.3036363636363636,16343.21,29.71492727272727,69.0,True,59.707954545454555,Medium
CUST02332,High_Mileage,496,148,0.2983870967741935,13012.85,26.235584677419357,69.7,False,59.69673387096775,Medium
CUST01907,High_Mileage,401,144,0.3591022443890274,9159.98,22.84284289276808,65.3,True,59.695339775561095,Medium
CUST05375,High_Mileage,435,137,0.3149425287356321,16565.92,38.08257471264368,68.9,True,59.69520114942529,Medium
CUST07508,High_Mileage,495,158,0.3191919191919192,18617.88,37.61187878787879,67.6,True,59.683926767676766,Medium
CUST06557,High_Mileage,445,144,0.3235955056179775,10220.06,22.966426966292133,67.8,True,59.6800702247191,Medium
CUST02788,High_Mileage,425,141,0.3317647058823529,11503.44,27.066917647058823,67.4,True,59.679338235294125,Medium
CUST02825,High_Mileage,430,143,0.3325581395348837,11598.79,26.973930232558143,67.2,True,59.67607558139535,Medium
CUST01037,High_Mileage,447,132,0.2953020134228188,13995.0,31.308724832214764,70.6,False,59.675830536912756,Medium
CUST00891,High_Mileage,423,150,0.3546099290780142,16239.56,38.391394799054375,65.1,True,59.66064716312057,Medium
CUST03924,High_Mileage,465,143,0.3075268817204301,14181.19,30.49718279569893,69.1,True,59.6598252688172,Medium
CUST00892,High_Mileage,407,144,0.3538083538083538,16084.06,39.518574938574936,65.6,True,59.65858415233415,Medium
CUST03115,High_Mileage,437,137,0.3135011441647597,9535.85,21.82116704805492,68.9,True,59.65379576659039,Medium
CUST05469,High_Mileage,567,170,0.2998236331569665,21186.5,37.36596119929453,69.2,False,59.65294532627867,Medium
CUST04526,High_Mileage,481,141,0.2931392931392931,14341.45,29.81590436590437,70.3,False,59.65057172557173,Medium
CUST00846,High_Mileage,426,143,0.3356807511737089,14121.92,33.15004694835681,66.9,True,59.648480046948364,Medium
CUST01626,High_Mileage,518,160,0.3088803088803089,11194.78,21.611544401544403,68.4,True,59.640212355212356,Medium
CUST00264,High_Mileage,424,142,0.3349056603773584,11554.72,27.251698113207546,67.0,True,59.63872641509434,Medium
CUST01027,High_Mileage,453,142,0.3134657836644591,10468.92,23.11019867549669,68.6,True,59.631131346578364,Medium
CUST02574,High_Mileage,597,179,0.2998324958123953,12516.75,20.96608040201005,69.1,False,59.62829983249582,Medium
CUST03802,High_Mileage,569,173,0.3040421792618629,15940.38,28.014727592267135,68.7,True,59.62668717047452,Medium
CUST02661,High_Mileage,438,140,0.319634703196347,14617.29,33.37280821917808,68.2,True,59.62663812785388,Medium
CUST00748,High_Mileage,490,148,0.3020408163265306,13318.2,27.18,69.2,True,59.62663265306123,Medium
CUST02047,High_Mileage,418,137,0.3277511961722488,14203.98,33.98081339712918,67.8,True,59.626297846889955,Medium
CUST06421,High_Mileage,411,135,0.3284671532846715,15378.5,37.41727493917275,67.9,True,59.626186131386866,Medium
CUST02222,High_Mileage,488,150,0.3073770491803279,11430.68,23.423524590163936,68.7,True,59.62508196721312,Medium
CUST02594,High_Mileage,524,153,0.2919847328244275,27995.21,53.42597328244275,70.0,False,59.6168893129771,Medium
CUST07377,High_Mileage,397,131,0.3299748110831234,11620.39,29.27050377833753,68.1,True,59.61524244332493,Medium
CUST02821,High_Mileage,483,141,0.2919254658385093,8815.27,18.251076604554868,70.3,False,59.61451863354037,Medium
CUST06007,High_Mileage,608,179,0.2944078947368421,23725.27,39.02182565789474,69.6,False,59.61381578947369,Medium
CUST01916,High_Mileage,433,147,0.3394919168591224,14876.41,34.35660508083141,66.3,True,59.6121766743649,Medium
CUST05275,High_Mileage,408,135,0.3308823529411764,9144.95,22.414093137254905,67.7,True,59.60154411764706,Medium
CUST07178,High_Mileage,480,156,0.325,10582.06,22.04595833333333,67.0,True,59.599999999999994,Medium
CUST07375,High_Mileage,338,120,0.3550295857988165,8806.15,26.05369822485207,66.9,True,59.599933431952664,Medium
CUST06702,High_Mileage,454,136,0.2995594713656387,14541.61,32.029977973568286,69.9,False,59.59862885462555,Medium
CUST00432,High_Mileage,420,140,0.3333333333333333,14142.07,33.671595238095236,67.1,True,59.590833333333336,Medium
CUST02767,High_Mileage,510,156,0.3058823529411765,16912.32,33.16141176470588,68.6,True,59.589044117647056,Medium
CUST01398,High_Mileage,546,180,0.3296703296703296,17276.38,31.641721611721614,66.1,True,59.584313186813176,Medium
CUST03321,High_Mileage,392,123,0.3137755102040816,13296.42,33.9194387755102,69.8,True,59.58352040816327,Medium
CUST05543,High_Mileage,421,130,0.3087885985748218,13593.82,32.28935866983373,69.5,True,59.580293942992874,Medium
CUST03171,High_Mileage,455,151,0.3318681318681318,15689.52,34.48246153846154,66.6,True,59.57722527472527,Medium
CUST03662,High_Mileage,404,146,0.3613861386138614,10850.02,26.856485148514853,64.7,True,59.574195544554456,Medium
CUST02546,High_Mileage,456,152,0.3333333333333333,12335.92,27.052456140350877,66.4,True,59.56333333333333,Medium
CUST07308,High_Mileage,489,145,0.2965235173824131,17403.74,35.590470347648264,69.6,False,59.559690695296524,Medium
CUST01866,High_Mileage,476,151,0.3172268907563025,9581.06,20.128277310924368,67.7,True,59.555325630252106,Medium
CUST04535,High_Mileage,435,135,0.3103448275862069,14944.77,34.35579310344828,69.0,True,59.55129310344828,Medium
CUST01813,High_Mileage,501,160,0.3193612774451098,17361.69,34.65407185628742,67.2,True,59.5507010978044,Medium
CUST00176,High_Mileage,451,146,0.3237250554323725,14421.74,31.977250554323724,67.4,True,59.550252217294904,Medium
CUST00129,High_Mileage,488,150,0.3073770491803279,17395.87,35.64727459016393,68.5,True,59.545081967213115,Medium
CUST06173,High_Mileage,563,169,0.300177619893428,12793.94,22.72458259325045,68.9,True,59.54460479573712,Medium
CUST06201,High_Mileage,404,133,0.3292079207920792,6010.06,14.876386138613862,67.8,True,59.52706683168317,Medium
CUST03783,High_Mileage,426,134,0.3145539906103286,13663.47,32.073873239436615,68.7,True,59.52340962441315,Medium
CUST05927,High_Mileage,485,145,0.2989690721649484,11850.57,24.434164948453606,69.3,False,59.51751288659794,Medium
CUST06186,High_Mileage,499,147,0.2945891783567134,19662.6,39.40400801603206,69.6,False,59.51606713426854,Medium
CUST01739,High_Mileage,559,173,0.3094812164579606,18922.49,33.85060822898033,67.9,True,59.51299865831842,Medium
CUST02751,High_Mileage,484,151,0.3119834710743802,19989.48,41.30057851239669,68.0,True,59.50933884297521,Medium
CUST02701,High_Mileage,426,130,0.3051643192488263,14527.02,34.100985915492956,69.6,True,59.50782276995305,Medium
CUST06294,High_Mileage,440,148,0.3363636363636363,17710.48,40.251090909090905,66.2,True,59.50704545454546,Medium
CUST01259,High_Mileage,408,134,0.3284313725490196,8073.11,19.78703431372549,67.7,True,59.50350490196079,Medium
CUST01107,High_Mileage,412,143,0.3470873786407767,14827.42,35.98888349514563,65.7,True,59.500995145631066,Medium
CUST07614,High_Mileage,451,131,0.2904656319290465,12201.37,27.054035476718404,70.6,False,59.49987527716186,Medium
CUST04657,High_Mileage,459,153,0.3333333333333333,14234.26,31.011459694989107,66.2,True,59.499583333333334,Medium
CUST03970,High_Mileage,435,134,0.3080459770114943,17101.68,39.31420689655173,69.1,True,59.49933908045977,Medium
CUST05499,High_Mileage,417,135,0.3237410071942446,9249.96,22.182158273381297,67.9,True,59.49214028776979,Medium
CUST05564,High_Mileage,491,153,0.3116089613034623,8077.64,16.451405295315684,67.9,True,59.4918584521385,Medium
CUST00280,High_Mileage,395,138,0.3493670886075949,15832.93,40.083367088607595,65.9,True,59.485933544303805,Medium
CUST01431,High_Mileage,455,144,0.3164835164835164,10507.07,23.09246153846154,67.9,True,59.48184065934066,Medium
CUST05773,High_Mileage,481,149,0.3097713097713098,20272.36,42.14627858627859,68.2,True,59.475852390852396,Medium
CUST00626,High_Mileage,528,158,0.2992424242424242,18461.95,34.9658143939394,68.9,False,59.46969696969697,Medium
CUST03977,High_Mileage,419,136,0.324582338902148,12261.2,29.263007159904536,67.7,True,59.469543556085924,Medium
CUST06656,High_Mileage,421,149,0.3539192399049881,10282.06,24.42294536817102,64.7,True,59.46551959619953,Medium
CUST07952,High_Mileage,430,138,0.3209302325581395,10875.93,25.29286046511628,67.8,True,59.450959302325586,Medium
CUST07765,High_Mileage,324,118,0.3641975308641975,15760.08,48.64222222222222,65.9,True,59.445401234567896,Medium
CUST03110,High_Mileage,357,131,0.3669467787114845,10526.49,29.485966386554622,64.9,True,59.440371148459384,Medium
CUST01267,High_Mileage,401,127,0.3167082294264339,11821.59,29.480274314214466,68.9,True,59.43957917705737,Medium
CUST04508,High_Mileage,411,145,0.3527980535279805,14304.18,34.80335766423358,65.0,True,59.43942214111922,Medium
CUST00735,High_Mileage,402,128,0.3184079601990049,11236.6,27.95174129353234,68.7,True,59.4375684079602,Medium
CUST02143,High_Mileage,444,137,0.3085585585585585,12154.62,27.37527027027027,68.7,True,59.432342342342345,Medium
CUST01158,High_Mileage,373,136,0.3646112600536193,7422.7,19.9,64.8,True,59.43070040214478,Medium
CUST04314,High_Mileage,441,143,0.3242630385487528,22169.05,50.269954648526074,67.2,True,59.430521541950114,Medium
CUST04094,High_Mileage,505,148,0.293069306930693,12168.51,24.096059405940593,69.5,False,59.427772277227724,Medium
CUST07228,High_Mileage,448,142,0.3169642857142857,17624.37,39.34011160714285,67.8,True,59.42732142857143,Medium
CUST07045,High_Mileage,578,171,0.2958477508650519,14943.78,25.85429065743945,69.0,False,59.426410034602085,Medium
CUST00186,High_Mileage,460,138,0.3,9697.05,21.080543478260868,69.3,True,59.412499999999994,Medium
CUST01682,High_Mileage,476,145,0.3046218487394957,8789.42,18.46516806722689,68.6,True,59.41112394957983,Medium
CUST05876,High_Mileage,496,139,0.2802419354838709,20553.78,41.43907258064516,70.8,False,59.41092741935484,Medium
CUST07233,High_Mileage,451,139,0.3082039911308204,7035.77,15.60037694013304,68.6,True,59.40940964523281,Medium
CUST04898,High_Mileage,444,142,0.3198198198198198,13404.07,30.18934684684685,67.5,True,59.402792792792795,Medium
CUST06267,High_Mileage,486,156,0.3209876543209876,14047.93,28.90520576131687,66.8,True,59.402006172839506,Medium
CUST03187,High_Mileage,376,123,0.3271276595744681,12734.44,33.868191489361706,68.4,True,59.393856382978726,Medium
CUST04810,High_Mileage,366,120,0.3278688524590163,9242.61,25.25303278688525,68.5,True,59.388504098360656,Medium
CUST03574,High_Mileage,483,145,0.3002070393374741,11504.7,23.819254658385095,68.9,True,59.38578157349896,Medium
CUST02051,High_Mileage,361,123,0.3407202216066482,16976.11,47.025235457063715,67.3,True,59.37755886426593,Medium
CUST01997,High_Mileage,521,147,0.2821497120921305,15254.88,29.28,70.4,False,59.37723848368523,Medium
CUST06830,High_Mileage,484,145,0.2995867768595041,16072.87,33.20840909090909,68.9,False,59.37347107438016,Medium
CUST04703,High_Mileage,367,123,0.335149863760218,12097.22,32.962452316076295,67.7,True,59.36849455040872,Medium
CUST06563,High_Mileage,389,123,0.3161953727506427,13618.6,35.009254498714654,69.1,True,59.362814910025705,Medium
CUST04956,High_Mileage,661,193,0.291981845688351,26150.12,39.56145234493192,69.2,False,59.35927382753404,Medium
CUST05597,High_Mileage,470,133,0.2829787234042553,13927.6,29.633191489361703,70.7,False,59.341648936170216,Medium
CUST03559,High_Mileage,399,128,0.3208020050125313,10835.03,27.15546365914787,68.3,True,59.33958020050125,Medium
CUST02631,High_Mileage,429,137,0.3193473193473193,9213.82,21.477435897435896,67.7,True,59.337642773892775,Medium
CUST07918,High_Mileage,540,158,0.2925925925925925,19391.33,35.90987037037036,69.2,False,59.3362037037037,Medium
CUST03318,High_Mileage,420,131,0.3119047619047619,12618.92,30.04504761904762,68.6,True,59.333690476190476,Medium
CUST04103,High_Mileage,494,144,0.291497975708502,19390.52,39.25206477732794,69.5,False,59.332419028340084,Medium
CUST05053,High_Mileage,435,130,0.2988505747126437,11252.0,25.866666666666667,69.6,False,59.331522988505746,Medium
CUST06572,High_Mileage,408,133,0.3259803921568627,13596.84,33.32558823529412,67.5,True,59.32546568627451,Medium
CUST07507,High_Mileage,407,130,0.3194103194103194,8703.96,21.385651105651103,68.2,True,59.32266277641278,Medium
CUST02415,High_Mileage,435,139,0.3195402298850575,17979.96,41.333241379310344,67.5,True,59.3191091954023,Medium
CUST01668,High_Mileage,410,139,0.3390243902439024,12143.36,29.617951219512197,66.1,True,59.3184756097561,Medium
CUST04400,High_Mileage,443,132,0.2979683972911964,9631.81,21.74223476297968,69.5,False,59.317485891647856,Medium
CUST04622,High_Mileage,435,142,0.3264367816091954,12298.32,28.272,66.8,True,59.31497126436782,Medium
CUST06863,High_Mileage,409,140,0.3422982885085575,13563.46,33.16249388753056,65.8,True,59.314431540342305,Medium
CUST01729,High_Mileage,397,126,0.3173803526448362,11543.19,29.076045340050378,68.6,True,59.31146410579345,Medium
CUST01365,High_Mileage,522,150,0.2873563218390804,17181.48,32.91471264367816,69.7,False,59.309252873563224,Medium
CUST02547,High_Mileage,428,136,0.3177570093457944,9655.28,22.55906542056075,67.8,True,59.30653037383178,Medium
CUST00568,High_Mileage,437,134,0.3066361556064073,11880.29,27.186018306636154,68.7,True,59.299196224256306,Medium
CUST05836,High_Mileage,471,152,0.3227176220806794,11495.56,24.406709129511675,66.6,True,59.298704883227174,Medium
CUST03259,High_Mileage,407,133,0.3267813267813267,16101.63,39.56174447174447,67.4,True,59.297503071253075,Medium
CUST03636,High_Mileage,461,147,0.3188720173535792,12615.65,27.36583514099783,67.1,True,59.29613069414317,Medium
CUST05115,High_Mileage,412,131,0.3179611650485437,9889.08,24.0026213592233,68.1,True,59.29594660194175,Medium
CUST02142,High_Mileage,474,138,0.2911392405063291,19973.51,42.13820675105485,69.7,False,59.29556962025317,Medium
CUST05308,High_Mileage,421,135,0.3206650831353919,12943.0,30.743467933491686,67.6,True,59.295353325415675,Medium
CUST03724,High_Mileage,476,136,0.2857142857142857,22527.83,47.32737394957984,70.2,False,59.29482142857143,Medium
CUST01126,High_Mileage,327,114,0.3486238532110092,10305.88,31.516452599388376,67.0,True,59.28245412844037,Medium
CUST05413,High_Mileage,468,143,0.3055555555555556,9784.92,20.907948717948717,68.3,True,59.27597222222222,Medium
CUST05320,High_Mileage,415,131,0.3156626506024096,8816.68,21.245012048192773,68.2,True,59.27275602409639,Medium
CUST01883,High_Mileage,501,155,0.3093812375249501,14486.7,28.91556886227545,67.5,True,59.27149950099801,Medium
CUST06155,High_Mileage,407,125,0.3071253071253071,13507.47,33.187886977886976,69.3,True,59.271262285012284,Medium
CUST04853,High_Mileage,418,127,0.3038277511961722,14954.42,35.776124401913876,69.3,True,59.26936004784689,Medium
CUST06048,High_Mileage,472,123,0.2605932203389831,16006.88,33.9128813559322,72.7,False,59.263728813559325,Medium
CUST06660,High_Mileage,408,136,0.3333333333333333,8787.83,21.538799019607843,66.6,True,59.25958333333333,Medium
CUST05913,High_Mileage,433,131,0.302540415704388,21677.77,50.064133949191685,69.1,True,59.254116628175524,Medium
CUST00272,High_Mileage,460,138,0.3,14366.68,31.23191304347826,68.9,True,59.2525,Medium
CUST07861,High_Mileage,459,124,0.2701525054466231,10304.46,22.449803921568627,71.9,False,59.25235021786493,Medium
CUST04553,High_Mileage,395,127,0.3215189873417721,8358.14,21.159848101265823,68.1,True,59.25200949367088,Medium
CUST01913,High_Mileage,415,132,0.3180722891566265,11502.75,27.71746987951807,67.9,True,59.24914156626507,Medium
CUST06391,High_Mileage,365,113,0.3095890410958904,8293.21,22.72112328767123,70.0,True,59.24606164383562,Medium
CUST04032,High_Mileage,433,140,0.3233256351039261,8309.37,19.19023094688222,67.0,True,59.24552540415705,Medium
CUST07163,High_Mileage,514,164,0.3190661478599221,11848.35,23.05126459143969,66.4,True,59.24264591439689,Medium
CUST07089,High_Mileage,443,136,0.3069977426636568,14438.0,32.591422121896166,68.4,True,59.23865970654628,Medium
CUST06732,High_Mileage,484,154,0.3181818181818182,15335.79,31.685516528925618,66.7,True,59.237272727272725,Medium
CUST01512,High_Mileage,467,132,0.2826552462526767,21324.36,45.66244111349037,70.5,False,59.23245985010708,Medium
CUST06749,High_Mileage,418,132,0.3157894736842105,10506.29,25.134665071770335,68.0,True,59.22782894736843,Medium
CUST05174,High_Mileage,509,143,0.280943025540275,8267.7,16.24302554027505,70.2,False,59.226471021611005,Medium
CUST03892,High_Mileage,430,133,0.3093023255813953,12807.46,29.784790697674417,68.4,True,59.22584302325582,Medium
CUST01694,High_Mileage,519,158,0.3044315992292871,16383.93,31.56826589595376,67.8,True,59.224763969171484,Medium
CUST05840,High_Mileage,409,134,0.3276283618581907,13996.65,34.22163814180929,67.0,True,59.20763447432763,Medium
CUST07066,High_Mileage,407,128,0.3144963144963145,10945.17,26.892309582309583,68.4,True,59.20610257985258,Medium
CUST04692,High_Mileage,426,131,0.3075117370892019,12121.27,28.45368544600939,68.6,True,59.201719483568084,Medium
CUST00133,High_Mileage,346,120,0.3468208092485549,10114.3,29.232080924855488,66.5,True,59.194082369942194,Medium
CUST04446,High_Mileage,497,139,0.2796780684104628,12848.78,25.85267605633803,70.3,False,59.19337273641852,Medium
CUST01016,High_Mileage,539,145,0.2690166975881262,21049.0,39.05194805194805,71.2,False,59.19066790352505,Medium
CUST05319,High_Mileage,385,123,0.3194805194805195,11842.77,30.76044155844156,68.4,True,59.190470779220774,Medium
CUST04927,High_Mileage,438,133,0.3036529680365297,18569.7,42.39657534246575,68.7,True,59.1873687214612,Medium
CUST03451,High_Mileage,443,131,0.2957110609480812,10500.52,23.703205417607226,69.4,False,59.18719243792326,Medium
CUST07528,High_Mileage,452,134,0.2964601769911504,16422.26,36.33243362831858,69.2,False,59.18715707964602,Medium
CUST05255,High_Mileage,390,130,0.3333333333333333,8402.58,21.545076923076923,66.9,True,59.18083333333334,Medium
CUST00306,High_Mileage,458,144,0.314410480349345,13219.96,28.864541484716156,67.3,True,59.1776692139738,Medium
CUST01646,High_Mileage,414,124,0.2995169082125604,12398.76,29.94869565217391,69.6,False,59.17567632850242,Medium
CUST07373,High_Mileage,441,134,0.3038548752834467,20533.4,46.56099773242631,68.6,True,59.174195011337865,Medium
CUST02424,High_Mileage,406,138,0.3399014778325123,12630.01,31.108399014778325,65.8,True,59.16855911330049,Medium
CUST06812,High_Mileage,489,148,0.3026584867075664,13316.01,27.231104294478527,68.0,True,59.16508946830266,Medium
CUST05628,High_Mileage,399,137,0.3433583959899749,19189.27,48.09340852130326,65.6,True,59.16183583959899,Medium
CUST04077,High_Mileage,420,127,0.3023809523809523,9537.18,22.70757142857143,69.1,True,59.1527380952381,Medium
CUST06025,High_Mileage,489,140,0.2862985685071574,11523.98,23.56642126789366,69.6,False,59.150692740286296,Medium
CUST04509,High_Mileage,391,126,0.3222506393861892,10057.56,25.722659846547312,67.9,True,59.15002557544757,Medium
CUST00247,High_Mileage,364,117,0.3214285714285714,13014.5,35.754120879120876,68.6,True,59.14714285714285,Medium
CUST03940,High_Mileage,470,134,0.2851063829787234,14854.58,31.605489361702126,70.0,False,59.14675531914894,Medium
CUST05955,High_Mileage,429,122,0.2843822843822843,8193.74,19.09962703962704,70.7,False,59.13904137529137,Medium
CUST03119,High_Mileage,433,121,0.279445727482679,14752.56,34.070577367205544,71.1,False,59.13032909930716,Medium
CUST01949,High_Mileage,392,124,0.3163265306122449,10261.75,26.177933673469383,68.4,True,59.1255612244898,Medium
CUST03816,High_Mileage,450,131,0.2911111111111111,11802.98,26.228844444444444,69.6,False,59.119444444444454,Medium
CUST06570,High_Mileage,400,124,0.31,12189.86,30.47465,68.8,True,59.11750000000001,Medium
CUST01181,High_Mileage,380,123,0.3236842105263158,14414.17,37.93202631578947,67.9,True,59.11361842105264,Medium
CUST06998,High_Mileage,412,122,0.2961165048543689,10556.41,25.62235436893204,69.8,False,59.10216019417476,Medium
CUST00636,High_Mileage,439,134,0.3052391799544419,17293.8,39.39362186788155,68.3,True,59.098317198177675,Medium
CUST07034,High_Mileage,405,126,0.3111111111111111,8896.65,21.96703703703704,68.5,True,59.09444444444445,Medium
CUST06614,High_Mileage,511,153,0.299412915851272,14662.81,28.694344422700585,68.0,False,59.09401663405089,Medium
CUST07749,High_Mileage,452,132,0.2920353982300885,19385.84,42.88902654867257,69.4,False,59.09016592920354,Medium
CUST00193,High_Mileage,370,116,0.3135135135135135,10866.62,29.369243243243247,69.1,True,59.08804054054054,Medium
CUST03581,High_Mileage,351,125,0.3561253561253561,13895.69,39.5888603988604,65.2,True,59.08751424501425,Medium
CUST03998,High_Mileage,385,117,0.3038961038961039,9434.55,24.505324675324673,69.7,True,59.087094155844156,Medium
CUST07549,High_Mileage,386,121,0.3134715025906736,11337.29,29.371217616580314,68.7,True,59.07761010362695,Medium
CUST01204,High_Mileage,340,114,0.3352941176470588,9187.14,27.020999999999997,67.5,True,59.070514705882346,Medium
CUST03891,High_Mileage,379,122,0.3218997361477572,9033.88,23.836094986807385,68.0,True,59.06848944591029,Medium
CUST06427,High_Mileage,390,126,0.3230769230769231,16002.07,41.03094871794872,67.6,True,59.05057692307693,Medium
CUST04459,High_Mileage,446,135,0.3026905829596412,11222.63,25.162847533632284,68.3,True,59.04762331838565,Medium
CUST00003,High_Mileage,429,127,0.296037296037296,12496.2,29.12867132867133,69.3,False,59.045241841491844,Medium
CUST02430,High_Mileage,371,121,0.3261455525606469,9537.85,25.708490566037735,67.7,True,59.03957210242588,Medium
CUST01457,High_Mileage,443,132,0.2979683972911964,10219.76,23.06943566591422,68.8,False,59.037485891647854,Medium
CUST06056,High_Mileage,304,110,0.3618421052631579,10068.64,33.12052631578947,65.5,True,59.034934210526316,Medium
CUST04574,High_Mileage,477,144,0.3018867924528302,17656.69,37.0161215932914,67.9,True,59.03047169811322,Medium
CUST01564,High_Mileage,441,139,0.3151927437641723,17919.98,40.63487528344671,67.1,True,59.02770975056689,Medium
CUST04312,High_Mileage,354,108,0.3050847457627119,12449.87,35.169124293785316,70.1,True,59.02463983050848,Medium
CUST07193,High_Mileage,376,115,0.3058510638297872,10869.74,28.908882978723405,69.6,True,59.02279255319149,Medium
CUST05603,High_Mileage,433,134,0.3094688221709007,15063.89,34.78958429561201,67.8,True,59.01125288683603,Medium
CUST00291,High_Mileage,442,124,0.2805429864253393,13355.31,30.215633484162893,70.5,False,59.010469457013585,Medium
CUST01601,High_Mileage,439,126,0.2870159453302961,9383.08,21.37375854214123,69.9,False,59.00938781321185,Medium
CUST03527,High_Mileage,472,145,0.3072033898305085,10307.55,21.838029661016947,67.4,True,59.008135593220345,Medium
CUST02251,High_Mileage,458,137,0.2991266375545851,10969.31,23.95045851528384,68.4,False,59.00631550218341,Medium
CUST02969,High_Mileage,342,118,0.3450292397660818,10182.54,29.773508771929823,66.3,True,59.00241959064327,Medium
CUST06713,High_Mileage,457,128,0.2800875273522976,15257.46,33.38612691466083,70.3,False,58.999751094091906,Medium
CUST04960,High_Mileage,426,125,0.2934272300469484,12962.65,30.4287558685446,69.5,False,58.99833920187794,Medium
CUST07881,High_Mileage,394,127,0.3223350253807107,13154.74,33.38766497461929,67.4,True,58.99215101522843,Medium
CUST03400,High_Mileage,372,129,0.3467741935483871,11955.24,32.137741935483874,65.5,True,58.99096774193549,Medium
CUST01169,High_Mileage,475,136,0.2863157894736842,11699.71,24.63096842105263,69.4,False,58.98888157894737,Medium
CUST00699,High_Mileage,368,119,0.3233695652173913,14210.59,38.615733695652175,67.9,True,58.98603260869566,Medium
CUST05505,High_Mileage,467,130,0.278372591006424,10296.03,22.047173447537475,70.3,False,58.98115364025696,Medium
CUST07701,High_Mileage,379,123,0.3245382585751979,7918.57,20.893324538258575,67.5,True,58.974030343007925,Medium
CUST02229,High_Mileage,502,155,0.3087649402390438,16069.8,32.01155378486056,66.8,True,58.97184760956175,Medium
CUST07064,High_Mileage,218,82,0.3761467889908257,6377.37,29.25399082568807,64.8,True,58.96837155963303,Medium
CUST00068,High_Mileage,448,127,0.2834821428571428,11136.39,24.858013392857146,70.0,False,58.968035714285705,Medium
CUST06128,High_Mileage,331,115,0.3474320241691843,7910.1,23.897583081571,66.2,True,58.96228096676737,Medium
CUST03133,High_Mileage,388,125,0.3221649484536082,16399.85,42.267654639175255,67.5,True,58.95534793814433,Medium
CUST01572,High_Mileage,308,102,0.3311688311688311,12769.55,41.45957792207792,68.3,True,58.95300324675324,Medium
CUST03329,High_Mileage,394,127,0.3223350253807107,11510.3,29.213959390862943,67.3,True,58.952151015228424,Medium
CUST04005,High_Mileage,447,140,0.3131991051454139,14187.94,31.740357941834453,67.0,True,58.95171420581656,Medium
CUST07725,High_Mileage,460,129,0.2804347826086956,12882.6,28.005652173913045,70.1,False,58.949891304347815,Medium
CUST02993,High_Mileage,457,126,0.2757111597374179,18919.53,41.39940919037199,70.6,False,58.94469638949671,Medium
CUST06711,High_Mileage,409,119,0.2909535452322738,16960.12,41.46728606356968,70.0,False,58.94064180929095,Medium
CUST06536,High_Mileage,401,126,0.314214463840399,16696.56,41.63730673316709,67.9,True,58.93982855361597,Medium
CUST03157,High_Mileage,465,123,0.2645161290322581,16987.16,36.53152688172043,71.6,False,58.93939516129032,Medium
CUST01185,High_Mileage,348,118,0.3390804597701149,10970.76,31.525172413793104,66.6,True,58.93821839080459,Medium
CUST01726,High_Mileage,342,113,0.3304093567251462,7177.67,20.98733918128655,67.6,True,58.93762426900585,Medium
CUST03011,High_Mileage,369,121,0.3279132791327913,8236.55,22.321273712737124,67.3,True,58.93653116531165,Medium
CUST07112,High_Mileage,382,119,0.3115183246073298,11978.88,31.35832460732984,68.6,True,58.9332329842932,Medium
CUST07681,High_Mileage,430,132,0.3069767441860465,13329.73,30.999372093023258,67.9,True,58.93281976744187,Medium
CUST00623,High_Mileage,353,120,0.3399433427762039,11383.62,32.24821529745043,66.4,True,58.93273371104816,Medium
CUST07328,High_Mileage,424,129,0.3042452830188679,14700.65,34.67134433962264,68.3,True,58.93231132075472,Medium
CUST00993,High_Mileage,472,137,0.2902542372881356,16538.48,35.03915254237288,68.9,False,58.93016949152543,Medium
CUST04787,High_Mileage,464,138,0.2974137931034483,12136.3,26.15581896551724,68.3,False,58.929051724137935,Medium
CUST00351,High_Mileage,394,111,0.2817258883248731,13739.95,34.87296954314721,71.3,False,58.92778553299492,Medium
CUST03365,High_Mileage,470,137,0.2914893617021276,11670.16,24.83012765957447,68.8,False,58.922074468085114,Medium
CUST06347,High_Mileage,433,130,0.3002309468822171,17945.18,41.4438337182448,68.5,True,58.921737875288684,Medium
CUST04287,High_Mileage,436,130,0.2981651376146789,12057.86,27.655642201834866,68.6,False,58.91660550458715,Medium
CUST03060,High_Mileage,442,130,0.2941176470588235,15717.01,35.558846153846154,68.9,False,58.91345588235295,Medium
CUST00274,High_Mileage,398,123,0.3090452261306532,16560.27,41.60871859296483,68.4,True,58.90430904522613,Medium
CUST05452,High_Mileage,377,128,0.3395225464190981,12123.08,32.15671087533156,65.9,True,58.902151856763936,Medium
CUST03372,High_Mileage,301,105,0.3488372093023256,9604.85,31.90980066445183,66.5,True,58.89848837209303,Medium
CUST06445,High_Mileage,433,128,0.2956120092378753,9471.75,21.874711316397228,68.9,False,58.89698036951502,Medium
CUST05565,High_Mileage,393,114,0.2900763358778626,11809.29,30.049083969465652,70.4,False,58.889303435114506,Medium
CUST01846,High_Mileage,380,122,0.3210526315789473,13408.21,35.28476315789474,67.6,True,58.8883552631579,Medium
CUST01505,High_Mileage,414,121,0.2922705314009662,11140.58,26.90961352657005,69.6,False,58.88582125603865,Medium
CUST07145,High_Mileage,467,120,0.2569593147751606,14158.52,30.31802997858673,72.2,False,58.88462259100643,Medium
CUST00175,High_Mileage,413,122,0.2953995157384987,10896.46,26.3836803874092,69.3,False,58.88223062953995,Medium
CUST02867,High_Mileage,319,105,0.329153605015674,10119.36,31.72213166144201,68.1,True,58.881144200626956,Medium
CUST07384,High_Mileage,383,116,0.3028720626631854,13862.75,36.195169712793735,69.3,True,58.87613250652741,Medium
CUST02122,High_Mileage,394,125,0.3172588832487309,14449.28,36.67329949238579,67.6,True,58.869105329949235,Medium
CUST01006,High_Mileage,407,122,0.2997542997542997,11255.33,27.654373464373464,69.0,False,58.85642199017199,Medium
CUST01554,High_Mileage,372,111,0.2983870967741935,13710.38,36.85586021505376,70.0,False,58.855483870967745,Medium
CUST06707,High_Mileage,393,105,0.2671755725190839,11329.73,28.82882951653944,72.6,False,58.85327290076336,Medium
CUST00147,High_Mileage,419,114,0.2720763723150358,16097.07,38.417828162291165,71.4,False,58.84930489260144,Medium
CUST07483,High_Mileage,391,116,0.2966751918158568,10827.14,27.69089514066496,69.7,False,58.84700767263428,Medium
CUST02057,High_Mileage,332,106,0.3192771084337349,8690.99,26.17768072289157,68.7,True,58.846084337349396,Medium
CUST07344,High_Mileage,319,98,0.3072100313479624,11640.85,36.49169278996865,70.2,True,58.8434012539185,Medium
CUST00721,High_Mileage,336,111,0.3303571428571428,3947.58,11.74875,67.5,True,58.84053571428571,Medium
CUST01315,High_Mileage,421,126,0.2992874109263658,14940.99,35.489287410926366,68.6,False,58.84024643705463,Medium
CUST07220,High_Mileage,404,120,0.297029702970297,10295.9,25.48490099009901,69.3,False,58.83993811881187,Medium
CUST07409,High_Mileage,412,116,0.2815533980582524,13597.25,33.00303398058252,70.6,False,58.8396359223301,Medium
CUST04298,High_Mileage,427,129,0.3021077283372365,6189.15,14.494496487119438,68.2,True,58.83680913348947,Medium
CUST05846,High_Mileage,471,123,0.2611464968152866,13388.24,28.42513800424629,71.6,False,58.835859872611465,Medium
CUST04468,High_Mileage,392,129,0.3290816326530612,13060.32,33.317142857142855,66.4,True,58.835765306122454,Medium
CUST02925,High_Mileage,407,123,0.3022113022113022,14566.35,35.78955773955774,68.7,True,58.83470208845209,Medium
CUST01513,High_Mileage,497,139,0.2796780684104628,12911.72,25.97931589537223,69.4,False,58.833372736418525,Medium
CUST06234,High_Mileage,271,100,0.3690036900369003,7911.08,29.192177121771216,64.8,True,58.830147601476014,Medium
CUST03442,High_Mileage,488,132,0.2704918032786885,18957.8,38.84795081967213,70.4,False,58.82967213114755,Medium
CUST03761,High_Mileage,396,123,0.3106060606060606,13339.09,33.684570707070705,68.1,True,58.827992424242424,Medium
CUST07997,High_Mileage,264,100,0.3787878787878788,5649.42,21.39931818181818,63.9,True,58.82776515151515,Medium
CUST03255,High_Mileage,455,137,0.3010989010989011,12825.32,28.18751648351648,67.8,True,58.82645604395605,Medium
CUST06315,High_Mileage,352,117,0.3323863636363636,14513.87,41.23258522727273,66.9,True,58.82420454545455,Medium
CUST03980,High_Mileage,371,119,0.320754716981132,11934.7,32.169002695417795,67.7,True,58.82393867924528,Medium
CUST03382,High_Mileage,395,120,0.3037974683544304,8814.18,22.31437974683544,68.8,True,58.823148734177224,Medium
CUST01038,High_Mileage,394,121,0.3071065989847715,6677.77,16.948654822335026,68.5,True,58.82301395939086,Medium
CUST01082,High_Mileage,330,104,0.3151515151515151,8036.08,24.351757575757578,69.1,True,58.819810606060614,Medium
CUST01001,High_Mileage,400,127,0.3175,12605.33,31.513325,67.3,True,58.81750000000001,Medium
CUST05338,High_Mileage,408,118,0.2892156862745098,14874.25,36.45649509803921,69.9,False,58.8148774509804,Medium
CUST07975,High_Mileage,275,90,0.3272727272727272,10927.39,39.735963636363635,68.9,True,58.81465909090909,Medium
CUST07896,High_Mileage,369,122,0.3306233062330623,10968.66,29.725365853658538,66.7,True,58.804932249322505,Medium
CUST03918,High_Mileage,425,113,0.2658823529411764,14531.61,34.19202352941176,71.8,False,58.80404411764705,Medium
CUST06233,High_Mileage,394,118,0.299492385786802,6088.9,15.454060913705582,69.2,False,58.79844543147209,Medium
CUST03057,High_Mileage,376,111,0.2952127659574468,9770.71,25.985930851063827,70.1,False,58.79726063829787,Medium
CUST07833,High_Mileage,420,122,0.2904761904761905,13081.09,31.14545238095238,69.4,False,58.79654761904763,Medium
CUST04172,High_Mileage,404,124,0.3069306930693069,9919.54,24.55331683168317,68.2,True,58.79597772277228,Medium
CUST03689,High_Mileage,326,113,0.3466257668711656,13403.12,41.11386503067485,66.0,True,58.79503067484663,Medium
CUST00722,High_Mileage,409,122,0.2982885085574572,6449.25,15.76833740831296,68.9,False,58.794040342298295,Medium
CUST02797,High_Mileage,313,109,0.3482428115015974,10088.54,32.231757188498406,66.1,True,58.790962460063895,Medium
CUST07519,High_Mileage,311,100,0.3215434083601286,11669.58,37.5227652733119,68.8,True,58.78298633440515,Medium
CUST00696,High_Mileage,433,125,0.2886836027713625,9720.67,22.44958429561201,69.3,False,58.779844110854505,Medium
CUST03359,High_Mileage,456,123,0.2697368421052631,12001.94,26.320043859649125,70.8,False,58.77947368421053,Medium
CUST06030,High_Mileage,404,123,0.3044554455445544,7001.7,17.330940594059406,68.4,True,58.77696782178218,Medium
CUST04766,High_Mileage,413,111,0.2687651331719128,11100.86,26.87859564164649,71.7,False,58.776855326876515,Medium
CUST07907,High_Mileage,341,110,0.3225806451612903,8666.83,25.415923753665687,68.0,True,58.77072580645162,Medium
CUST04111,High_Mileage,420,115,0.2738095238095238,13312.94,31.69747619047619,71.0,False,58.76988095238096,Medium
CUST00873,High_Mileage,417,127,0.3045563549160671,7708.85,18.486450839328537,68.0,True,58.76475419664269,Medium
CUST03348,High_Mileage,401,119,0.2967581047381546,12451.63,31.0514463840399,69.2,False,58.761574189526186,Medium
CUST07003,High_Mileage,414,123,0.2971014492753623,15046.9,36.3451690821256,68.8,False,58.7590579710145,Medium
CUST01942,High_Mileage,476,132,0.2773109243697479,11185.58,23.499117647058824,69.7,False,58.758686974789924,Medium
CUST07618,High_Mileage,426,122,0.2863849765258216,13421.91,31.506830985915492,69.6,False,58.756649061032874,Medium
CUST07560,High_Mileage,443,120,0.2708803611738149,13702.03,30.930090293453727,70.8,False,58.7539644469526,Medium
CUST06178,High_Mileage,363,119,0.3278236914600551,12805.15,35.27589531680441,67.0,True,58.752947658402206,Medium
CUST06314,High_Mileage,414,125,0.3019323671497584,11260.91,27.20026570048309,68.3,True,58.75229468599034,Medium
CUST05078,High_Mileage,375,116,0.3093333333333333,13189.71,35.17256,68.6,True,58.749583333333334,Medium
CUST01266,Routine_Commuter,193,74,0.3834196891191709,4753.99,24.632072538860104,63.9,True,58.749287564766846,Medium
CUST00239,High_Mileage,364,105,0.2884615384615384,10628.13,29.198159340659338,70.9,False,58.74846153846154,Medium
CUST01197,High_Mileage,383,122,0.3185378590078329,11371.88,29.69159268929504,67.4,True,58.742764360313316,Medium
CUST01366,High_Mileage,417,118,0.2829736211031175,16492.43,39.550191846522786,70.1,False,58.7414448441247,Medium
CUST00711,High_Mileage,347,116,0.3342939481268011,8899.49,25.646945244956772,66.6,True,58.739257925072046,Medium
CUST01870,High_Mileage,414,131,0.3164251207729469,11051.92,26.69545893719807,66.8,True,58.73200483091788,Medium
CUST04439,High_Mileage,478,134,0.2803347280334728,7537.13,15.76805439330544,69.3,False,58.73088912133891,Medium
CUST07854,High_Mileage,344,111,0.3226744186046512,9096.03,26.441947674418607,67.8,True,58.72947674418605,Medium
CUST02971,High_Mileage,416,121,0.2908653846153846,18001.7,43.27331730769231,69.3,False,58.72711538461539,Medium
CUST03071,High_Mileage,404,118,0.292079207920792,14096.43,34.89215346534654,69.5,False,58.721918316831676,Medium
CUST07973,High_Mileage,435,122,0.2804597701149425,12089.17,27.79119540229885,69.9,False,58.715890804597706,Medium
CUST07055,High_Mileage,326,113,0.3466257668711656,9824.87,30.13763803680982,65.8,True,58.71503067484662,Medium
CUST00238,High_Mileage,339,109,0.3215339233038348,11540.09,34.04156342182891,68.0,True,58.710106932153394,Medium
CUST04541,High_Mileage,390,109,0.2794871794871795,10712.62,27.468256410256412,71.1,False,58.706987179487186,Medium
CUST04308,High_Mileage,400,125,0.3125,14080.38,35.20095,67.5,True,58.697500000000005,Medium
CUST07288,High_Mileage,411,116,0.2822384428223844,5640.3,13.723357664233577,70.2,False,58.69703771289538,Medium
CUST00401,High_Mileage,386,125,0.3238341968911917,11593.89,30.03598445595855,66.7,True,58.69211787564767,Medium
CUST06763,High_Mileage,365,113,0.3095890410958904,6851.49,18.771205479452053,68.6,True,58.686061643835615,Medium
CUST06291,High_Mileage,417,117,0.2805755395683453,16754.88,40.179568345323744,70.2,False,58.68552158273381,Medium
CUST06822,High_Mileage,363,122,0.3360881542699724,12167.26,33.51862258953168,66.0,True,58.6835261707989,Medium
CUST03732,High_Mileage,529,133,0.2514177693761815,9783.86,18.49500945179584,71.7,False,58.680460775047266,Medium
CUST05860,High_Mileage,250,92,0.368,8803.64,35.21456,64.7,True,58.68000000000001,Medium
CUST04636,High_Mileage,403,121,0.3002481389578164,12837.8,31.855583126550865,68.6,True,58.67617555831266,Medium
CUST02080,High_Mileage,370,114,0.3081081081081081,11655.4,31.50108108108108,68.6,True,58.67182432432432,Medium
CUST07304,Routine_Commuter,178,67,0.3764044943820224,2172.31,12.203988764044944,65.3,True,58.671179775280905,Medium
CUST07405,High_Mileage,319,110,0.3448275862068966,6958.04,21.812037617554857,66.0,True,58.668103448275865,Medium
CUST00451,High_Mileage,382,113,0.2958115183246073,12386.28,32.424816753926706,69.5,False,58.6649607329843,Medium
CUST03228,High_Mileage,475,135,0.2842105263157894,13102.69,27.58461052631579,68.8,False,58.664671052631576,Medium
CUST01081,High_Mileage,367,107,0.2915531335149863,9898.47,26.971307901907355,70.3,False,58.66462534059945,Medium
CUST00511,High_Mileage,404,117,0.2896039603960396,17345.72,42.934950495049506,69.6,False,58.662908415841585,Medium
CUST01566,High_Mileage,290,96,0.3310344827586207,8072.81,27.837275862068967,67.9,True,58.66137931034484,Medium
CUST07210,High_Mileage,397,110,0.2770780856423174,11040.59,27.81005037783375,71.0,False,58.65937342569269,Medium
CUST05632,High_Mileage,365,120,0.3287671232876712,15721.99,43.073945205479454,66.6,True,58.65318493150684,Medium
CUST06561,High_Mileage,409,123,0.3007334963325183,12680.23,31.003007334963325,68.3,True,58.651839853300736,Medium
CUST06652,High_Mileage,359,113,0.3147632311977716,11769.8,32.784958217270194,68.1,True,58.64802924791086,Medium
CUST00779,High_Mileage,397,113,0.2846347607052896,10836.32,27.29551637279597,70.2,False,58.64164042821159,Medium
CUST01687,High_Mileage,382,112,0.2931937172774869,10347.97,27.08892670157068,69.7,False,58.64024869109949,Medium
CUST06909,High_Mileage,378,117,0.3095238095238095,12528.3,33.14365079365079,68.2,True,58.63845238095239,Medium
CUST01118,High_Mileage,276,91,0.3297101449275362,9174.87,33.24228260869565,68.2,True,58.63715579710144,Medium
CUST00184,High_Mileage,415,126,0.3036144578313253,4940.31,11.904361445783133,67.8,True,58.63082831325301,Medium
CUST04460,High_Mileage,342,109,0.3187134502923976,8585.85,25.10482456140351,68.0,True,58.62978801169591,Medium
CUST01777,High_Mileage,392,116,0.2959183673469387,10560.96,26.94122448979592,69.2,False,58.62923469387755,Medium
CUST04204,High_Mileage,328,104,0.3170731707317073,4224.31,12.878993902439026,68.5,True,58.629176829268296,Medium
CUST05778,High_Mileage,389,124,0.3187660668380462,10628.76,27.323290488431876,67.0,True,58.62564267352185,Medium
CUST06321,High_Mileage,357,113,0.3165266106442577,11830.79,33.139467787114846,67.9,True,58.62356442577031,Medium
CUST02878,High_Mileage,417,118,0.2829736211031175,17083.09,40.96664268585132,69.8,False,58.6214448441247,Medium
CUST03146,High_Mileage,284,98,0.3450704225352112,7219.69,25.42144366197183,66.5,True,58.619066901408445,Medium
CUST03125,High_Mileage,354,115,0.3248587570621469,10897.73,30.78454802259887,67.1,True,58.61560028248588,Medium
CUST07513,High_Mileage,290,86,0.296551724137931,10605.73,36.57148275862069,71.2,False,58.60206896551725,Medium
CUST02897,High_Mileage,417,124,0.2973621103117506,10384.28,24.90235011990408,68.3,False,58.59698441247003,Medium
CUST07585,High_Mileage,291,101,0.3470790378006873,12793.27,43.96312714776632,66.1,True,58.591911512027494,Medium
CUST05606,High_Mileage,322,106,0.3291925465838509,8195.21,25.45096273291925,67.3,True,58.587701863354035,Medium
CUST02150,High_Mileage,314,113,0.3598726114649681,7992.86,25.45496815286624,64.4,True,58.58365445859873,Medium
CUST04203,High_Mileage,321,107,0.3333333333333333,5938.8,18.500934579439253,66.9,True,58.583333333333336,Medium
CUST06404,Routine_Commuter,189,72,0.3809523809523809,2892.33,15.303333333333333,63.9,True,58.58309523809524,Medium
CUST02149,High_Mileage,347,107,0.30835734870317,9683.61,27.906657060518732,68.8,True,58.5817939481268,Medium
CUST04325,High_Mileage,472,131,0.2775423728813559,10535.06,22.320042372881353,69.3,False,58.58169491525423,Medium
CUST03026,High_Mileage,375,120,0.32,12504.79,33.34610666666667,67.1,True,58.57625,Medium
CUST06313,High_Mileage,321,105,0.3271028037383177,6375.58,19.861619937694705,67.5,True,58.57411214953271,Medium
CUST07799,High_Mileage,344,110,0.3197674418604651,10207.5,29.67296511627907,67.7,True,58.57319767441861,Medium
CUST05950,High_Mileage,325,107,0.3292307692307692,10768.35,33.133384615384614,67.2,True,58.57298076923078,Medium
CUST06485,High_Mileage,407,113,0.2776412776412776,11383.57,27.969459459459458,70.5,False,58.57190110565111,Medium
CUST06519,High_Mileage,435,130,0.2988505747126437,16253.74,37.36491954022989,67.7,False,58.571522988505755,Medium
CUST02273,High_Mileage,322,102,0.3167701863354037,11837.86,36.76354037267081,68.5,True,58.57080745341615,Medium
CUST01632,High_Mileage,325,105,0.3230769230769231,10860.6,33.41723076923077,67.8,True,58.56682692307693,Medium
CUST07266,High_Mileage,380,109,0.2868421052631579,10726.66,28.228052631578947,70.2,False,58.55993421052632,Medium
CUST04767,High_Mileage,313,104,0.3322683706070287,9168.19,29.291341853035146,67.1,True,58.55198482428115,Medium
CUST06247,High_Mileage,515,125,0.2427184466019417,13735.89,26.671631067961165,72.3,False,58.55123786407767,Medium
CUST05000,High_Mileage,274,92,0.3357664233576642,7152.36,26.103503649635034,67.4,True,58.55065693430657,Medium
CUST07887,High_Mileage,359,106,0.2952646239554317,4257.76,11.860055710306408,69.8,False,58.548084958217274,Medium
CUST03745,High_Mileage,334,103,0.3083832335329341,11633.08,34.82958083832335,69.0,True,58.54407934131737,Medium
CUST04965,High_Mileage,378,121,0.3201058201058201,12236.48,32.37164021164021,66.9,True,58.54173280423281,Medium
CUST04656,High_Mileage,368,116,0.3152173913043478,10567.42,28.715815217391302,67.6,True,58.53994565217391,Medium
CUST03704,High_Mileage,350,107,0.3057142857142857,10087.67,28.82191428571429,68.9,True,58.53982142857143,Medium
CUST02977,Routine_Commuter,178,68,0.3820224719101123,3392.08,19.056629213483145,64.4,True,58.5358988764045,Medium
CUST06583,High_Mileage,408,109,0.267156862745098,13711.05,33.60551470588235,71.4,False,58.53252450980393,Medium
CUST04808,High_Mileage,350,110,0.3142857142857143,10955.3,31.30085714285714,68.0,True,58.52267857142857,Medium
CUST03999,High_Mileage,329,102,0.3100303951367781,8738.12,26.559635258358664,68.9,True,58.52121580547113,Medium
CUST00439,High_Mileage,364,120,0.3296703296703296,13700.43,37.638543956043954,66.2,True,58.51681318681319,Medium
CUST01136,High_Mileage,352,109,0.3096590909090909,9375.24,26.634204545454544,68.4,True,58.51511363636364,Medium
CUST03937,Routine_Commuter,185,72,0.3891891891891892,2591.4,14.007567567567568,63.1,True,58.51381756756757,Medium
CUST07026,High_Mileage,298,115,0.3859060402684564,8932.49,29.97479865771812,61.9,True,58.51374161073826,Medium
CUST07161,High_Mileage,350,112,0.32,10609.3,30.31228571428571,67.4,True,58.511250000000004,Medium
CUST07745,High_Mileage,419,118,0.2816229116945107,13283.09,31.70188544152745,69.6,False,58.51116646778043,Medium
CUST07859,High_Mileage,387,120,0.3100775193798449,9820.89,25.376976744186045,67.6,True,58.5068507751938,Medium
CUST01463,High_Mileage,390,116,0.2974358974358974,14426.37,36.990692307692306,68.8,False,58.5049358974359,Medium
CUST04184,High_Mileage,329,117,0.3556231003039514,8160.99,24.805440729483283,64.3,True,58.50492401215806,Medium
CUST01804,High_Mileage,402,121,0.3009950248756219,7942.06,19.75636815920398,68.1,True,58.50105099502487,Medium
CUST03744,High_Mileage,390,114,0.2923076923076923,15533.39,39.829205128205125,69.3,False,58.4998076923077,Medium
CUST01529,High_Mileage,433,112,0.2586605080831409,9690.04,22.37884526558892,71.6,False,58.49892032332564,Medium
CUST01062,High_Mileage,399,124,0.3107769423558897,15184.68,38.05684210526316,67.2,True,58.49857769423559,Medium
CUST07400,High_Mileage,257,93,0.3618677042801556,7761.12,30.198910505836576,64.8,True,58.48970817120623,Medium
CUST05286,High_Mileage,384,121,0.3151041666666667,13985.08,36.41947916666667,67.1,True,58.48916666666667,Medium
CUST04911,High_Mileage,417,112,0.2685851318944844,11783.46,28.257697841726618,70.9,False,58.48590527577938,Medium
CUST02132,High_Mileage,345,108,0.3130434782608696,9157.45,26.543333333333337,68.1,True,58.47548913043478,Medium
CUST00550,High_Mileage,340,112,0.3294117647058823,7282.55,21.41926470588235,66.6,True,58.47522058823529,Medium
CUST06448,High_Mileage,424,111,0.2617924528301887,11197.71,26.409693396226412,71.4,False,58.47419811320756,Medium
CUST06121,High_Mileage,461,126,0.2733188720173535,12096.45,26.23958785249458,69.6,False,58.47400488069414,Medium
CUST05906,High_Mileage,353,111,0.3144475920679886,7772.56,22.0185835694051,67.8,True,58.47290368271955,Medium
CUST01264,High_Mileage,281,86,0.3060498220640569,6182.03,22.000106761565835,70.1,True,58.471992882562276,Medium
CUST04483,Routine_Commuter,169,70,0.4142011834319526,2889.5,17.097633136094675,61.9,True,58.470547337278106,Medium
CUST02998,High_Mileage,381,114,0.2992125984251969,16079.63,42.20375328083989,68.7,False,58.46975393700788,Medium
CUST02289,High_Mileage,320,93,0.290625,12745.65,39.83015625,70.9,False,58.46875000000001,Medium
CUST07697,High_Mileage,378,118,0.3121693121693121,13137.97,34.75653439153439,67.5,True,58.46427248677249,Medium
CUST05067,High_Mileage,344,118,0.3430232558139535,9457.26,27.49203488372093,65.1,True,58.46343023255814,Medium
CUST05070,High_Mileage,334,108,0.3233532934131736,13938.55,41.73218562874251,67.3,True,58.462881736526946,Medium
CUST01485,High_Mileage,349,112,0.3209169054441261,9770.4,27.995415472779367,67.2,True,58.45792621776505,Medium
CUST03898,High_Mileage,372,111,0.2983870967741935,15220.97,40.916586021505374,69.0,False,58.45548387096774,Medium
CUST00450,High_Mileage,287,98,0.3414634146341463,5530.09,19.268606271777003,66.4,True,58.452286585365854,Medium
CUST01249,High_Mileage,429,109,0.2540792540792541,11511.22,26.83268065268065,72.0,False,58.44692016317016,Medium
CUST05254,High_Mileage,332,103,0.3102409638554217,9876.79,29.74936746987952,68.6,True,58.444638554216866,Medium
CUST03352,High_Mileage,444,122,0.2747747747747748,14246.7,32.087162162162166,69.6,False,58.44099099099099,Medium
CUST00421,High_Mileage,295,96,0.3254237288135593,4615.68,15.646372881355934,67.8,True,58.43569915254237,Medium
CUST02857,High_Mileage,376,117,0.3111702127659574,11738.73,31.22002659574468,67.6,True,58.4355585106383,Medium
CUST04891,High_Mileage,356,110,0.3089887640449438,11256.19,31.618511235955054,68.2,True,58.43330056179775,Medium
CUST02636,High_Mileage,379,119,0.3139841688654353,9419.12,24.85255936675462,67.2,True,58.43186675461742,Medium
CUST04391,High_Mileage,334,107,0.3203592814371258,10969.55,32.84296407185629,67.5,True,58.42312125748503,Medium
CUST03424,High_Mileage,357,109,0.3053221288515406,10646.06,29.820896358543415,68.5,True,58.41538515406163,Medium
CUST01206,Routine_Commuter,203,72,0.354679802955665,5962.46,29.371724137931036,65.7,True,58.407192118226604,Medium
CUST01799,High_Mileage,323,98,0.3034055727554179,9713.31,30.072167182662536,69.4,True,58.40622291021673,Medium
CUST05687,High_Mileage,342,104,0.3040935672514619,9867.93,28.85359649122807,68.9,True,58.40499269005848,Medium
CUST01193,High_Mileage,396,116,0.2929292929292929,10559.1,26.66439393939394,68.8,False,58.40092171717172,Medium
CUST07426,High_Mileage,243,84,0.345679012345679,6124.27,25.202757201646097,66.3,True,58.39966049382716,Medium
CUST04772,High_Mileage,300,98,0.3266666666666666,10564.13,35.213766666666665,67.5,True,58.399166666666666,Medium
CUST00588,High_Mileage,284,93,0.3274647887323944,8053.64,28.357887323943665,67.7,True,58.394841549295776,Medium
CUST07941,High_Mileage,338,99,0.2928994082840236,8870.52,26.24414201183432,70.1,False,58.39472633136094,Medium
CUST07780,Routine_Commuter,187,72,0.3850267379679144,3678.98,19.67368983957219,63.1,True,58.393569518716575,Medium
CUST01926,High_Mileage,355,114,0.3211267605633803,8475.95,23.87591549295775,66.9,True,58.39257042253522,Medium
CUST01481,High_Mileage,318,98,0.3081761006289308,10403.39,32.71506289308176,69.0,True,58.390794025157234,Medium
CUST07627,High_Mileage,222,82,0.3693693693693693,8889.51,40.04283783783784,64.0,True,58.38727477477478,Medium
CUST06668,Routine_Commuter,180,69,0.3833333333333333,5578.2300000000005,30.99016666666667,63.7,True,58.38708333333334,Medium
CUST03249,High_Mileage,278,94,0.3381294964028777,14591.49,52.48737410071942,66.7,True,58.380179856115106,Medium
CUST02595,High_Mileage,328,99,0.3018292682926829,15049.66,45.88310975609756,69.4,True,58.37942073170733,Medium
CUST03888,High_Mileage,348,110,0.3160919540229885,9967.98,28.643620689655172,67.5,True,58.37867816091954,Medium
CUST00154,High_Mileage,330,102,0.3090909090909091,10348.71,31.35972727272727,68.6,True,58.37738636363636,Medium
CUST07036,High_Mileage,306,97,0.3169934640522875,8641.63,28.24062091503268,68.3,True,58.37598856209151,Medium
CUST04353,High_Mileage,355,111,0.3126760563380282,7468.01,21.036647887323944,67.7,True,58.374542253521135,Medium
CUST01450,High_Mileage,415,120,0.2891566265060241,11576.22,27.894506024096383,68.6,False,58.372515060240964,Medium
CUST07741,High_Mileage,380,111,0.2921052631578947,5828.21,15.337394736842104,69.2,False,58.37046052631579,Medium
CUST04864,High_Mileage,350,102,0.2914285714285714,7552.48,21.578514285714288,69.9,False,58.368392857142865,Medium
CUST00593,High_Mileage,395,123,0.3113924050632911,10488.26,26.552556962025317,66.9,True,58.36694620253165,Medium
CUST03974,High_Mileage,301,101,0.335548172757475,9776.35,32.47956810631229,66.5,True,58.366926910299,Medium
CUST04191,High_Mileage,483,124,0.2567287784679089,16730.43,34.63857142857143,70.7,False,58.366651138716364,Medium
CUST03652,High_Mileage,378,108,0.2857142857142857,11851.12,31.352169312169313,69.9,False,58.36607142857143,Medium
CUST06449,High_Mileage,324,95,0.2932098765432099,7549.67,23.30145061728395,70.3,False,58.365895061728395,Medium
CUST00534,High_Mileage,340,108,0.3176470588235294,10416.72,30.63741176470588,67.5,True,58.36463235294117,Medium
CUST05244,High_Mileage,269,90,0.3345724907063197,7971.7,29.63457249070632,67.1,True,58.36414962825279,Medium
CUST00745,High_Mileage,389,114,0.2930591259640103,14322.5,36.818766066838045,68.9,False,58.35736503856042,Medium
CUST01221,High_Mileage,378,109,0.2883597883597883,12616.63,33.37732804232804,69.6,False,58.35189153439154,Medium
CUST00807,High_Mileage,364,109,0.2994505494505494,10705.24,29.41,68.8,False,58.348021978021976,Medium
CUST05684,High_Mileage,381,117,0.3070866141732283,9574.64,25.13028871391076,67.6,True,58.344714566929134,Medium
CUST05710,High_Mileage,385,111,0.2883116883116883,18493.23,48.03436363636363,69.4,False,58.34371753246754,Medium
CUST04069,High_Mileage,298,103,0.3456375838926174,7158.55,24.02197986577181,65.5,True,58.3430033557047,Medium
CUST04511,High_Mileage,266,86,0.3233082706766917,7257.27,27.282969924812033,68.2,True,58.338580827067666,Medium
CUST04093,High_Mileage,342,100,0.2923976608187134,7212.98,21.090584795321636,69.9,False,58.33715643274854,Medium
CUST01242,High_Mileage,337,106,0.314540059347181,9056.67,26.87439169139466,67.8,True,58.33410237388725,Medium
CUST06922,High_Mileage,410,108,0.2634146341463415,12651.95,30.858414634146342,71.2,False,58.33408536585367,Medium
CUST07038,High_Mileage,318,102,0.320754716981132,12409.45,39.023427672955975,67.6,True,58.33393867924528,Medium
CUST04649,High_Mileage,366,114,0.3114754098360656,10413.72,28.4527868852459,67.5,True,58.332766393442625,Medium
CUST05439,High_Mileage,329,109,0.331306990881459,10604.06,32.23118541033435,66.3,True,58.33227963525836,Medium
CUST02639,High_Mileage,392,117,0.298469387755102,10257.44,26.166938775510204,68.2,False,58.33127551020408,Medium
CUST01864,High_Mileage,381,113,0.2965879265091863,10932.45,28.694094488188977,68.6,False,58.324767060367456,Medium
CUST02587,High_Mileage,381,108,0.2834645669291338,7994.2,20.982152230971128,69.9,False,58.31983267716536,Medium
CUST04688,High_Mileage,344,103,0.2994186046511627,9080.31,26.39625,69.1,False,58.31924418604651,Medium
CUST02836,Routine_Commuter,196,68,0.3469387755102041,4260.75,21.738520408163264,66.4,True,58.318801020408166,Medium
CUST00209,High_Mileage,289,95,0.328719723183391,9011.96,31.183252595155707,67.3,True,58.31753892733564,Medium
CUST01624,High_Mileage,400,106,0.265,11840.98,29.602449999999997,71.3,False,58.31750000000001,Medium
CUST00562,High_Mileage,393,115,0.2926208651399491,11767.6,29.943002544529264,68.7,False,58.31108460559797,Medium
CUST01129,High_Mileage,300,100,0.3333333333333333,8419.39,28.064633333333333,66.6,True,58.30583333333333,Medium
CUST07353,High_Mileage,401,120,0.2992518703241895,15637.67,38.99668329177057,67.8,False,58.30132481296758,Medium
CUST07195,High_Mileage,464,127,0.2737068965517241,14102.9,30.39418103448276,69.1,False,58.300775862068974,Medium
CUST07382,High_Mileage,370,115,0.3108108108108108,10618.9,28.69972972972973,67.4,True,58.299932432432435,Medium
CUST00050,High_Mileage,282,96,0.3404255319148936,9152.05,32.4540780141844,66.2,True,58.29952127659575,Medium
CUST05459,High_Mileage,317,104,0.3280757097791798,9140.33,28.83384858044164,66.8,True,58.296778391167194,Medium
CUST04940,High_Mileage,312,98,0.3141025641025641,4222.95,13.535096153846151,68.3,True,58.29535256410256,Medium
CUST05086,High_Mileage,282,92,0.3262411347517731,9597.1,34.032269503546104,67.6,True,58.29214539007093,Medium
CUST06508,High_Mileage,342,103,0.3011695906432748,10662.44,31.17672514619883,68.9,True,58.288033625731,Medium
CUST04020,High_Mileage,300,98,0.3266666666666666,8119.19,27.063966666666666,67.2,True,58.27916666666667,Medium
CUST03306,High_Mileage,400,114,0.285,11144.11,27.860275,69.2,False,58.2775,Medium
CUST03649,High_Mileage,377,101,0.2679045092838196,7264.39,19.26893899204244,71.5,False,58.27743037135279,Medium
CUST01237,High_Mileage,266,97,0.3646616541353383,7780.5,29.25,63.9,True,58.272716165413534,Medium
CUST06434,High_Mileage,357,107,0.299719887955182,10608.31,29.71515406162465,68.7,False,58.27129551820729,Medium
CUST01234,High_Mileage,297,95,0.3198653198653198,11524.68,38.803636363636365,67.9,True,58.2646127946128,Medium
CUST07129,High_Mileage,334,102,0.3053892215568862,12478.02,37.35934131736527,68.6,True,58.264318862275445,Medium
CUST06527,High_Mileage,359,107,0.298050139275766,10713.76,29.8433426183844,68.8,False,58.259505571030644,Medium
CUST07317,High_Mileage,348,102,0.293103448275862,10418.74,29.938908045977012,69.5,False,58.25913793103448,Medium
CUST06568,High_Mileage,287,92,0.3205574912891986,3597.31,12.53418118466899,68.0,True,58.25604965156795,Medium
CUST03464,High_Mileage,358,101,0.2821229050279329,12148.46,33.93424581005587,70.4,False,58.254916201117325,Medium
CUST02965,High_Mileage,333,106,0.3183183183183183,13868.08,41.64588588588589,67.3,True,58.25398273273274,Medium
CUST05512,High_Mileage,351,106,0.301994301994302,8963.98,25.53840455840456,68.5,True,58.24227207977208,Medium
CUST01688,High_Mileage,345,107,0.3101449275362319,9993.36,28.966260869565215,67.8,True,58.239547101449276,Medium
CUST03328,High_Mileage,467,126,0.2698072805139186,13445.67,28.79158458244111,69.3,False,58.238541220556755,Medium
CUST04175,High_Mileage,376,114,0.3031914893617021,12825.61,34.11066489361702,67.9,True,58.236409574468084,Medium
CUST02414,High_Mileage,380,112,0.2947368421052631,14374.08,37.82652631578947,68.6,False,58.23572368421052,Medium
CUST05415,High_Mileage,281,95,0.3380782918149466,6512.83,23.177330960854093,66.3,True,58.233131672597864,Medium
CUST03410,High_Mileage,410,118,0.2878048780487804,11065.99,26.99021951219512,68.5,False,58.229695121951224,Medium
CUST00775,High_Mileage,320,101,0.315625,11944.91,37.32784375,67.8,True,58.228750000000005,Medium
CUST00086,High_Mileage,319,95,0.2978056426332288,7439.83,23.32235109717868,69.6,False,58.227225705329154,Medium
CUST03302,High_Mileage,353,106,0.3002832861189802,6015.39,17.040764872521247,68.6,True,58.22633144475921,Medium
CUST02247,High_Mileage,401,124,0.3092269326683292,15312.54,38.18588528678305,66.6,True,58.22032730673317,Medium
CUST05638,High_Mileage,342,99,0.2894736842105263,8501.43,24.857982456140352,69.9,False,58.22019736842107,Medium
CUST02133,High_Mileage,266,90,0.3383458646616541,14012.16,52.67729323308271,66.4,True,58.220084586466164,Medium
CUST07784,High_Mileage,419,112,0.2673031026252983,10447.51,24.93439140811456,70.3,False,58.21837410501193,Medium
CUST04942,High_Mileage,287,90,0.313588850174216,8144.75,28.378919860627175,68.6,True,58.21730400696864,Medium
CUST00539,High_Mileage,287,90,0.313588850174216,10074.3,35.10209059233449,68.6,True,58.21730400696864,Medium
CUST00292,High_Mileage,378,113,0.2989417989417989,12038.13,31.84690476190476,68.2,False,58.215171957671956,Medium
CUST05142,High_Mileage,312,92,0.2948717948717949,5952.54,19.078653846153845,70.0,False,58.20612179487179,Medium
CUST06113,High_Mileage,339,102,0.3008849557522124,7018.6,20.70383480825959,68.8,True,58.20414823008851,Medium
CUST07231,High_Mileage,396,116,0.2929292929292929,9539.92,24.090707070707072,68.3,False,58.20092171717172,Medium
CUST06657,High_Mileage,376,108,0.2872340425531915,4762.16,12.66531914893617,69.4,False,58.19811170212766,Medium
CUST00802,High_Mileage,304,93,0.3059210526315789,8122.62,26.719144736842104,69.0,True,58.19809210526316,Medium
CUST03001,Routine_Commuter,183,63,0.3442622950819672,6081.38,33.23158469945355,66.9,True,58.19174180327869,Medium
CUST05096,High_Mileage,310,97,0.3129032258064516,7447.11,24.022935483870967,68.2,True,58.19112903225806,Medium
CUST04030,High_Mileage,295,93,0.3152542372881356,4777.37,16.194474576271187,68.2,True,58.188919491525425,Medium
CUST00150,High_Mileage,409,108,0.2640586797066014,12689.15,31.02481662591687,70.8,False,58.18484718826406,Medium
CUST00749,High_Mileage,260,85,0.3269230769230769,11046.27,42.485653846153845,67.5,True,58.180673076923085,Medium
CUST01918,Routine_Commuter,210,72,0.3428571428571428,5040.03,24.000142857142855,66.2,True,58.18053571428571,Medium
CUST01042,High_Mileage,306,97,0.3169934640522875,8131.11,26.572254901960783,67.8,True,58.175988562091504,Medium
CUST06870,High_Mileage,275,90,0.3272727272727272,7346.57,26.7148,67.3,True,58.17465909090909,Medium
CUST06423,High_Mileage,377,97,0.2572944297082228,14250.89,37.80076923076923,72.3,False,58.173027188328916,Medium
CUST03175,High_Mileage,373,103,0.2761394101876676,17789.33,47.69257372654156,70.5,False,58.1718264075067,Medium
CUST05196,Routine_Commuter,167,62,0.3712574850299401,4832.4,28.936526946107783,65.7,True,58.17154940119761,Medium
CUST01630,High_Mileage,281,94,0.3345195729537366,8238.88,29.31985765124555,66.5,True,58.17078291814947,Medium
CUST00189,High_Mileage,388,110,0.2835051546391752,11713.39,30.18914948453608,69.4,False,58.16895618556702,Medium
CUST04277,High_Mileage,313,100,0.3194888178913738,7544.29,24.103162939297125,67.4,True,58.16080271565495,Medium
CUST02862,High_Mileage,300,92,0.3066666666666666,7684.98,25.6166,68.9,True,58.15916666666667,Medium
CUST05062,High_Mileage,269,87,0.3234200743494423,6823.96,25.367881040892193,67.7,True,58.15805297397769,Medium
CUST07505,Routine_Commuter,177,65,0.3672316384180791,4132.85,23.34943502824859,65.0,True,58.15801553672316,Medium
CUST00862,High_Mileage,380,120,0.3157894736842105,9824.21,25.853184210526315,66.3,True,58.15782894736842,Medium
CUST04676,High_Mileage,366,112,0.3060109289617486,11676.73,31.90363387978142,67.6,True,58.154187158469945,Medium
CUST06332,High_Mileage,331,105,0.3172205438066465,18370.4,55.499697885196376,67.2,True,58.15382175226586,Medium
CUST06793,High_Mileage,391,110,0.2813299232736573,9668.92,24.728695652173915,69.5,False,58.153196930946294,Medium
CUST04012,High_Mileage,340,96,0.2823529411764706,7280.4,21.412941176470586,70.5,False,58.15286764705883,Medium
CUST06949,High_Mileage,407,103,0.253071253071253,10910.21,26.806412776412778,71.9,False,58.14910012285013,Medium
CUST04945,High_Mileage,344,106,0.3081395348837209,12065.48,35.07406976744186,67.8,True,58.14808139534884,Medium
CUST04524,High_Mileage,380,99,0.2605263157894736,12976.64,34.14905263157895,71.8,False,58.147302631578945,Medium
CUST02816,High_Mileage,378,107,0.2830687830687831,11131.8,29.449206349206342,69.6,False,58.140251322751325,Medium
CUST06932,High_Mileage,327,102,0.3119266055045872,10397.8,31.79755351681957,67.8,True,58.13456422018349,Medium
CUST02099,Routine_Commuter,177,67,0.3785310734463277,4154.28,23.47050847457627,63.8,True,58.1299929378531,Medium
CUST03345,High_Mileage,290,93,0.3206896551724137,11317.66,39.02641379310345,67.6,True,58.12758620689655,Medium
CUST03625,High_Mileage,299,96,0.3210702341137124,10284.2,34.39531772575251,67.4,True,58.1253093645485,Medium
CUST06004,High_Mileage,322,100,0.3105590062111801,7334.78,22.778819875776396,68.0,True,58.12236024844721,Medium
CUST03605,Routine_Commuter,176,72,0.4090909090909091,6159.0599999999995,34.99465909090909,60.8,True,58.11988636363637,Medium
CUST04348,High_Mileage,378,120,0.3174603174603174,12050.42,31.87941798941799,66.1,True,58.1159126984127,Medium
CUST03562,High_Mileage,297,93,0.3131313131313131,8133.52,27.385589225589225,68.2,True,58.11525252525253,Medium
CUST06730,High_Mileage,392,109,0.2780612244897959,8374.14,21.362602040816324,69.7,False,58.114948979591844,Medium
CUST00980,High_Mileage,339,108,0.3185840707964602,10434.46,30.78011799410029,66.8,True,58.11211283185841,Medium
CUST05839,High_Mileage,380,116,0.3052631578947368,10254.21,26.984763157894733,67.2,True,58.09677631578948,Medium
CUST03978,High_Mileage,357,99,0.2773109243697479,11119.04,31.14577030812325,70.5,False,58.094936974789924,Medium
CUST00044,High_Mileage,347,101,0.2910662824207493,12792.86,36.86703170028819,69.3,False,58.090151296829966,Medium
CUST01393,High_Mileage,283,99,0.3498233215547703,11796.09,41.682296819787986,64.7,True,58.084182862190815,Medium
CUST01279,High_Mileage,359,109,0.3036211699164345,9075.3,25.279387186629524,67.8,True,58.08234679665738,Medium
CUST07951,High_Mileage,318,99,0.3113207547169811,10255.77,32.250849056603776,67.9,True,58.076580188679245,Medium
CUST01382,Routine_Commuter,202,69,0.3415841584158416,4536.83,22.459554455445545,66.2,True,58.07336633663367,Medium
CUST05923,Routine_Commuter,197,73,0.3705583756345177,3469.4,17.611167512690354,63.4,True,58.07108502538071,Medium
CUST07282,Routine_Commuter,170,67,0.3941176470588235,4297.42,25.27894117647059,62.8,True,58.07095588235295,Medium
CUST05821,High_Mileage,396,104,0.2626262626262626,10480.63,26.46623737373737,71.0,False,58.06880050505051,Medium
CUST04350,High_Mileage,346,103,0.2976878612716763,10252.05,29.630202312138728,68.6,False,58.06876445086705,Medium
CUST06205,Routine_Commuter,206,72,0.3495145631067961,5232.38,25.39990291262136,65.3,True,58.059332524271845,Medium
CUST00836,High_Mileage,368,106,0.2880434782608695,10091.47,27.422472826086956,69.1,False,58.05298913043478,Medium
CUST07871,High_Mileage,276,90,0.3260869565217391,7520.63,27.248659420289854,67.1,True,58.05222826086957,Medium
CUST02242,High_Mileage,248,81,0.3266129032258064,6943.47,27.99786290322581,67.3,True,58.05201612903226,Medium
CUST00063,High_Mileage,292,102,0.3493150684931507,6426.56,22.008767123287672,64.5,True,58.05010273972603,Medium
CUST05231,High_Mileage,282,90,0.3191489361702128,9386.17,33.284290780141845,67.7,True,58.04845744680851,Medium
CUST02974,Routine_Commuter,186,66,0.3548387096774194,3785.95,20.354569892473116,65.3,True,58.044798387096776,Medium
CUST01623,High_Mileage,403,115,0.2853598014888337,10264.43,25.470049627791564,68.5,False,58.040642059553356,Medium
CUST07823,High_Mileage,292,92,0.3150684931506849,7930.82,27.160342465753423,67.9,True,58.04023972602741,Medium
CUST03131,Routine_Commuter,187,69,0.3689839572192513,3124.22,16.70705882352941,63.8,True,58.03185828877005,Medium
CUST04856,High_Mileage,270,91,0.337037037037037,6327.91,23.436703703703703,66.0,True,58.02648148148148,Medium
CUST03881,High_Mileage,409,108,0.2640586797066014,13874.78,33.92366748166259,70.4,False,58.02484718826406,Medium
CUST07599,High_Mileage,292,91,0.3116438356164384,9121.29,31.237294520547948,68.2,True,58.02325342465754,Medium
CUST00771,High_Mileage,311,100,0.3215434083601286,7409.39,23.824405144694538,66.9,True,58.02298633440515,Medium
CUST00971,High_Mileage,264,77,0.2916666666666667,4829.22,18.2925,70.6,False,58.02291666666667,Medium
CUST00489,High_Mileage,345,102,0.2956521739130435,9186.8,26.628405797101447,68.7,False,58.01983695652174,Medium
CUST02980,High_Mileage,364,103,0.2829670329670329,10578.28,29.06120879120879,69.6,False,58.00868131868132,Medium
CUST04581,High_Mileage,341,99,0.2903225806451613,10111.85,29.65351906158358,69.3,False,58.00040322580645,Medium
CUST00058,High_Mileage,418,112,0.2679425837320574,12296.6,29.4177033492823,69.7,False,57.9939533492823,Medium
CUST05785,High_Mileage,326,97,0.2975460122699386,6296.4800000000005,19.31435582822086,68.9,False,57.99184049079755,Medium
CUST02442,Routine_Commuter,215,72,0.3348837209302325,4793.31,22.29446511627907,66.5,True,57.99159883720931,Medium
CUST05184,High_Mileage,375,113,0.3013333333333333,9592.44,25.57984,67.5,True,57.98958333333333,Medium
CUST00083,High_Mileage,301,96,0.3189368770764119,10162.61,33.76282392026578,67.2,True,57.98247508305648,Medium
CUST01476,Routine_Commuter,168,60,0.3571428571428571,5432.99,32.33922619047619,66.5,True,57.980714285714285,Medium
CUST05780,High_Mileage,266,82,0.3082706766917293,11716.32,44.04631578947368,68.8,True,57.97707706766917,Medium
CUST01938,High_Mileage,312,93,0.2980769230769231,8595.15,27.548557692307693,69.1,False,57.974326923076916,Medium
CUST00541,High_Mileage,336,102,0.3035714285714285,7258.59,21.60294642857143,68.0,True,57.96910714285714,Medium
CUST01592,Routine_Commuter,182,69,0.3791208791208791,4781.33,26.27104395604395,62.9,True,57.966085164835164,Medium
CUST00366,Routine_Commuter,180,66,0.3666666666666666,5020.51,27.891722222222224,64.3,True,57.96041666666666,Medium
CUST00952,High_Mileage,341,101,0.2961876832844575,9130.04,26.774310850439885,68.6,False,57.9550073313783,Medium
CUST06081,High_Mileage,324,103,0.3179012345679012,6124.9,18.90401234567901,66.8,True,57.95354938271605,Medium
CUST01409,Routine_Commuter,171,65,0.3801169590643274,6499.97,38.011520467836256,63.8,True,57.953428362573106,Medium
CUST05999,Routine_Commuter,163,69,0.4233128834355828,4362.69,26.764969325153373,60.5,True,57.95001533742332,Medium
CUST06716,High_Mileage,319,88,0.2758620689655172,14977.6,46.95172413793104,71.1,False,57.94948275862069,Medium
CUST00990,High_Mileage,242,72,0.2975206611570248,6810.31,28.141776859504137,70.0,False,57.947076446280995,Medium
CUST07810,High_Mileage,298,92,0.3087248322147651,8209.73,27.54942953020134,68.2,True,57.94649328859061,Medium
CUST04403,High_Mileage,351,102,0.2905982905982906,13134.29,37.41962962962963,68.9,False,57.94643162393163,Medium
CUST01528,Routine_Commuter,177,66,0.3728813559322034,4387.93,24.790564971751415,63.9,True,57.94400423728814,Medium
CUST01471,High_Mileage,387,101,0.2609819121447028,8757.05,22.62803617571059,71.1,False,57.94302648578811,Medium
CUST01208,High_Mileage,329,88,0.2674772036474164,10334.97,31.41328267477203,71.7,False,57.93908814589666,Medium
CUST06558,High_Mileage,374,98,0.2620320855614973,13364.99,35.735267379679144,71.3,False,57.9312834224599,Medium
CUST01484,High_Mileage,303,101,0.3333333333333333,10696.66,35.302508250825085,65.6,True,57.930833333333325,Medium
CUST04264,High_Mileage,261,80,0.3065134099616858,8657.41,33.17015325670498,68.9,True,57.92928639846744,Medium
CUST05611,High_Mileage,410,110,0.2682926829268293,16173.48,39.44751219512195,69.7,False,57.92920731707318,Medium
CUST03420,High_Mileage,335,82,0.244776119402985,9683.88,28.907104477611934,73.8,False,57.92854477611941,Medium
CUST00491,Routine_Commuter,182,69,0.3791208791208791,4445.93,24.428186813186816,62.8,True,57.926085164835165,Medium
CUST03236,High_Mileage,355,102,0.2873239436619718,16330.94,46.002647887323945,69.1,False,57.920457746478874,Medium
CUST00694,High_Mileage,385,105,0.2727272727272727,12272.75,31.87727272727273,69.9,False,57.92034090909091,Medium
CUST04582,High_Mileage,265,84,0.3169811320754717,8313.14,31.370339622641502,67.8,True,57.91924528301887,Medium
CUST03696,Routine_Commuter,177,65,0.3672316384180791,4485.2,25.34011299435028,64.4,True,57.91801553672317,Medium
CUST05803,High_Mileage,302,87,0.2880794701986754,8412.1,27.854635761589407,70.1,False,57.91567880794702,Medium
CUST02308,Routine_Commuter,184,66,0.358695652173913,3029.86,16.46663043478261,64.7,True,57.90907608695653,Medium
CUST03039,High_Mileage,289,88,0.3044982698961938,10084.29,34.89373702422146,68.7,True,57.90868079584776,Medium
CUST02398,High_Mileage,342,97,0.283625730994152,13064.52,38.20035087719298,69.7,False,57.90627923976609,Medium
CUST03737,High_Mileage,396,100,0.2525252525252525,14207.42,35.877323232323235,71.6,False,57.904760101010105,Medium
CUST04213,High_Mileage,313,103,0.329073482428115,9340.45,29.841693290734828,65.8,True,57.9041892971246,Medium
CUST01863,High_Mileage,309,96,0.3106796116504854,9791.62,31.688090614886733,67.7,True,57.89843446601942,Medium
CUST06703,High_Mileage,361,97,0.2686980609418282,12642.42,35.0205540166205,70.8,False,57.89667243767313,Medium
CUST00080,High_Mileage,336,95,0.2827380952380952,7265.0,21.62202380952381,69.9,False,57.89577380952381,Medium
CUST00037,High_Mileage,330,98,0.296969696969697,9571.75,29.00530303030303,68.6,False,57.89253787878788,Medium
CUST02960,High_Mileage,363,101,0.2782369146005509,11858.9,32.66914600550964,69.8,False,57.889476584022034,Medium
CUST01824,High_Mileage,375,100,0.2666666666666666,15809.24,42.15797333333333,70.7,False,57.88291666666666,Medium
CUST05584,High_Mileage,390,99,0.2538461538461538,12796.07,32.810435897435895,71.6,False,57.88134615384615,Medium
CUST00099,Routine_Commuter,170,65,0.3823529411764705,4407.86,25.92858823529411,63.5,True,57.880367647058826,Medium
CUST04336,High_Mileage,377,101,0.2679045092838196,12152.3,32.234217506631296,70.5,False,57.87743037135279,Medium
CUST03639,High_Mileage,396,112,0.2828282828282828,12458.25,31.460227272727273,68.5,False,57.876881313131314,Medium
CUST06308,Routine_Commuter,204,69,0.3382352941176471,4603.37,22.565539215686275,66.0,True,57.87441176470589,Medium
CUST06969,High_Mileage,350,98,0.28,8804.66,25.15617142857143,69.8,False,57.87125,Medium
CUST07739,High_Mileage,365,107,0.2931506849315068,10424.72,28.560876712328767,68.2,False,57.86852739726028,Medium
CUST06290,High_Mileage,228,75,0.3289473684210526,6404.53,28.09004385964912,66.7,True,57.86039473684211,Medium
CUST06214,Routine_Commuter,210,68,0.3238095238095238,4083.93,19.447285714285712,67.3,True,57.85863095238095,Medium
CUST05114,High_Mileage,287,88,0.3066202090592334,11781.75,41.051393728223,68.4,True,57.85855836236934,Medium
CUST04707,Routine_Commuter,192,60,0.3125,3882.81,20.22296875,68.8,True,57.8575,Medium
CUST01163,High_Mileage,285,90,0.3157894736842105,7436.46,26.09284210526316,67.5,True,57.85282894736842,Medium
CUST00110,Routine_Commuter,179,63,0.3519553072625698,2587.64,14.45608938547486,65.6,True,57.84571229050279,Medium
CUST06987,Routine_Commuter,175,66,0.3771428571428571,3662.58,20.92902857142857,63.4,True,57.84196428571428,Medium
CUST02796,High_Mileage,315,98,0.3111111111111111,10160.29,32.25488888888889,67.4,True,57.84069444444445,Medium
CUST01226,High_Mileage,279,83,0.2974910394265233,12878.6,46.15985663082437,69.4,False,57.83839157706094,Medium
CUST00925,High_Mileage,293,84,0.2866894197952218,11285.78,38.5180204778157,70.2,False,57.83507679180887,Medium
CUST00625,Routine_Commuter,180,62,0.3444444444444444,5282.99,29.349944444444443,66.2,True,57.83152777777778,Medium
CUST04178,High_Mileage,283,100,0.3533568904593639,10692.08,37.78120141342756,63.7,True,57.82552561837457,Medium
CUST05920,Routine_Commuter,219,75,0.3424657534246575,6090.4,27.810045662100453,65.3,True,57.8248801369863,Medium
CUST06642,High_Mileage,315,90,0.2857142857142857,9269.1,29.425714285714285,69.9,False,57.82482142857143,Medium
CUST03046,High_Mileage,343,92,0.2682215743440233,8246.22,24.04145772594752,71.0,False,57.82261297376093,Medium
CUST01018,Routine_Commuter,190,69,0.3631578947368421,3873.88,20.38884210526316,63.7,True,57.81381578947369,Medium
CUST04790,Routine_Commuter,194,63,0.3247422680412371,3314.65,17.08582474226804,67.4,True,57.81344072164949,Medium
CUST03395,High_Mileage,328,95,0.2896341463414634,5922.06,18.055060975609756,69.2,False,57.81161585365854,Medium
CUST03544,High_Mileage,322,92,0.2857142857142857,12694.04,39.42248447204969,69.7,False,57.80857142857143,Medium
CUST03926,High_Mileage,336,104,0.3095238095238095,10716.04,31.89297619047619,67.0,True,57.807202380952376,Medium
CUST00530,Routine_Commuter,171,64,0.3742690058479532,3101.64,18.138245614035085,64.0,True,57.79951023391813,Medium
CUST01274,High_Mileage,293,89,0.3037542662116041,7959.29,27.16481228668942,68.4,True,57.79767064846417,Medium
CUST03526,Routine_Commuter,172,64,0.3720930232558139,3957.25,23.007267441860463,64.1,True,57.79372093023256,Medium
CUST03846,High_Mileage,286,91,0.3181818181818182,5830.61,20.38674825174825,67.1,True,57.792272727272724,Medium
CUST00479,High_Mileage,317,93,0.2933753943217665,11145.98,35.160820189274446,69.0,False,57.78876577287066,Medium
CUST06431,High_Mileage,305,88,0.2885245901639344,7087.26,23.236918032786885,69.7,False,57.78848360655738,Medium
CUST00057,High_Mileage,360,91,0.2527777777777777,12350.98,34.308277777777775,72.1,False,57.776111111111106,Medium
CUST07160,Routine_Commuter,192,69,0.359375,5798.05,30.198177083333334,63.9,True,57.77250000000001,Medium
CUST02693,High_Mileage,378,105,0.2777777777777778,9228.03,24.41277777777778,69.2,False,57.76861111111111,Medium
CUST07023,Routine_Commuter,210,65,0.3095238095238095,5176.68,24.650857142857145,68.5,True,57.767202380952384,Medium
CUST07142,High_Mileage,321,94,0.292834890965732,12384.64,38.58143302180685,68.9,False,57.763395638629284,Medium
CUST07312,Routine_Commuter,195,72,0.3692307692307692,4884.85,25.05051282051282,62.8,True,57.76048076923077,Medium
CUST06200,Routine_Commuter,195,64,0.3282051282051282,6498.28,33.32451282051282,66.9,True,57.75945512820513,Medium
CUST01125,Routine_Commuter,205,73,0.3560975609756097,4852.0,23.66829268292683,63.9,True,57.75390243902439,Medium
CUST03463,Routine_Commuter,169,58,0.3431952662721893,3441.22,20.362248520710057,67.2,True,57.750310650887585,Medium
CUST02045,High_Mileage,329,95,0.2887537993920973,13629.63,41.42744680851064,69.1,False,57.75015197568389,Medium
CUST00783,Routine_Commuter,198,67,0.3383838383838384,3124.87,15.782171717171716,65.8,True,57.74910353535354,Medium
CUST05250,Routine_Commuter,202,72,0.3564356435643564,4634.94,22.945247524752475,63.9,True,57.74742574257426,Medium
CUST04493,High_Mileage,329,93,0.2826747720364742,7777.22,23.638966565349545,69.7,False,57.74699088145897,Medium
CUST04550,High_Mileage,331,91,0.2749244712990936,12201.1,36.86132930513595,70.4,False,57.74197885196375,Medium
CUST01289,High_Mileage,315,89,0.2825396825396825,5953.54,18.900126984126985,70.0,False,57.737837301587305,Medium
CUST01886,High_Mileage,261,73,0.2796934865900383,7330.68,28.086896551724134,71.1,False,57.73648946360153,Medium
CUST07466,Routine_Commuter,173,65,0.3757225433526011,3245.03,18.75739884393064,63.5,True,57.73640173410405,Medium
CUST04485,Routine_Commuter,188,63,0.3351063829787234,6563.03,34.90973404255319,66.4,True,57.733005319148944,Medium
CUST02585,High_Mileage,333,95,0.2852852852852853,8726.97,26.20711711711711,69.3,False,57.732661411411414,Medium
CUST06576,Routine_Commuter,184,65,0.3532608695652174,2834.12,15.40282608695652,64.8,True,57.731684782608696,Medium
CUST04207,High_Mileage,356,92,0.2584269662921348,12299.3,34.548595505617975,71.5,False,57.7308286516854,Medium
CUST00040,High_Mileage,327,100,0.3058103975535168,3872.64,11.842935779816514,67.4,True,57.72991590214068,Medium
CUST04698,High_Mileage,262,91,0.3473282442748092,5690.51,21.719503816793893,64.3,True,57.72562977099237,Medium
CUST07269,High_Mileage,332,95,0.286144578313253,8651.73,26.059427710843373,69.2,False,57.72078313253012,Medium
CUST04265,High_Mileage,305,89,0.2918032786885245,6376.11,20.90527868852459,69.2,False,57.719631147540994,Medium
CUST04187,High_Mileage,323,96,0.2972136222910216,7716.27,23.88938080495356,68.3,False,57.718544891640875,Medium
CUST01489,High_Mileage,290,88,0.3034482758620689,6769.47,23.343,68.3,True,57.71793103448276,Medium
CUST07410,High_Mileage,362,105,0.2900552486187845,8162.43,22.54814917127072,68.2,False,57.71595994475138,Medium
CUST06325,High_Mileage,331,103,0.311178247734139,7236.13,21.86141993957704,66.7,True,57.712129909365565,Medium
CUST05165,Routine_Commuter,175,67,0.3828571428571428,4997.47,28.55697142857143,62.5,True,57.71053571428571,Medium
CUST03701,Routine_Commuter,186,65,0.3494623655913978,3066.03,16.484032258064516,65.0,True,57.70974462365591,Medium
CUST07306,High_Mileage,323,83,0.2569659442724458,13533.8,41.90030959752322,72.3,False,57.70863777089784,Medium
CUST04056,High_Mileage,331,95,0.2870090634441087,9727.71,29.38885196374622,69.1,False,57.70536253776435,Medium
CUST00536,High_Mileage,287,78,0.2717770034843205,8425.01,29.35543554006969,71.5,False,57.704830139372824,Medium
CUST04684,High_Mileage,255,75,0.2941176470588235,6509.24,25.52643137254902,69.6,False,57.69720588235294,Medium
CUST02399,High_Mileage,281,87,0.3096085409252669,7352.1,26.16405693950178,67.8,True,57.69434163701068,Medium
CUST02083,High_Mileage,393,103,0.2620865139949109,9916.17,25.23198473282443,70.2,False,57.68971055979644,Medium
CUST01109,Routine_Commuter,182,61,0.3351648351648351,4294.3,23.595054945054947,66.6,True,57.6878434065934,Medium
CUST05291,High_Mileage,328,93,0.2835365853658536,9739.95,29.69496951219513,69.5,False,57.687713414634146,Medium
CUST02469,High_Mileage,249,76,0.3052208835341365,8149.83,32.73024096385542,68.5,True,57.683835341365466,Medium
CUST02728,Routine_Commuter,175,59,0.3371428571428571,7243.02,41.388685714285714,67.0,True,57.68196428571429,Medium
CUST06756,High_Mileage,281,81,0.2882562277580071,7793.86,27.736156583629892,69.9,False,57.68024911032029,Medium
CUST04053,High_Mileage,271,80,0.2952029520295203,4984.83,18.394206642066425,69.3,False,57.67811808118081,Medium
CUST06940,High_Mileage,350,90,0.2571428571428571,6801.25,19.432142857142857,71.6,False,57.676964285714284,Medium
CUST01941,Routine_Commuter,203,62,0.3054187192118227,8157.48,40.184630541871925,68.8,True,57.676748768472905,Medium
CUST00690,High_Mileage,315,97,0.3079365079365079,10053.12,31.91466666666667,67.3,True,57.67371031746032,Medium
CUST06690,Routine_Commuter,185,62,0.3351351351351351,3636.85,19.658648648648647,66.4,True,57.6716554054054,Medium
CUST01116,High_Mileage,317,105,0.3312302839116719,6556.92,20.684290220820188,64.9,True,57.66296135646688,Medium
CUST04958,Routine_Commuter,171,67,0.391812865497076,3985.8,23.30877192982456,61.9,True,57.66126461988304,Medium
CUST00016,High_Mileage,295,79,0.2677966101694915,9162.15,31.05813559322034,71.6,False,57.65061440677966,Medium
CUST04116,High_Mileage,280,85,0.3035714285714285,6578.11,23.49325,68.3,True,57.64535714285714,Medium
CUST05965,High_Mileage,241,74,0.3070539419087137,6443.21,26.7353112033195,68.3,True,57.643407676348545,Medium
CUST02918,Routine_Commuter,190,64,0.3368421052631579,4125.26,21.711894736842105,65.9,True,57.64118421052632,Medium
CUST01314,High_Mileage,231,68,0.2943722943722944,6494.89,28.116406926406928,69.6,False,57.64114177489178,Medium
CUST02148,High_Mileage,335,99,0.2955223880597015,8737.24,26.08131343283582,68.0,False,57.638395522388066,Medium
CUST07796,High_Mileage,289,92,0.3183391003460207,8310.96,28.75764705882353,66.6,True,57.62231401384083,Medium
CUST03192,High_Mileage,292,88,0.3013698630136986,8245.91,28.239417808219176,68.2,True,57.61229452054795,Medium
CUST01441,High_Mileage,243,78,0.3209876543209876,7142.03,29.391069958847737,66.8,True,57.61200617283951,Medium
CUST04837,High_Mileage,318,87,0.2735849056603773,9590.95,30.160220125786164,70.5,False,57.6071462264151,Medium
CUST06948,High_Mileage,246,72,0.2926829268292683,7720.73,31.38508130081301,69.6,False,57.606067073170735,Medium
CUST04381,High_Mileage,345,96,0.2782608695652174,12323.89,35.72142028985507,69.4,False,57.6041847826087,Medium
CUST03642,Routine_Commuter,191,57,0.2984293193717277,5460.19,28.587382198952877,69.6,False,57.6034227748691,Medium
CUST07791,Routine_Commuter,200,67,0.335,5167.19,25.835949999999997,65.7,True,57.6,Medium
CUST03241,Routine_Commuter,179,61,0.3407821229050279,3173.59,17.7295530726257,66.1,True,57.59878491620111,Medium
CUST05009,High_Mileage,329,98,0.2978723404255319,8997.99,27.34951367781155,67.8,False,57.594893617021285,Medium
CUST00894,Routine_Commuter,205,65,0.3170731707317073,5638.39,27.504341463414637,67.4,True,57.59292682926829,Medium
CUST04617,High_Mileage,285,87,0.3052631578947368,6137.96,21.53670175438597,67.9,True,57.591776315789474,Medium
CUST00558,High_Mileage,258,80,0.3100775193798449,5081.51,19.69577519379845,67.7,True,57.5806007751938,Medium
CUST03806,Routine_Commuter,153,61,0.3986928104575163,4079.36,26.66248366013072,64.1,True,57.57521241830065,Medium
CUST00047,Routine_Commuter,193,61,0.3160621761658031,6993.28,36.23461139896373,67.7,True,57.57498704663213,Medium
CUST04248,High_Mileage,369,97,0.2628726287262872,10250.87,27.780135501355016,70.4,False,57.57490514905149,Medium
CUST06701,High_Mileage,294,87,0.2959183673469387,9912.85,33.717176870748304,68.6,False,57.56923469387755,Medium
CUST03635,Routine_Commuter,207,71,0.3429951690821256,4632.86,22.380966183574877,64.7,True,57.56855676328503,Medium
CUST06464,Routine_Commuter,208,69,0.3317307692307692,4405.14,21.178557692307695,65.8,True,57.56673076923077,Medium
CUST07433,High_Mileage,338,92,0.272189349112426,13055.77,38.626538461538466,70.1,False,57.566323964497045,Medium
CUST07605,High_Mileage,311,93,0.2990353697749196,7667.58,24.65459807073955,68.0,False,57.56266479099679,Medium
CUST05437,High_Mileage,338,95,0.2810650887573964,8997.58,26.62005917159763,69.2,False,57.56135355029586,Medium
CUST06647,Routine_Commuter,181,62,0.3425414364640884,7336.38,40.53248618784531,65.6,True,57.55665745856354,Medium
CUST02380,High_Mileage,290,83,0.2862068965517241,9297.75,32.061206896551724,69.6,False,57.54827586206896,Medium
CUST05711,High_Mileage,268,81,0.3022388059701492,6425.17,23.974514925373136,68.3,True,57.545802238805976,Medium
CUST03842,High_Mileage,297,84,0.2828282828282828,9997.31,33.660976430976426,69.8,False,57.54313131313131,Medium
CUST00354,Routine_Commuter,173,60,0.3468208092485549,3470.06,20.05815028901734,65.9,True,57.540332369942206,Medium
CUST05243,High_Mileage,362,103,0.2845303867403315,9844.99,27.19610497237569,68.3,False,57.53496546961326,Medium
CUST02538,Price_Sensitive,180,54,0.3,1979.83,10.999055555555556,69.9,True,57.53375000000001,Medium
CUST07416,Routine_Commuter,189,57,0.3015873015873015,5178.16,27.397671957671957,69.2,True,57.52849206349207,Medium
CUST05168,Routine_Commuter,176,62,0.3522727272727273,2748.56,15.616818181818182,65.0,True,57.527159090909095,Medium
CUST07654,High_Mileage,367,102,0.2779291553133515,11772.07,32.07648501362398,68.8,False,57.51966621253406,Medium
CUST03218,Routine_Commuter,177,65,0.3672316384180791,3317.66,18.743841807909604,63.4,True,57.51801553672316,Medium
CUST02529,High_Mileage,312,86,0.2756410256410256,8350.49,26.764391025641025,70.2,False,57.51689102564103,Medium
CUST01923,High_Mileage,259,77,0.2972972972972973,9850.67,38.033474903474904,68.8,False,57.51189189189189,Medium
CUST01854,High_Mileage,368,101,0.2744565217391304,14136.06,38.41320652173913,69.1,False,57.50951086956522,Medium
CUST01615,Routine_Commuter,180,60,0.3333333333333333,2156.38,11.97988888888889,66.5,True,57.50708333333334,Medium
CUST02844,High_Mileage,271,78,0.2878228782287823,7089.48,26.160442804428044,69.6,False,57.50291512915129,Medium
CUST00087,Routine_Commuter,156,64,0.4102564102564102,3325.67,21.318397435897435,62.1,True,57.50275641025641,Medium
CUST05331,High_Mileage,366,91,0.2486338797814207,10756.06,29.38814207650273,71.7,False,57.49910519125683,Medium
CUST05106,Routine_Commuter,193,61,0.3160621761658031,4340.82,22.49129533678756,67.5,True,57.49498704663213,Medium
CUST01428,Routine_Commuter,199,66,0.3316582914572864,2853.92,14.341306532663316,65.8,True,57.492581658291456,Medium
CUST04937,High_Mileage,306,81,0.2647058823529412,10379.17,33.91885620915033,71.3,False,57.48448529411765,Medium
CUST05424,Routine_Commuter,188,62,0.3297872340425531,2693.5,14.327127659574469,66.3,True,57.48023936170212,Medium
CUST02456,High_Mileage,316,89,0.2816455696202531,12379.76,39.17645569620253,69.4,False,57.47082278481013,Medium
CUST00831,High_Mileage,382,92,0.2408376963350785,10947.45,28.658246073298432,72.0,False,57.46600785340314,Medium
CUST07564,High_Mileage,305,84,0.2754098360655738,9269.55,30.39196721311475,70.2,False,57.46389344262296,Medium
CUST06458,High_Mileage,339,95,0.28023598820059,11851.02,34.9587610619469,69.0,False,57.45818952802361,Medium
CUST05980,High_Mileage,282,83,0.2943262411347517,7016.72,24.88198581560284,68.7,False,57.45554964539007,Medium
CUST07075,High_Mileage,277,90,0.3249097472924188,7872.32,28.419927797833935,65.7,True,57.44888989169675,Medium
CUST00505,High_Mileage,314,89,0.2834394904458598,10215.89,32.53468152866242,69.2,False,57.4463296178344,Medium
CUST04728,High_Mileage,308,87,0.2824675324675325,7756.68,25.184025974025975,69.4,False,57.44495129870131,Medium
CUST04135,High_Mileage,330,89,0.2696969696969697,10687.75,32.387121212121215,70.2,False,57.4416287878788,Medium
CUST06372,Routine_Commuter,210,66,0.3142857142857143,4452.91,21.204333333333334,67.2,True,57.43767857142857,Medium
CUST02418,Routine_Commuter,223,71,0.3183856502242152,4980.93,22.336008968609868,66.7,True,57.43042600896861,Medium
CUST02748,High_Mileage,292,82,0.2808219178082192,8103.59,27.752020547945207,69.8,False,57.430376712328766,Medium
CUST05059,High_Mileage,316,88,0.2784810126582278,6988.75,22.116297468354432,69.6,False,57.42424050632911,Medium
CUST05653,Routine_Commuter,174,64,0.367816091954023,4214.58,24.221724137931034,63.4,True,57.423893678160915,Medium
CUST03298,Routine_Commuter,184,61,0.3315217391304347,3627.65,19.715489130434783,66.2,True,57.4221195652174,Medium
CUST00076,Routine_Commuter,190,62,0.3263157894736842,5811.5,30.58684210526316,66.4,True,57.42013157894738,Medium
CUST02259,Routine_Commuter,155,66,0.4258064516129032,5239.52,33.80335483870968,60.5,True,57.414758064516136,Medium
CUST06037,Price_Sensitive,174,61,0.3505747126436782,4634.4,26.63448275862069,65.1,True,57.41423850574713,Medium
CUST03341,High_Mileage,293,80,0.273037542662116,9945.55,33.9438566552901,70.5,False,57.409001706484645,Medium
CUST05322,Routine_Commuter,176,65,0.3693181818181818,3277.8,18.623863636363637,63.0,True,57.40897727272728,Medium
CUST05209,High_Mileage,295,84,0.2847457627118644,10674.37,36.184305084745766,69.3,False,57.40858050847457,Medium
CUST04047,High_Mileage,268,83,0.3097014925373134,8818.24,32.903880597014926,67.2,True,57.40430970149254,Medium
CUST02263,High_Mileage,249,72,0.2891566265060241,6114.5199999999995,24.556305220883537,69.4,False,57.40126506024097,Medium
CUST01670,High_Mileage,248,71,0.2862903225806452,5482.41,22.10649193548387,69.7,False,57.39911290322581,Medium
CUST01351,Routine_Commuter,169,59,0.3491124260355029,4132.51,24.452721893491127,65.7,True,57.386997041420116,Medium
CUST04495,Routine_Commuter,172,60,0.3488372093023256,3328.39,19.35110465116279,65.4,True,57.38348837209303,Medium
CUST00927,Routine_Commuter,180,58,0.3222222222222222,5166.29,28.70161111111111,67.3,True,57.38263888888889,Medium
CUST02172,High_Mileage,359,93,0.2590529247910863,8953.66,24.940557103064062,70.5,False,57.37961699164346,Medium
CUST07205,Routine_Commuter,191,58,0.3036649214659686,4428.39,23.185287958115183,68.5,True,57.37284685863875,Medium
CUST07337,Routine_Commuter,181,55,0.3038674033149171,4284.2300000000005,23.669779005524862,69.0,True,57.36969613259669,Medium
CUST04419,Routine_Commuter,196,60,0.3061224489795918,5269.32,26.884285714285713,68.1,True,57.36614795918367,Medium
CUST04964,High_Mileage,311,88,0.2829581993569132,10916.2,35.10032154340836,69.1,False,57.35957797427653,Medium
CUST01953,High_Mileage,317,86,0.2712933753943217,8656.34,27.307066246056785,70.1,False,57.345485015772866,Medium
CUST07469,Routine_Commuter,173,64,0.3699421965317919,3932.31,22.730115606936415,63.1,True,57.34518786127168,Medium
CUST03827,Routine_Commuter,174,56,0.3218390804597701,3620.0,20.804597701149422,67.8,True,57.344813218390804,Medium
CUST01961,Routine_Commuter,170,60,0.3529411764705882,3918.23,23.04841176470588,65.1,True,57.34389705882353,Medium
CUST07956,High_Mileage,316,86,0.2721518987341772,10298.91,32.59148734177215,70.0,False,57.33107594936709,Medium
CUST04395,Routine_Commuter,184,58,0.3152173913043478,2187.58,11.889021739130436,67.6,True,57.32994565217392,Medium
CUST03078,High_Mileage,291,88,0.3024054982817869,8367.79,28.755292096219936,67.4,True,57.32496993127148,Medium
CUST04331,Routine_Commuter,184,53,0.2880434782608695,3651.95,19.847554347826087,70.3,False,57.32298913043479,Medium
CUST04530,High_Mileage,254,68,0.2677165354330709,5550.87,21.85381889763779,71.3,False,57.31866141732284,Medium
CUST05548,Routine_Commuter,179,64,0.3575418994413408,3629.25,20.27513966480447,63.7,True,57.30917597765364,Medium
CUST04031,Routine_Commuter,174,60,0.3448275862068966,3138.08,18.03494252873563,65.4,True,57.30435344827587,Medium
CUST00347,Routine_Commuter,191,71,0.3717277486910995,4151.1,21.733507853403143,61.5,True,57.29535994764399,Medium
CUST05064,High_Mileage,302,88,0.2913907284768212,6623.51,21.932152317880796,68.2,False,57.28812913907285,Medium
CUST06772,Routine_Commuter,185,58,0.3135135135135135,1820.05,9.838108108108107,67.6,True,57.28679054054054,Medium
CUST02434,High_Mileage,335,88,0.2626865671641791,8571.02,25.58513432835821,70.4,False,57.28496268656717,Medium
CUST01423,High_Mileage,249,67,0.2690763052208835,9306.08,37.37381526104418,71.1,False,57.278052208835334,Medium
CUST00329,Routine_Commuter,171,58,0.3391812865497076,4259.95,24.911988304093565,66.2,True,57.276001461988315,Medium
CUST07363,Routine_Commuter,236,80,0.3389830508474576,5234.14,22.178559322033895,64.2,True,57.2730720338983,Medium
CUST01078,Routine_Commuter,190,67,0.3526315789473684,3732.27,19.643526315789472,63.4,True,57.272763157894744,Medium
CUST07817,Routine_Commuter,165,58,0.3515151515151515,3493.97,21.175575757575757,65.7,True,57.27060606060607,Medium
CUST03727,Routine_Commuter,189,62,0.328042328042328,3258.89,17.242804232804232,65.9,True,57.26669312169312,Medium
CUST02450,High_Mileage,239,69,0.2887029288702928,8988.93,37.61058577405858,69.2,False,57.265617154811714,Medium
CUST01090,Routine_Commuter,179,55,0.3072625698324022,4123.11,23.03413407821229,68.6,True,57.258002793296086,Medium
CUST07239,Routine_Commuter,199,64,0.321608040201005,5961.04,29.95497487437186,66.2,True,57.250571608040204,Medium
CUST07442,High_Mileage,382,96,0.2513089005235602,9354.54,24.488324607329844,70.4,False,57.24485602094241,Medium
CUST02737,Routine_Commuter,161,63,0.391304347826087,3852.38,23.92782608695652,62.3,True,57.24467391304348,Medium
CUST07731,Routine_Commuter,153,66,0.4313725490196078,4657.13,30.43875816993464,60.0,True,57.242401960784306,Medium
CUST03826,Routine_Commuter,190,60,0.3157894736842105,5986.21,31.50636842105263,67.0,True,57.23907894736843,Medium
CUST05152,High_Mileage,365,96,0.2630136986301369,8096.36,22.18180821917808,69.6,False,57.22304794520548,Medium
CUST05910,Routine_Commuter,184,61,0.3315217391304347,5230.61,28.42722826086956,65.7,True,57.2221195652174,Medium
CUST03551,High_Mileage,349,89,0.2550143266475644,15040.89,43.097106017191976,70.7,False,57.221823065902576,Medium
CUST03207,Routine_Commuter,163,60,0.3680981595092024,3602.21,22.099447852760736,64.2,True,57.2214263803681,Medium
CUST02945,Routine_Commuter,181,65,0.3591160220994475,5615.7699999999995,31.02635359116022,63.1,True,57.2196408839779,Medium
CUST02421,Routine_Commuter,158,61,0.3860759493670886,3228.39,20.432848101265822,63.4,True,57.21053797468355,Medium
CUST07343,High_Mileage,307,80,0.260586319218241,7631.71,24.85899022801303,71.0,False,57.20595276872964,Medium
CUST03984,High_Mileage,296,78,0.2635135135135135,7216.53,24.38016891891892,70.9,False,57.205540540540554,Medium
CUST01420,High_Mileage,343,88,0.2565597667638484,10253.29,29.892973760932943,70.6,False,57.19614067055394,Medium
CUST03144,High_Mileage,322,89,0.2763975155279503,9692.68,30.101490683229816,69.1,False,57.195900621118014,Medium
CUST00918,Routine_Commuter,181,60,0.3314917127071823,4629.81,25.579060773480663,65.8,True,57.19466850828729,Medium
CUST00312,Routine_Commuter,243,73,0.3004115226337449,4944.92,20.349465020576133,67.8,True,57.188960905349795,Medium
CUST04875,High_Mileage,224,65,0.2901785714285714,6944.65,31.002901785714283,68.9,False,57.18589285714286,Medium
CUST05007,High_Mileage,306,79,0.2581699346405229,6448.82,21.07457516339869,71.2,False,57.183047385620924,Medium
CUST03742,Routine_Commuter,216,66,0.3055555555555556,3974.95,18.402546296296297,67.4,True,57.18222222222223,Medium
CUST07249,High_Mileage,242,63,0.2603305785123967,8362.37,34.5552479338843,71.8,False,57.17947314049587,Medium
CUST04453,Price_Sensitive,161,60,0.3726708074534161,4531.95,28.148757763975155,64.0,True,57.17933229813664,Medium
CUST03460,Routine_Commuter,168,62,0.369047619047619,3943.23,23.471607142857145,63.3,True,57.17690476190476,Medium
CUST00818,Routine_Commuter,174,61,0.3505747126436782,4749.7,27.297126436781607,64.5,True,57.174238505747134,Medium
CUST01780,High_Mileage,309,91,0.2944983818770226,10613.51,34.347928802588996,67.5,False,57.1711852750809,Medium
CUST05819,Routine_Commuter,196,61,0.3112244897959184,5887.1,30.03622448979592,67.1,True,57.17022959183674,Medium
CUST06474,Routine_Commuter,178,58,0.3258426966292135,2987.26,16.782359550561797,66.6,True,57.16870786516854,Medium
CUST01958,Routine_Commuter,176,53,0.3011363636363636,3880.06,22.045795454545456,69.2,True,57.16170454545455,Medium
CUST03530,Routine_Commuter,174,59,0.3390804597701149,3479.3,19.995977011494254,65.6,True,57.154468390804595,Medium
CUST05495,Routine_Commuter,176,60,0.3409090909090909,3671.18,20.858977272727273,65.2,True,57.15261363636364,Medium
CUST03219,Routine_Commuter,176,54,0.3068181818181818,3626.49,20.60505681818182,68.6,True,57.14897727272727,Medium
CUST04478,Routine_Commuter,165,57,0.3454545454545454,3518.92,21.32678787878788,66.0,True,57.148181818181826,Medium
CUST06093,High_Mileage,288,77,0.2673611111111111,6461.63,22.436215277777777,70.5,False,57.136944444444445,Medium
CUST00126,Routine_Commuter,163,59,0.3619631901840491,3000.19,18.4060736196319,64.6,True,57.13602760736197,Medium
CUST06964,Routine_Commuter,179,60,0.3351955307262569,4505.03,25.167765363128492,65.5,True,57.13532122905028,Medium
CUST03684,Routine_Commuter,180,54,0.3,2700.44,15.002444444444444,68.9,True,57.133750000000006,Medium
CUST03333,Routine_Commuter,207,60,0.2898550724637681,5990.66,28.94038647342995,68.9,False,57.12295289855073,Medium
CUST04650,Routine_Commuter,186,63,0.3387096774193548,4310.27,23.173494623655916,64.6,True,57.1196370967742,Medium
CUST07760,High_Mileage,300,89,0.2966666666666667,6701.08,22.336933333333334,67.3,False,57.11916666666667,Medium
CUST07326,Routine_Commuter,206,70,0.3398058252427184,5852.86,28.411941747572815,63.9,True,57.11098300970874,Medium
CUST03361,Routine_Commuter,168,55,0.3273809523809524,3672.76,21.861666666666665,67.3,True,57.110238095238095,Medium
CUST03795,Routine_Commuter,169,60,0.3550295857988165,3213.89,19.017100591715977,64.4,True,57.10368343195266,Medium
CUST05213,Routine_Commuter,190,58,0.3052631578947368,4200.1,22.10578947368421,67.7,True,57.09802631578948,Medium
CUST01483,High_Mileage,220,59,0.2681818181818182,4405.07,20.023045454545453,70.9,False,57.09727272727274,Medium
CUST00742,Routine_Commuter,169,62,0.3668639053254438,2347.88,13.89278106508876,63.2,True,57.09705621301775,Medium
CUST00855,Routine_Commuter,175,51,0.2914285714285714,3924.23,22.42417142857143,70.1,False,57.09339285714286,Medium
CUST03094,Routine_Commuter,167,60,0.3592814371257485,3784.05,22.658982035928144,64.2,True,57.09250748502994,Medium
CUST04480,Routine_Commuter,182,53,0.2912087912087912,4538.67,24.937747252747258,69.5,False,57.089601648351646,Medium
CUST05249,High_Mileage,246,70,0.2845528455284553,5138.05,20.88638211382114,69.1,False,57.08086382113821,Medium
CUST02267,High_Mileage,289,84,0.2906574394463668,10985.02,38.01044982698962,68.0,False,57.075047577854676,Medium
CUST07604,Routine_Commuter,193,63,0.3264248704663212,4752.4,24.62383419689119,65.4,True,57.069494818652856,Medium
CUST05325,Routine_Commuter,206,65,0.3155339805825243,3707.44,17.997281553398057,66.2,True,57.06010922330098,Medium
CUST01241,Routine_Commuter,206,66,0.3203883495145631,4616.58,22.410582524271845,65.7,True,57.054283980582525,Medium
CUST02036,Routine_Commuter,167,59,0.3532934131736527,3785.18,22.66574850299401,64.7,True,57.052986526946114,Medium
CUST00984,Routine_Commuter,192,64,0.3333333333333333,3775.08,19.661875,64.7,True,57.050833333333344,Medium
CUST04256,Routine_Commuter,199,64,0.321608040201005,5820.75,29.25,65.7,True,57.0505716080402,Medium
CUST02153,Routine_Commuter,169,64,0.378698224852071,4202.71,24.86810650887574,61.9,True,57.05042899408285,Medium
CUST05484,Routine_Commuter,202,61,0.3019801980198019,4555.61,22.552524752475247,67.6,True,57.04920792079208,Medium
CUST00510,Routine_Commuter,175,55,0.3142857142857143,5480.38,31.316457142857143,67.7,True,57.04767857142858,Medium
CUST05872,Routine_Commuter,172,57,0.3313953488372093,2680.98,15.587093023255814,66.3,True,57.04581395348837,Medium
CUST06889,High_Mileage,253,65,0.2569169960474308,9341.97,36.92478260869565,71.7,False,57.042929841897234,Medium
CUST04806,High_Mileage,300,89,0.2966666666666667,7941.66,26.4722,67.1,False,57.03916666666667,Medium
CUST02624,Routine_Commuter,173,58,0.3352601156069364,4273.22,24.7006936416185,65.8,True,57.03790462427746,Medium
CUST07002,Routine_Commuter,197,62,0.3147208121827411,3440.7,17.465482233502538,66.4,True,57.03758248730965,Medium
CUST02973,Routine_Commuter,191,60,0.3141361256544502,4139.46,21.672565445026176,66.6,True,57.031695026178014,Medium
CUST04827,Routine_Commuter,215,72,0.3348837209302325,6058.73,28.18013953488372,64.1,True,57.0315988372093,Medium
CUST02176,Routine_Commuter,176,57,0.3238636363636363,3950.32,22.445,66.6,True,57.030795454545455,Medium
CUST03645,High_Mileage,252,74,0.2936507936507936,8372.53,33.2243253968254,68.0,False,57.028531746031746,Medium
CUST03303,Price_Sensitive,165,57,0.3454545454545454,5243.34,31.777818181818184,65.7,True,57.02818181818182,Medium
CUST02680,Routine_Commuter,169,59,0.3491124260355029,2551.45,15.097337278106508,64.8,True,57.02699704142012,Medium
CUST04793,Routine_Commuter,174,60,0.3448275862068966,2845.58,16.35390804597701,64.7,True,57.02435344827587,Medium
CUST02635,Routine_Commuter,173,55,0.3179190751445087,4632.46,26.777225433526013,67.5,True,57.024263005780355,Medium
CUST01850,Routine_Commuter,170,61,0.3588235294117647,4028.33,23.696058823529413,63.7,True,57.01919117647059,Medium
CUST07342,Routine_Commuter,179,58,0.3240223463687151,5656.87,31.602625698324022,66.3,True,57.008393854748604,Medium
CUST00371,Routine_Commuter,178,56,0.3146067415730337,2651.16,14.894157303370786,67.3,True,56.99926966292135,Medium
CUST06834,Routine_Commuter,170,57,0.3352941176470588,3784.18,22.259882352941176,66.0,True,56.998014705882355,Medium
CUST03615,Routine_Commuter,159,61,0.3836477987421384,4519.21,28.422704402515723,62.9,True,56.99716194968554,Medium
CUST06804,Routine_Commuter,154,60,0.3896103896103896,3871.26,25.13805194805195,63.3,True,56.99316558441559,Medium
CUST05585,Routine_Commuter,213,59,0.2769953051643192,5866.41,27.541830985915492,69.8,False,56.99231220657278,Medium
CUST05033,High_Mileage,236,63,0.2669491525423729,6967.9800000000005,29.52533898305085,70.7,False,56.99171610169492,Medium
CUST05429,Routine_Commuter,169,58,0.3431952662721893,5658.72,33.48355029585799,65.3,True,56.99031065088758,Medium
CUST00816,Routine_Commuter,180,60,0.3333333333333333,4761.69,26.453833333333332,65.2,True,56.98708333333333,Medium
CUST05117,Routine_Commuter,160,56,0.35,4387.34,27.420875,66.0,True,56.98125,Medium
CUST04433,Routine_Commuter,208,62,0.2980769230769231,3424.15,16.462259615384617,67.7,False,56.980576923076924,Medium
CUST07915,Routine_Commuter,171,54,0.3157894736842105,4788.45,28.00263157894737,67.8,True,56.98032894736842,Medium
CUST03621,Routine_Commuter,162,62,0.382716049382716,3506.21,21.64327160493827,62.3,True,56.97989197530864,Medium
CUST07071,Routine_Commuter,167,52,0.311377245508982,3635.73,21.770838323353292,68.7,True,56.976339820359286,Medium
CUST04761,Routine_Commuter,173,56,0.3236994219653179,4885.89,28.242138728323702,66.8,True,56.975476878612724,Medium
CUST00693,Routine_Commuter,181,57,0.3149171270718232,3518.82,19.440994475138123,66.9,True,56.97168508287293,Medium
CUST02370,Routine_Commuter,161,59,0.3664596273291925,2919.42,18.13304347826087,64.1,True,56.9708850931677,Medium
CUST00237,Routine_Commuter,202,64,0.3168316831683168,4774.78,23.637524752475247,65.9,True,56.96326732673268,Medium
CUST02443,Routine_Commuter,207,60,0.2898550724637681,6130.43,29.6156038647343,68.5,False,56.962952898550725,Medium
CUST00776,Routine_Commuter,177,59,0.3333333333333333,4760.24,26.89401129943503,65.4,True,56.96208333333334,Medium
CUST07644,Routine_Commuter,166,58,0.3493975903614458,3845.52,23.16578313253012,65.0,True,56.958403614457836,Medium
CUST06963,Routine_Commuter,153,58,0.3790849673202614,3381.07,22.098496732026145,64.5,True,56.950898692810455,Medium
CUST03966,High_Mileage,267,81,0.3033707865168539,8224.35,30.802808988764045,66.7,True,56.94733146067416,Medium
CUST07787,Routine_Commuter,193,61,0.3160621761658031,4218.41,21.85704663212435,66.1,True,56.93498704663213,Medium
CUST02851,Routine_Commuter,167,56,0.3353293413173652,4118.72,24.66299401197605,66.2,True,56.93442365269462,Medium
CUST03317,Routine_Commuter,187,56,0.2994652406417112,4490.5,24.013368983957218,68.0,False,56.931109625668455,Medium
CUST02298,Routine_Commuter,186,61,0.3279569892473118,4557.21,24.501129032258063,65.2,True,56.92952956989248,Medium
CUST00661,Routine_Commuter,181,53,0.292817679558011,3921.58,21.666187845303867,69.0,False,56.92770718232045,Medium
CUST06437,Routine_Commuter,224,64,0.2857142857142857,3796.23,16.947455357142857,68.7,False,56.92732142857143,Medium
CUST03750,Routine_Commuter,179,56,0.3128491620111732,3127.07,17.469664804469275,67.2,True,56.92146648044694,Medium
CUST04812,High_Mileage,412,88,0.2135922330097087,12647.38,30.697524271844657,72.6,False,56.92118932038835,Medium
CUST03413,Routine_Commuter,164,60,0.3658536585365853,3306.96,20.16439024390244,63.5,True,56.91414634146341,Medium
CUST04499,Routine_Commuter,180,51,0.2833333333333333,5144.51,28.58061111111111,70.0,False,56.90708333333333,Medium
CUST05985,Routine_Commuter,165,56,0.3393939393939394,3619.72,21.93769696969697,66.0,True,56.90575757575759,Medium
CUST04697,Routine_Commuter,187,57,0.3048128342245989,3178.69,16.998342245989306,67.4,True,56.90501336898396,Medium
CUST01733,High_Mileage,232,64,0.2758620689655172,5314.96,22.909310344827585,69.6,False,56.90448275862069,Medium
CUST00039,Routine_Commuter,161,60,0.3726708074534161,4075.61,25.31434782608696,63.3,True,56.89933229813664,Medium
CUST03269,Routine_Commuter,189,61,0.3227513227513227,4935.32,26.11280423280423,65.5,True,56.89505291005291,Medium
CUST01139,Routine_Commuter,167,59,0.3532934131736527,2967.79,17.77119760479042,64.3,True,56.8929865269461,Medium
CUST03235,High_Mileage,282,70,0.2482269503546099,11879.37,42.1254255319149,71.9,False,56.891578014184404,Medium
CUST05373,Routine_Commuter,160,59,0.36875,3558.07,22.2379375,63.9,True,56.89125,Medium
CUST02042,Routine_Commuter,171,56,0.327485380116959,3613.89,21.133859649122805,66.4,True,56.88816520467836,Medium
CUST00277,Routine_Commuter,164,53,0.3231707317073171,5029.4,30.667073170731705,67.7,True,56.886829268292686,Medium
CUST00200,Routine_Commuter,199,60,0.3015075376884422,3454.7,17.360301507537688,67.3,True,56.88655150753769,Medium
CUST00066,Routine_Commuter,169,54,0.3195266272189349,4810.91,28.466923076923077,67.4,True,56.88356508875741,Medium
CUST07153,Routine_Commuter,158,57,0.360759493670886,4713.85,29.83449367088608,65.1,True,56.87787974683544,Medium
CUST05449,High_Mileage,248,68,0.2741935483870967,9870.74,39.80137096774193,69.6,False,56.87524193548387,Medium
CUST06605,Routine_Commuter,186,60,0.3225806451612903,4032.75,21.681451612903224,65.6,True,56.87447580645161,Medium
CUST00656,Routine_Commuter,165,59,0.3575757575757576,3721.58,22.555030303030303,64.1,True,56.873030303030305,Medium
CUST07103,Routine_Commuter,165,59,0.3575757575757576,2299.9,13.93878787878788,64.1,True,56.873030303030305,Medium
CUST00500,Routine_Commuter,176,60,0.3409090909090909,5615.19,31.90448863636363,64.5,True,56.87261363636364,Medium
CUST07917,Routine_Commuter,182,58,0.3186813186813186,5481.67,30.119065934065933,66.2,True,56.86850274725275,Medium
CUST06585,Routine_Commuter,162,63,0.3888888888888889,5548.9,34.252469135802464,61.4,True,56.86680555555556,Medium
CUST04417,Routine_Commuter,165,55,0.3333333333333333,2848.69,17.264787878787878,66.5,True,56.863333333333344,Medium
CUST07108,Routine_Commuter,180,58,0.3222222222222222,3868.15,21.489722222222223,66.0,True,56.862638888888895,Medium
CUST04950,Routine_Commuter,185,54,0.2918918918918919,2837.04,15.33535135135135,68.7,False,56.86192567567568,Medium
CUST01925,Routine_Commuter,194,62,0.3195876288659793,4101.41,21.141288659793815,65.5,True,56.84725515463918,Medium
CUST00563,Routine_Commuter,162,60,0.3703703703703703,3658.83,22.58537037037037,63.2,True,56.84606481481481,Medium
CUST06171,Routine_Commuter,200,58,0.29,5774.7,28.8735,68.3,False,56.84,Medium
CUST02591,Price_Sensitive,164,51,0.3109756097560975,4706.24,28.696585365853657,68.8,True,56.83902439024389,Medium
CUST05787,Price_Sensitive,159,54,0.3396226415094339,2571.47,16.172767295597485,66.9,True,56.836155660377365,Medium
CUST03709,High_Mileage,302,87,0.2880794701986754,11478.14,38.00708609271523,67.4,False,56.83567880794702,Medium
CUST06807,Routine_Commuter,164,60,0.3658536585365853,3365.58,20.52182926829268,63.3,True,56.83414634146341,Medium
CUST03557,Routine_Commuter,180,53,0.2944444444444444,3555.38,19.752111111111113,68.7,False,56.83152777777778,Medium
CUST05438,Routine_Commuter,159,57,0.3584905660377358,3959.96,24.905408805031445,65.0,True,56.83087264150944,Medium
CUST05057,High_Mileage,231,64,0.277056277056277,4532.31,19.620389610389612,69.3,False,56.82850108225108,Medium
CUST05953,Routine_Commuter,169,59,0.3491124260355029,5204.3,30.794674556213018,64.3,True,56.826997041420114,Medium
CUST01494,Routine_Commuter,170,60,0.3529411764705882,4816.57,28.33276470588235,63.8,True,56.82389705882353,Medium
CUST03747,Routine_Commuter,184,54,0.2934782608695652,4192.35,22.78451086956522,68.5,False,56.82038043478262,Medium
CUST00254,Routine_Commuter,190,62,0.3263157894736842,3344.87,17.60457894736842,64.9,True,56.82013157894738,Medium
CUST00840,Price_Sensitive,167,55,0.3293413173652694,2540.11,15.210239520958083,66.5,True,56.81490269461078,Medium
CUST06395,Routine_Commuter,175,55,0.3142857142857143,3808.57,21.763257142857142,67.1,True,56.807678571428575,Medium
CUST02626,Routine_Commuter,170,56,0.3294117647058823,4424.25,26.025,66.1,True,56.80272058823529,Medium
CUST04537,Routine_Commuter,205,55,0.2682926829268293,3145.4,15.343414634146342,70.3,False,56.80170731707318,Medium
CUST03908,Routine_Commuter,186,60,0.3225806451612903,4421.2300000000005,23.770053763440863,65.4,True,56.794475806451615,Medium
CUST05570,High_Mileage,279,74,0.2652329749103942,6619.72,23.726594982078858,70.0,False,56.78806899641577,Medium
CUST02187,Routine_Commuter,163,61,0.3742331288343558,3267.57,20.046441717791417,62.5,True,56.78682515337423,Medium
CUST05680,Routine_Commuter,193,56,0.2901554404145077,4910.31,25.4420207253886,68.3,False,56.77871761658031,Medium
CUST03467,Routine_Commuter,180,56,0.3111111111111111,4214.24,23.412444444444443,66.9,True,56.77819444444445,Medium
CUST00585,Routine_Commuter,181,63,0.3480662983425414,3576.69,19.7607182320442,63.1,True,56.77765193370166,Medium
CUST02166,Routine_Commuter,172,61,0.3546511627906977,4471.3,25.99593023255814,63.3,True,56.77604651162791,Medium
CUST06377,High_Mileage,260,73,0.2807692307692307,4776.61,18.371576923076923,68.6,False,56.77451923076923,Medium
CUST03582,Routine_Commuter,158,49,0.310126582278481,4545.64,28.76987341772152,69.9,True,56.77256329113924,Medium
CUST03313,Routine_Commuter,161,59,0.3664596273291925,5189.48,32.2327950310559,63.6,True,56.770885093167706,Medium
CUST06331,Routine_Commuter,161,59,0.3664596273291925,2574.24,15.989068322981366,63.6,True,56.770885093167706,Medium
CUST06092,Routine_Commuter,198,56,0.2828282828282828,3446.34,17.405757575757576,68.9,False,56.76688131313132,Medium
CUST07111,Routine_Commuter,172,57,0.3313953488372093,5062.12,29.43093023255814,65.6,True,56.76581395348837,Medium
CUST06864,Routine_Commuter,160,58,0.3625,2480.81,15.5050625,64.2,True,56.761250000000004,Medium
CUST06645,Routine_Commuter,180,57,0.3166666666666666,3612.33,20.0685,66.3,True,56.76041666666667,Medium
CUST01411,Routine_Commuter,200,56,0.28,6673.12,33.3656,69.1,False,56.760000000000005,Medium
CUST04112,Routine_Commuter,170,57,0.3352941176470588,2666.99,15.688176470588234,65.4,True,56.75801470588236,Medium
CUST05501,Routine_Commuter,183,59,0.3224043715846995,2883.79,15.758415300546448,65.5,True,56.75742486338798,Medium
CUST01516,Routine_Commuter,169,57,0.3372781065088757,5176.21,30.62846153846154,65.3,True,56.753624260355025,Medium
CUST04629,Routine_Commuter,171,52,0.3040935672514619,3847.5,22.5,68.4,True,56.75249269005849,Medium
CUST07204,Routine_Commuter,175,53,0.3028571428571429,4150.19,23.715371428571427,68.1,True,56.75053571428572,Medium
CUST07740,Routine_Commuter,168,55,0.3273809523809524,5436.14,32.357976190476194,66.4,True,56.750238095238096,Medium
CUST07959,Routine_Commuter,163,54,0.3312883435582822,1794.89,11.01159509202454,66.7,True,56.74903374233129,Medium
CUST00533,Routine_Commuter,164,58,0.3536585365853658,2426.2,14.79390243902439,64.3,True,56.74634146341462,Medium
CUST02913,Routine_Commuter,164,57,0.3475609756097561,3641.57,22.20469512195122,64.9,True,56.74243902439025,Medium
CUST05433,Routine_Commuter,163,59,0.3619631901840491,2393.35,14.683128834355829,63.6,True,56.73602760736197,Medium
CUST02640,Routine_Commuter,186,56,0.3010752688172043,4279.39,23.00747311827957,67.4,True,56.73426075268817,Medium
CUST00938,Routine_Commuter,181,59,0.3259668508287293,4187.95,23.1378453038674,65.2,True,56.73367403314918,Medium
CUST01312,Routine_Commuter,182,57,0.3131868131868132,4626.03,25.41774725274725,66.4,True,56.72872252747253,Medium
CUST00338,Routine_Commuter,185,58,0.3135135135135135,5301.08,28.654486486486487,66.2,True,56.72679054054055,Medium
CUST06869,Routine_Commuter,162,54,0.3333333333333333,2974.21,18.35932098765432,66.6,True,56.72458333333333,Medium
CUST00939,Routine_Commuter,184,53,0.2880434782608695,4064.69,22.09070652173913,68.8,False,56.72298913043478,Medium
CUST07664,Routine_Commuter,160,62,0.3875,4219.2,26.369999999999997,61.6,True,56.72125,Medium
CUST03042,Routine_Commuter,178,56,0.3146067415730337,2139.4,12.019101123595506,66.6,True,56.71926966292135,Medium
CUST05154,Routine_Commuter,174,51,0.293103448275862,4442.61,25.532241379310346,69.1,False,56.71538793103448,Medium
CUST06443,Routine_Commuter,176,57,0.3238636363636363,5062.28,28.762954545454544,65.8,True,56.710795454545455,Medium
CUST04416,Routine_Commuter,177,57,0.3220338983050847,3509.88,19.829830508474576,65.9,True,56.71010593220339,Medium
CUST06289,Routine_Commuter,171,54,0.3157894736842105,3926.81,22.96380116959064,67.1,True,56.70032894736842,Medium
CUST02203,Routine_Commuter,157,55,0.3503184713375796,4847.14,30.87350318471338,65.9,True,56.69648885350318,Medium
CUST01912,Routine_Commuter,167,56,0.3353293413173652,3405.74,20.393652694610775,65.6,True,56.69442365269461,Medium
CUST04074,Routine_Commuter,199,59,0.2964824120603015,5260.89,26.436633165829143,67.3,False,56.685546482412065,Medium
CUST04393,Routine_Commuter,163,56,0.3435582822085889,4230.17,25.95196319018405,65.3,True,56.67983128834356,Medium
CUST03082,Price_Sensitive,158,54,0.3417721518987341,3550.17,22.469430379746836,66.5,True,56.67838607594936,Medium
CUST04729,Routine_Commuter,168,51,0.3035714285714285,3126.4,18.60952380952381,68.6,True,56.677857142857135,Medium
CUST04846,Routine_Commuter,171,52,0.3040935672514619,2803.56,16.395087719298246,68.2,True,56.672492690058476,Medium
CUST07041,Routine_Commuter,162,58,0.3580246913580246,3074.51,18.97845679012346,64.0,True,56.67223765432099,Medium
CUST00288,Routine_Commuter,163,54,0.3312883435582822,3218.16,19.743312883435586,66.5,True,56.669033742331294,Medium
CUST06076,Routine_Commuter,190,55,0.2894736842105263,5294.23,27.864368421052628,68.2,False,56.66644736842106,Medium
CUST06986,Routine_Commuter,157,61,0.3885350318471338,2132.22,13.581019108280254,62.0,True,56.66515127388536,Medium
CUST06979,High_Mileage,247,60,0.242914979757085,7272.91,29.44497975708502,72.2,False,56.659099190283406,Medium
CUST01282,Routine_Commuter,165,53,0.3212121212121212,4727.36,28.650666666666663,67.2,True,56.65848484848486,Medium
CUST00051,Routine_Commuter,181,57,0.3149171270718232,3419.27,18.89099447513812,66.1,True,56.65168508287292,Medium
CUST01651,Routine_Commuter,186,58,0.3118279569892473,2931.75,15.762096774193548,66.1,True,56.64436827956989,Medium
CUST02576,Routine_Commuter,203,60,0.2955665024630542,7807.83,38.46221674876847,67.2,False,56.64266009852217,Medium
CUST04218,Routine_Commuter,195,56,0.2871794871794871,6453.32,33.09394871794871,68.2,False,56.63842948717949,Medium
CUST07925,Routine_Commuter,166,54,0.3253012048192771,5379.3,32.40542168674699,66.6,True,56.634548192771085,Medium
CUST05118,Routine_Commuter,173,54,0.3121387283236994,4218.4,24.383815028901733,67.1,True,56.633049132947974,Medium
CUST05388,Routine_Commuter,192,52,0.2708333333333333,5324.47,27.731614583333336,69.9,False,56.63083333333334,Medium
CUST05453,Routine_Commuter,168,55,0.3273809523809524,2270.42,13.514404761904762,66.1,True,56.63023809523809,Medium
CUST07840,Routine_Commuter,180,51,0.2833333333333333,4189.55,23.275277777777777,69.3,False,56.62708333333333,Medium
CUST07298,Routine_Commuter,172,49,0.2848837209302325,4098.71,23.829709302325583,69.9,False,56.62534883720931,Medium
CUST00612,Routine_Commuter,168,60,0.3571428571428571,3708.58,22.07488095238095,63.1,True,56.620714285714286,Medium
CUST05775,Routine_Commuter,169,61,0.3609467455621302,3892.73,23.033905325443783,62.6,True,56.620369822485216,Medium
CUST00773,Routine_Commuter,168,61,0.3630952380952381,3529.88,21.01119047619048,62.5,True,56.618809523809524,Medium
CUST05404,Routine_Commuter,159,59,0.3710691823899371,3142.31,19.762955974842768,63.2,True,56.614017295597485,Medium
CUST03531,Routine_Commuter,180,54,0.3,3287.62,18.264555555555553,67.6,True,56.613749999999996,Medium
CUST05296,Routine_Commuter,162,61,0.3765432098765432,4133.75,25.516975308641975,62.0,True,56.61297839506173,Medium
CUST06454,Routine_Commuter,163,58,0.3558282208588957,2924.89,17.944110429447854,63.9,True,56.61062883435583,Medium
CUST02515,Routine_Commuter,199,61,0.3065326633165829,4825.11,24.246783919597988,66.1,True,56.60755653266332,Medium
CUST00235,Routine_Commuter,185,58,0.3135135135135135,4389.64,23.727783783783785,65.9,True,56.606790540540544,Medium
CUST02324,Routine_Commuter,161,58,0.3602484472049689,3437.88,21.35329192546584,63.8,True,56.60243788819875,Medium
CUST02417,Routine_Commuter,208,54,0.2596153846153846,3495.12,16.803461538461537,70.6,False,56.60211538461539,Medium
CUST03114,Routine_Commuter,179,56,0.3128491620111732,4782.8,26.7195530726257,66.4,True,56.60146648044693,Medium
CUST06277,High_Mileage,300,71,0.2366666666666666,7224.4,24.081333333333333,72.0,False,56.59916666666667,Medium
CUST05421,Price_Sensitive,157,51,0.3248407643312102,3473.77,22.12592356687898,68.2,True,56.597380573248415,Medium
CUST03290,Routine_Commuter,174,55,0.3160919540229885,3620.53,20.80764367816092,66.5,True,56.594928160919544,Medium
CUST07706,Routine_Commuter,174,55,0.3160919540229885,3912.25,22.48419540229885,66.5,True,56.594928160919544,Medium
CUST05420,Routine_Commuter,155,56,0.3612903225806451,1992.7,12.856129032258066,64.9,True,56.594112903225806,Medium
CUST01395,Routine_Commuter,173,54,0.3121387283236994,3847.77,22.2414450867052,67.0,True,56.59304913294798,Medium
CUST04421,Routine_Commuter,166,52,0.3132530120481928,5177.8,31.19156626506024,67.7,True,56.59262048192772,Medium
CUST06410,Routine_Commuter,177,54,0.3050847457627119,4816.65,27.212711864406774,67.3,True,56.59213983050848,Medium
CUST06268,Routine_Commuter,159,53,0.3333333333333333,5553.89,34.93012578616352,66.9,True,56.584583333333335,Medium
CUST02778,Price_Sensitive,144,63,0.4375,3517.05,24.423958333333335,59.8,False,56.5775,Medium
CUST04626,Routine_Commuter,167,54,0.3233532934131736,4072.25,24.384730538922156,66.5,True,56.57538173652695,Medium
CUST04070,Routine_Commuter,167,55,0.3293413173652694,3317.47,19.86508982035928,65.9,True,56.574902694610785,Medium
CUST01559,Routine_Commuter,187,62,0.3315508021390374,3142.47,16.804652406417112,63.9,True,56.5745320855615,Medium
CUST03663,Routine_Commuter,182,55,0.3021978021978022,5177.38,28.447142857142858,67.1,True,56.56916208791209,Medium
CUST02784,Routine_Commuter,157,57,0.3630573248407643,3091.28,19.689681528662422,64.3,True,56.566042993630575,Medium
CUST03734,Routine_Commuter,173,53,0.3063583815028902,4256.39,24.60341040462428,67.5,True,56.561835260115615,Medium
CUST03620,Routine_Commuter,183,57,0.3114754098360656,4657.79,25.4524043715847,66.1,True,56.56026639344262,Medium
CUST03461,Routine_Commuter,183,57,0.3114754098360656,3320.76,18.14622950819672,66.1,True,56.56026639344262,Medium
CUST03718,Routine_Commuter,170,57,0.3352941176470588,3581.71,21.068882352941177,64.9,True,56.55801470588236,Medium
CUST07982,Routine_Commuter,158,57,0.360759493670886,2918.7,18.47278481012658,64.3,True,56.55787974683544,Medium
CUST07216,Routine_Commuter,158,60,0.379746835443038,3019.36,19.10987341772152,62.4,True,56.55737341772152,Medium
CUST05334,Routine_Commuter,163,55,0.3374233128834356,3426.58,21.02196319018405,65.6,True,56.554432515337425,Medium
CUST01672,Routine_Commuter,152,58,0.3815789473684211,2307.69,15.18217105263158,63.5,True,56.55440789473685,Medium
CUST04915,Routine_Commuter,160,57,0.35625,3417.55,21.3596875,64.3,True,56.551249999999996,Medium
CUST05794,Price_Sensitive,163,47,0.2883435582822086,3968.51,24.346687116564414,70.5,False,56.55124233128835,Medium
CUST00632,Routine_Commuter,168,55,0.3273809523809524,3824.41,22.76434523809524,65.9,True,56.5502380952381,Medium
CUST07417,Routine_Commuter,157,53,0.3375796178343949,4756.8,30.298089171974524,66.8,True,56.54693471337579,Medium
CUST02244,Routine_Commuter,161,55,0.3416149068322981,5064.48,31.456397515527943,65.5,True,56.53709627329193,Medium
CUST00265,Routine_Commuter,168,50,0.2976190476190476,4191.78,24.951071428571428,68.8,False,56.51976190476191,Medium
CUST05790,Routine_Commuter,164,51,0.3109756097560975,4165.27,25.397987804878053,68.0,True,56.5190243902439,Medium
CUST06414,Routine_Commuter,171,51,0.2982456140350877,5716.03,33.42707602339181,68.4,False,56.51857456140351,Medium
CUST04217,Routine_Commuter,158,57,0.360759493670886,4561.36,28.869367088607593,64.2,True,56.51787974683544,Medium
CUST00220,Routine_Commuter,159,57,0.3584905660377358,5211.34,32.77572327044025,64.2,True,56.51087264150944,Medium
CUST01725,Routine_Commuter,168,55,0.3273809523809524,3789.29,22.555297619047614,65.8,True,56.510238095238094,Medium
CUST04973,Routine_Commuter,171,53,0.3099415204678362,3515.69,20.559590643274856,67.2,True,56.50641081871345,Medium
CUST04089,Routine_Commuter,176,45,0.2556818181818182,5186.32,29.46772727272727,72.1,False,56.503522727272724,Medium
CUST05804,Routine_Commuter,153,52,0.3398692810457516,4006.88,26.18875816993464,67.3,True,56.50227124183006,Medium
CUST07824,Routine_Commuter,175,54,0.3085714285714285,1902.05,10.868857142857143,66.9,True,56.49910714285715,Medium
CUST02901,Routine_Commuter,188,57,0.3031914893617021,2200.09,11.702606382978724,66.5,True,56.49640957446809,Medium
CUST06052,Routine_Commuter,150,53,0.3533333333333333,2508.09,16.7206,66.6,True,56.49583333333334,Medium
CUST03237,Routine_Commuter,174,53,0.3045977011494253,3590.49,20.635,67.4,True,56.495158045977014,Medium
CUST03346,Routine_Commuter,169,51,0.301775147928994,3089.87,18.28325443786982,68.2,True,56.493505917159766,Medium
CUST04206,Routine_Commuter,175,58,0.3314285714285714,4476.34,25.57908571428571,64.6,True,56.49339285714286,Medium
CUST00804,High_Mileage,272,76,0.2794117647058823,6261.09,23.01871323529412,67.9,False,56.4914705882353,Medium
CUST01879,Routine_Commuter,173,52,0.3005780346820809,4943.09,28.57277456647399,67.9,True,56.49062138728324,Medium
CUST06282,Routine_Commuter,174,50,0.2873563218390804,6562.79,37.717183908045975,69.1,False,56.48550287356321,Medium
CUST03963,Routine_Commuter,199,57,0.2864321608040201,3753.35,18.861055276381908,67.8,False,56.483536432160804,Medium
CUST06012,Routine_Commuter,189,53,0.2804232804232804,6111.48,32.33587301587301,68.7,False,56.481931216931216,Medium
CUST01766,Routine_Commuter,168,49,0.2916666666666667,3391.28,20.18619047619048,69.3,False,56.48166666666667,Medium
CUST01723,Routine_Commuter,159,61,0.3836477987421384,4448.51,27.97805031446541,61.6,True,56.47716194968554,Medium
CUST03411,Routine_Commuter,141,64,0.4539007092198581,2799.99,19.85808510638298,58.7,False,56.47352836879433,Medium
CUST06199,Routine_Commuter,178,54,0.3033707865168539,2957.2,16.613483146067416,67.1,True,56.46983146067416,Medium
CUST05972,Routine_Commuter,184,52,0.2826086956521739,4167.74,22.650760869565215,68.7,False,56.46559782608696,Medium
CUST04370,Routine_Commuter,162,57,0.3518518518518518,3912.63,24.152037037037037,64.1,True,56.465324074074076,Medium
CUST05465,Routine_Commuter,145,56,0.3862068965517241,2986.12,20.59393103448276,64.4,True,56.46327586206897,Medium
CUST00297,Routine_Commuter,179,55,0.3072625698324022,5419.16,30.274636871508378,66.6,True,56.45800279329609,Medium
CUST00026,Routine_Commuter,161,55,0.3416149068322981,4372.04,27.15552795031056,65.3,True,56.457096273291924,Medium
CUST01502,Routine_Commuter,155,57,0.3677419354838709,4056.13,26.168580645161292,63.9,True,56.45217741935484,Medium
CUST03968,Routine_Commuter,161,59,0.3664596273291925,4285.67,26.619068322981366,62.8,True,56.4508850931677,Medium
CUST02718,Routine_Commuter,161,54,0.3354037267080745,2886.86,17.93080745341615,65.9,True,56.44864906832298,Medium
CUST07988,Routine_Commuter,161,54,0.3354037267080745,4937.37,30.66689440993789,65.9,True,56.44864906832298,Medium
CUST01043,Routine_Commuter,160,58,0.3625,2983.91,18.6494375,63.4,True,56.44125,Medium
CUST03760,Routine_Commuter,159,54,0.3396226415094339,4122.84,25.92981132075472,65.9,True,56.43615566037736,Medium
CUST07598,Routine_Commuter,176,57,0.3238636363636363,3546.97,20.153238636363636,65.1,True,56.43079545454545,Medium
CUST01112,Routine_Commuter,155,60,0.3870967741935484,3128.24,20.182193548387097,61.9,True,56.426370967741946,Medium
CUST03710,High_Mileage,253,75,0.2964426877470356,8322.89,32.89679841897233,66.2,False,56.423957509881426,Medium
CUST03594,Price_Sensitive,207,51,0.2463768115942029,5001.5,24.16183574879227,71.5,False,56.42382246376812,Medium
CUST00383,Routine_Commuter,163,53,0.3251533742331288,3357.3,20.596932515337425,66.5,True,56.42363496932516,Medium
CUST00581,Price_Sensitive,149,60,0.4026845637583892,3831.78,25.716644295302014,61.7,True,56.42238255033557,Medium
CUST07421,Routine_Commuter,148,57,0.3851351351351351,3403.96,22.99972972972973,63.7,True,56.419155405405405,Medium
CUST05685,Routine_Commuter,163,52,0.3190184049079754,3670.58,22.518895705521473,67.1,True,56.41823619631902,Medium
CUST01055,Routine_Commuter,188,57,0.3031914893617021,4230.6,22.503191489361704,66.3,True,56.41640957446808,Medium
CUST03541,Routine_Commuter,185,51,0.2756756756756757,4258.03,23.016378378378377,69.2,False,56.413277027027036,Medium
CUST03387,Routine_Commuter,160,51,0.31875,4713.57,29.4598125,67.7,True,56.411249999999995,Medium
CUST04100,Routine_Commuter,186,53,0.2849462365591398,3833.87,20.61220430107527,68.2,False,56.40909946236559,Medium
CUST04283,Routine_Commuter,175,55,0.3142857142857143,2763.1,15.789142857142856,66.1,True,56.40767857142857,Medium
CUST03836,Routine_Commuter,159,58,0.3647798742138364,2400.13,15.095157232704404,63.3,True,56.40244496855346,Medium
CUST07074,Routine_Commuter,190,56,0.2947368421052631,3477.38,18.302,67.0,False,56.39697368421052,Medium
CUST02601,Routine_Commuter,166,56,0.3373493975903614,3136.52,18.894698795180723,64.8,True,56.39647590361446,Medium
CUST00888,Price_Sensitive,174,55,0.3160919540229885,3386.37,19.461896551724134,66.0,True,56.39492816091954,Medium
CUST04817,Routine_Commuter,166,53,0.3192771084337349,5039.76,30.360000000000003,66.6,True,56.393584337349395,Medium
CUST07488,Routine_Commuter,177,54,0.3050847457627119,2316.49,13.087514124293786,66.8,True,56.39213983050848,Medium
CUST03590,Routine_Commuter,161,52,0.3229813664596273,4290.51,26.64913043478261,67.0,True,56.391754658385096,Medium
CUST06489,Routine_Commuter,159,57,0.3584905660377358,5134.48,32.29232704402516,63.9,True,56.39087264150944,Medium
CUST00029,Routine_Commuter,175,46,0.2628571428571428,2690.72,15.375542857142856,71.2,False,56.39053571428572,Medium
CUST03569,Routine_Commuter,149,56,0.3758389261744966,4024.59,27.0106711409396,64.3,True,56.38855704697986,Medium
CUST03018,Routine_Commuter,172,54,0.313953488372093,4980.5,28.95639534883721,66.4,True,56.38813953488373,Medium
CUST07187,Routine_Commuter,161,56,0.3478260869565217,3186.14,19.789689440993783,64.5,True,56.38554347826087,Medium
CUST00062,Routine_Commuter,175,47,0.2685714285714285,2445.92,13.976685714285717,70.6,False,56.379107142857144,Medium
CUST03672,Routine_Commuter,167,48,0.2874251497005988,3723.25,22.29491017964072,69.6,False,56.37825598802395,Medium
CUST06256,Price_Sensitive,161,50,0.3105590062111801,4082.48,25.357018633540378,68.2,True,56.374860248447206,Medium
CUST06090,Routine_Commuter,154,59,0.3831168831168831,2681.61,17.413051948051947,62.4,True,56.373425324675324,Medium
CUST05139,Routine_Commuter,162,55,0.3395061728395062,3143.91,19.40685185185185,65.1,True,56.371496913580245,Medium
CUST07283,Routine_Commuter,153,53,0.3464052287581699,3771.41,24.649738562091503,66.3,True,56.3637091503268,Medium
CUST06045,Routine_Commuter,163,56,0.3435582822085889,2828.27,17.351349693251535,64.5,True,56.359831288343564,Medium
CUST05850,Routine_Commuter,166,57,0.3433734939759036,4237.92,25.529638554216863,64.1,True,56.35743975903615,Medium
CUST06397,Routine_Commuter,184,48,0.2608695652173913,3673.77,19.966141304347826,70.6,False,56.35603260869566,Medium
CUST06039,Routine_Commuter,160,57,0.35625,3039.13,18.9945625,63.8,True,56.35124999999999,Medium
CUST03272,Routine_Commuter,160,53,0.33125,2838.68,17.74175,66.3,True,56.35124999999999,Medium
CUST06608,Routine_Commuter,176,54,0.3068181818181818,4589.62,26.077386363636364,66.6,True,56.348977272727275,Medium
CUST02939,Routine_Commuter,182,58,0.3186813186813186,5216.25,28.660714285714285,64.9,True,56.34850274725275,Medium
CUST02234,Routine_Commuter,219,61,0.2785388127853881,6168.92,28.168584474885844,68.0,False,56.34780251141553,Medium
CUST05409,Routine_Commuter,147,57,0.3877551020408163,3227.67,21.956938775510206,63.5,True,56.34645408163266,Medium
CUST00549,Routine_Commuter,158,50,0.3164556962025316,4101.1,25.956329113924053,68.2,True,56.34572784810126,Medium
CUST02482,Price_Sensitive,158,56,0.3544303797468354,2768.05,17.519303797468357,64.4,True,56.34471518987342,Medium
CUST04923,Routine_Commuter,202,54,0.2673267326732673,5440.39,26.93262376237624,69.3,False,56.343069306930694,Medium
CUST02559,Routine_Commuter,169,49,0.2899408284023668,4033.23,23.86526627218935,69.0,False,56.34013313609468,Medium
CUST06425,Routine_Commuter,162,50,0.3086419753086419,4120.92,25.43777777777778,68.1,True,56.33692901234568,Medium
CUST03324,Routine_Commuter,180,52,0.2888888888888888,4910.2,27.278888888888886,68.0,False,56.329305555555564,Medium
CUST01111,Price_Sensitive,161,49,0.3043478260869565,5257.89,32.65770186335404,68.7,True,56.32641304347826,Medium
CUST03631,Routine_Commuter,169,54,0.3195266272189349,4571.57,27.050710059171596,66.0,True,56.323565088757405,Medium
CUST05805,Routine_Commuter,199,56,0.2814070351758794,4187.66,21.043517587939697,67.9,False,56.32253140703518,Medium
CUST04778,Routine_Commuter,166,58,0.3493975903614458,2974.51,17.918734939759037,63.4,True,56.318403614457836,Medium
CUST05600,Routine_Commuter,188,49,0.2606382978723404,4765.58,25.34882978723404,70.3,False,56.31428191489361,Medium
CUST06875,Routine_Commuter,192,62,0.3229166666666667,4294.54,22.367395833333333,63.9,True,56.31416666666668,Medium
CUST03683,Routine_Commuter,166,53,0.3192771084337349,3869.61,23.310903614457832,66.4,True,56.3135843373494,Medium
CUST07813,Routine_Commuter,156,57,0.3653846153846153,3531.58,22.638333333333332,63.6,True,56.30788461538461,Medium
CUST06540,Routine_Commuter,174,52,0.2988505747126437,3342.29,19.208563218390804,67.5,False,56.30527298850575,Medium
CUST04895,Routine_Commuter,160,52,0.325,5346.82,33.417625,66.8,True,56.301249999999996,Medium
CUST00761,Routine_Commuter,186,59,0.3172043010752688,5135.06,27.607849462365593,64.7,True,56.29942204301075,Medium
CUST04101,Routine_Commuter,159,56,0.3522012578616352,4836.47,30.41805031446541,64.3,True,56.299300314465405,Medium
CUST04080,Routine_Commuter,175,54,0.3085714285714285,3431.11,19.60634285714286,66.4,True,56.299107142857146,Medium
CUST07836,Routine_Commuter,162,50,0.3086419753086419,5103.21,31.501296296296296,68.0,True,56.29692901234568,Medium
CUST03201,Routine_Commuter,170,53,0.3117647058823529,4624.46,27.20270588235294,66.6,True,56.29683823529412,Medium
CUST06510,Routine_Commuter,154,55,0.3571428571428571,3797.12,24.656623376623376,64.8,True,56.294464285714284,Medium
CUST03994,Routine_Commuter,158,52,0.3291139240506329,4366.73,27.637531645569617,66.8,True,56.29205696202531,Medium
CUST07642,Routine_Commuter,156,56,0.358974358974359,3332.05,21.359294871794873,64.2,True,56.29147435897437,Medium
CUST03127,Routine_Commuter,161,59,0.3664596273291925,4708.46,29.245093167701864,62.4,True,56.2908850931677,Medium
CUST04320,Routine_Commuter,182,51,0.2802197802197802,5347.82,29.38362637362637,68.6,False,56.29004120879121,Medium
CUST01574,Routine_Commuter,182,53,0.2912087912087912,3708.79,20.37796703296703,67.5,False,56.28960164835165,Medium
CUST05514,High_Mileage,273,56,0.2051282051282051,7297.51,26.730805860805862,74.8,False,56.282628205128205,Medium
CUST07867,Routine_Commuter,148,63,0.4256756756756756,3669.22,24.792027027027025,59.3,False,56.28077702702703,Medium
CUST05172,Routine_Commuter,180,57,0.3166666666666666,4290.15,23.834166666666665,65.1,True,56.28041666666667,Medium
CUST03250,Routine_Commuter,166,56,0.3373493975903614,4229.21,25.477168674698795,64.5,True,56.27647590361446,Medium
CUST04742,Routine_Commuter,161,52,0.3229813664596273,2305.3,14.318633540372671,66.7,True,56.27175465838509,Medium
CUST00226,Routine_Commuter,164,48,0.2926829268292683,3187.76,19.437560975609756,69.2,False,56.26731707317073,Medium
CUST07057,Routine_Commuter,189,48,0.2539682539682539,4710.9,24.925396825396824,70.8,False,56.263730158730155,Medium
CUST01188,Routine_Commuter,164,57,0.3475609756097561,3173.94,19.35329268292683,63.7,True,56.26243902439025,Medium
CUST01083,Routine_Commuter,178,47,0.2640449438202247,4168.16,23.416629213483144,70.5,False,56.25679775280899,Medium
CUST04731,Routine_Commuter,168,48,0.2857142857142857,3776.73,22.480535714285715,69.3,False,56.24357142857143,Medium
CUST07715,Routine_Commuter,180,48,0.2666666666666666,2481.56,13.786444444444443,70.0,False,56.24041666666666,Medium
CUST02061,Routine_Commuter,164,51,0.3109756097560975,3449.23,21.03189024390244,67.3,True,56.2390243902439,Medium
CUST03731,Routine_Commuter,179,49,0.2737430167597765,3680.93,20.56385474860335,69.4,False,56.23722067039107,Medium
CUST05271,Routine_Commuter,175,49,0.28,4438.22,25.361257142857145,69.1,False,56.236250000000005,Medium
CUST03850,Routine_Commuter,175,49,0.28,5757.9800000000005,32.90274285714286,69.1,False,56.236250000000005,Medium
CUST02206,Routine_Commuter,168,52,0.3095238095238095,4585.36,27.29380952380952,66.9,True,56.235952380952384,Medium
CUST02599,Routine_Commuter,158,53,0.3354430379746835,3392.05,21.46867088607595,66.0,True,56.22522151898734,Medium
CUST03812,Routine_Commuter,165,52,0.3151515151515151,3811.95,23.10272727272727,66.7,True,56.21606060606061,Medium
CUST01581,Routine_Commuter,145,58,0.4,3274.35,22.581724137931033,62.4,True,56.215,Medium
CUST02543,Routine_Commuter,154,53,0.3441558441558441,3619.12,23.50077922077922,65.9,True,56.21498376623377,Medium
CUST05391,Routine_Commuter,173,47,0.2716763005780346,3703.56,21.4078612716763,70.1,False,56.214552023121385,Medium
CUST01978,Routine_Commuter,151,58,0.3841059602649007,2481.32,16.432582781456954,62.6,True,56.21423841059603,Medium
CUST04245,Routine_Commuter,165,51,0.3090909090909091,3572.68,21.65260606060606,67.3,True,56.21363636363637,Medium
CUST02024,Routine_Commuter,160,55,0.34375,2737.2,17.107499999999998,64.7,True,56.21125000000001,Medium
CUST00417,Routine_Commuter,151,53,0.3509933774834437,3175.09,21.027086092715233,65.9,True,56.209735099337756,Medium
CUST03992,Routine_Commuter,153,57,0.3725490196078431,1827.86,11.946797385620917,63.3,True,56.20946078431372,Medium
CUST07530,Routine_Commuter,177,53,0.2994350282485876,5612.99,31.71180790960452,66.9,False,56.20615112994351,Medium
CUST07020,Routine_Commuter,150,57,0.38,4199.68,27.997866666666667,63.2,True,56.2025,Medium
CUST04384,Routine_Commuter,157,54,0.3439490445859872,1433.32,9.129426751592357,65.3,True,56.20171178343949,Medium
CUST03838,Routine_Commuter,160,54,0.3375,3210.9,20.068125,65.3,True,56.20125,Medium
CUST00181,Price_Sensitive,152,46,0.3026315789473684,3759.26,24.731973684210526,70.5,True,56.19651315789474,Medium
CUST01754,Routine_Commuter,180,53,0.2944444444444444,4929.87,27.388166666666667,67.1,False,56.19152777777778,Medium
CUST05742,Routine_Commuter,141,62,0.4397163120567376,2426.17,17.206879432624113,59.4,False,56.186152482269506,Medium
CUST01821,Routine_Commuter,153,54,0.3529411764705882,4598.8,30.05751633986928,65.2,True,56.18514705882353,Medium
CUST07514,Routine_Commuter,167,53,0.3173652694610778,4230.69,25.333473053892213,66.1,True,56.17586077844311,Medium
CUST01506,Routine_Commuter,181,47,0.2596685082872928,3975.25,21.962707182320443,70.4,False,56.16174033149172,Medium
CUST04444,Routine_Commuter,157,51,0.3248407643312102,3494.87,22.26031847133758,67.1,True,56.1573805732484,Medium
CUST04648,Routine_Commuter,159,54,0.3396226415094339,3881.46,24.411698113207542,65.2,True,56.15615566037736,Medium
CUST02782,Routine_Commuter,170,50,0.2941176470588235,2933.42,17.255411764705883,68.0,False,56.150955882352946,Medium
CUST01240,Routine_Commuter,196,56,0.2857142857142857,5161.15,26.332397959183673,67.1,False,56.14982142857143,Medium
CUST03622,Routine_Commuter,179,52,0.2905027932960894,3016.57,16.852346368715086,67.5,False,56.14761173184358,Medium
CUST03226,Routine_Commuter,148,48,0.3243243243243243,5623.62,37.99743243243243,69.1,True,56.14672297297297,Medium
CUST06867,Routine_Commuter,170,52,0.3058823529411765,4563.04,26.84141176470588,66.8,True,56.14154411764706,Medium
CUST05289,Routine_Commuter,167,51,0.3053892215568862,2160.63,12.937904191616768,67.2,True,56.13681886227545,Medium
CUST00205,Routine_Commuter,174,53,0.3045977011494253,3499.54,20.11229885057471,66.5,True,56.135158045977015,Medium
CUST05265,Price_Sensitive,154,53,0.3441558441558441,2689.88,17.466753246753246,65.7,True,56.13498376623377,Medium
CUST05508,Routine_Commuter,167,55,0.3293413173652694,6003.89,35.951437125748505,64.8,True,56.13490269461077,Medium
CUST05683,Routine_Commuter,161,50,0.3105590062111801,1919.77,11.924037267080744,67.6,True,56.134860248447204,Medium
CUST01952,Routine_Commuter,160,55,0.34375,3328.69,20.8043125,64.5,True,56.131249999999994,Medium
CUST03833,Routine_Commuter,180,52,0.2888888888888888,7337.4,40.76333333333333,67.5,False,56.12930555555556,Medium
CUST07520,Routine_Commuter,162,48,0.2962962962962963,4029.65,24.874382716049382,68.8,False,56.12310185185185,Medium
CUST01779,Routine_Commuter,173,53,0.3063583815028902,3513.37,20.30849710982659,66.4,True,56.12183526011562,Medium
CUST06438,Routine_Commuter,159,51,0.320754716981132,4152.12,26.113962264150945,67.0,True,56.12143867924528,Medium
CUST05342,Routine_Commuter,160,54,0.3375,4639.76,28.9985,65.1,True,56.12125,Medium
CUST07489,Routine_Commuter,166,55,0.3313253012048193,2701.04,16.27132530120482,64.7,True,56.11551204819278,Medium
CUST04517,Routine_Commuter,174,51,0.293103448275862,5549.27,31.892356321839085,67.6,False,56.11538793103448,Medium
CUST07968,Routine_Commuter,162,58,0.3580246913580246,4672.87,28.844876543209875,62.6,True,56.112237654320985,Medium
CUST04322,Routine_Commuter,146,60,0.410958904109589,3664.83,25.10157534246575,60.8,True,56.112106164383555,Medium
CUST06714,Routine_Commuter,172,59,0.3430232558139535,4833.48,28.10162790697674,62.8,True,56.11093023255815,Medium
CUST03335,Routine_Commuter,166,49,0.2951807228915662,3827.46,23.05698795180723,68.3,False,56.10972891566265,Medium
CUST01697,Routine_Commuter,163,53,0.3251533742331288,4458.65,27.35368098159509,65.7,True,56.10363496932516,Medium
CUST01991,Routine_Commuter,195,53,0.2717948717948718,4949.09,25.37994871794872,68.4,False,56.10304487179488,Medium
CUST07839,High_Mileage,241,57,0.2365145228215767,8381.47,34.77788381742738,71.5,False,56.10183091286308,Medium
CUST01753,Routine_Commuter,172,55,0.3197674418604651,3940.01,22.907034883720932,65.1,True,56.100697674418605,Medium
CUST07199,Routine_Commuter,165,53,0.3212121212121212,4541.47,27.52406060606061,65.8,True,56.09848484848486,Medium
CUST04741,Routine_Commuter,188,54,0.2872340425531915,4339.61,23.083031914893617,67.1,False,56.09811170212767,Medium
CUST07518,Routine_Commuter,167,52,0.311377245508982,3928.07,23.521377245508983,66.5,True,56.09633982035929,Medium
CUST04824,Routine_Commuter,150,53,0.3533333333333333,4709.89,31.39926666666667,65.6,True,56.09583333333333,Medium
CUST02604,Routine_Commuter,156,56,0.358974358974359,2438.75,15.63301282051282,63.7,True,56.09147435897437,Medium
CUST04607,Routine_Commuter,160,55,0.34375,4724.94,29.530875,64.4,True,56.09125,Medium
CUST01788,Routine_Commuter,151,53,0.3509933774834437,3621.72,23.984900662251658,65.6,True,56.08973509933775,Medium
CUST07573,Routine_Commuter,181,55,0.3038674033149171,3800.44,20.996906077348065,65.8,True,56.089696132596686,Medium
CUST01703,Routine_Commuter,159,55,0.3459119496855345,3160.76,19.878993710691827,64.4,True,56.08772798742139,Medium
CUST07081,Routine_Commuter,152,55,0.3618421052631579,2608.41,17.160592105263156,64.3,True,56.08493421052631,Medium
CUST05656,Routine_Commuter,159,51,0.320754716981132,2883.64,18.136100628930816,66.9,True,56.08143867924529,Medium
CUST01695,Routine_Commuter,176,47,0.2670454545454545,3244.54,18.43488636363636,69.9,False,56.07806818181818,Medium
CUST06216,Routine_Commuter,164,50,0.3048780487804878,4263.0,25.99390243902439,67.5,True,56.075121951219515,Medium
CUST03494,Routine_Commuter,179,54,0.3016759776536313,4867.96,27.19530726256983,66.2,True,56.07453910614525,Medium
CUST07186,Routine_Commuter,178,49,0.2752808988764045,3214.29,18.057808988764044,68.9,False,56.066235955056186,Medium
CUST03685,Price_Sensitive,174,52,0.2988505747126437,2252.32,12.944367816091956,66.9,False,56.065272988505754,Medium
CUST02304,Routine_Commuter,157,50,0.3184713375796178,3411.55,21.729617834394904,67.5,True,56.06260350318472,Medium
CUST01487,Routine_Commuter,165,54,0.3272727272727272,3286.95,19.92090909090909,65.1,True,56.06090909090909,Medium
CUST07166,Routine_Commuter,171,54,0.3157894736842105,4325.5,25.295321637426905,65.5,True,56.06032894736843,Medium
CUST02198,Routine_Commuter,165,52,0.3151515151515151,3463.33,20.989878787878787,66.3,True,56.05606060606061,Medium
CUST01310,Price_Sensitive,167,53,0.3173652694610778,3402.16,20.372215568862273,65.8,True,56.05586077844312,Medium
CUST02785,Routine_Commuter,176,52,0.2954545454545454,2853.91,16.215397727272727,67.0,False,56.05443181818182,Medium
CUST05150,Routine_Commuter,167,56,0.3353293413173652,4182.07,25.042335329341316,64.0,True,56.05442365269461,Medium
CUST06137,Routine_Commuter,171,49,0.2865497076023391,3591.73,21.004269005847952,68.4,False,56.05073830409357,Medium
CUST06994,Routine_Commuter,173,48,0.2774566473988439,3442.04,19.896184971098265,69.1,False,56.045765895953764,Medium
CUST02137,Price_Sensitive,155,52,0.3354838709677419,3441.41,22.20264516129032,66.1,True,56.04185483870968,Medium
CUST06758,Routine_Commuter,159,51,0.320754716981132,4733.77,29.772138364779877,66.8,True,56.04143867924528,Medium
CUST07164,Routine_Commuter,154,48,0.3116883116883117,5220.81,33.90136363636364,68.7,True,56.03628246753247,Medium
CUST02361,Routine_Commuter,159,47,0.2955974842767295,3979.67,25.02937106918239,69.3,False,56.03514937106918,Medium
CUST05346,Routine_Commuter,185,52,0.2810810810810811,2706.34,14.628864864864866,67.7,False,56.02949324324325,Medium
CUST07687,Routine_Commuter,163,54,0.3312883435582822,6976.3,42.79938650306749,64.9,True,56.02903374233129,Medium
CUST05248,Routine_Commuter,165,53,0.3212121212121212,2552.91,15.472181818181816,65.6,True,56.01848484848486,Medium
CUST01391,Routine_Commuter,176,49,0.2784090909090909,4085.26,23.21170454545455,68.6,False,56.01261363636364,Medium
CUST07766,Routine_Commuter,183,49,0.2677595628415301,3201.18,17.492786885245902,69.1,False,56.0116325136612,Medium
CUST06084,Routine_Commuter,160,55,0.34375,4837.16,30.23225,64.2,True,56.011250000000004,Medium
CUST07209,Routine_Commuter,166,53,0.3192771084337349,3215.05,19.36777108433735,65.6,True,55.9935843373494,Medium
CUST07649,Routine_Commuter,166,52,0.3132530120481928,3273.94,19.722530120481927,66.2,True,55.992620481927716,Medium
CUST03769,Routine_Commuter,157,53,0.3375796178343949,4488.74,28.590700636942675,65.4,True,55.9869347133758,Medium
CUST02835,Routine_Commuter,164,56,0.3414634146341463,3946.75,24.06554878048781,63.6,True,55.978536585365845,Medium
CUST01434,Routine_Commuter,157,55,0.3503184713375796,4063.36,25.88127388535032,64.1,True,55.976488853503184,Medium
CUST04839,Routine_Commuter,157,55,0.3503184713375796,2703.54,17.22,64.1,True,55.976488853503184,Medium
CUST00655,Routine_Commuter,167,54,0.3233532934131736,3431.02,20.54502994011976,65.0,True,55.97538173652694,Medium
CUST03885,Routine_Commuter,157,52,0.3312101910828025,4766.81,30.36184713375797,66.0,True,55.9721576433121,Medium
CUST06911,Routine_Commuter,172,51,0.2965116279069767,4668.41,27.141918604651163,67.1,False,55.97046511627907,Medium
CUST07147,Routine_Commuter,148,54,0.3648648648648648,3037.94,20.526621621621626,64.6,True,55.9683445945946,Medium
CUST07475,Routine_Commuter,148,54,0.3648648648648648,5032.06,34.00040540540541,64.6,True,55.9683445945946,Medium
CUST05201,Routine_Commuter,161,49,0.3043478260869565,4472.56,27.779875776397517,67.8,True,55.96641304347826,Medium
CUST02134,Price_Sensitive,141,56,0.3971631205673759,2582.85,18.318085106382977,63.1,True,55.96402482269504,Medium
CUST04630,Routine_Commuter,150,60,0.4,4523.3,30.155333333333335,60.6,True,55.962500000000006,Medium
CUST05735,Routine_Commuter,156,53,0.3397435897435897,2532.63,16.234807692307694,65.3,True,55.96224358974359,Medium
CUST07154,Routine_Commuter,154,56,0.3636363636363636,3186.17,20.689415584415585,63.3,True,55.954204545454544,Medium
CUST06158,Routine_Commuter,166,50,0.3012048192771084,4121.01,24.825361445783138,67.3,True,55.95069277108434,Medium
CUST05211,Routine_Commuter,185,47,0.254054054054054,3837.77,20.744702702702703,70.2,False,55.94841216216216,Medium
CUST03656,Routine_Commuter,152,56,0.3684210526315789,2831.97,18.63138157894737,63.3,True,55.94809210526316,Medium
CUST03930,Routine_Commuter,155,60,0.3870967741935484,2323.92,14.993032258064517,60.7,True,55.94637096774194,Medium
CUST03525,Routine_Commuter,153,52,0.3398692810457516,2749.54,17.970849673202615,65.9,True,55.94227124183007,Medium
CUST01144,Routine_Commuter,167,48,0.2874251497005988,4575.87,27.400419161676645,68.5,False,55.938255988023954,Medium
CUST01865,Routine_Commuter,169,50,0.2958579881656805,3952.39,23.386923076923075,67.4,False,55.93681952662722,Medium
CUST05528,Routine_Commuter,154,51,0.3311688311688311,3292.36,21.37896103896104,66.5,True,55.93550324675324,Medium
CUST03677,Routine_Commuter,161,50,0.3105590062111801,4822.23,29.95173913043478,67.1,True,55.93486024844721,Medium
CUST01957,Routine_Commuter,148,58,0.3918918918918919,2982.96,20.155135135135136,61.8,True,55.929425675675674,Medium
CUST07501,Routine_Commuter,161,49,0.3043478260869565,4196.91,26.06776397515528,67.7,True,55.92641304347826,Medium
CUST05867,Routine_Commuter,174,50,0.2873563218390804,3316.18,19.058505747126436,67.7,False,55.92550287356322,Medium
CUST01070,Routine_Commuter,150,54,0.36,2290.15,15.267666666666669,64.5,True,55.9225,Medium
CUST05521,Routine_Commuter,172,47,0.2732558139534883,4133.23,24.030406976744185,69.3,False,55.92023255813954,Medium
CUST03172,Routine_Commuter,158,48,0.3037974683544304,4306.33,27.25525316455696,68.4,True,55.91939873417722,Medium
CUST00723,Price_Sensitive,148,51,0.3445945945945945,3421.96,23.12135135135135,66.5,True,55.91753378378378,Medium
CUST00269,Routine_Commuter,162,47,0.2901234567901234,3650.12,22.53160493827161,68.9,False,55.91618827160494,Medium
CUST02736,Routine_Commuter,154,50,0.3246753246753247,3664.33,23.794350649350648,67.1,True,55.91576298701298,Medium
CUST07050,Routine_Commuter,178,46,0.2584269662921348,4438.27,24.934101123595507,70.2,False,55.91207865168539,Medium
CUST03315,Routine_Commuter,149,56,0.3758389261744966,4200.19,28.18919463087248,63.1,True,55.908557046979865,Medium
CUST00321,Routine_Commuter,160,52,0.325,4593.95,28.7121875,65.8,True,55.901250000000005,Medium
CUST07102,Routine_Commuter,168,44,0.2619047619047619,4854.58,28.896309523809524,70.8,False,55.891190476190474,Medium
CUST01893,Routine_Commuter,148,54,0.3648648648648648,4231.24,28.58945945945946,64.4,True,55.8883445945946,Medium
CUST06316,Routine_Commuter,148,51,0.3445945945945945,3026.73,20.450878378378377,66.4,True,55.87753378378379,Medium
CUST05109,Routine_Commuter,154,48,0.3116883116883117,3999.87,25.973181818181818,68.3,True,55.87628246753248,Medium
CUST06470,Routine_Commuter,193,47,0.2435233160621761,3867.31,20.037875647668393,70.7,False,55.873432642487046,Medium
CUST06777,Routine_Commuter,166,50,0.3012048192771084,4277.2699999999995,25.76668674698795,67.1,True,55.870692771084336,Medium
CUST04098,Routine_Commuter,185,52,0.2810810810810811,2938.36,15.883027027027028,67.3,False,55.86949324324324,Medium
CUST04539,Routine_Commuter,167,51,0.3053892215568862,4472.45,26.7811377245509,66.5,True,55.856818862275446,Medium
CUST03403,Routine_Commuter,189,54,0.2857142857142857,6145.62,32.516507936507935,66.6,False,55.85357142857143,Medium
CUST07150,Routine_Commuter,159,52,0.3270440251572327,3702.66,23.287169811320755,65.7,True,55.85301100628931,Medium
CUST07790,Routine_Commuter,156,51,0.3269230769230769,3998.55,25.63173076923077,66.3,True,55.849423076923074,Medium
CUST04969,Routine_Commuter,157,49,0.3121019108280254,3953.11,25.179044585987263,67.6,True,55.847826433121014,Medium
CUST07827,Routine_Commuter,151,48,0.3178807947019867,3279.57,21.719006622516556,68.3,True,55.845231788079474,Medium
CUST00007,Price_Sensitive,140,56,0.4,3380.43,24.14592857142857,62.8,True,55.84375000000001,Medium
CUST03611,Routine_Commuter,151,51,0.3377483443708609,3313.91,21.9464238410596,66.3,True,55.839933774834435,Medium
CUST00825,Routine_Commuter,172,48,0.2790697674418604,4211.7,24.486627906976743,68.5,False,55.83279069767442,Medium
CUST06419,Price_Sensitive,160,49,0.30625,3052.08,19.0755,67.5,True,55.83125,Medium
CUST05074,Routine_Commuter,162,52,0.3209876543209876,4755.26,29.35345679012346,65.6,True,55.8307561728395,Medium
CUST07356,Routine_Commuter,166,50,0.3012048192771084,4198.74,25.293614457831325,67.0,True,55.830692771084344,Medium
CUST06748,Routine_Commuter,148,56,0.3783783783783784,3030.07,20.473445945945947,62.9,True,55.82888513513514,Medium
CUST03534,Price_Sensitive,152,49,0.3223684210526316,2488.88,16.37421052631579,67.6,True,55.825986842105266,Medium
CUST04943,Price_Sensitive,145,56,0.3862068965517241,4401.05,30.352068965517244,62.8,True,55.82327586206897,Medium
CUST05019,Price_Sensitive,163,45,0.2760736196319018,3231.16,19.823067484662577,69.9,False,55.82044478527608,Medium
CUST07509,Routine_Commuter,154,51,0.3311688311688311,4402.1,28.58506493506494,66.2,True,55.81550324675325,Medium
CUST02452,Routine_Commuter,151,50,0.3311258278145695,5239.33,34.697549668874174,66.9,True,55.81503311258279,Medium
CUST02711,Routine_Commuter,158,55,0.3481012658227848,5018.28,31.761265822784807,63.7,True,55.81155063291139,Medium
CUST04173,Routine_Commuter,168,45,0.2678571428571428,5675.18,33.780833333333334,70.0,False,55.80928571428571,Medium
CUST01355,Price_Sensitive,146,51,0.3493150684931507,3254.33,22.28993150684931,66.2,True,55.80635273972603,Medium
CUST04292,Price_Sensitive,150,51,0.34,2547.86,16.985733333333336,66.2,True,55.80250000000001,Medium
CUST04585,Routine_Commuter,149,55,0.3691275167785235,2761.75,18.53523489932886,63.5,True,55.80010067114094,Medium
CUST06342,Routine_Commuter,154,52,0.3376623376623376,3245.3,21.073376623376625,65.5,True,55.795243506493506,Medium
CUST07261,Routine_Commuter,161,52,0.3229813664596273,4831.94,30.012049689440992,65.5,True,55.791754658385095,Medium
CUST07656,Routine_Commuter,160,49,0.30625,4809.68,30.0605,67.4,True,55.791250000000005,Medium
CUST05918,Routine_Commuter,150,49,0.3266666666666666,4107.39,27.382600000000004,67.5,True,55.78916666666666,Medium
CUST04240,Price_Sensitive,148,49,0.3310810810810811,4942.12,33.3927027027027,67.5,True,55.77699324324324,Medium
CUST02618,Routine_Commuter,178,47,0.2640449438202247,4562.98,25.634719101123594,69.3,False,55.77679775280899,Medium
CUST00574,Routine_Commuter,151,50,0.3311258278145695,3303.0,21.874172185430464,66.8,True,55.77503311258278,Medium
CUST05163,Routine_Commuter,160,51,0.31875,2999.33,18.7458125,66.1,True,55.771249999999995,Medium
CUST01737,Routine_Commuter,148,54,0.3648648648648648,4031.56,27.24027027027027,64.1,True,55.768344594594595,Medium
CUST05723,Routine_Commuter,178,45,0.2528089887640449,3348.76,18.813258426966293,70.4,False,55.76735955056181,Medium
CUST07936,Routine_Commuter,187,47,0.2513368983957219,3880.29,20.750213903743315,69.9,False,55.76597593582888,Medium
CUST05772,Routine_Commuter,165,47,0.2848484848484848,4498.63,27.264424242424244,68.6,False,55.763939393939395,Medium
CUST00400,Routine_Commuter,153,53,0.3464052287581699,4035.61,26.37653594771242,64.8,True,55.763709150326804,Medium
CUST05304,Routine_Commuter,148,59,0.3986486486486486,3735.33,25.238716216216215,60.7,True,55.75969594594595,Medium
CUST03996,Routine_Commuter,152,53,0.3486842105263157,3649.27,24.008355263157895,64.8,True,55.75861842105263,Medium
CUST06694,Routine_Commuter,159,54,0.3396226415094339,3166.62,19.915849056603772,64.2,True,55.75615566037736,Medium
CUST00466,Routine_Commuter,164,48,0.2926829268292683,2944.52,17.954390243902438,67.9,False,55.747317073170734,Medium
CUST00856,Routine_Commuter,153,54,0.3529411764705882,3008.46,19.66313725490196,64.1,True,55.745147058823534,Medium
CUST03296,Routine_Commuter,179,48,0.2681564245810056,3534.91,19.748100558659218,68.7,False,55.73375698324023,Medium
CUST06412,Routine_Commuter,141,58,0.4113475177304964,2318.43,16.442765957446806,61.1,True,55.731400709219855,Medium
CUST02039,Routine_Commuter,171,49,0.2865497076023391,4192.26,24.51614035087719,67.6,False,55.73073830409356,Medium
CUST06610,Routine_Commuter,157,49,0.3121019108280254,4155.49,26.468089171974523,67.3,True,55.727826433121024,Medium
CUST02560,Routine_Commuter,144,53,0.3680555555555556,4987.67,34.63659722222222,64.6,True,55.719722222222224,Medium
CUST05616,Routine_Commuter,152,53,0.3486842105263157,4089.83,26.90677631578947,64.7,True,55.71861842105263,Medium
CUST01004,Routine_Commuter,171,51,0.2982456140350877,4871.48,28.488187134502923,66.4,False,55.718574561403514,Medium
CUST00299,Routine_Commuter,155,54,0.3483870967741935,4222.88,27.244387096774194,64.0,True,55.71798387096774,Medium
CUST02924,Routine_Commuter,155,56,0.3612903225806451,3107.55,20.048709677419357,62.7,True,55.71411290322581,Medium
CUST00302,Routine_Commuter,166,53,0.3192771084337349,6650.04,40.060481927710846,64.9,True,55.7135843373494,Medium
CUST01730,Routine_Commuter,166,51,0.3072289156626506,3023.38,18.21313253012048,66.1,True,55.71165662650603,Medium
CUST04441,Routine_Commuter,180,53,0.2944444444444444,3626.42,20.14677777777778,65.9,False,55.711527777777775,Medium
CUST03386,Routine_Commuter,163,47,0.2883435582822086,2799.67,17.175889570552147,68.4,False,55.711242331288354,Medium
CUST07256,Routine_Commuter,151,52,0.3443708609271523,3764.61,24.931192052980133,65.3,True,55.7048344370861,Medium
CUST04216,Routine_Commuter,139,56,0.4028776978417266,2901.83,20.876474820143883,62.4,True,55.69510791366906,Medium
CUST04219,Routine_Commuter,153,46,0.3006535947712418,3691.17,24.12529411764706,69.2,True,55.69364379084968,Medium
CUST04195,Routine_Commuter,147,54,0.3673469387755102,2875.3,19.559863945578233,63.9,True,55.69012755102041,Medium
CUST00936,Routine_Commuter,141,57,0.4042553191489361,2665.79,18.906312056737587,61.7,True,55.68771276595745,Medium
CUST01328,Routine_Commuter,173,48,0.2774566473988439,3279.94,18.959190751445085,68.2,False,55.685765895953764,Medium
CUST07828,Routine_Commuter,190,52,0.2736842105263158,5086.39,26.77047368421053,67.3,False,55.674868421052636,Medium
CUST02655,Routine_Commuter,156,50,0.3205128205128205,3414.21,21.88596153846154,66.5,True,55.673012820512824,Medium
CUST05768,Price_Sensitive,155,47,0.3032258064516129,3087.2,19.91741935483871,68.4,True,55.671532258064516,Medium
CUST07359,Routine_Commuter,163,47,0.2883435582822086,3167.74,19.43398773006135,68.3,False,55.67124233128835,Medium
CUST07285,Routine_Commuter,162,52,0.3209876543209876,4272.69,26.374629629629627,65.2,True,55.6707561728395,Medium
CUST04618,Routine_Commuter,180,42,0.2333333333333333,4146.76,23.037555555555556,71.9,False,55.66708333333334,Medium
CUST07302,Routine_Commuter,153,54,0.3529411764705882,2446.01,15.986993464052288,63.9,True,55.665147058823536,Medium
CUST06240,Routine_Commuter,151,52,0.3443708609271523,1705.0,11.291390728476822,65.2,True,55.6648344370861,Medium
CUST03390,Routine_Commuter,160,48,0.3,3568.27,22.3016875,67.7,True,55.661249999999995,Medium
CUST06596,Routine_Commuter,157,47,0.2993630573248407,4624.07,29.452675159235667,68.4,False,55.65827229299363,Medium
CUST01246,Routine_Commuter,167,48,0.2874251497005988,2768.26,16.576407185628742,67.8,False,55.65825598802395,Medium
CUST03225,Routine_Commuter,147,53,0.3605442176870748,4594.14,31.252653061224493,64.5,True,55.658018707482995,Medium
CUST02876,Routine_Commuter,154,49,0.3181818181818182,3499.14,22.72168831168831,67.1,True,55.65602272727273,Medium
CUST04055,Routine_Commuter,163,44,0.2699386503067484,4594.44,28.186748466257665,70.1,False,55.65504601226994,Medium
CUST04792,Routine_Commuter,165,51,0.3090909090909091,3997.35,24.226363636363637,65.9,True,55.653636363636366,Medium
CUST07835,Routine_Commuter,160,51,0.31875,4846.82,30.292624999999997,65.8,True,55.651250000000005,Medium
CUST07478,Routine_Commuter,153,57,0.3725490196078431,3740.14,24.445359477124185,61.9,True,55.64946078431373,Medium
CUST06166,Routine_Commuter,145,50,0.3448275862068966,2608.72,17.9911724137931,66.5,True,55.64810344827587,Medium
CUST02145,Routine_Commuter,151,51,0.3377483443708609,3883.32,25.717350993377483,65.8,True,55.63993377483444,Medium
CUST02705,Routine_Commuter,161,48,0.2981366459627329,4539.55,28.195962732919256,67.6,False,55.63796583850932,Medium
CUST04276,Routine_Commuter,154,50,0.3246753246753247,5242.63,34.04305194805195,66.4,True,55.635762987012995,Medium
CUST00553,Routine_Commuter,164,50,0.3048780487804878,4254.06,25.93939024390244,66.4,True,55.63512195121952,Medium
CUST06027,Price_Sensitive,138,56,0.4057971014492754,3588.78,26.005652173913045,62.2,True,55.63438405797102,Medium
CUST07984,Routine_Commuter,183,48,0.2622950819672131,6287.3,34.356830601092895,68.7,False,55.63305327868852,Medium
CUST04228,Routine_Commuter,161,47,0.2919254658385093,3145.62,19.538012422360246,68.2,False,55.62951863354037,Medium
CUST02871,Routine_Commuter,148,53,0.3581081081081081,4329.04,29.25027027027027,64.4,True,55.618074324324326,Medium
CUST03066,Routine_Commuter,154,51,0.3311688311688311,3790.59,24.61422077922078,65.7,True,55.61550324675325,Medium
CUST04120,Routine_Commuter,154,53,0.3441558441558441,3678.76,23.88805194805195,64.4,True,55.61498376623378,Medium
CUST04598,Routine_Commuter,158,49,0.310126582278481,4471.93,28.30335443037975,67.0,True,55.61256329113924,Medium
CUST03168,Routine_Commuter,162,49,0.3024691358024691,3200.07,19.75351851851852,66.9,True,55.61001543209877,Medium
CUST02301,Routine_Commuter,161,54,0.3354037267080745,3650.68,22.67503105590062,63.8,True,55.608649068322975,Medium
CUST04719,Routine_Commuter,148,50,0.3378378378378378,2213.55,14.95641891891892,66.4,True,55.607263513513516,Medium
CUST06699,Routine_Commuter,159,48,0.3018867924528302,4360.2300000000005,27.42283018867925,67.6,True,55.60672169811321,Medium
CUST07753,Routine_Commuter,146,58,0.3972602739726027,3164.47,21.67445205479452,60.9,True,55.60416095890411,Medium
CUST03278,Routine_Commuter,160,46,0.2875,4193.47,26.2091875,68.8,False,55.60124999999999,Medium
CUST03624,Routine_Commuter,142,51,0.3591549295774648,3386.05,23.84542253521127,65.7,True,55.596197183098596,Medium
CUST06036,Routine_Commuter,179,42,0.2346368715083799,4072.76,22.75284916201117,71.7,False,55.592974860335204,Medium
CUST07971,Routine_Commuter,152,51,0.3355263157894737,3224.24,21.212105263157895,65.7,True,55.592302631578946,Medium
CUST07637,Routine_Commuter,137,51,0.3722627737226277,2254.88,16.458978102189782,65.7,True,55.59051094890511,Medium
CUST02228,Routine_Commuter,150,49,0.3266666666666666,3625.94,24.172933333333333,67.0,True,55.58916666666666,Medium
CUST04590,Routine_Commuter,155,51,0.3290322580645161,4090.5,26.39032258064516,65.6,True,55.58379032258064,Medium
CUST00917,Routine_Commuter,163,45,0.2760736196319018,3785.99,23.22693251533742,69.3,False,55.58044478527607,Medium
CUST00998,Routine_Commuter,154,49,0.3181818181818182,2891.92,18.7787012987013,66.9,True,55.57602272727273,Medium
CUST03140,Routine_Commuter,164,45,0.274390243902439,4057.47,24.740670731707315,69.3,False,55.57560975609756,Medium
CUST05654,Routine_Commuter,161,45,0.2795031055900621,3416.24,21.21888198757764,69.3,False,55.57262422360248,Medium
CUST02496,Routine_Commuter,146,50,0.3424657534246575,2512.24,17.207123287671234,66.3,True,55.572380136986304,Medium
CUST00224,Routine_Commuter,160,43,0.26875,3339.99,20.8749375,70.6,False,55.57124999999999,Medium
CUST05937,Price_Sensitive,156,46,0.2948717948717949,5294.38,33.93833333333333,68.8,False,55.56737179487179,Medium
CUST00762,Price_Sensitive,146,51,0.3493150684931507,2121.1,14.528082191780822,65.6,True,55.56635273972602,Medium
CUST05293,Routine_Commuter,149,55,0.3691275167785235,4073.86,27.341342281879196,62.9,True,55.56010067114094,Medium
CUST06091,Routine_Commuter,152,53,0.3486842105263157,2989.92,19.670526315789473,64.3,True,55.55861842105263,Medium
CUST07219,Routine_Commuter,174,47,0.2701149425287356,5188.47,29.81879310344828,68.5,False,55.555847701149425,Medium
CUST06033,Routine_Commuter,154,50,0.3246753246753247,2851.47,18.51603896103896,66.2,True,55.555762987013,Medium
CUST06638,Routine_Commuter,152,51,0.3355263157894737,3997.06,26.296447368421052,65.6,True,55.55230263157895,Medium
CUST04251,Price_Sensitive,153,45,0.2941176470588235,3084.67,20.16124183006536,69.5,False,55.552205882352936,Medium
CUST04603,Routine_Commuter,166,51,0.3072289156626506,3664.92,22.077831325301204,65.7,True,55.55165662650603,Medium
CUST03010,Routine_Commuter,148,53,0.3581081081081081,2421.42,16.360945945945947,64.2,True,55.53807432432433,Medium
CUST03487,Routine_Commuter,154,49,0.3181818181818182,3496.37,22.703701298701297,66.8,True,55.53602272727272,Medium
CUST06041,Price_Sensitive,164,45,0.274390243902439,2840.33,17.31908536585366,69.2,False,55.53560975609756,Medium
CUST01465,Routine_Commuter,163,44,0.2699386503067484,4460.97,27.36791411042945,69.8,False,55.53504601226994,Medium
CUST02682,Routine_Commuter,154,53,0.3441558441558441,4323.34,28.073636363636364,64.2,True,55.534983766233765,Medium
CUST07634,Routine_Commuter,176,49,0.2784090909090909,3345.75,19.009943181818183,67.4,False,55.53261363636364,Medium
CUST00974,Routine_Commuter,160,47,0.29375,2825.7,17.660625,68.0,False,55.53125,Medium
CUST07247,Routine_Commuter,169,41,0.2426035502958579,4366.76,25.83881656804734,71.7,False,55.526642011834326,Medium
CUST03730,Routine_Commuter,161,53,0.3291925465838509,4861.58,30.19614906832298,64.2,True,55.52020186335404,Medium
CUST04786,Routine_Commuter,169,43,0.2544378698224852,6057.47,35.843017751479294,70.5,False,55.52001479289942,Medium
CUST05238,Routine_Commuter,155,54,0.3483870967741935,2772.52,17.887225806451614,63.5,True,55.51798387096774,Medium
CUST01580,Routine_Commuter,162,47,0.2901234567901234,3950.43,24.38537037037037,67.9,False,55.51618827160494,Medium
CUST05133,Routine_Commuter,164,50,0.3048780487804878,4264.83,26.005060975609755,66.1,True,55.51512195121951,Medium
CUST04108,Routine_Commuter,156,50,0.3205128205128205,3806.44,24.40025641025641,66.1,True,55.51301282051281,Medium
CUST03757,Routine_Commuter,163,47,0.2883435582822086,4590.64,28.16343558282209,67.9,False,55.51124233128835,Medium
CUST00751,Routine_Commuter,166,46,0.2771084337349397,3068.46,18.484698795180723,68.6,False,55.506837349397586,Medium
CUST04803,Routine_Commuter,147,57,0.3877551020408163,2956.49,20.112176870748296,61.4,True,55.506454081632654,Medium
CUST06126,Routine_Commuter,158,50,0.3164556962025316,3194.39,20.2176582278481,66.1,True,55.50572784810126,Medium
CUST06089,Routine_Commuter,169,48,0.2840236686390532,2921.08,17.284497041420117,67.5,False,55.50344674556213,Medium
CUST03308,Routine_Commuter,160,48,0.3,3849.32,24.05825,67.3,True,55.50125,Medium
CUST03428,Routine_Commuter,153,48,0.3137254901960784,4320.18,28.236470588235296,67.4,True,55.49651960784314,Medium
CUST04914,Price_Sensitive,146,50,0.3424657534246575,3896.58,26.68890410958904,66.1,True,55.4923801369863,Medium
CUST04260,Routine_Commuter,155,50,0.3225806451612903,3576.44,23.073806451612903,66.0,True,55.48572580645161,Medium
CUST00025,Routine_Commuter,161,44,0.2732919254658385,3543.87,22.011614906832296,69.7,False,55.484177018633545,Medium
CUST02341,Routine_Commuter,168,48,0.2857142857142857,5329.04,31.72047619047619,67.4,False,55.48357142857143,Medium
CUST06196,Routine_Commuter,151,51,0.3377483443708609,3562.22,23.590860927152317,65.4,True,55.47993377483444,Medium
CUST01872,Price_Sensitive,158,45,0.2848101265822785,4070.93,25.765379746835443,69.2,False,55.47990506329114,Medium
CUST01716,Routine_Commuter,154,48,0.3116883116883117,3055.47,19.840714285714284,67.3,True,55.47628246753247,Medium
CUST00789,Routine_Commuter,174,47,0.2701149425287356,4449.0,25.56896551724138,68.3,False,55.475847701149426,Medium
CUST07921,Routine_Commuter,145,54,0.3724137931034483,2858.45,19.713448275862067,63.3,True,55.47155172413794,Medium
CUST03478,Routine_Commuter,153,43,0.2810457516339869,5570.67,36.40960784313725,70.6,False,55.46933006535947,Medium
CUST00620,Price_Sensitive,159,43,0.270440251572327,3990.38,25.09672955974843,70.4,False,55.468860062893086,Medium
CUST04638,Routine_Commuter,166,47,0.2831325301204819,2070.45,12.472590361445782,67.9,False,55.46780120481928,Medium
CUST04996,Routine_Commuter,166,47,0.2831325301204819,3808.33,22.94174698795181,67.9,False,55.46780120481928,Medium
CUST04888,Routine_Commuter,157,53,0.3375796178343949,4857.36,30.93859872611465,64.1,True,55.46693471337579,Medium
CUST05572,Routine_Commuter,171,47,0.2748538011695906,5961.59,34.86309941520468,68.1,False,55.462902046783626,Medium
CUST00908,Price_Sensitive,152,40,0.2631578947368421,2591.89,17.051907894736843,72.6,False,55.45756578947368,Medium
CUST05292,Price_Sensitive,152,52,0.3421052631578947,3745.58,24.641973684210527,64.7,True,55.45546052631579,Medium
CUST05095,Routine_Commuter,157,46,0.2929936305732484,3149.5,20.06050955414013,68.5,False,55.44349522292994,Medium
CUST05241,Routine_Commuter,152,48,0.3157894736842105,2850.21,18.75138157894737,67.3,True,55.442828947368426,Medium
CUST03743,Routine_Commuter,157,54,0.3439490445859872,2395.61,15.258662420382166,63.4,True,55.44171178343949,Medium
CUST04366,Routine_Commuter,143,52,0.3636363636363636,1908.1,13.343356643356644,64.6,True,55.44170454545454,Medium
CUST07571,Routine_Commuter,148,51,0.3445945945945945,2973.63,20.092094594594595,65.3,True,55.43753378378378,Medium
CUST02173,Routine_Commuter,154,46,0.2987012987012987,4485.76,29.12831168831169,68.5,False,55.43680194805195,Medium
CUST02499,Routine_Commuter,162,47,0.2901234567901234,3254.01,20.08648148148148,67.7,False,55.436188271604934,Medium
CUST03741,Routine_Commuter,160,49,0.30625,3809.54,23.809625,66.5,True,55.431250000000006,Medium
CUST05788,Routine_Commuter,151,57,0.3774834437086092,4108.32,27.207417218543043,61.3,True,55.429337748344366,Medium
CUST00446,Routine_Commuter,158,50,0.3164556962025316,2258.05,14.291455696202531,65.9,True,55.42572784810127,Medium
CUST04794,Routine_Commuter,153,52,0.3398692810457516,3317.91,21.6856862745098,64.6,True,55.42227124183006,Medium
CUST01211,Routine_Commuter,148,57,0.3851351351351351,3662.21,24.74466216216216,61.2,True,55.419155405405405,Medium
CUST03667,Routine_Commuter,149,50,0.3355704697986577,4619.02,31.00013422818792,65.9,True,55.41781879194631,Medium
CUST05818,Routine_Commuter,159,52,0.3270440251572327,4038.36,25.398490566037736,64.6,True,55.41301100628931,Medium
CUST03268,Routine_Commuter,159,45,0.2830188679245283,4044.9,25.43962264150943,69.0,False,55.41200471698114,Medium
CUST01550,Routine_Commuter,170,46,0.2705882352941176,2356.56,13.862117647058824,68.5,False,55.4097794117647,Medium
CUST02888,Routine_Commuter,155,48,0.3096774193548387,2978.07,19.21335483870968,67.1,True,55.409596774193545,Medium
CUST04196,Routine_Commuter,143,53,0.3706293706293706,2994.23,20.93867132867133,63.8,True,55.40142482517482,Medium
CUST03031,Routine_Commuter,170,49,0.288235294117647,3568.08,20.988705882352946,66.7,False,55.395661764705885,Medium
CUST04117,Price_Sensitive,149,45,0.3020134228187919,3822.93,25.657248322147648,69.2,True,55.39553691275167,Medium
CUST04591,Routine_Commuter,159,47,0.2955974842767295,2926.47,18.405471698113207,67.7,False,55.39514937106919,Medium
CUST04545,Routine_Commuter,151,54,0.3576158940397351,3807.5,25.21523178807947,63.2,True,55.394635761589406,Medium
CUST00843,Routine_Commuter,171,46,0.2690058479532163,3488.57,20.400994152046785,68.5,False,55.38898391812866,Medium
CUST02445,Routine_Commuter,153,54,0.3529411764705882,4666.36,30.499084967320258,63.2,True,55.385147058823534,Medium
CUST03632,Routine_Commuter,153,54,0.3529411764705882,2692.13,17.59562091503268,63.2,True,55.385147058823534,Medium
CUST07852,Routine_Commuter,151,47,0.3112582781456953,4651.48,30.804503311258276,67.8,True,55.380331125827816,Medium
CUST06080,Routine_Commuter,187,50,0.267379679144385,3381.74,18.08417112299465,67.3,False,55.36768716577541,Medium
CUST01330,Routine_Commuter,172,46,0.2674418604651162,5713.98,33.22081395348837,68.5,False,55.36767441860466,Medium
CUST05563,Routine_Commuter,163,50,0.3067484662576687,2874.77,17.636625766871166,65.7,True,55.36743865030675,Medium
CUST01424,Routine_Commuter,161,49,0.3043478260869565,4128.9,25.64534161490683,66.3,True,55.36641304347826,Medium
CUST05912,Routine_Commuter,151,48,0.3178807947019867,2138.22,14.160397350993376,67.1,True,55.36523178807947,Medium
CUST04992,Routine_Commuter,153,53,0.3464052287581699,3532.57,23.088692810457516,63.8,True,55.3637091503268,Medium
CUST04339,Routine_Commuter,157,46,0.2929936305732484,2018.51,12.856751592356687,68.3,False,55.36349522292994,Medium
CUST07554,Routine_Commuter,149,41,0.2751677852348993,2717.46,18.237986577181207,71.8,False,55.36171140939597,Medium
CUST06399,Routine_Commuter,136,58,0.4264705882352941,2011.26,14.788676470588236,60.0,True,55.35632352941177,Medium
CUST06898,Routine_Commuter,151,54,0.3576158940397351,3825.83,25.33662251655629,63.1,True,55.35463576158941,Medium
CUST00183,Routine_Commuter,157,48,0.3057324840764331,3033.33,19.320573248407644,67.0,True,55.35304936305732,Medium
CUST02357,Routine_Commuter,136,49,0.3602941176470588,3044.75,22.387867647058822,66.6,True,55.349264705882355,Medium
CUST06141,Routine_Commuter,156,52,0.3333333333333333,1611.1,10.327564102564102,64.4,True,55.34583333333333,Medium
CUST01914,Price_Sensitive,145,46,0.3172413793103448,3375.85,23.281724137931032,68.5,True,55.3446551724138,Medium
CUST07946,Routine_Commuter,160,48,0.3,3015.8,18.848750000000003,66.9,True,55.34125,Medium
CUST05069,Routine_Commuter,157,47,0.2993630573248407,4400.22,28.02687898089172,67.6,False,55.33827229299362,Medium
CUST01128,Routine_Commuter,167,48,0.2874251497005988,3853.9,23.077245508982035,67.0,False,55.33825598802396,Medium
CUST02009,Routine_Commuter,159,48,0.3018867924528302,3838.82,24.143522012578615,66.9,True,55.32672169811321,Medium
CUST07580,Routine_Commuter,150,51,0.34,5463.97,36.42646666666667,65.0,True,55.322500000000005,Medium
CUST02895,Routine_Commuter,175,45,0.2571428571428571,4558.8,26.05028571428571,69.1,False,55.32196428571429,Medium
CUST00643,Routine_Commuter,147,50,0.3401360544217687,3331.24,22.661496598639456,65.7,True,55.32169217687075,Medium
CUST05646,Routine_Commuter,154,50,0.3246753246753247,2482.59,16.120714285714286,65.6,True,55.31576298701299,Medium
CUST00094,Routine_Commuter,157,48,0.3057324840764331,2942.11,18.73955414012739,66.9,True,55.31304936305733,Medium
CUST04842,Price_Sensitive,150,46,0.3066666666666666,3940.92,26.2728,68.3,True,55.30916666666667,Medium
CUST01885,Routine_Commuter,145,55,0.3793103448275862,3218.19,22.19441379310345,62.2,True,55.30741379310346,Medium
CUST06436,Routine_Commuter,155,51,0.3290322580645161,2926.56,18.881032258064515,64.9,True,55.30379032258065,Medium
CUST07761,Routine_Commuter,161,46,0.2857142857142857,3451.98,21.44086956521739,68.0,False,55.30107142857143,Medium
CUST02510,Price_Sensitive,148,49,0.3310810810810811,2337.07,15.791013513513514,66.3,True,55.296993243243236,Medium
CUST01069,Routine_Commuter,154,49,0.3181818181818182,3508.48,22.782337662337664,66.2,True,55.29602272727273,Medium
CUST02564,Routine_Commuter,158,43,0.2721518987341772,3141.81,19.88487341772152,70.0,False,55.29357594936709,Medium
CUST06894,Routine_Commuter,161,45,0.2795031055900621,3354.33,20.834347826086955,68.6,False,55.29262422360248,Medium
CUST07970,Routine_Commuter,160,47,0.29375,4210.16,26.3135,67.4,False,55.291250000000005,Medium
CUST05210,Routine_Commuter,159,48,0.3018867924528302,2980.82,18.74729559748428,66.8,True,55.286721698113205,Medium
CUST02516,Routine_Commuter,153,55,0.3594771241830065,4231.52,27.65699346405229,62.3,True,55.286584967320266,Medium
CUST05310,Routine_Commuter,162,48,0.2962962962962963,3757.4,23.19382716049383,66.7,False,55.28310185185185,Medium
CUST07587,Routine_Commuter,143,50,0.3496503496503496,3383.63,23.661748251748257,65.6,True,55.28226398601398,Medium
CUST02554,Routine_Commuter,147,50,0.3401360544217687,2546.17,17.320884353741498,65.6,True,55.28169217687075,Medium
CUST01905,Routine_Commuter,171,44,0.2573099415204678,4526.04,26.4680701754386,69.4,False,55.28114766081872,Medium
CUST05483,Routine_Commuter,152,58,0.3815789473684211,5175.78,34.051184210526316,60.3,True,55.27440789473685,Medium
CUST00875,Routine_Commuter,145,54,0.3724137931034483,2467.46,17.01696551724138,62.8,True,55.271551724137936,Medium
CUST07931,Routine_Commuter,158,50,0.3164556962025316,2813.76,17.80860759493671,65.5,True,55.265727848101264,Medium
CUST07214,Routine_Commuter,156,49,0.3141025641025641,3502.47,22.451730769230767,66.1,True,55.256602564102565,Medium
CUST06566,Routine_Commuter,131,60,0.4580152671755725,3370.95,25.7324427480916,58.1,False,55.2556106870229,Medium
CUST00684,Routine_Commuter,140,58,0.4142857142857143,3856.54,27.546714285714284,59.9,False,55.25517857142858,Medium
CUST07831,Routine_Commuter,159,45,0.2830188679245283,2425.16,15.2525786163522,68.6,False,55.25200471698113,Medium
CUST02558,Routine_Commuter,159,48,0.3018867924528302,4770.35,30.00220125786164,66.7,True,55.24672169811321,Medium
CUST01936,Routine_Commuter,154,48,0.3116883116883117,4823.57,31.32188311688311,66.7,True,55.236282467532476,Medium
CUST00164,Routine_Commuter,146,48,0.3287671232876712,4772.34,32.687260273972605,66.8,True,55.22443493150684,Medium
CUST02475,Routine_Commuter,161,46,0.2857142857142857,3548.79,22.042173913043477,67.8,False,55.22107142857143,Medium
CUST07809,Routine_Commuter,145,50,0.3448275862068966,2327.22,16.049793103448273,65.4,True,55.20810344827587,Medium
CUST03489,Routine_Commuter,149,51,0.3422818791946309,3308.98,22.207919463087247,64.7,True,55.206275167785236,Medium
CUST03231,Routine_Commuter,151,48,0.3178807947019867,3781.01,25.039801324503312,66.7,True,55.20523178807947,Medium
CUST03830,Price_Sensitive,144,51,0.3541666666666667,2768.38,19.22486111111111,64.7,True,55.20416666666667,Medium
CUST04935,Routine_Commuter,153,49,0.3202614379084967,4541.85,29.68529411764706,66.0,True,55.19795751633987,Medium
CUST00850,Routine_Commuter,163,48,0.294478527607362,4775.68,29.298650306748467,66.5,False,55.196641104294486,Medium
CUST02742,Convenience_First,142,51,0.3591549295774648,3328.76,23.441971830985914,64.7,True,55.1961971830986,Medium
CUST07630,Routine_Commuter,151,46,0.304635761589404,2821.65,18.686423841059604,68.0,True,55.195430463576166,Medium
CUST01539,Routine_Commuter,149,52,0.348993288590604,2123.1,14.248993288590604,64.0,True,55.194731543624165,Medium
CUST07101,Routine_Commuter,149,52,0.348993288590604,4583.51,30.761812080536913,64.0,True,55.194731543624165,Medium
CUST07593,Price_Sensitive,146,48,0.3287671232876712,3493.96,23.93123287671233,66.7,True,55.18443493150685,Medium
CUST00206,Price_Sensitive,155,42,0.2709677419354839,2768.49,17.86122580645161,70.4,False,55.18120967741936,Medium
CUST03393,Price_Sensitive,155,42,0.2709677419354839,2782.03,17.948580645161293,70.4,False,55.18120967741936,Medium
CUST02801,Routine_Commuter,154,45,0.2922077922077922,2479.0,16.0974025974026,68.5,False,55.177061688311696,Medium
CUST03932,Routine_Commuter,148,49,0.3310810810810811,5081.74,34.336081081081076,66.0,True,55.176993243243246,Medium
CUST01590,Routine_Commuter,154,49,0.3181818181818182,2140.4,13.8987012987013,65.9,True,55.17602272727274,Medium
CUST01653,Routine_Commuter,153,46,0.3006535947712418,3626.93,23.705424836601303,67.9,True,55.17364379084968,Medium
CUST01135,Routine_Commuter,146,50,0.3424657534246575,2348.55,16.08595890410959,65.3,True,55.1723801369863,Medium
CUST06675,Routine_Commuter,160,47,0.29375,3968.91,24.8056875,67.1,False,55.17125,Medium
CUST07928,Routine_Commuter,168,45,0.2678571428571428,2379.52,14.163809523809524,68.4,False,55.169285714285714,Medium
CUST01924,Routine_Commuter,157,49,0.3121019108280254,5124.1,32.6375796178344,65.9,True,55.16782643312102,Medium
CUST00602,Routine_Commuter,150,54,0.36,3932.76,26.2184,62.6,True,55.16250000000001,Medium
CUST03849,Routine_Commuter,146,52,0.3561643835616438,2401.05,16.44554794520548,63.9,True,55.160325342465754,Medium
CUST01164,Routine_Commuter,172,42,0.2441860465116279,4808.6,27.956976744186047,70.3,False,55.15744186046512,Medium
CUST02579,Routine_Commuter,164,50,0.3048780487804878,3779.8,23.047560975609755,65.2,True,55.15512195121951,Medium
CUST03854,Routine_Commuter,146,47,0.3219178082191781,3359.17,23.008013698630137,67.3,True,55.15046232876713,Medium
CUST00079,Price_Sensitive,136,49,0.3602941176470588,2862.01,21.04419117647059,66.1,True,55.14926470588235,Medium
CUST00105,Routine_Commuter,156,52,0.3333333333333333,2628.93,16.852115384615384,63.9,True,55.14583333333333,Medium
CUST05268,Routine_Commuter,158,50,0.3164556962025316,3300.18,20.887215189873416,65.2,True,55.14572784810127,Medium
CUST02608,Routine_Commuter,147,47,0.3197278911564626,3925.93,26.70700680272109,67.3,True,55.14536564625851,Medium
CUST01275,Routine_Commuter,166,41,0.2469879518072289,3352.83,20.197771084337347,70.7,False,55.14201807228916,Medium
CUST01059,Price_Sensitive,141,50,0.3546099290780142,3181.71,22.56531914893617,65.3,True,55.14189716312057,Medium
CUST02409,Routine_Commuter,163,45,0.2760736196319018,3839.13,23.552944785276075,68.2,False,55.140444785276074,Medium
CUST04068,Routine_Commuter,157,47,0.2993630573248407,2493.62,15.882929936305732,67.1,False,55.13827229299363,Medium
CUST01147,Routine_Commuter,157,44,0.2802547770700637,3512.57,22.373057324840765,69.0,False,55.13394108280255,Medium
CUST02946,Routine_Commuter,147,55,0.3741496598639456,3636.95,24.74115646258503,61.8,True,55.122236394557824,Medium
CUST00543,Routine_Commuter,149,48,0.3221476510067114,3988.69,26.76973154362416,66.5,True,55.12090604026846,Medium
CUST03199,Routine_Commuter,142,53,0.3732394366197183,1991.16,14.02225352112676,63.1,True,55.11957746478874,Medium
CUST05219,Routine_Commuter,152,46,0.3026315789473684,3999.58,26.31302631578947,67.8,True,55.11651315789474,Medium
CUST03971,Routine_Commuter,149,45,0.3020134228187919,4978.09,33.410000000000004,68.5,True,55.11553691275167,Medium
CUST01140,Routine_Commuter,139,48,0.3453237410071942,3192.59,22.968273381294964,66.7,True,55.11294964028777,Medium
CUST01547,Routine_Commuter,160,45,0.28125,3206.15,20.0384375,68.2,False,55.11125,Medium
CUST02331,Routine_Commuter,149,49,0.3288590604026846,3384.84,22.717046979865778,65.8,True,55.10936241610738,Medium
CUST00907,Price_Sensitive,162,46,0.2839506172839506,4661.19,28.772777777777776,67.5,False,55.109274691358024,Medium
CUST05344,Routine_Commuter,150,49,0.3266666666666666,4094.03,27.293533333333336,65.8,True,55.10916666666667,Medium
CUST02707,Routine_Commuter,158,47,0.2974683544303797,3989.79,25.251835443037976,67.0,False,55.106234177215185,Medium
CUST06422,Routine_Commuter,158,47,0.2974683544303797,4232.11,26.78550632911392,67.0,False,55.106234177215185,Medium
CUST02536,Routine_Commuter,157,47,0.2993630573248407,4190.53,26.691273885350316,67.0,False,55.09827229299363,Medium
CUST03578,Routine_Commuter,159,42,0.2641509433962264,2915.05,18.33364779874214,70.1,False,55.09728773584906,Medium
CUST01015,Routine_Commuter,159,42,0.2641509433962264,4453.81,28.011383647798745,70.1,False,55.09728773584906,Medium
CUST07864,Routine_Commuter,150,47,0.3133333333333333,3814.93,25.432866666666666,67.1,True,55.09583333333333,Medium
CUST03860,Routine_Commuter,156,44,0.282051282051282,3057.84,19.601538461538464,68.9,False,55.094551282051285,Medium
CUST07325,Routine_Commuter,152,45,0.2960526315789473,3977.16,26.16552631578947,68.4,False,55.093355263157896,Medium
CUST00976,Routine_Commuter,163,51,0.3128834355828221,3518.53,21.586073619631904,64.4,True,55.09283742331289,Medium
CUST03050,Routine_Commuter,144,48,0.3333333333333333,2907.97,20.19423611111111,66.5,True,55.090833333333336,Medium
CUST05540,Routine_Commuter,144,49,0.3402777777777778,3472.06,24.111527777777777,65.8,True,55.08861111111111,Medium
CUST05800,Routine_Commuter,143,48,0.3356643356643357,2764.29,19.3306993006993,66.5,True,55.08282342657343,Medium
CUST05246,Routine_Commuter,170,39,0.2294117647058823,5007.87,29.45805882352941,71.8,False,55.08272058823529,Medium
CUST07046,Routine_Commuter,150,51,0.34,2892.43,19.282866666666667,64.4,True,55.08250000000001,Medium
CUST02738,Routine_Commuter,150,48,0.32,1696.12,11.307466666666668,66.4,True,55.082499999999996,Medium
CUST01712,Routine_Commuter,154,44,0.2857142857142857,1979.39,12.853181818181817,68.9,False,55.07732142857144,Medium
CUST06181,Routine_Commuter,133,53,0.3984962406015037,2484.84,18.683007518796995,63.0,True,55.07609962406015,Medium
CUST07932,Routine_Commuter,161,43,0.2670807453416149,3811.91,23.67645962732919,69.3,False,55.075729813664594,Medium
CUST00125,Routine_Commuter,150,49,0.3266666666666666,2740.62,18.2708,65.7,True,55.06916666666666,Medium
CUST03101,Routine_Commuter,162,40,0.2469135802469135,4416.94,27.26506172839506,71.1,False,55.06779320987654,Medium
CUST01017,Routine_Commuter,148,44,0.2972972972972973,5226.0,35.310810810810814,69.1,False,55.0656418918919,Medium
CUST02366,Routine_Commuter,167,46,0.2754491017964072,6284.82,37.633652694610774,67.5,False,55.05921407185629,Medium
CUST02371,Routine_Commuter,147,53,0.3605442176870748,3710.94,25.24448979591837,63.0,True,55.058018707482994,Medium
CUST02606,Routine_Commuter,156,49,0.3141025641025641,2869.37,18.39339743589743,65.6,True,55.05660256410256,Medium
CUST04918,Routine_Commuter,139,50,0.3597122302158273,3638.59,26.176906474820147,65.1,True,55.04848920863309,Medium
CUST04437,Routine_Commuter,148,50,0.3378378378378378,2721.85,18.39087837837838,65.0,True,55.04726351351351,Medium
CUST04469,Routine_Commuter,131,58,0.4427480916030534,2343.75,17.891221374045802,59.1,False,55.04492366412214,Medium
CUST03274,Routine_Commuter,139,49,0.3525179856115107,2303.79,16.574028776978416,65.8,True,55.04071942446043,Medium
CUST05674,Routine_Commuter,130,55,0.4230769230769231,1649.6,12.689230769230768,61.4,True,55.03182692307692,Medium
CUST05403,Routine_Commuter,140,45,0.3214285714285714,4145.47,29.6105,68.6,True,55.020892857142854,Medium
CUST04079,Routine_Commuter,163,45,0.2760736196319018,2016.25,12.36963190184049,67.9,False,55.02044478527608,Medium
CUST07493,Routine_Commuter,152,47,0.3092105263157895,2470.21,16.25138157894737,66.9,True,55.01967105263159,Medium
CUST00345,Routine_Commuter,156,44,0.282051282051282,4366.91,27.99301282051282,68.7,False,55.014551282051286,Medium
CUST06658,Routine_Commuter,153,46,0.3006535947712418,3555.1,23.2359477124183,67.5,True,55.01364379084967,Medium
CUST00173,Routine_Commuter,153,46,0.3006535947712418,2361.78,15.436470588235297,67.5,True,55.01364379084967,Medium
CUST05617,Routine_Commuter,165,47,0.2848484848484848,4439.36,26.90521212121212,66.7,False,55.003939393939405,Medium
CUST06765,Routine_Commuter,157,46,0.2929936305732484,3488.34,22.218726114649684,67.4,False,55.00349522292994,Medium
CUST02686,Routine_Commuter,190,45,0.2368421052631578,4141.56,21.797684210526317,69.3,False,55.00118421052632,Medium
CUST04237,Routine_Commuter,153,45,0.2941176470588235,4581.96,29.94745098039216,68.1,False,54.992205882352934,Medium
CUST08000,Price_Sensitive,156,45,0.2884615384615384,2523.25,16.174679487179485,68.0,False,54.990961538461534,Medium
CUST04959,Routine_Commuter,149,49,0.3288590604026846,4591.67,30.816577181208057,65.5,True,54.98936241610738,Medium
CUST07882,Routine_Commuter,157,42,0.267515923566879,4052.61,25.8128025477707,69.9,False,54.98438694267517,Medium
CUST03170,Routine_Commuter,145,56,0.3862068965517241,3633.85,25.061034482758625,60.7,True,54.983275862068965,Medium
CUST03197,Price_Sensitive,152,47,0.3092105263157895,2943.18,19.363026315789472,66.8,True,54.97967105263158,Medium
CUST01437,Routine_Commuter,153,50,0.326797385620915,4356.07,28.471045751633984,64.8,True,54.979395424836596,Medium
CUST05650,Routine_Commuter,153,48,0.3137254901960784,4727.88,30.901176470588236,66.1,True,54.97651960784313,Medium
CUST03152,Routine_Commuter,148,45,0.304054054054054,3390.38,22.907972972972978,68.2,True,54.97591216216216,Medium
CUST02873,Price_Sensitive,155,46,0.2967741935483871,3499.5,22.57741935483871,67.3,False,54.973467741935494,Medium
CUST06002,Routine_Commuter,139,50,0.3597122302158273,2009.63,14.457769784172662,64.9,True,54.968489208633095,Medium
CUST03349,Routine_Commuter,143,52,0.3636363636363636,3665.61,25.633636363636363,63.4,True,54.961704545454545,Medium
CUST07175,Routine_Commuter,143,52,0.3636363636363636,2616.31,18.295874125874125,63.4,True,54.961704545454545,Medium
CUST02968,Routine_Commuter,142,49,0.3450704225352112,2790.77,19.65330985915493,65.5,True,54.952816901408454,Medium
CUST06032,Routine_Commuter,155,47,0.3032258064516129,3871.88,24.979870967741935,66.6,True,54.95153225806452,Medium
CUST07448,Routine_Commuter,157,45,0.286624203821656,5142.26,32.75324840764331,67.9,False,54.94871815286625,Medium
CUST02313,Routine_Commuter,134,51,0.3805970149253731,4036.93,30.126343283582088,64.1,True,54.94138059701493,Medium
CUST03855,Routine_Commuter,161,46,0.2857142857142857,4157.19,25.821055900621115,67.1,False,54.941071428571426,Medium
CUST05491,Routine_Commuter,150,47,0.3133333333333333,3853.44,25.6896,66.7,True,54.935833333333335,Medium
CUST05729,Routine_Commuter,152,45,0.2960526315789473,2687.31,17.67967105263158,68.0,False,54.93335526315789,Medium
CUST01392,Routine_Commuter,149,40,0.2684563758389262,2931.03,19.671342281879195,71.4,False,54.933255033557046,Medium
CUST06966,Routine_Commuter,141,47,0.3333333333333333,4305.06,30.532340425531917,66.9,True,54.93083333333333,Medium
CUST04149,Price_Sensitive,144,48,0.3333333333333333,3618.67,25.12965277777778,66.1,True,54.930833333333325,Medium
CUST06776,Routine_Commuter,156,51,0.3269230769230769,2582.16,16.552307692307693,64.0,True,54.92942307692309,Medium
CUST02118,Routine_Commuter,145,50,0.3448275862068966,4952.15,34.15275862068965,64.7,True,54.92810344827587,Medium
CUST00054,Price_Sensitive,138,53,0.3840579710144927,3583.7,25.968840579710143,62.6,True,54.92481884057971,Medium
CUST05285,Routine_Commuter,157,46,0.2929936305732484,3066.69,19.533057324840765,67.2,False,54.923495222929944,Medium
CUST07279,Routine_Commuter,156,48,0.3076923076923077,3540.04,22.692564102564106,65.9,True,54.92019230769232,Medium
CUST07022,Routine_Commuter,154,48,0.3116883116883117,2932.17,19.040064935064937,65.9,True,54.91628246753247,Medium
CUST03213,Routine_Commuter,155,47,0.3032258064516129,3518.27,22.698516129032257,66.5,True,54.911532258064526,Medium
CUST00144,Routine_Commuter,140,46,0.3285714285714285,2485.7,17.755,67.6,True,54.90660714285715,Medium
CUST07459,Routine_Commuter,152,47,0.3092105263157895,2346.85,15.439802631578948,66.6,True,54.89967105263158,Medium
CUST04666,Price_Sensitive,154,47,0.3051948051948052,1436.64,9.328831168831169,66.5,True,54.89654220779221,Medium
CUST00155,Routine_Commuter,164,43,0.2621951219512195,3727.59,22.729207317073172,68.8,False,54.88780487804878,Medium
CUST01286,Routine_Commuter,153,40,0.261437908496732,4271.34,27.917254901960785,71.1,False,54.88501633986928,Medium
CUST06265,Routine_Commuter,143,46,0.3216783216783216,4267.99,29.846083916083913,67.4,True,54.883382867132866,Medium
CUST02423,Routine_Commuter,143,47,0.3286713286713286,3380.34,23.63874125874126,66.7,True,54.883103146853145,Medium
CUST07658,Price_Sensitive,134,50,0.373134328358209,3466.93,25.872611940298505,64.7,True,54.882873134328364,Medium
CUST07397,Routine_Commuter,160,42,0.2625,2169.6,13.56,69.5,False,54.881249999999994,Medium
CUST07748,Routine_Commuter,146,52,0.3561643835616438,3314.81,22.70417808219178,63.2,True,54.88032534246575,Medium
CUST00342,Routine_Commuter,147,46,0.3129251700680272,3860.79,26.263877551020407,67.3,True,54.873256802721095,Medium
CUST03435,Price_Sensitive,140,47,0.3357142857142857,2628.06,18.771857142857144,66.8,True,54.87232142857143,Medium
CUST00763,Price_Sensitive,150,46,0.3066666666666666,3139.09,20.927266666666668,67.2,True,54.86916666666667,Medium
CUST03229,Routine_Commuter,148,48,0.3243243243243243,4880.28,32.97486486486486,65.9,True,54.86672297297298,Medium
CUST04879,Routine_Commuter,159,46,0.2893081761006289,4110.08,25.849559748427673,67.0,False,54.863577044025156,Medium
CUST00582,Routine_Commuter,153,50,0.326797385620915,3422.98,22.372418300653596,64.5,True,54.859395424836606,Medium
CUST01354,Routine_Commuter,147,53,0.3605442176870748,2044.84,13.91047619047619,62.5,True,54.85801870748299,Medium
CUST03870,Price_Sensitive,136,51,0.375,4445.09,32.68448529411765,63.9,True,54.8575,Medium
CUST05658,Price_Sensitive,145,48,0.3310344827586207,2500.92,17.247724137931034,65.9,True,54.856379310344835,Medium
CUST06050,Routine_Commuter,153,46,0.3006535947712418,4327.57,28.284771241830065,67.1,True,54.853643790849674,Medium
CUST01490,Price_Sensitive,155,46,0.2967741935483871,2048.82,13.2181935483871,67.0,False,54.85346774193549,Medium
CUST00268,Routine_Commuter,145,49,0.3379310344827586,3086.34,21.285103448275866,65.2,True,54.85224137931035,Medium
CUST00240,Routine_Commuter,151,45,0.2980132450331126,4330.93,28.681655629139076,67.8,False,54.85052980132451,Medium
CUST07169,Routine_Commuter,143,50,0.3496503496503496,4435.56,31.017902097902105,64.5,True,54.84226398601398,Medium
CUST05441,Routine_Commuter,148,51,0.3445945945945945,3338.83,22.55966216216216,63.8,True,54.83753378378378,Medium
CUST01787,Routine_Commuter,155,45,0.2903225806451613,3754.52,24.222709677419356,67.6,False,54.83540322580646,Medium
CUST05577,Price_Sensitive,142,48,0.3380281690140845,3644.62,25.66633802816901,65.9,True,54.831126760563386,Medium
CUST02292,Routine_Commuter,146,47,0.3219178082191781,4278.37,29.30390410958904,66.5,True,54.830462328767126,Medium
CUST02249,Price_Sensitive,150,43,0.2866666666666667,2451.15,16.341,69.1,False,54.829166666666666,Medium
CUST06148,Routine_Commuter,150,46,0.3066666666666666,4125.03,27.5002,67.1,True,54.829166666666666,Medium
CUST06696,Routine_Commuter,148,52,0.3513513513513513,2410.32,16.285945945945947,63.1,True,54.827804054054056,Medium
CUST01667,Routine_Commuter,162,40,0.2469135802469135,4563.48,28.169629629629625,70.5,False,54.827793209876546,Medium
CUST07875,Routine_Commuter,155,49,0.3161290322580645,4097.27,26.434,65.0,True,54.82766129032258,Medium
CUST03032,Routine_Commuter,141,51,0.3617021276595745,4625.79,32.80702127659575,63.8,True,54.82558510638298,Medium
CUST01545,Routine_Commuter,154,41,0.2662337662337662,3615.19,23.47525974025974,70.2,False,54.818100649350654,Medium
CUST00443,Routine_Commuter,148,45,0.304054054054054,3802.37,25.691689189189187,67.8,True,54.815912162162164,Medium
CUST06153,Routine_Commuter,133,52,0.3909774436090225,1877.99,14.120225563909775,63.1,True,54.815347744360906,Medium
CUST05676,Routine_Commuter,158,46,0.2911392405063291,4455.08,28.196708860759493,66.9,False,54.81306962025317,Medium
CUST04966,Routine_Commuter,144,48,0.3333333333333333,3668.68,25.47694444444444,65.8,True,54.810833333333335,Medium
CUST01639,Routine_Commuter,144,48,0.3333333333333333,1839.15,12.771875,65.8,True,54.810833333333335,Medium
CUST05365,Routine_Commuter,141,47,0.3333333333333333,2740.51,19.436241134751775,66.6,True,54.81083333333333,Medium
CUST07536,Routine_Commuter,163,43,0.263803680981595,4071.14,24.976319018404908,68.6,False,54.8096472392638,Medium
CUST02146,Price_Sensitive,157,41,0.2611464968152866,3700.39,23.56936305732484,70.1,False,54.80960987261146,Medium
CUST06176,Routine_Commuter,146,44,0.3013698630136986,4280.83,29.320753424657532,68.5,True,54.80854452054795,Medium
CUST04601,Routine_Commuter,146,51,0.3493150684931507,3492.09,23.91842465753425,63.7,True,54.80635273972603,Medium
CUST03285,Routine_Commuter,143,49,0.3426573426573426,2537.18,17.74251748251748,65.1,True,54.802543706293704,Medium
CUST03453,Routine_Commuter,153,51,0.3333333333333333,3242.47,21.192614379084965,63.7,True,54.80083333333333,Medium
CUST01638,Routine_Commuter,172,42,0.2441860465116279,4308.03,25.046686046511628,69.4,False,54.79744186046512,Medium
CUST06067,Price_Sensitive,145,43,0.296551724137931,3463.83,23.88848275862069,69.2,False,54.79706896551725,Medium
CUST06102,Routine_Commuter,162,41,0.2530864197530864,3724.44,22.99037037037037,69.8,False,54.794706790123456,Medium
CUST02085,Routine_Commuter,134,56,0.417910447761194,2695.95,20.119029850746266,60.0,True,54.79391791044776,Medium
CUST07966,Routine_Commuter,153,45,0.2941176470588235,4670.76,30.527843137254905,67.6,False,54.792205882352945,Medium
CUST03128,Routine_Commuter,165,42,0.2545454545454545,5474.74,33.18024242424242,69.2,False,54.791818181818186,Medium
CUST04980,Routine_Commuter,151,49,0.3245033112582781,2915.68,19.30913907284768,65.0,True,54.79013245033113,Medium
CUST01464,Routine_Commuter,148,48,0.3243243243243243,2940.44,19.86783783783784,65.7,True,54.78672297297297,Medium
CUST01380,Routine_Commuter,146,48,0.3287671232876712,4680.05,32.05513698630137,65.7,True,54.784434931506844,Medium
CUST05529,Routine_Commuter,146,42,0.2876712328767123,2656.58,18.195753424657532,69.8,False,54.78059931506849,Medium
CUST00808,Routine_Commuter,159,42,0.2641509433962264,4274.09,26.88106918238994,69.3,False,54.77728773584906,Medium
CUST00757,Routine_Commuter,150,50,0.3333333333333333,2876.54,19.176933333333334,64.3,True,54.775833333333324,Medium
CUST00754,Routine_Commuter,150,50,0.3333333333333333,4291.34,28.608933333333333,64.3,True,54.775833333333324,Medium
CUST06054,Routine_Commuter,158,43,0.2721518987341772,4897.46,30.996582278481014,68.7,False,54.77357594936709,Medium
CUST05550,Routine_Commuter,152,45,0.2960526315789473,4617.13,30.375855263157895,67.6,False,54.77335526315789,Medium
CUST03126,Price_Sensitive,153,44,0.2875816993464052,2135.28,13.95607843137255,68.2,False,54.77076797385621,Medium
CUST00390,Routine_Commuter,145,50,0.3448275862068966,3413.79,23.54337931034483,64.3,True,54.768103448275866,Medium
CUST05675,Routine_Commuter,173,39,0.2254335260115607,5783.11,33.42838150289017,71.1,False,54.76484104046243,Medium
CUST00123,Routine_Commuter,142,53,0.3732394366197183,3216.5,22.651408450704224,62.2,True,54.75957746478874,Medium
CUST04167,Price_Sensitive,145,43,0.296551724137931,3066.05,21.145172413793105,69.1,False,54.75706896551724,Medium
CUST00403,Routine_Commuter,155,49,0.3161290322580645,3922.02,25.303354838709676,64.8,True,54.74766129032258,Medium
CUST05737,Routine_Commuter,159,46,0.2893081761006289,4200.39,26.41754716981132,66.7,False,54.743577044025166,Medium
CUST04525,Price_Sensitive,167,38,0.2275449101796407,2271.62,13.60251497005988,71.5,False,54.74304640718563,Medium
CUST02388,Routine_Commuter,145,47,0.3241379310344827,3668.12,25.297379310344827,66.3,True,54.740517241379315,Medium
CUST04472,Routine_Commuter,155,44,0.2838709677419355,2809.71,18.12716129032258,68.0,False,54.73733870967743,Medium
CUST05608,Routine_Commuter,135,58,0.4296296296296296,3560.49,26.374,58.4,False,54.73518518518519,Medium
CUST06116,Routine_Commuter,158,46,0.2911392405063291,2600.19,16.456898734177216,66.7,False,54.73306962025317,Medium
CUST04654,Routine_Commuter,144,47,0.3263888888888889,3722.59,25.85131944444445,66.3,True,54.73305555555555,Medium
CUST00049,Routine_Commuter,143,42,0.2937062937062937,1810.31,12.65951048951049,69.8,False,54.72450174825175,Medium
CUST00374,Routine_Commuter,170,39,0.2294117647058823,2793.71,16.433588235294117,70.9,False,54.7227205882353,Medium
CUST05935,Routine_Commuter,150,45,0.3,4895.05,32.63366666666667,67.5,True,54.7225,Medium
CUST06737,Routine_Commuter,137,52,0.3795620437956204,5009.92,36.56875912408759,62.8,True,54.722481751824816,Medium
CUST03490,Routine_Commuter,147,45,0.3061224489795918,3254.14,22.13700680272109,67.6,True,54.721147959183675,Medium
CUST07316,Routine_Commuter,158,42,0.2658227848101265,3801.82,24.06215189873418,69.2,False,54.72041139240506,Medium
CUST07229,Routine_Commuter,155,43,0.2774193548387096,3280.67,21.165612903225806,68.6,False,54.71927419354839,Medium
CUST00759,Routine_Commuter,155,45,0.2903225806451613,4444.5,28.674193548387095,67.3,False,54.715403225806455,Medium
CUST07543,Routine_Commuter,148,43,0.2905405405405405,2633.02,17.790675675675676,68.9,False,54.71537162162163,Medium
CUST00487,Routine_Commuter,146,53,0.363013698630137,2607.53,17.859794520547947,62.1,True,54.71429794520548,Medium
CUST03457,Routine_Commuter,142,49,0.3450704225352112,2342.22,16.49450704225352,64.9,True,54.71281690140846,Medium
CUST01677,Routine_Commuter,154,43,0.2792207792207792,4503.76,29.245194805194807,68.6,False,54.697581168831164,Medium
CUST05896,Routine_Commuter,147,44,0.2993197278911564,2707.22,18.41646258503401,68.2,False,54.68903911564626,Medium
CUST04107,Routine_Commuter,143,40,0.2797202797202797,3461.22,24.204335664335662,71.1,False,54.68506118881118,Medium
CUST00462,Routine_Commuter,152,48,0.3157894736842105,3469.34,22.824605263157896,65.4,True,54.68282894736842,Medium
CUST03465,Routine_Commuter,158,42,0.2658227848101265,4120.78,26.080886075949365,69.1,False,54.68041139240506,Medium
CUST02075,Routine_Commuter,136,44,0.3235294117647059,3481.87,25.601985294117647,68.6,True,54.67867647058823,Medium
CUST01145,Routine_Commuter,133,53,0.3984962406015037,2569.12,19.316691729323303,62.0,True,54.67609962406015,Medium
CUST06517,Routine_Commuter,155,45,0.2903225806451613,3211.06,20.716516129032257,67.2,False,54.67540322580646,Medium
CUST06544,Price_Sensitive,148,43,0.2905405405405405,3679.62,24.862297297297296,68.8,False,54.67537162162162,Medium
CUST00874,Routine_Commuter,153,47,0.3071895424836601,3120.84,20.39764705882353,66.0,True,54.67508169934641,Medium
CUST05197,Routine_Commuter,142,48,0.3380281690140845,2645.89,18.63302816901408,65.5,True,54.67112676056338,Medium
CUST01503,Routine_Commuter,142,47,0.3309859154929577,2851.41,20.080352112676056,66.2,True,54.66943661971831,Medium
CUST02646,Routine_Commuter,144,41,0.2847222222222222,4716.34,32.752361111111114,70.3,False,54.66638888888889,Medium
CUST00985,Routine_Commuter,147,47,0.3197278911564626,4217.78,28.69238095238095,66.1,True,54.66536564625851,Medium
CUST02394,Routine_Commuter,131,43,0.3282442748091603,3126.67,23.867709923664123,69.6,True,54.664770992366414,Medium
CUST07369,Routine_Commuter,145,46,0.3172413793103448,4072.49,28.08613793103448,66.8,True,54.664655172413795,Medium
CUST01130,Routine_Commuter,149,46,0.3087248322147651,5123.7,34.38724832214765,66.7,True,54.66399328859061,Medium
CUST04594,Routine_Commuter,159,46,0.2893081761006289,4357.07,27.402955974842765,66.5,False,54.66357704402516,Medium
CUST05203,Routine_Commuter,150,47,0.3133333333333333,2584.5,17.23,66.0,True,54.655833333333334,Medium
CUST00670,Routine_Commuter,150,50,0.3333333333333333,4015.9,26.772666666666662,64.0,True,54.655833333333334,Medium
CUST02770,Routine_Commuter,152,52,0.3421052631578947,3121.93,20.539013157894736,62.7,True,54.65546052631579,Medium
CUST06499,Routine_Commuter,133,50,0.3759398496240601,2785.38,20.942706766917293,64.2,True,54.65384398496241,Medium
CUST00644,Routine_Commuter,152,50,0.3289473684210526,2623.35,17.258881578947367,64.0,True,54.6491447368421,Medium
CUST02281,Routine_Commuter,149,44,0.2953020134228188,5266.58,35.346174496644295,68.0,False,54.64708053691275,Medium
CUST04174,Price_Sensitive,148,42,0.2837837837837837,3142.3,21.23175675675676,69.4,False,54.64510135135136,Medium
CUST03124,Routine_Commuter,161,44,0.2732919254658385,3745.87,23.266273291925465,67.6,False,54.64417701863354,Medium
CUST00653,Price_Sensitive,142,51,0.3591549295774648,4956.29,34.90345070422535,63.3,True,54.636197183098595,Medium
CUST06872,Routine_Commuter,146,47,0.3219178082191781,2055.28,14.077260273972604,66.0,True,54.63046232876712,Medium
CUST07009,Price_Sensitive,145,45,0.3103448275862069,3008.98,20.75158620689655,67.4,True,54.62879310344828,Medium
CUST07128,Price_Sensitive,134,47,0.3507462686567164,4168.16,31.105671641791044,66.3,True,54.62735074626866,Medium
CUST02506,Routine_Commuter,148,44,0.2972972972972973,2863.5,19.347972972972972,68.0,False,54.6256418918919,Medium
CUST06350,Routine_Commuter,179,38,0.2122905027932961,3267.5,18.25418994413408,71.5,False,54.619120111731846,Medium
CUST06936,Price_Sensitive,140,51,0.3642857142857142,3576.19,25.54421428571429,63.3,True,54.61517857142857,Medium
CUST03089,Routine_Commuter,131,52,0.3969465648854962,2792.16,21.31419847328244,62.6,True,54.61286259541985,Medium
CUST06138,Routine_Commuter,160,39,0.24375,2728.98,17.056125,70.7,False,54.61125,Medium
CUST04443,Price_Sensitive,151,45,0.2980132450331126,3499.17,23.173311258278147,67.2,False,54.61052980132451,Medium
CUST07241,Routine_Commuter,144,49,0.3402777777777778,4296.13,29.83423611111111,64.6,True,54.60861111111111,Medium
CUST04743,Price_Sensitive,148,42,0.2837837837837837,2415.41,16.320337837837837,69.3,False,54.60510135135135,Medium
CUST01815,Routine_Commuter,143,45,0.3146853146853147,3472.97,24.286503496503496,67.4,True,54.60366258741259,Medium
CUST02135,Routine_Commuter,136,50,0.3676470588235294,3416.76,25.12323529411765,64.0,True,54.603382352941175,Medium
CUST01840,Routine_Commuter,143,54,0.3776223776223776,2742.32,19.17706293706294,61.1,True,54.6011451048951,Medium
CUST03075,Routine_Commuter,135,52,0.3851851851851852,2719.38,20.14355555555556,62.5,True,54.5974074074074,Medium
CUST03873,Routine_Commuter,147,51,0.3469387755102041,4160.57,28.30319727891156,63.2,True,54.593801020408165,Medium
CUST01691,Routine_Commuter,157,45,0.286624203821656,3257.61,20.749108280254777,67.0,False,54.58871815286625,Medium
CUST04680,Routine_Commuter,148,48,0.3243243243243243,3702.35,25.01587837837838,65.2,True,54.58672297297298,Medium
CUST06621,Routine_Commuter,142,43,0.3028169014084507,4290.23,30.212887323943654,68.8,True,54.58267605633803,Medium
CUST07963,Routine_Commuter,141,50,0.3546099290780142,2501.91,17.744042553191488,63.9,True,54.581897163120566,Medium
CUST06223,Routine_Commuter,147,48,0.3265306122448979,4302.99,29.27204081632653,65.2,True,54.57747448979592,Medium
CUST00935,Routine_Commuter,162,44,0.2716049382716049,3282.27,20.260925925925925,67.4,False,54.5754475308642,Medium
CUST07561,Price_Sensitive,129,51,0.3953488372093023,2011.21,15.59077519379845,63.4,True,54.57270348837209,Medium
CUST01518,Price_Sensitive,141,46,0.3262411347517731,2866.06,20.326666666666668,66.7,True,54.56714539007093,Medium
CUST02568,Routine_Commuter,151,40,0.2649006622516556,3771.36,24.9758940397351,70.4,False,54.56602649006623,Medium
CUST03434,Routine_Commuter,134,48,0.3582089552238806,2787.45,20.80186567164179,65.4,True,54.56585820895523,Medium
CUST02987,Routine_Commuter,138,49,0.3550724637681159,4703.96,34.086666666666666,64.6,True,54.56539855072464,Medium
CUST02010,Routine_Commuter,143,49,0.3426573426573426,3727.66,26.067552447552448,64.5,True,54.5625437062937,Medium
CUST07078,Routine_Commuter,164,41,0.25,4308.93,26.27396341463415,69.2,False,54.56,Medium
CUST02001,Routine_Commuter,137,45,0.3284671532846715,2371.04,17.306861313868612,67.5,True,54.558686131386864,Medium
CUST04661,Routine_Commuter,165,44,0.2666666666666666,3229.12,19.57042424242424,67.4,False,54.55666666666667,Medium
CUST07398,Routine_Commuter,142,51,0.3591549295774648,5136.17,36.17021126760564,63.1,True,54.5561971830986,Medium
CUST02311,Routine_Commuter,161,43,0.2670807453416149,2478.15,15.39223602484472,68.0,False,54.5557298136646,Medium
CUST04254,Routine_Commuter,151,46,0.304635761589404,3872.26,25.644105960264906,66.4,True,54.555430463576165,Medium
CUST03065,Routine_Commuter,151,46,0.304635761589404,3261.74,21.60092715231788,66.4,True,54.555430463576165,Medium
CUST03729,Routine_Commuter,139,48,0.3453237410071942,3412.48,24.55021582733813,65.3,True,54.55294964028777,Medium
CUST06588,Price_Sensitive,150,46,0.3066666666666666,3865.77,25.7718,66.4,True,54.549166666666665,Medium
CUST02553,Routine_Commuter,158,44,0.2784810126582278,3650.33,23.103354430379746,67.5,False,54.54674050632911,Medium
CUST06010,Price_Sensitive,134,51,0.3805970149253731,1751.02,13.06731343283582,63.1,True,54.54138059701493,Medium
CUST00493,Routine_Commuter,168,39,0.2321428571428571,4186.29,24.918392857142855,70.4,False,54.54071428571429,Medium
CUST02795,Price_Sensitive,123,54,0.4390243902439024,2995.49,24.35357723577236,61.2,True,54.538475609756105,Medium
CUST03965,Routine_Commuter,136,51,0.375,3892.07,28.618161764705885,63.1,True,54.5375,Medium
CUST05445,Price_Sensitive,155,44,0.2838709677419355,3950.58,25.48761290322581,67.5,False,54.53733870967743,Medium
CUST04762,Routine_Commuter,151,50,0.3311258278145695,4273.67,28.30245033112583,63.7,True,54.53503311258279,Medium
CUST06241,Routine_Commuter,144,48,0.3333333333333333,3256.77,22.616458333333338,65.1,True,54.530833333333334,Medium
CUST01543,Routine_Commuter,130,57,0.4384615384615384,3766.81,28.975461538461538,58.6,False,54.52721153846154,Medium
CUST00065,Routine_Commuter,140,49,0.35,2673.21,19.09435714285714,64.5,True,54.52375,Medium
CUST01276,Price_Sensitive,151,38,0.2516556291390728,3165.76,20.965298013245036,71.6,False,54.516225165562915,Medium
CUST03603,Routine_Commuter,161,43,0.2670807453416149,4812.79,29.893105590062113,67.9,False,54.5157298136646,Medium
CUST04690,Routine_Commuter,141,53,0.375886524822695,3654.38,25.91758865248227,61.6,True,54.5129609929078,Medium
CUST03104,Price_Sensitive,142,47,0.3309859154929577,1761.06,12.401830985915492,65.8,True,54.509436619718315,Medium
CUST07692,Routine_Commuter,159,43,0.270440251572327,3492.18,21.963396226415092,68.0,False,54.508860062893085,Medium
CUST03814,Routine_Commuter,134,47,0.3507462686567164,3218.23,24.016641791044776,66.0,True,54.507350746268656,Medium
CUST07001,Routine_Commuter,140,46,0.3285714285714285,5062.65,36.16178571428571,66.6,True,54.50660714285714,Medium
CUST01326,Routine_Commuter,155,51,0.3290322580645161,3393.42,21.893032258064515,62.9,True,54.50379032258064,Medium
CUST04813,Price_Sensitive,129,50,0.3875968992248062,4155.36,32.21209302325581,64.0,True,54.502625968992255,Medium
CUST00701,Routine_Commuter,140,52,0.3714285714285714,3338.54,23.846714285714285,62.3,True,54.50089285714286,Medium
CUST00346,Routine_Commuter,159,49,0.3081761006289308,3274.1,20.591823899371068,64.2,True,54.498294025157236,Medium
CUST01176,Routine_Commuter,140,50,0.3571428571428571,3354.64,23.961714285714283,63.7,True,54.48946428571429,Medium
CUST05515,Routine_Commuter,133,42,0.3157894736842105,2346.04,17.639398496240602,69.8,True,54.48782894736843,Medium
CUST04183,Price_Sensitive,155,39,0.2516129032258064,4661.24,30.072516129032255,70.6,False,54.487016129032256,Medium
CUST03399,Routine_Commuter,144,50,0.3472222222222222,3091.81,21.470902777777777,63.6,True,54.48638888888889,Medium
CUST03056,Price_Sensitive,157,38,0.2420382165605095,2575.09,16.40184713375796,71.2,False,54.485278662420384,Medium
CUST07987,Routine_Commuter,153,40,0.261437908496732,3368.62,22.017124183006537,70.1,False,54.485016339869276,Medium
CUST00803,Routine_Commuter,146,45,0.3082191780821918,4176.62,28.60698630136986,67.0,True,54.48251712328767,Medium
CUST04226,Routine_Commuter,142,51,0.3591549295774648,3085.46,21.728591549295775,62.9,True,54.47619718309859,Medium
CUST02171,Routine_Commuter,149,45,0.3020134228187919,3228.03,21.664630872483222,66.9,True,54.47553691275168,Medium
CUST03099,Price_Sensitive,145,44,0.3034482758620689,2474.6,17.066206896551723,67.7,True,54.47293103448276,Medium
CUST03240,Routine_Commuter,137,51,0.3722627737226277,3026.09,22.08824817518248,62.9,True,54.470510948905115,Medium
CUST06923,Routine_Commuter,149,42,0.2818791946308724,3780.89,25.375100671140935,68.9,False,54.4701677852349,Medium
CUST05644,Routine_Commuter,150,40,0.2666666666666666,3426.45,22.843,70.2,False,54.469166666666666,Medium
CUST05643,Price_Sensitive,134,47,0.3507462686567164,3977.42,29.68223880597015,65.9,True,54.467350746268664,Medium
CUST01005,Routine_Commuter,160,40,0.25,4481.11,28.0069375,69.7,False,54.46125000000001,Medium
CUST07699,Routine_Commuter,152,47,0.3092105263157895,3478.08,22.882105263157893,65.5,True,54.459671052631585,Medium
CUST07138,Price_Sensitive,147,48,0.3265306122448979,5435.68,36.9774149659864,64.9,True,54.45747448979592,Medium
CUST06683,Routine_Commuter,148,41,0.277027027027027,3790.36,25.61054054054054,69.6,False,54.45483108108108,Medium
CUST05596,Routine_Commuter,146,43,0.2945205479452055,3494.65,23.93595890410959,68.3,False,54.45457191780822,Medium
CUST02088,Routine_Commuter,149,47,0.3154362416107382,3209.68,21.541476510067113,65.5,True,54.45244966442953,Medium
CUST03188,Routine_Commuter,152,48,0.3157894736842105,4763.38,31.33802631578947,64.8,True,54.442828947368426,Medium
CUST03917,Routine_Commuter,139,49,0.3525179856115107,3479.43,25.031870503597123,64.3,True,54.440719424460426,Medium
CUST03048,Price_Sensitive,159,44,0.2767295597484276,2635.22,16.573710691823898,67.2,False,54.44043238993711,Medium
CUST03512,Routine_Commuter,136,49,0.3602941176470588,2969.65,21.835661764705883,64.3,True,54.42926470588235,Medium
CUST06382,Price_Sensitive,142,46,0.323943661971831,2486.41,17.50992957746479,66.3,True,54.427746478873246,Medium
CUST00091,Routine_Commuter,134,47,0.3507462686567164,4314.38,32.196865671641795,65.8,True,54.42735074626866,Medium
CUST04233,Routine_Commuter,140,46,0.3285714285714285,5411.04,38.650285714285715,66.4,True,54.426607142857144,Medium
CUST03914,Routine_Commuter,148,40,0.2702702702702703,1235.12,8.345405405405405,70.2,False,54.42456081081082,Medium
CUST03920,Routine_Commuter,141,50,0.3546099290780142,3240.51,22.982340425531916,63.5,True,54.42189716312057,Medium
CUST02233,Routine_Commuter,131,49,0.3740458015267175,1737.69,13.264809160305344,64.4,True,54.4168320610687,Medium
CUST02184,Routine_Commuter,136,45,0.3308823529411764,2850.36,20.958529411764708,67.2,True,54.41279411764706,Medium
CUST04188,Price_Sensitive,135,43,0.3185185185185185,2829.66,20.960444444444445,68.7,True,54.41074074074075,Medium
CUST03565,Routine_Commuter,141,45,0.3191489361702128,2957.6,20.975886524822695,67.0,True,54.40345744680851,Medium
CUST01900,Convenience_First,131,50,0.3816793893129771,2870.14,21.90946564885496,63.6,True,54.40217557251909,Medium
CUST04558,Routine_Commuter,137,45,0.3284671532846715,2497.5,18.22992700729927,67.1,True,54.39868613138687,Medium
CUST04375,Routine_Commuter,142,48,0.3380281690140845,3533.41,24.883169014084505,64.8,True,54.39112676056338,Medium
CUST05311,Routine_Commuter,146,47,0.3219178082191781,3038.68,20.81287671232877,65.4,True,54.39046232876713,Medium
CUST02468,Routine_Commuter,153,41,0.2679738562091503,2788.27,18.223986928104576,69.2,False,54.38645424836602,Medium
CUST07683,Routine_Commuter,152,49,0.3223684210526316,3569.85,23.485855263157895,64.0,True,54.38598684210527,Medium
CUST04954,Routine_Commuter,145,46,0.3172413793103448,2437.42,16.809793103448275,66.1,True,54.384655172413794,Medium
CUST07856,Routine_Commuter,149,46,0.3087248322147651,3479.99,23.355637583892616,66.0,True,54.38399328859061,Medium
CUST02650,Routine_Commuter,137,50,0.364963503649635,3975.37,29.017299270072993,63.4,True,54.3785401459854,Medium
CUST00545,Routine_Commuter,144,45,0.3125,3508.07,24.361597222222223,66.8,True,54.3775,Medium
CUST05782,Routine_Commuter,150,45,0.3,2430.08,16.200533333333333,66.6,True,54.3625,Medium
CUST00266,Routine_Commuter,150,42,0.28,4368.46,29.123066666666663,68.6,False,54.3625,Medium
CUST02393,Routine_Commuter,147,45,0.3061224489795918,2603.53,17.71108843537415,66.7,True,54.361147959183675,Medium
CUST06825,Routine_Commuter,155,43,0.2774193548387096,3049.62,19.67496774193548,67.7,False,54.35927419354839,Medium
CUST02246,Routine_Commuter,157,43,0.2738853503184713,2928.28,18.65146496815287,67.7,False,54.35916401273886,Medium
CUST05975,Routine_Commuter,154,42,0.2727272727272727,4525.09,29.3837012987013,68.4,False,54.35784090909091,Medium
CUST06827,Routine_Commuter,154,42,0.2727272727272727,3667.05,23.812012987012988,68.4,False,54.35784090909091,Medium
CUST02204,Routine_Commuter,147,46,0.3129251700680272,2029.28,13.804625850340136,66.0,True,54.35325680272109,Medium
CUST04845,Routine_Commuter,139,48,0.3453237410071942,2870.65,20.652158273381296,64.8,True,54.35294964028777,Medium
CUST04122,Routine_Commuter,142,46,0.323943661971831,3780.3,26.621830985915494,66.1,True,54.34774647887324,Medium
CUST04434,Routine_Commuter,131,51,0.3893129770992366,3158.63,24.11167938931298,62.7,True,54.347519083969466,Medium
CUST01486,Routine_Commuter,142,42,0.2957746478873239,2422.73,17.061478873239437,68.9,False,54.340985915492965,Medium
CUST06498,Routine_Commuter,144,44,0.3055555555555556,2988.94,20.756527777777777,67.4,True,54.33972222222223,Medium
CUST02422,Routine_Commuter,147,38,0.2585034013605442,3035.52,20.649795918367342,71.4,False,54.33638605442177,Medium
CUST02116,Routine_Commuter,150,41,0.2733333333333333,2744.37,18.2958,69.2,False,54.33583333333334,Medium
CUST00628,Routine_Commuter,138,50,0.3623188405797101,2767.14,20.051739130434783,63.3,True,54.33525362318841,Medium
CUST05486,Routine_Commuter,146,43,0.2945205479452055,3776.82,25.8686301369863,68.0,False,54.33457191780822,Medium
CUST03774,Routine_Commuter,144,47,0.3263888888888889,4206.4,29.21111111111111,65.3,True,54.33305555555556,Medium
CUST02938,Routine_Commuter,141,46,0.3262411347517731,1794.63,12.727872340425533,66.1,True,54.32714539007092,Medium
CUST01902,Routine_Commuter,145,41,0.2827586206896552,3962.03,27.32434482758621,69.4,False,54.325344827586214,Medium
CUST06163,Price_Sensitive,145,41,0.2827586206896552,2942.39,20.29234482758621,69.4,False,54.325344827586214,Medium
CUST07826,Routine_Commuter,143,41,0.2867132867132867,3104.39,21.709020979020977,69.5,False,54.32478146853147,Medium
CUST07200,Routine_Commuter,136,50,0.3676470588235294,2320.88,17.06529411764706,63.3,True,54.323382352941174,Medium
CUST02678,Routine_Commuter,155,41,0.2645161290322581,4874.51,31.448451612903227,68.9,False,54.32314516129033,Medium
CUST00188,Routine_Commuter,153,38,0.2483660130718954,2152.39,14.067908496732024,71.0,False,54.32214052287581,Medium
CUST05417,Routine_Commuter,151,43,0.2847682119205298,2290.96,15.171920529801325,67.8,False,54.320728476821195,Medium
CUST01768,Routine_Commuter,154,42,0.2727272727272727,2733.99,17.75318181818182,68.3,False,54.317840909090904,Medium
CUST01967,Routine_Commuter,132,53,0.4015151515151515,4063.97,30.787651515151513,61.1,True,54.316856060606064,Medium
CUST00940,Routine_Commuter,138,44,0.3188405797101449,3559.0,25.78985507246377,67.6,True,54.3161231884058,Medium
CUST04913,Routine_Commuter,147,46,0.3129251700680272,2464.04,16.7621768707483,65.9,True,54.31325680272109,Medium
CUST01762,Routine_Commuter,146,40,0.273972602739726,5218.69,35.744452054794515,70.0,False,54.31265410958904,Medium
CUST02838,Routine_Commuter,134,45,0.3358208955223881,3959.18,29.546119402985074,67.0,True,54.310335820895524,Medium
CUST03981,Routine_Commuter,144,40,0.2777777777777778,2378.27,16.515763888888888,70.1,False,54.30861111111111,Medium
CUST03263,Routine_Commuter,142,46,0.323943661971831,2783.89,19.604859154929574,66.0,True,54.30774647887325,Medium
CUST00463,Routine_Commuter,161,41,0.2546583850931677,3106.98,19.298012422360248,68.6,False,54.298835403726706,Medium
CUST04090,Routine_Commuter,139,41,0.2949640287769784,2963.95,21.323381294964022,69.7,False,54.298561151079134,Medium
CUST07846,Routine_Commuter,146,49,0.3356164383561644,2037.41,13.954863013698631,63.8,True,54.29840753424657,Medium
CUST00652,Price_Sensitive,133,48,0.3609022556390977,3535.24,26.58075187969925,64.8,True,54.29234022556391,Medium
CUST05016,Routine_Commuter,144,48,0.3333333333333333,2911.12,20.21611111111111,64.5,True,54.29083333333333,Medium
CUST07873,Price_Sensitive,135,43,0.3185185185185185,2965.11,21.96377777777778,68.4,True,54.290740740740745,Medium
CUST04127,Price_Sensitive,136,42,0.3088235294117647,2360.73,17.358308823529413,69.1,True,54.29044117647059,Medium
CUST00411,Routine_Commuter,144,50,0.3472222222222222,2783.18,19.327638888888888,63.1,True,54.286388888888894,Medium
CUST04220,Routine_Commuter,143,45,0.3146853146853147,3719.82,26.012727272727275,66.6,True,54.283662587412586,Medium
CUST02076,Convenience_First,143,52,0.3636363636363636,1987.21,13.896573426573427,61.7,True,54.281704545454545,Medium
CUST01868,Routine_Commuter,147,45,0.3061224489795918,3690.26,25.103809523809524,66.5,True,54.28114795918368,Medium
CUST02756,Routine_Commuter,141,44,0.3120567375886525,2875.33,20.39241134751773,67.4,True,54.2797695035461,Medium
CUST02131,Routine_Commuter,130,48,0.3692307692307692,2955.45,22.734230769230766,64.9,True,54.27798076923078,Medium
CUST02794,Price_Sensitive,131,45,0.3435114503816794,2540.46,19.392824427480917,67.1,True,54.275458015267176,Medium
CUST03755,Routine_Commuter,145,44,0.3034482758620689,2663.59,18.369586206896553,67.2,True,54.27293103448276,Medium
CUST07545,Price_Sensitive,131,48,0.366412213740458,2404.2,18.35267175572519,64.8,True,54.27148854961832,Medium
CUST00781,Routine_Commuter,157,45,0.286624203821656,1934.2,12.319745222929935,66.2,False,54.26871815286624,Medium
CUST00607,Price_Sensitive,131,51,0.3893129770992366,2992.58,22.84412213740458,62.5,True,54.26751908396947,Medium
CUST02444,Routine_Commuter,140,46,0.3285714285714285,3059.31,21.85221428571429,66.0,True,54.26660714285715,Medium
CUST02454,Routine_Commuter,141,50,0.3546099290780142,4560.8,32.346099290780145,63.1,True,54.26189716312057,Medium
CUST02548,Price_Sensitive,140,45,0.3214285714285714,2870.37,20.502642857142856,66.7,True,54.26089285714286,Medium
CUST06897,Routine_Commuter,151,47,0.3112582781456953,4703.95,31.151986754966885,65.0,True,54.26033112582782,Medium
CUST00817,Routine_Commuter,151,42,0.2781456953642384,4335.2,28.709933774834436,68.3,False,54.25582781456954,Medium
CUST01526,Price_Sensitive,148,41,0.277027027027027,2840.66,19.193648648648647,69.1,False,54.25483108108108,Medium
CUST06262,Routine_Commuter,133,50,0.3759398496240601,1679.04,12.624360902255638,63.2,True,54.2538439849624,Medium
CUST04382,Routine_Commuter,139,50,0.3597122302158273,3409.34,24.527625899280576,63.1,True,54.248489208633096,Medium
CUST06219,Routine_Commuter,136,53,0.3897058823529412,3719.31,27.347867647058823,60.9,True,54.245735294117644,Medium
CUST03260,Routine_Commuter,149,41,0.2751677852348993,2985.79,20.03885906040269,69.0,False,54.241711409395975,Medium
CUST00538,Routine_Commuter,146,46,0.3150684931506849,3373.4,23.10547945205479,65.7,True,54.23648972602739,Medium
CUST00251,Routine_Commuter,141,43,0.3049645390070922,2467.82,17.5022695035461,68.0,True,54.23608156028369,Medium
CUST07414,Routine_Commuter,136,49,0.3602941176470588,4292.98,31.566029411764703,63.8,True,54.22926470588236,Medium
CUST01776,Routine_Commuter,155,38,0.2451612903225806,3589.06,23.15522580645161,70.6,False,54.22895161290323,Medium
CUST01060,Routine_Commuter,136,40,0.2941176470588235,2784.16,20.47176470588235,70.4,False,54.222205882352945,Medium
CUST02513,Routine_Commuter,156,42,0.2692307692307692,2408.23,15.437371794871796,68.0,False,54.221730769230774,Medium
CUST05944,Routine_Commuter,145,47,0.3241379310344827,4765.28,32.864,65.0,True,54.22051724137931,Medium
CUST02649,Routine_Commuter,141,49,0.3475177304964539,2975.43,21.102340425531914,63.7,True,54.21820921985816,Medium
CUST04332,Routine_Commuter,148,45,0.304054054054054,3125.87,21.120743243243243,66.3,True,54.215912162162155,Medium
CUST05945,Routine_Commuter,150,44,0.2933333333333333,4185.54,27.9036,66.9,False,54.215833333333336,Medium
CUST07541,Routine_Commuter,141,48,0.3404255319148936,4161.74,29.515886524822697,64.4,True,54.21452127659575,Medium
CUST00884,Routine_Commuter,133,48,0.3609022556390977,3045.25,22.896616541353385,64.6,True,54.212340225563906,Medium
CUST02829,Price_Sensitive,155,39,0.2516129032258064,3267.4,21.08,69.9,False,54.20701612903227,Medium
CUST05321,Price_Sensitive,134,50,0.373134328358209,4165.06,31.082537313432837,63.0,True,54.202873134328364,Medium
CUST07754,Routine_Commuter,137,52,0.3795620437956204,3579.98,26.131240875912408,61.5,True,54.20248175182482,Medium
CUST05718,Routine_Commuter,146,46,0.3150684931506849,2158.15,14.781849315068492,65.6,True,54.196489726027394,Medium
CUST02060,Routine_Commuter,138,44,0.3188405797101449,3318.06,24.04391304347826,67.3,True,54.1961231884058,Medium
CUST04930,Routine_Commuter,142,47,0.3309859154929577,3677.33,25.89669014084507,65.0,True,54.18943661971831,Medium
CUST00824,Routine_Commuter,145,45,0.3103448275862069,3535.35,24.38172413793103,66.3,True,54.18879310344828,Medium
CUST06299,Routine_Commuter,147,48,0.3265306122448979,5974.8,40.64489795918367,64.2,True,54.17747448979592,Medium
CUST04021,Routine_Commuter,151,45,0.2980132450331126,4588.87,30.389867549668875,66.1,False,54.170529801324506,Medium
CUST04235,Price_Sensitive,133,42,0.3157894736842105,2407.16,18.09894736842105,69.0,True,54.16782894736842,Medium
CUST02139,Routine_Commuter,143,43,0.3006993006993007,2864.28,20.02993006993007,67.7,True,54.16422202797202,Medium
CUST06230,Routine_Commuter,138,40,0.2898550724637681,2830.76,20.51275362318841,70.1,False,54.156702898550726,Medium
CUST05783,Routine_Commuter,142,47,0.3309859154929577,2933.59,20.659084507042255,64.9,True,54.149436619718315,Medium
CUST06914,Routine_Commuter,159,36,0.2264150943396226,4914.49,30.90874213836478,71.5,False,54.147853773584906,Medium
CUST01358,Routine_Commuter,142,45,0.3169014084507042,3456.59,24.34218309859155,66.3,True,54.146056338028174,Medium
CUST05651,Routine_Commuter,142,41,0.2887323943661972,4004.55,28.20105633802817,69.1,False,54.13929577464789,Medium
CUST00024,Routine_Commuter,140,44,0.3142857142857143,5789.8,41.355714285714285,67.1,True,54.135178571428575,Medium
CUST01749,Routine_Commuter,140,44,0.3142857142857143,2953.88,21.09914285714286,67.1,True,54.135178571428575,Medium
CUST02374,Routine_Commuter,149,40,0.2684563758389262,3700.82,24.83771812080537,69.4,False,54.13325503355705,Medium
CUST05541,Routine_Commuter,141,47,0.3333333333333333,2840.02,20.141985815602837,64.9,True,54.130833333333335,Medium
CUST00686,Routine_Commuter,141,47,0.3333333333333333,3729.34,26.44921985815603,64.9,True,54.130833333333335,Medium
CUST04087,Routine_Commuter,137,49,0.3576642335766423,3058.71,22.326350364963503,63.5,True,54.1265693430657,Medium
CUST04934,Routine_Commuter,135,50,0.3703703703703703,4532.45,33.5737037037037,62.8,True,54.12481481481481,Medium
CUST05645,Routine_Commuter,150,42,0.28,2925.61,19.504066666666667,68.0,False,54.1225,Medium
CUST06400,Price_Sensitive,136,41,0.3014705882352941,3268.5,24.033088235294116,69.4,True,54.11632352941177,Medium
CUST01167,Routine_Commuter,155,45,0.2903225806451613,4060.4,26.196129032258064,65.8,False,54.11540322580646,Medium
CUST00283,Routine_Commuter,137,44,0.3211678832116788,4175.3,30.476642335766424,67.1,True,54.10671532846715,Medium
CUST06018,Routine_Commuter,147,42,0.2857142857142857,3407.42,23.179727891156464,68.1,False,54.10482142857143,Medium
CUST01397,Routine_Commuter,142,42,0.2957746478873239,2571.27,18.107535211267606,68.3,False,54.100985915492956,Medium
CUST03351,Routine_Commuter,142,42,0.2957746478873239,3148.8,22.174647887323943,68.3,False,54.100985915492956,Medium
CUST01227,Routine_Commuter,138,46,0.3333333333333333,2884.54,20.902463768115943,65.6,True,54.09583333333333,Medium
CUST00986,Routine_Commuter,158,43,0.2721518987341772,3390.84,21.461012658227848,67.0,False,54.09357594936709,Medium
CUST04257,Routine_Commuter,138,45,0.3260869565217391,3410.06,24.710579710144927,66.3,True,54.08597826086956,Medium
CUST01755,Routine_Commuter,143,41,0.2867132867132867,3495.21,24.442027972027972,68.9,False,54.08478146853147,Medium
CUST00573,Routine_Commuter,136,47,0.3455882352941176,2314.33,17.017132352941175,64.9,True,54.08102941176471,Medium
CUST01458,Price_Sensitive,152,41,0.2697368421052631,3002.56,19.753684210526316,68.5,False,54.080723684210525,Medium
CUST07492,Routine_Commuter,136,44,0.3235294117647059,2300.38,16.91455882352941,67.1,True,54.078676470588235,Medium
CUST05586,Price_Sensitive,134,41,0.3059701492537313,2550.25,19.03171641791045,69.4,True,54.07630597014926,Medium
CUST00617,Routine_Commuter,152,39,0.2565789473684211,2932.9,19.295394736842105,69.8,False,54.074407894736844,Medium
CUST04693,Routine_Commuter,140,47,0.3357142857142857,3145.05,22.46464285714286,64.8,True,54.072321428571435,Medium
CUST04156,Routine_Commuter,155,38,0.2451612903225806,3940.62,25.423354838709677,70.2,False,54.068951612903234,Medium
CUST00356,Price_Sensitive,141,40,0.2836879432624113,2536.18,17.98709219858156,69.7,False,54.06501773049646,Medium
CUST02355,Routine_Commuter,144,42,0.2916666666666667,4035.41,28.02368055555555,68.1,False,54.064166666666665,Medium
CUST01177,Routine_Commuter,129,50,0.3875968992248062,3332.23,25.83124031007752,62.9,True,54.06262596899225,Medium
CUST01108,Routine_Commuter,135,46,0.3407407407407407,3112.59,23.056222222222225,65.6,True,54.059629629629626,Medium
CUST05232,Routine_Commuter,131,49,0.3740458015267175,2899.22,22.13145038167939,63.5,True,54.056832061068704,Medium
CUST06407,Routine_Commuter,137,43,0.3138686131386861,4541.08,33.14656934306569,67.7,True,54.05474452554745,Medium
CUST00719,Routine_Commuter,139,45,0.3237410071942446,2857.27,20.555899280575535,66.2,True,54.04964028776978,Medium
CUST04830,Routine_Commuter,139,45,0.3237410071942446,4104.62,29.529640287769784,66.2,True,54.04964028776978,Medium
CUST04022,Price_Sensitive,141,46,0.3262411347517731,2428.5,17.22340425531915,65.4,True,54.04714539007093,Medium
CUST06286,Routine_Commuter,131,47,0.3587786259541984,3760.53,28.706335877862593,65.0,True,54.046145038167936,Medium
CUST00959,Routine_Commuter,137,42,0.3065693430656934,3145.32,22.958540145985403,68.4,True,54.04277372262774,Medium
CUST06903,Routine_Commuter,150,42,0.28,3851.51,25.676733333333335,67.8,False,54.042500000000004,Medium
CUST01890,Routine_Commuter,145,42,0.2896551724137931,4846.33,33.42296551724138,68.0,False,54.041206896551735,Medium
CUST04234,Routine_Commuter,138,40,0.2898550724637681,3691.7,26.75144927536232,69.8,False,54.03670289855073,Medium
CUST01738,Routine_Commuter,149,38,0.2550335570469799,4092.69,27.46771812080537,70.5,False,54.03634228187919,Medium
CUST01792,Routine_Commuter,137,48,0.3503649635036496,2845.62,20.77094890510949,64.0,True,54.034598540145986,Medium
CUST05402,Routine_Commuter,128,50,0.390625,3373.88,26.3584375,62.9,True,54.03375,Medium
CUST05430,Routine_Commuter,129,49,0.3798449612403101,2764.57,21.43077519379845,63.6,True,54.032548449612406,Medium
CUST06114,Routine_Commuter,150,40,0.2666666666666666,6117.57,40.7838,69.1,False,54.02916666666667,Medium
CUST05355,Routine_Commuter,146,41,0.2808219178082192,3605.73,24.69678082191781,68.6,False,54.02662671232876,Medium
CUST06220,Routine_Commuter,148,40,0.2702702702702703,3612.98,24.412027027027023,69.2,False,54.02456081081081,Medium
CUST07726,Routine_Commuter,144,42,0.2916666666666667,3305.19,22.952708333333337,68.0,False,54.02416666666667,Medium
CUST07705,Routine_Commuter,141,50,0.3546099290780142,4577.23,32.46262411347517,62.5,True,54.02189716312056,Medium
CUST06466,Routine_Commuter,131,49,0.3740458015267175,4103.07,31.321145038167938,63.4,True,54.0168320610687,Medium
CUST01020,Routine_Commuter,137,43,0.3138686131386861,3038.55,22.17919708029197,67.6,True,54.01474452554744,Medium
CUST01065,Routine_Commuter,141,48,0.3404255319148936,3600.37,25.5345390070922,63.9,True,54.014521276595744,Medium
CUST02699,Routine_Commuter,136,42,0.3088235294117647,2882.83,21.197279411764704,68.4,True,54.01044117647059,Medium
CUST02070,Routine_Commuter,137,49,0.3576642335766423,3508.89,25.612335766423357,63.2,True,54.00656934306569,Medium
CUST07989,Price_Sensitive,143,37,0.2587412587412587,3764.2,26.32307692307692,71.5,False,54.00590034965035,Medium
CUST05034,Routine_Commuter,143,42,0.2937062937062937,4310.21,30.141328671328672,68.0,False,54.00450174825175,Medium
CUST03707,Routine_Commuter,143,46,0.3216783216783216,2459.09,17.196433566433566,65.2,True,54.00338286713286,Medium
CUST01940,Routine_Commuter,153,38,0.2483660130718954,3829.59,25.03,70.2,False,54.00214052287582,Medium
CUST06859,Routine_Commuter,154,44,0.2857142857142857,3268.3,21.222727272727273,66.2,False,53.99732142857144,Medium
CUST02792,Routine_Commuter,144,37,0.2569444444444444,1893.93,13.152291666666668,71.4,False,53.99527777777778,Medium
CUST01984,Routine_Commuter,137,48,0.3503649635036496,2991.82,21.838102189781026,63.9,True,53.99459854014599,Medium
CUST07275,Routine_Commuter,137,48,0.3503649635036496,2374.01,17.328540145985404,63.9,True,53.99459854014599,Medium
CUST06250,Routine_Commuter,126,52,0.4126984126984127,4031.97,31.999761904761904,61.3,True,53.9904365079365,Medium
CUST04114,Routine_Commuter,133,45,0.3383458646616541,4014.87,30.186992481203006,66.3,True,53.99008458646617,Medium
CUST00590,Routine_Commuter,141,41,0.2907801418439716,3734.4,26.485106382978724,68.8,False,53.988705673758865,Medium
CUST02003,Price_Sensitive,141,41,0.2907801418439716,3598.59,25.521914893617023,68.8,False,53.988705673758865,Medium
CUST07415,Routine_Commuter,137,47,0.3430656934306569,3032.78,22.137080291970804,64.6,True,53.98262773722628,Medium
CUST00031,Routine_Commuter,149,43,0.2885906040268456,2521.41,16.92221476510067,67.0,False,53.978624161073824,Medium
CUST05237,Routine_Commuter,154,45,0.2922077922077922,3440.21,22.339025974025976,65.5,False,53.97706168831169,Medium
CUST06479,Routine_Commuter,131,49,0.3740458015267175,2716.23,20.734580152671757,63.3,True,53.9768320610687,Medium
CUST06406,Routine_Commuter,141,48,0.3404255319148936,2353.83,16.69382978723404,63.8,True,53.974521276595745,Medium
CUST07581,Routine_Commuter,149,47,0.3154362416107382,3675.93,24.670671140939596,64.3,True,53.972449664429526,Medium
CUST00578,Routine_Commuter,145,50,0.3448275862068966,1486.15,10.249310344827586,62.3,True,53.96810344827587,Medium
CUST03788,Price_Sensitive,134,50,0.373134328358209,3714.08,27.717014925373135,62.4,True,53.96287313432836,Medium
CUST05885,Routine_Commuter,129,52,0.4031007751937984,3540.92,27.448992248062016,61.1,True,53.962781007751936,Medium
CUST07226,Price_Sensitive,147,40,0.272108843537415,2475.06,16.837142857142858,69.1,False,53.9606037414966,Medium
CUST03412,Routine_Commuter,130,48,0.3692307692307692,2824.55,21.727307692307697,64.1,True,53.95798076923077,Medium
CUST07623,Routine_Commuter,150,43,0.2866666666666667,3270.54,21.8036,66.9,False,53.94916666666667,Medium
CUST02995,Price_Sensitive,131,43,0.3282442748091603,3315.15,25.30648854961832,67.8,True,53.944770992366415,Medium
CUST07076,Routine_Commuter,136,40,0.2941176470588235,3008.61,22.12213235294118,69.7,False,53.942205882352944,Medium
CUST06462,Routine_Commuter,127,49,0.3858267716535433,3226.51,25.405590551181103,63.5,True,53.930570866141736,Medium
CUST06224,Routine_Commuter,130,47,0.3615384615384615,4379.2300000000005,33.68638461538462,64.8,True,53.93028846153847,Medium
CUST02885,Routine_Commuter,139,45,0.3237410071942446,2775.66,19.968776978417264,65.9,True,53.929640287769786,Medium
CUST03650,Routine_Commuter,128,48,0.375,2067.03,16.148671875,64.2,True,53.92875000000001,Medium
CUST06796,Price_Sensitive,143,33,0.2307692307692307,3124.34,21.84853146853147,74.1,False,53.927019230769226,Medium
CUST01562,Routine_Commuter,132,43,0.3257575757575757,3758.16,28.47090909090909,67.7,True,53.92655303030303,Medium
CUST00698,Routine_Commuter,145,41,0.2827586206896552,3031.31,20.90558620689655,68.4,False,53.925344827586216,Medium
CUST02382,Routine_Commuter,143,44,0.3076923076923077,3256.48,22.772587412587413,66.4,True,53.92394230769231,Medium
CUST05875,Price_Sensitive,140,42,0.3,3696.05,26.400357142857143,68.0,True,53.923750000000005,Medium
CUST00121,Routine_Commuter,131,53,0.4045801526717557,3677.3,28.070992366412217,60.1,True,53.91820610687023,Medium
CUST03936,Price_Sensitive,157,32,0.2038216560509554,3436.48,21.888407643312103,73.6,False,53.91661624203822,Medium
CUST02448,Routine_Commuter,164,40,0.2439024390243902,4137.81,25.23054878048781,68.2,False,53.916097560975615,Medium
CUST00152,Routine_Commuter,137,41,0.2992700729927007,2116.29,15.447372262773722,68.8,False,53.91080291970803,Medium
CUST06917,Routine_Commuter,149,42,0.2818791946308724,4414.36,29.626577181208052,67.5,False,53.9101677852349,Medium
CUST05982,Routine_Commuter,142,47,0.3309859154929577,3650.33,25.706549295774646,64.3,True,53.909436619718306,Medium
CUST06978,Routine_Commuter,130,49,0.3769230769230769,3524.13,27.10869230769231,63.2,True,53.90567307692308,Medium
CUST06821,Convenience_First,137,47,0.3430656934306569,3363.83,24.553503649635037,64.4,True,53.90262773722628,Medium
CUST06111,Price_Sensitive,135,46,0.3407407407407407,3710.58,27.485777777777777,65.2,True,53.89962962962963,Medium
CUST03796,Routine_Commuter,147,43,0.2925170068027211,3260.7,22.18163265306122,66.9,False,53.89693027210885,Medium
CUST04083,Price_Sensitive,145,39,0.2689655172413793,2788.57,19.23151724137931,69.7,False,53.89362068965518,Medium
CUST01156,Routine_Commuter,143,40,0.2797202797202797,3787.07,26.483006993006995,69.1,False,53.885061188811186,Medium
CUST07368,Price_Sensitive,132,41,0.3106060606060606,2581.07,19.553560606060607,69.1,True,53.880492424242426,Medium
CUST06841,Routine_Commuter,154,40,0.2597402597402597,3421.36,22.216623376623374,68.5,False,53.87836038961039,Medium
CUST05315,Price_Sensitive,140,48,0.3428571428571428,4373.04,31.236,63.6,True,53.878035714285716,Medium
CUST01988,Routine_Commuter,148,43,0.2905405405405405,2708.34,18.299594594594595,66.8,False,53.875371621621625,Medium
CUST02032,Routine_Commuter,134,43,0.3208955223880597,3050.65,22.766044776119404,67.4,True,53.8733208955224,Medium
CUST03211,Routine_Commuter,134,43,0.3208955223880597,2998.05,22.373507462686568,67.4,True,53.8733208955224,Medium
CUST06105,Price_Sensitive,130,42,0.3230769230769231,2733.53,21.027153846153848,68.5,True,53.871826923076924,Medium
CUST00880,Convenience_First,133,47,0.3533834586466165,3436.05,25.83496240601504,64.5,True,53.871588345864666,Medium
CUST00324,Routine_Commuter,134,47,0.3507462686567164,2245.14,16.754776119402983,64.4,True,53.86735074626866,Medium
CUST00613,Convenience_First,136,43,0.3161764705882353,4329.56,31.835000000000004,67.3,True,53.864558823529414,Medium
CUST03491,Routine_Commuter,140,38,0.2714285714285714,2662.81,19.020071428571427,70.7,False,53.860892857142865,Medium
CUST01927,Routine_Commuter,140,45,0.3214285714285714,4912.42,35.08871428571429,65.7,True,53.86089285714286,Medium
CUST06356,Routine_Commuter,140,45,0.3214285714285714,4178.62,29.84728571428571,65.7,True,53.86089285714286,Medium
CUST00370,Price_Sensitive,134,42,0.3134328358208955,2494.55,18.61604477611941,68.1,True,53.85481343283582,Medium
CUST00490,Routine_Commuter,136,45,0.3308823529411764,2771.94,20.381911764705883,65.8,True,53.85279411764706,Medium
CUST01048,Routine_Commuter,136,45,0.3308823529411764,2722.21,20.01625,65.8,True,53.85279411764706,Medium
CUST05092,Price_Sensitive,141,36,0.2553191489361702,1743.27,12.363617021276596,72.0,False,53.85026595744681,Medium
CUST02225,Routine_Commuter,132,50,0.3787878787878788,3562.98,26.992272727272727,62.2,True,53.847765151515155,Medium
CUST04300,Routine_Commuter,148,38,0.2567567567567567,4275.31,28.887229729729732,70.1,False,53.84402027027026,Medium
CUST02956,Routine_Commuter,131,50,0.3816793893129771,4014.37,30.644045801526715,62.2,True,53.84217557251909,Medium
CUST07004,Routine_Commuter,149,41,0.2751677852348993,2244.45,15.063422818791944,68.0,False,53.84171140939598,Medium
CUST05173,Routine_Commuter,131,45,0.3435114503816794,2481.13,18.939923664122137,66.0,True,53.83545801526718,Medium
CUST03789,Routine_Commuter,139,43,0.3093525179856115,3944.5,28.37769784172662,67.1,True,53.834100719424455,Medium
CUST03943,Routine_Commuter,145,44,0.3034482758620689,3270.26,22.553517241379307,66.1,True,53.832931034482755,Medium
CUST07961,Routine_Commuter,140,47,0.3357142857142857,2573.19,18.37992857142857,64.2,True,53.83232142857143,Medium
CUST00502,Routine_Commuter,138,39,0.2826086956521739,2563.92,18.57913043478261,70.0,False,53.826847826086954,Medium
CUST03571,Routine_Commuter,142,45,0.3169014084507042,3157.01,22.232464788732397,65.5,True,53.826056338028174,Medium
CUST03845,Routine_Commuter,130,49,0.3769230769230769,2695.44,20.734153846153845,63.0,True,53.82567307692308,Medium
CUST01761,Routine_Commuter,131,43,0.3282442748091603,2155.7,16.455725190839694,67.5,True,53.82477099236641,Medium
CUST01567,Routine_Commuter,134,49,0.3656716417910448,3688.29,27.52455223880597,62.8,True,53.82436567164179,Medium
CUST02297,Routine_Commuter,148,36,0.2432432432432432,3297.25,22.278716216216218,71.4,False,53.823479729729726,Medium
CUST07259,Routine_Commuter,157,39,0.2484076433121019,3835.29,24.42859872611465,68.9,False,53.82005573248408,Medium
CUST02141,Price_Sensitive,153,44,0.2875816993464052,4163.89,27.21496732026144,65.8,False,53.810767973856215,Medium
CUST04333,Price_Sensitive,133,40,0.3007518796992481,2828.75,21.268796992481203,69.6,True,53.806325187969925,Medium
CUST05379,Routine_Commuter,143,42,0.2937062937062937,2660.68,18.606153846153845,67.5,False,53.804501748251745,Medium
CUST04867,Routine_Commuter,143,45,0.3146853146853147,3266.1,22.83986013986014,65.4,True,53.80366258741259,Medium
CUST01247,Routine_Commuter,153,38,0.2483660130718954,3665.15,23.955228758169937,69.7,False,53.80214052287582,Medium
CUST01086,Routine_Commuter,139,44,0.316546762589928,3067.91,22.071294964028777,66.3,True,53.801870503597115,Medium
CUST02492,Price_Sensitive,141,44,0.3120567375886525,2176.95,15.43936170212766,66.2,True,53.7997695035461,Medium
CUST00676,Routine_Commuter,137,45,0.3284671532846715,2400.32,17.52058394160584,65.6,True,53.79868613138686,Medium
CUST07576,Routine_Commuter,134,43,0.3208955223880597,2461.42,18.368805970149253,67.2,True,53.79332089552239,Medium
CUST07797,Routine_Commuter,141,42,0.2978723404255319,2451.43,17.386028368794324,67.6,False,53.792393617021276,Medium
CUST02519,Price_Sensitive,139,37,0.2661870503597122,4190.21,30.14539568345324,71.3,False,53.78748201438848,Medium
CUST04501,Routine_Commuter,146,41,0.2808219178082192,2119.0,14.513698630136986,68.0,False,53.78662671232877,Medium
CUST03772,Price_Sensitive,136,43,0.3161764705882353,4038.02,29.691323529411765,67.1,True,53.78455882352941,Medium
CUST02031,Routine_Commuter,144,42,0.2916666666666667,3857.58,26.78875,67.4,False,53.78416666666667,Medium
CUST03674,Routine_Commuter,144,42,0.2916666666666667,2255.62,15.664027777777775,67.4,False,53.78416666666667,Medium
CUST04059,Routine_Commuter,142,43,0.3028169014084507,3709.99,26.126690140845067,66.8,True,53.78267605633803,Medium
CUST05153,Routine_Commuter,129,46,0.3565891472868217,3254.84,25.231317829457364,65.3,True,53.78231589147287,Medium
CUST07471,Routine_Commuter,140,44,0.3142857142857143,3397.13,24.265214285714286,66.2,True,53.775178571428576,Medium
CUST07172,Routine_Commuter,134,42,0.3134328358208955,1364.84,10.185373134328358,67.9,True,53.77481343283583,Medium
CUST03262,Price_Sensitive,138,41,0.2971014492753623,2642.91,19.15152173913043,68.4,False,53.7665579710145,Medium
CUST07629,Routine_Commuter,137,42,0.3065693430656934,4949.4,36.12700729927007,67.7,True,53.76277372262774,Medium
CUST07404,Routine_Commuter,142,48,0.3380281690140845,4243.45,29.88345070422535,63.2,True,53.75112676056338,Medium
CUST00475,Routine_Commuter,135,49,0.362962962962963,3324.34,24.62474074074074,62.6,True,53.74851851851852,Medium
CUST01763,Price_Sensitive,140,39,0.2785714285714286,1964.92,14.035142857142858,69.7,False,53.74660714285715,Medium
CUST01383,Routine_Commuter,142,45,0.3169014084507042,3568.68,25.131549295774647,65.3,True,53.74605633802817,Medium
CUST06671,Routine_Commuter,129,46,0.3565891472868217,3364.72,26.083100775193795,65.2,True,53.74231589147287,Medium
CUST03120,Routine_Commuter,144,43,0.2986111111111111,3661.67,25.42826388888889,66.6,False,53.74194444444444,Medium
CUST06501,Price_Sensitive,137,40,0.291970802919708,1930.36,14.09021897810219,69.1,False,53.73883211678832,Medium
CUST07044,Routine_Commuter,132,47,0.3560606060606061,2954.94,22.38590909090909,64.2,True,53.73867424242425,Medium
CUST06742,Routine_Commuter,142,40,0.2816901408450704,2844.82,20.033943661971833,68.8,False,53.737605633802815,Medium
CUST04946,Routine_Commuter,139,46,0.3309352517985611,5184.6,37.29928057553957,64.7,True,53.73741007194244,Medium
CUST07007,Price_Sensitive,146,36,0.2465753424657534,2454.56,16.81205479452055,71.3,False,53.736763698630135,Medium
CUST05390,Routine_Commuter,133,50,0.3759398496240601,2441.04,18.35368421052631,61.9,True,53.733843984962405,Medium
CUST01022,Routine_Commuter,129,47,0.3643410852713178,2644.19,20.497596899224806,64.4,True,53.732393410852715,Medium
CUST01105,Routine_Commuter,155,37,0.2387096774193548,3087.9,19.921935483870968,70.0,False,53.7308870967742,Medium
CUST07104,Price_Sensitive,131,44,0.3358778625954198,1811.54,13.82854961832061,66.5,True,53.73011450381679,Medium
CUST06806,Routine_Commuter,143,40,0.2797202797202797,2869.68,20.067692307692308,68.7,False,53.72506118881119,Medium
CUST05560,Price_Sensitive,144,34,0.2361111111111111,4188.02,29.083472222222227,72.8,False,53.721944444444446,Medium
CUST01427,Routine_Commuter,144,36,0.25,5030.2300000000005,34.93215277777778,71.4,False,53.7175,Medium
CUST00290,Routine_Commuter,148,47,0.3175675675675675,3112.33,21.029256756756755,63.7,True,53.71645270270271,Medium
CUST06418,Routine_Commuter,136,43,0.3161764705882353,2638.22,19.398676470588235,66.9,True,53.70455882352942,Medium
CUST03130,Routine_Commuter,152,42,0.2763157894736842,2276.87,14.97940789473684,66.9,False,53.703881578947374,Medium
CUST07116,Routine_Commuter,128,46,0.359375,2803.62,21.90328125,65.2,True,53.70375,Medium
CUST02037,Routine_Commuter,131,49,0.3740458015267175,4134.25,31.55916030534351,62.6,True,53.696832061068704,Medium
CUST01348,Routine_Commuter,145,39,0.2689655172413793,3070.75,21.177586206896553,69.2,False,53.69362068965518,Medium
CUST05771,Routine_Commuter,140,43,0.3071428571428571,3270.27,23.35907142857143,66.7,True,53.68946428571429,Medium
CUST05513,Price_Sensitive,137,42,0.3065693430656934,2990.9,21.83138686131387,67.5,True,53.682773722627736,Medium
CUST05601,Routine_Commuter,135,42,0.3111111111111111,3996.28,29.602074074074075,67.6,True,53.67444444444445,Medium
CUST04573,Routine_Commuter,148,35,0.2364864864864864,1714.64,11.585405405405409,71.7,False,53.67320945945946,Medium
CUST00747,Routine_Commuter,141,42,0.2978723404255319,3207.17,22.745886524822694,67.3,False,53.67239361702128,Medium
CUST02463,Routine_Commuter,140,40,0.2857142857142857,3196.97,22.8355,68.8,False,53.67232142857143,Medium
CUST07480,Price_Sensitive,128,45,0.3515625,3502.3,27.36171875,65.9,True,53.67125,Medium
CUST04097,Price_Sensitive,133,45,0.3383458646616541,3260.38,24.514135338345863,65.5,True,53.67008458646617,Medium
CUST04273,Routine_Commuter,141,41,0.2907801418439716,2899.87,20.56645390070922,68.0,False,53.668705673758865,Medium
CUST03275,Routine_Commuter,146,41,0.2808219178082192,2887.13,19.77486301369863,67.7,False,53.66662671232877,Medium
CUST07137,Price_Sensitive,140,39,0.2785714285714286,4658.42,33.27442857142857,69.5,False,53.666607142857146,Medium
CUST05932,Routine_Commuter,144,41,0.2847222222222222,3519.63,24.441875,67.8,False,53.66638888888889,Medium
CUST00275,Routine_Commuter,139,42,0.302158273381295,2623.68,18.875395683453235,67.4,True,53.6663309352518,Medium
CUST05629,Routine_Commuter,144,42,0.2916666666666667,4237.23,29.42520833333333,67.1,False,53.66416666666667,Medium
CUST03486,Price_Sensitive,128,46,0.359375,2510.33,19.611953125,65.1,True,53.66375,Medium
CUST01965,Routine_Commuter,132,42,0.3181818181818182,2525.72,19.134242424242423,67.8,True,53.66352272727273,Medium
CUST04749,Price_Sensitive,127,47,0.3700787401574803,2470.24,19.45070866141732,64.4,True,53.660649606299216,Medium
CUST06980,Routine_Commuter,135,46,0.3407407407407407,2999.4,22.21777777777778,64.6,True,53.659629629629634,Medium
CUST05337,Routine_Commuter,142,41,0.2887323943661972,3258.08,22.94422535211267,67.9,False,53.659295774647894,Medium
CUST02266,Routine_Commuter,132,47,0.3560606060606061,3721.94,28.19651515151515,64.0,True,53.65867424242425,Medium
CUST07444,Price_Sensitive,148,45,0.304054054054054,3362.59,22.720202702702704,64.9,True,53.65591216216217,Medium
CUST00427,Price_Sensitive,141,37,0.2624113475177305,3081.32,21.853333333333335,70.8,False,53.65395390070922,Medium
CUST03320,Routine_Commuter,148,37,0.25,4855.76,32.80918918918919,70.3,False,53.65375,Medium
CUST00194,Price_Sensitive,136,45,0.3308823529411764,3451.93,25.381838235294115,65.3,True,53.652794117647055,Medium
CUST01570,Routine_Commuter,129,51,0.3953488372093023,3910.07,30.31062015503876,61.1,True,53.65270348837209,Medium
CUST02831,Price_Sensitive,130,44,0.3384615384615385,3373.69,25.95146153846154,66.4,True,53.64721153846155,Medium
CUST03145,Routine_Commuter,141,45,0.3191489361702128,3620.72,25.67886524822695,65.1,True,53.64345744680851,Medium
CUST00134,Routine_Commuter,143,47,0.3286713286713286,2626.48,18.36699300699301,63.6,True,53.64310314685314,Medium
CUST02926,Routine_Commuter,121,53,0.4380165289256198,1718.59,14.203223140495869,60.0,True,53.63941115702479,Medium
CUST05134,Routine_Commuter,136,44,0.3235294117647059,2670.42,19.63544117647059,66.0,True,53.63867647058824,Medium
CUST07435,Routine_Commuter,133,49,0.3684210526315789,2957.36,22.23578947368421,62.4,True,53.63309210526316,Medium
CUST03640,Routine_Commuter,140,40,0.2857142857142857,3089.17,22.0655,68.7,False,53.63232142857144,Medium
CUST00419,Routine_Commuter,127,45,0.3543307086614173,2335.67,18.391102362204727,65.9,True,53.63072834645669,Medium
CUST07707,Routine_Commuter,150,37,0.2466666666666666,3708.04,24.720266666666667,70.1,False,53.62916666666666,Medium
CUST01724,Routine_Commuter,132,42,0.3181818181818182,3675.18,27.842272727272725,67.7,True,53.623522727272736,Medium
CUST06785,Routine_Commuter,145,39,0.2689655172413793,4826.12,33.28358620689655,69.0,False,53.61362068965518,Medium
CUST02598,Routine_Commuter,132,43,0.3257575757575757,3283.36,24.873939393939395,66.9,True,53.60655303030304,Medium
CUST00380,Routine_Commuter,153,40,0.261437908496732,2932.7,19.167973856209148,67.9,False,53.60501633986928,Medium
CUST06389,Routine_Commuter,143,41,0.2867132867132867,4654.88,32.55160839160839,67.7,False,53.60478146853147,Medium
CUST07330,Routine_Commuter,139,44,0.316546762589928,2848.79,20.494892086330935,65.8,True,53.60187050359712,Medium
CUST05625,Routine_Commuter,141,44,0.3120567375886525,2290.56,16.245106382978722,65.7,True,53.5997695035461,Medium
CUST00785,Price_Sensitive,127,44,0.3464566929133858,3087.49,24.31094488188976,66.6,True,53.595767716535434,Medium
CUST03519,Routine_Commuter,138,43,0.3115942028985507,2279.39,16.51731884057971,66.5,True,53.58626811594203,Medium
CUST00340,Routine_Commuter,136,43,0.3161764705882353,3169.36,23.304117647058824,66.6,True,53.58455882352941,Medium
CUST03540,Routine_Commuter,151,39,0.2582781456953642,2345.07,15.530264900662251,68.6,False,53.58112582781457,Medium
CUST06559,Routine_Commuter,140,37,0.2642857142857143,3020.24,21.573142857142855,70.7,False,53.57517857142857,Medium
CUST06891,Routine_Commuter,127,49,0.3858267716535433,3416.55,26.90196850393701,62.6,True,53.570570866141736,Medium
CUST01110,Price_Sensitive,131,44,0.3358778625954198,3368.33,25.712442748091604,66.1,True,53.57011450381679,Medium
CUST03763,Routine_Commuter,131,42,0.3206106870229007,3537.91,27.006946564885496,67.6,True,53.55942748091603,Medium
CUST04583,Price_Sensitive,136,44,0.3235294117647059,3525.83,25.925220588235295,65.8,True,53.55867647058824,Medium
CUST00030,Routine_Commuter,138,40,0.2898550724637681,3070.78,22.25202898550725,68.6,False,53.556702898550725,Medium
CUST07497,Routine_Commuter,131,45,0.3435114503816794,2883.47,22.0112213740458,65.3,True,53.55545801526718,Medium
CUST01607,Price_Sensitive,133,49,0.3684210526315789,3298.42,24.80015037593985,62.2,True,53.55309210526316,Medium
CUST04551,Routine_Commuter,147,41,0.2789115646258503,5435.83,36.97843537414966,67.4,False,53.552712585034016,Medium
CUST05266,Routine_Commuter,147,41,0.2789115646258503,2677.13,18.211768707482992,67.4,False,53.552712585034016,Medium
CUST06539,Price_Sensitive,141,41,0.2907801418439716,2077.29,14.73255319148936,67.7,False,53.54870567375887,Medium
CUST00472,Routine_Commuter,132,42,0.3181818181818182,2960.25,22.426136363636363,67.5,True,53.54352272727273,Medium
CUST02188,Routine_Commuter,131,46,0.3511450381679389,3432.64,26.203358778625955,64.5,True,53.54080152671756,Medium
CUST04861,Routine_Commuter,139,41,0.2949640287769784,3362.5,24.190647482014388,67.8,False,53.538561151079136,Medium
CUST06773,Routine_Commuter,139,40,0.2877697841726618,2707.27,19.476762589928057,68.5,False,53.53079136690647,Medium
CUST01896,Routine_Commuter,152,36,0.2368421052631578,3224.75,21.21546052631579,70.4,False,53.52493421052632,Medium
CUST02786,Routine_Commuter,135,45,0.3333333333333333,2829.36,20.958222222222226,65.0,True,53.523333333333326,Medium
CUST07621,Routine_Commuter,145,42,0.2896551724137931,2032.22,14.015310344827586,66.7,False,53.52120689655173,Medium
CUST06424,Price_Sensitive,132,34,0.2575757575757575,3422.16,25.925454545454546,73.5,False,53.51928030303031,Medium
CUST07993,Routine_Commuter,152,34,0.2236842105263158,2261.51,14.878355263157896,71.7,False,53.518618421052636,Medium
CUST05090,Price_Sensitive,126,49,0.3888888888888889,3397.57,26.964841269841273,62.5,True,53.518055555555556,Medium
CUST00330,Routine_Commuter,137,48,0.3503649635036496,3296.91,24.065036496350363,62.7,True,53.51459854014598,Medium
CUST03204,Routine_Commuter,139,43,0.3093525179856115,3127.61,22.500791366906476,66.3,True,53.514100719424455,Medium
CUST05691,Routine_Commuter,125,48,0.384,2815.59,22.52472,63.3,True,53.50875,Medium
CUST07640,Routine_Commuter,125,51,0.408,2743.63,21.94904,60.9,True,53.50875,Medium
CUST02663,Routine_Commuter,144,40,0.2777777777777778,3174.0,22.041666666666668,68.1,False,53.50861111111111,Medium
CUST00639,Price_Sensitive,148,40,0.2702702702702703,2110.38,14.259324324324323,67.9,False,53.504560810810815,Medium
CUST02466,Routine_Commuter,144,43,0.2986111111111111,2816.03,19.55576388888889,66.0,False,53.50194444444445,Medium
CUST05158,Routine_Commuter,146,49,0.3356164383561644,4460.39,30.550616438356165,61.8,True,53.498407534246574,Medium
CUST02025,Price_Sensitive,138,42,0.3043478260869565,2963.78,21.476666666666667,67.0,True,53.49641304347826,Medium
CUST03008,Routine_Commuter,136,45,0.3308823529411764,3636.84,26.741470588235295,64.9,True,53.49279411764706,Medium
CUST02912,Routine_Commuter,134,44,0.3283582089552239,3516.83,26.245,65.7,True,53.491828358208956,Medium
CUST02929,Routine_Commuter,133,46,0.3458646616541353,2733.88,20.55548872180451,64.3,True,53.49083646616541,Medium
CUST02345,Routine_Commuter,127,49,0.3858267716535433,2028.75,15.974409448818898,62.4,True,53.49057086614174,Medium
CUST04481,Routine_Commuter,136,42,0.3088235294117647,3350.89,24.638897058823527,67.1,True,53.49044117647059,Medium
CUST02429,Price_Sensitive,136,39,0.2867647058823529,2712.21,19.942720588235293,69.3,False,53.488088235294114,Medium
CUST06679,Routine_Commuter,138,41,0.2971014492753623,3396.66,24.613478260869563,67.7,False,53.4865579710145,Medium
CUST00118,Routine_Commuter,157,38,0.2420382165605095,4657.32,29.66445859872611,68.7,False,53.485278662420384,Medium
CUST07792,Routine_Commuter,135,40,0.2962962962962963,3149.25,23.32777777777778,68.6,False,53.48185185185184,Medium
CUST04479,Price_Sensitive,141,43,0.3049645390070922,3452.73,24.48744680851064,66.1,True,53.47608156028368,Medium
CUST07728,Price_Sensitive,130,45,0.3461538461538461,2843.15,21.870384615384616,65.2,True,53.47490384615385,Medium
CUST07065,Routine_Commuter,137,41,0.2992700729927007,3036.62,22.165109489051098,67.7,False,53.470802919708035,Medium
CUST04647,Routine_Commuter,134,45,0.3358208955223881,3836.51,28.630671641791047,64.9,True,53.47033582089553,Medium
CUST07583,Routine_Commuter,150,43,0.2866666666666667,4781.38,31.875866666666667,65.7,False,53.469166666666666,Medium
CUST01480,Routine_Commuter,128,46,0.359375,3913.79,30.576484375,64.6,True,53.463750000000005,Medium
CUST07165,Price_Sensitive,124,45,0.3629032258064516,3514.29,28.341048387096773,65.7,True,53.46362903225807,Medium
CUST04909,Routine_Commuter,137,47,0.3430656934306569,2842.9,20.75109489051095,63.3,True,53.46262773722628,Medium
CUST03265,Routine_Commuter,136,40,0.2941176470588235,2389.02,17.566323529411765,68.5,False,53.46220588235294,Medium
CUST01324,Routine_Commuter,139,41,0.2949640287769784,2038.29,14.663956834532376,67.6,False,53.45856115107913,Medium
CUST07954,Price_Sensitive,132,40,0.303030303030303,3121.07,23.644469696969697,68.8,True,53.457462121212124,Medium
CUST07732,Routine_Commuter,140,37,0.2642857142857143,3043.58,21.739857142857144,70.4,False,53.45517857142858,Medium
CUST05822,Routine_Commuter,134,42,0.3134328358208955,1651.58,12.325223880597015,67.1,True,53.45481343283582,Medium
CUST05436,Routine_Commuter,128,42,0.328125,3775.7,29.49765625,67.7,True,53.45375,Medium
CUST03210,Routine_Commuter,134,44,0.3283582089552239,2936.01,21.910522388059704,65.6,True,53.45182835820896,Medium
CUST01525,Routine_Commuter,145,40,0.2758620689655172,3994.39,27.54751724137931,67.9,False,53.4494827586207,Medium
CUST03007,Price_Sensitive,143,33,0.2307692307692307,4222.83,29.53027972027972,72.9,False,53.44701923076923,Medium
CUST04230,Price_Sensitive,143,39,0.2727272727272727,3961.13,27.70020979020979,68.7,False,53.44534090909091,Medium
CUST05278,Routine_Commuter,143,39,0.2727272727272727,2679.44,18.73734265734266,68.7,False,53.44534090909091,Medium
CUST01488,Routine_Commuter,144,34,0.2361111111111111,2859.65,19.858680555555555,72.1,False,53.441944444444445,Medium
CUST01605,Routine_Commuter,139,44,0.316546762589928,4443.17,31.96525179856115,65.4,True,53.44187050359712,Medium
CUST03136,Routine_Commuter,140,40,0.2857142857142857,3111.56,22.22542857142857,68.2,False,53.432321428571434,Medium
CUST00796,Price_Sensitive,125,44,0.352,2885.19,23.08152,66.3,True,53.428749999999994,Medium
CUST00061,Routine_Commuter,146,41,0.2808219178082192,4225.58,28.94232876712329,67.1,False,53.42662671232876,Medium
CUST07222,Routine_Commuter,138,43,0.3115942028985507,1939.47,14.054130434782609,66.1,True,53.42626811594203,Medium
CUST05820,Routine_Commuter,122,50,0.4098360655737705,2365.89,19.392540983606555,61.8,True,53.42594262295082,Medium
CUST05100,Routine_Commuter,139,47,0.3381294964028777,3523.86,25.35151079136691,63.2,True,53.42517985611511,Medium
CUST04491,Routine_Commuter,142,44,0.3098591549295774,4620.8,32.540845070422534,65.2,True,53.424366197183105,Medium
CUST07068,Routine_Commuter,139,41,0.2949640287769784,3572.82,25.70374100719425,67.5,False,53.41856115107914,Medium
CUST04514,Price_Sensitive,135,41,0.3037037037037037,3237.83,23.983925925925924,67.7,True,53.41814814814815,Medium
CUST05448,Price_Sensitive,130,44,0.3384615384615385,3803.77,29.25976923076923,65.8,True,53.40721153846154,Medium
CUST06938,Routine_Commuter,119,53,0.4453781512605042,1390.76,11.687058823529412,59.4,False,53.406376050420164,Medium
CUST00396,Routine_Commuter,143,42,0.2937062937062937,2692.96,18.831888111888112,66.5,False,53.40450174825175,Medium
CUST01797,Price_Sensitive,143,43,0.3006993006993007,3295.22,23.043496503496502,65.8,True,53.404222027972025,Medium
CUST00282,Price_Sensitive,132,41,0.3106060606060606,1689.47,12.799015151515151,67.9,True,53.40049242424244,Medium
CUST01364,Price_Sensitive,138,36,0.2608695652173913,2898.22,21.00159420289855,71.1,False,53.397282608695654,Medium
CUST03815,Price_Sensitive,140,40,0.2857142857142857,3197.14,22.836714285714283,68.1,False,53.39232142857143,Medium
CUST01250,Routine_Commuter,132,44,0.3333333333333333,3422.6,25.92878787878788,65.6,True,53.389583333333334,Medium
CUST04816,Routine_Commuter,125,48,0.384,3326.84,26.61472,63.0,True,53.38875,Medium
CUST07665,Price_Sensitive,139,37,0.2661870503597122,3113.28,22.39769784172662,70.3,False,53.38748201438849,Medium
CUST02174,Routine_Commuter,134,47,0.3507462686567164,3564.32,26.59940298507463,63.2,True,53.38735074626866,Medium
CUST04519,Routine_Commuter,137,44,0.3211678832116788,3021.72,22.056350364963503,65.3,True,53.386715328467155,Medium
CUST07738,Routine_Commuter,144,41,0.2847222222222222,4532.91,31.478541666666665,67.1,False,53.38638888888889,Medium
CUST02065,Routine_Commuter,124,46,0.3709677419354839,2732.61,22.03717741935484,64.7,True,53.38620967741936,Medium
CUST06327,Routine_Commuter,128,46,0.359375,2898.17,22.641953125,64.4,True,53.383750000000006,Medium
CUST00869,Routine_Commuter,116,46,0.396551724137931,3984.33,34.347672413793106,65.4,True,53.38206896551724,Medium
CUST02265,Price_Sensitive,134,38,0.2835820895522388,4159.83,31.043507462686566,69.9,False,53.380783582089556,Medium
CUST02985,Routine_Commuter,132,47,0.3560606060606061,2432.99,18.431742424242422,63.3,True,53.378674242424246,Medium
CUST05647,Price_Sensitive,126,41,0.3253968253968254,3950.77,31.355317460317465,68.5,True,53.37837301587302,Medium
CUST04727,Routine_Commuter,137,43,0.3138686131386861,3965.31,28.943868613138687,66.0,True,53.37474452554745,Medium
CUST00305,Routine_Commuter,136,42,0.3088235294117647,2687.67,19.762279411764705,66.8,True,53.370441176470585,Medium
CUST01801,Routine_Commuter,126,45,0.3571428571428571,3819.32,30.312063492063498,65.3,True,53.36821428571428,Medium
CUST07872,Routine_Commuter,143,40,0.2797202797202797,4309.51,30.136433566433567,67.8,False,53.36506118881119,Medium
CUST05313,Routine_Commuter,148,38,0.2567567567567567,2594.5,17.530405405405407,68.9,False,53.364020270270274,Medium
CUST03036,Price_Sensitive,131,39,0.2977099236641221,2865.2,21.871755725190837,69.4,False,53.36339694656489,Medium
CUST00787,Price_Sensitive,137,42,0.3065693430656934,2638.05,19.255839416058397,66.7,True,53.36277372262774,Medium
CUST02192,Routine_Commuter,129,44,0.3410852713178294,1662.99,12.891395348837207,65.8,True,53.36216085271318,Medium
CUST03523,Routine_Commuter,146,39,0.2671232876712329,3800.42,26.03027397260274,68.3,False,53.358681506849315,Medium
CUST02151,Routine_Commuter,141,43,0.3049645390070922,3714.9,26.346808510638297,65.8,True,53.35608156028369,Medium
CUST01530,Routine_Commuter,146,40,0.273972602739726,2758.17,18.891575342465753,67.6,False,53.35265410958904,Medium
CUST04253,Routine_Commuter,125,47,0.376,2771.16,22.16928,63.7,True,53.34875,Medium
CUST05978,Price_Sensitive,125,43,0.344,2079.4,16.6352,66.9,True,53.34875,Medium
CUST04843,Routine_Commuter,137,44,0.3211678832116788,3224.68,23.5378102189781,65.2,True,53.346715328467155,Medium
CUST01829,Routine_Commuter,138,43,0.3115942028985507,2807.55,20.344565217391303,65.9,True,53.34626811594203,Medium
CUST01767,Routine_Commuter,141,40,0.2836879432624113,3629.47,25.7409219858156,67.9,False,53.34501773049646,Medium
CUST07191,Routine_Commuter,141,40,0.2836879432624113,3523.37,24.988439716312055,67.9,False,53.34501773049646,Medium
CUST01170,Price_Sensitive,134,38,0.2835820895522388,2902.64,21.661492537313432,69.8,False,53.34078358208956,Medium
CUST00011,Routine_Commuter,130,43,0.3307692307692307,2856.13,21.97023076923077,66.4,True,53.33951923076923,Medium
CUST06088,Routine_Commuter,132,47,0.3560606060606061,3373.29,25.555227272727272,63.2,True,53.33867424242425,Medium
CUST03504,Routine_Commuter,126,41,0.3253968253968254,2268.55,18.00436507936508,68.4,True,53.33837301587302,Medium
CUST06687,Routine_Commuter,150,44,0.2933333333333333,3212.8,21.418666666666667,64.7,False,53.33583333333334,Medium
CUST00149,Routine_Commuter,150,41,0.2733333333333333,1797.15,11.981,66.7,False,53.33583333333334,Medium
CUST07458,Routine_Commuter,133,46,0.3458646616541353,2626.55,19.748496240601504,63.9,True,53.330836466165415,Medium
CUST04327,Routine_Commuter,133,46,0.3458646616541353,2109.58,15.861503759398497,63.9,True,53.330836466165415,Medium
CUST00886,Routine_Commuter,142,35,0.2464788732394366,2595.58,18.2787323943662,71.3,False,53.32915492957747,Medium
CUST00169,Routine_Commuter,134,46,0.3432835820895522,2882.54,21.511492537313433,63.8,True,53.32884328358209,Medium
CUST01964,Routine_Commuter,133,42,0.3157894736842105,3356.0,25.23308270676692,66.9,True,53.32782894736843,Medium
CUST05831,Routine_Commuter,138,33,0.2391304347826087,3090.78,22.39695652173913,73.1,False,53.32771739130435,Medium
CUST02381,Routine_Commuter,143,42,0.2937062937062937,4343.42,30.373566433566435,66.3,False,53.32450174825175,Medium
CUST06383,Price_Sensitive,130,41,0.3153846153846154,2182.79,16.790692307692307,67.9,True,53.32413461538462,Medium
CUST05882,Routine_Commuter,131,50,0.3816793893129771,4207.0,32.11450381679389,60.9,True,53.322175572519086,Medium
CUST07759,Routine_Commuter,134,39,0.291044776119403,2334.33,17.420373134328358,69.0,False,53.31929104477612,Medium
CUST04633,Routine_Commuter,128,44,0.34375,4426.88,34.585,65.8,True,53.31875,Medium
CUST00482,Price_Sensitive,138,40,0.2898550724637681,3500.61,25.366739130434784,68.0,False,53.31670289855073,Medium
CUST05736,Price_Sensitive,132,39,0.2954545454545454,2796.33,21.18431818181818,69.2,False,53.31443181818182,Medium
CUST07098,Routine_Commuter,130,46,0.3538461538461538,3350.36,25.772,64.0,True,53.30259615384615,Medium
CUST02632,Price_Sensitive,130,40,0.3076923076923077,2876.56,22.127384615384617,68.6,True,53.2964423076923,Medium
CUST07322,Routine_Commuter,121,47,0.3884297520661157,4135.35,34.17644628099174,64.1,True,53.29594008264463,Medium
CUST02109,Price_Sensitive,128,42,0.328125,3270.32,25.549375,67.3,True,53.29375,Medium
CUST00645,Routine_Commuter,133,42,0.3157894736842105,2651.85,19.93872180451128,66.8,True,53.287828947368425,Medium
CUST04162,Routine_Commuter,140,42,0.3,3928.25,28.05892857142857,66.4,True,53.283750000000005,Medium
CUST00951,Routine_Commuter,137,42,0.3065693430656934,2359.89,17.225474452554742,66.5,True,53.28277372262774,Medium
CUST07121,Routine_Commuter,131,42,0.3206106870229007,3132.34,23.910992366412216,66.9,True,53.279427480916034,Medium
CUST03821,Routine_Commuter,144,36,0.25,3154.65,21.907291666666666,70.3,False,53.2775,Medium
CUST05273,Routine_Commuter,134,41,0.3059701492537313,3350.62,25.00462686567164,67.4,True,53.27630597014925,Medium
CUST01745,Routine_Commuter,135,47,0.3481481481481481,3544.36,26.25451851851852,62.9,True,53.27592592592592,Medium
CUST06944,Routine_Commuter,141,41,0.2907801418439716,3763.09,26.68858156028369,67.0,False,53.268705673758866,Medium
CUST06695,Convenience_First,134,47,0.3507462686567164,3555.82,26.535970149253732,62.9,True,53.26735074626866,Medium
CUST04674,Price_Sensitive,140,39,0.2785714285714286,2452.8,17.52,68.5,False,53.26660714285715,Medium
CUST04527,Routine_Commuter,124,46,0.3709677419354839,2415.8,19.48225806451613,64.4,True,53.26620967741936,Medium
CUST03532,Price_Sensitive,133,37,0.2781954887218045,3807.88,28.630676691729324,70.5,False,53.264069548872186,Medium
CUST01770,Price_Sensitive,123,47,0.3821138211382114,2973.08,24.17138211382114,63.7,True,53.26205284552846,Medium
CUST01719,Price_Sensitive,145,39,0.2689655172413793,4078.1,28.124827586206894,68.1,False,53.25362068965517,Medium
CUST02250,Routine_Commuter,142,37,0.2605633802816901,5039.41,35.488802816901405,69.7,False,53.25253521126761,Medium
CUST03105,Routine_Commuter,133,46,0.3458646616541353,2540.61,19.10233082706767,63.7,True,53.25083646616542,Medium
CUST01051,Routine_Commuter,143,40,0.2797202797202797,3781.59,26.444685314685316,67.5,False,53.245061188811185,Medium
CUST07437,Routine_Commuter,120,51,0.425,3990.4,33.25333333333334,60.7,True,53.245000000000005,Medium
CUST07938,Routine_Commuter,135,40,0.2962962962962963,2676.11,19.82303703703704,68.0,False,53.24185185185185,Medium
CUST06112,Routine_Commuter,134,41,0.3059701492537313,2863.57,21.36992537313433,67.3,True,53.23630597014925,Medium
CUST07566,Routine_Commuter,129,41,0.3178294573643411,2091.0,16.209302325581394,67.8,True,53.23192829457364,Medium
CUST03955,Routine_Commuter,130,42,0.3230769230769231,2498.21,19.217,66.9,True,53.23182692307692,Medium
CUST07084,Routine_Commuter,131,43,0.3282442748091603,2444.43,18.65977099236641,66.0,True,53.224770992366416,Medium
CUST00477,Routine_Commuter,148,40,0.2702702702702703,4223.17,28.53493243243243,67.2,False,53.224560810810814,Medium
CUST03506,Price_Sensitive,136,40,0.2941176470588235,2446.18,17.98661764705882,67.9,False,53.222205882352945,Medium
CUST05940,Price_Sensitive,129,43,0.3333333333333333,2709.67,21.005193798449618,66.2,True,53.21208333333333,Medium
CUST06131,Routine_Commuter,146,38,0.2602739726027397,3819.35,26.159931506849315,68.6,False,53.20470890410959,Medium
CUST01773,Routine_Commuter,137,42,0.3065693430656934,2875.69,20.99043795620438,66.3,True,53.20277372262774,Medium
CUST05427,Routine_Commuter,136,44,0.3235294117647059,4261.93,31.337720588235296,64.9,True,53.19867647058824,Medium
CUST06865,Routine_Commuter,138,40,0.2898550724637681,3545.56,25.692463768115942,67.7,False,53.19670289855073,Medium
CUST04955,Routine_Commuter,145,34,0.2344827586206896,4064.07,28.02806896551724,71.4,False,53.19431034482759,Medium
CUST04252,Routine_Commuter,139,43,0.3093525179856115,2179.13,15.677194244604316,65.5,True,53.19410071942446,Medium
CUST00685,Routine_Commuter,128,45,0.3515625,3279.7,25.62265625,64.7,True,53.191250000000004,Medium
CUST04049,Price_Sensitive,128,45,0.3515625,3111.31,24.307109375,64.7,True,53.191250000000004,Medium
CUST05989,Routine_Commuter,123,41,0.3333333333333333,2798.92,22.755447154471547,68.4,True,53.19083333333334,Medium
CUST04153,Routine_Commuter,137,41,0.2992700729927007,2242.52,16.368759124087592,67.0,False,53.190802919708034,Medium
CUST03163,Routine_Commuter,133,45,0.3383458646616541,2995.53,22.52278195488722,64.3,True,53.19008458646616,Medium
CUST07360,Routine_Commuter,140,39,0.2785714285714286,2933.78,20.95557142857143,68.3,False,53.18660714285715,Medium
CUST07332,Routine_Commuter,127,46,0.3622047244094488,2230.8,17.56535433070866,64.0,True,53.18568897637796,Medium
CUST01194,Price_Sensitive,127,39,0.3070866141732283,2689.63,21.178188976377953,69.5,True,53.180964566929134,Medium
CUST04084,Routine_Commuter,122,44,0.360655737704918,2708.55,22.20122950819672,66.1,True,53.17872950819672,Medium
CUST07534,Routine_Commuter,139,41,0.2949640287769784,2772.42,19.94546762589928,66.9,False,53.178561151079144,Medium
CUST07955,Routine_Commuter,135,41,0.3037037037037037,2993.41,22.173407407407407,67.1,True,53.17814814814815,Medium
CUST01367,Routine_Commuter,138,42,0.3043478260869565,3328.53,24.119782608695655,66.2,True,53.17641304347826,Medium
CUST04027,Routine_Commuter,136,42,0.3088235294117647,4203.92,30.91117647058823,66.3,True,53.17044117647059,Medium
CUST05099,Routine_Commuter,131,44,0.3358778625954198,3318.59,25.332748091603055,65.1,True,53.17011450381679,Medium
CUST03825,Routine_Commuter,149,37,0.2483221476510067,3110.67,20.876979865771812,69.0,False,53.16788590604027,Medium
CUST05226,Routine_Commuter,126,46,0.365079365079365,1148.74,9.116984126984129,64.0,True,53.1656746031746,Medium
CUST02911,Price_Sensitive,131,39,0.2977099236641221,3499.34,26.712519083969468,68.9,False,53.16339694656489,Medium
CUST05397,Routine_Commuter,131,39,0.2977099236641221,2911.57,22.225725190839697,68.9,False,53.16339694656489,Medium
CUST03964,Routine_Commuter,135,40,0.2962962962962963,3046.66,22.567851851851852,67.8,False,53.16185185185185,Medium
CUST02052,Price_Sensitive,137,35,0.2554744525547445,3403.27,24.841386861313868,71.3,False,53.15897810218978,Medium
CUST03109,Price_Sensitive,140,34,0.2428571428571428,2717.78,19.412714285714287,71.8,False,53.15803571428572,Medium
CUST06523,Price_Sensitive,139,38,0.2733812949640288,1725.82,12.415971223021582,69.0,False,53.15525179856115,Medium
CUST00046,Routine_Commuter,129,41,0.3178294573643411,2510.39,19.460387596899224,67.6,True,53.15192829457364,Medium
CUST05126,Routine_Commuter,127,45,0.3543307086614173,3914.2,30.82047244094488,64.7,True,53.1507283464567,Medium
CUST04364,Routine_Commuter,139,37,0.2661870503597122,3826.7,27.53021582733813,69.7,False,53.14748201438849,Medium
CUST05769,Routine_Commuter,149,36,0.2416107382550335,4087.35,27.431879194630874,69.6,False,53.13942953020134,Medium
CUST07814,Routine_Commuter,142,40,0.2816901408450704,4273.83,30.097394366197182,67.3,False,53.13760563380282,Medium
CUST03380,Price_Sensitive,135,38,0.2814814814814815,2276.38,16.862074074074076,69.2,False,53.12925925925926,Medium
CUST02868,Routine_Commuter,128,43,0.3359375,2587.08,20.2115625,66.1,True,53.12625,Medium
CUST07460,Routine_Commuter,130,41,0.3153846153846154,3460.44,26.61876923076923,67.4,True,53.12413461538462,Medium
CUST07579,Routine_Commuter,128,49,0.3828125,2414.5,18.86328125,61.4,True,53.12125,Medium
CUST05888,Routine_Commuter,126,48,0.3809523809523809,2617.77,20.77595238095238,62.3,True,53.120595238095234,Medium
CUST03377,Routine_Commuter,141,43,0.3049645390070922,3958.25,28.072695035460992,65.2,True,53.11608156028369,Medium
CUST03739,Routine_Commuter,135,42,0.3111111111111111,3457.34,25.60992592592593,66.2,True,53.114444444444445,Medium
CUST01215,Price_Sensitive,132,39,0.2954545454545454,4340.58,32.88318181818182,68.7,False,53.11443181818182,Medium
CUST02481,Price_Sensitive,136,35,0.2573529411764705,2456.48,18.06235294117647,71.3,False,53.11161764705882,Medium
CUST00018,Price_Sensitive,125,45,0.36,2300.51,18.40408,64.7,True,53.10875,Medium
CUST05042,Price_Sensitive,125,48,0.384,3460.05,27.6804,62.3,True,53.10875,Medium
CUST07016,Price_Sensitive,135,39,0.2888888888888888,2263.17,16.764222222222223,68.4,False,53.105555555555554,Medium
CUST03108,Routine_Commuter,136,43,0.3161764705882353,2904.52,21.35676470588235,65.4,True,53.104558823529416,Medium
CUST01212,Routine_Commuter,142,40,0.2816901408450704,2804.7,19.751408450704226,67.2,False,53.09760563380282,Medium
CUST06876,Routine_Commuter,142,40,0.2816901408450704,5387.6,37.94084507042254,67.2,False,53.09760563380282,Medium
CUST03305,Routine_Commuter,127,40,0.3149606299212598,3381.02,26.62220472440945,68.5,True,53.09592519685039,Medium
CUST03356,Routine_Commuter,140,37,0.2642857142857143,2930.96,20.93542857142857,69.5,False,53.095178571428576,Medium
CUST01735,Routine_Commuter,126,43,0.3412698412698413,2746.78,21.79984126984127,66.2,True,53.093293650793655,Medium
CUST06934,Routine_Commuter,152,38,0.25,2946.15,19.382565789473684,68.0,False,53.09125,Medium
CUST00930,Routine_Commuter,133,42,0.3157894736842105,3061.85,23.021428571428572,66.3,True,53.08782894736842,Medium
CUST06218,Routine_Commuter,138,41,0.2971014492753623,2717.41,19.691376811594203,66.7,False,53.08655797101449,Medium
CUST03203,Price_Sensitive,121,46,0.3801652892561983,1613.19,13.33214876033058,64.4,True,53.08536157024793,Medium
CUST06304,Price_Sensitive,133,36,0.2706766917293233,3750.2,28.196992481203004,70.8,False,53.083317669172935,Medium
CUST00688,Routine_Commuter,134,37,0.2761194029850746,3340.29,24.927537313432836,69.9,False,53.08227611940299,Medium
CUST01680,Routine_Commuter,128,44,0.34375,2561.47,20.011484375,65.2,True,53.07875,Medium
CUST07730,Routine_Commuter,153,34,0.2222222222222222,3682.59,24.06921568627451,70.5,False,53.076388888888886,Medium
CUST03853,Routine_Commuter,128,40,0.3125,2344.0,18.3125,68.3,True,53.06875,Medium
CUST04457,Routine_Commuter,131,40,0.3053435114503817,3325.29,25.383893129770993,67.9,True,53.06874045801527,Medium
CUST02054,Routine_Commuter,137,44,0.3211678832116788,2436.16,17.7821897810219,64.5,True,53.066715328467154,Medium
CUST02843,Routine_Commuter,132,42,0.3181818181818182,3191.53,24.178257575757577,66.3,True,53.06352272727273,Medium
CUST04401,Price_Sensitive,126,42,0.3333333333333333,2745.57,21.790238095238095,66.9,True,53.05583333333333,Medium
CUST00571,Routine_Commuter,126,42,0.3333333333333333,3000.33,23.812142857142856,66.9,True,53.05583333333333,Medium
CUST00368,Price_Sensitive,134,42,0.3134328358208955,3045.44,22.727164179104477,66.1,True,53.054813432835815,Medium
CUST06813,Routine_Commuter,137,43,0.3138686131386861,3170.15,23.13978102189781,65.2,True,53.05474452554745,Medium
CUST04849,Routine_Commuter,131,41,0.3129770992366412,3955.24,30.19267175572519,67.1,True,53.054083969465644,Medium
CUST00001,Price_Sensitive,141,36,0.2553191489361702,3689.83,26.16900709219858,70.0,False,53.050265957446804,Medium
CUST07709,Routine_Commuter,143,35,0.2447552447552447,4299.31,30.0651048951049,70.5,False,53.04645979020979,Medium
CUST01659,Price_Sensitive,143,39,0.2727272727272727,3672.01,25.67839160839161,67.7,False,53.04534090909091,Medium
CUST06035,Routine_Commuter,118,53,0.4491525423728814,4157.35,35.23177966101695,58.5,False,53.04360169491526,Medium
CUST03299,Routine_Commuter,136,38,0.2794117647058823,3772.35,27.737867647058824,68.9,False,53.03397058823529,Medium
CUST00868,Routine_Commuter,120,47,0.3916666666666666,2526.92,21.057666666666663,63.5,True,53.031666666666666,Medium
CUST04086,Routine_Commuter,141,41,0.2907801418439716,3521.68,24.97645390070922,66.4,False,53.028705673758864,Medium
CUST02842,Price_Sensitive,141,41,0.2907801418439716,4462.65,31.65,66.4,False,53.028705673758864,Medium
CUST00036,Routine_Commuter,145,36,0.2482758620689655,3523.26,24.29834482758621,69.6,False,53.026034482758625,Medium
CUST05282,Routine_Commuter,136,40,0.2941176470588235,3769.71,27.71845588235294,67.4,False,53.02220588235294,Medium
CUST00278,Routine_Commuter,123,47,0.3821138211382114,2165.97,17.60951219512195,63.1,True,53.022052845528464,Medium
CUST03083,Routine_Commuter,126,43,0.3412698412698413,2883.92,22.88825396825397,66.0,True,53.01329365079365,Medium
CUST01256,Price_Sensitive,127,41,0.3228346456692913,1869.13,14.71755905511811,67.5,True,53.010885826771656,Medium
CUST03077,Routine_Commuter,144,31,0.2152777777777778,3560.07,24.722708333333333,73.1,False,53.00861111111111,Medium
CUST02791,Routine_Commuter,137,39,0.2846715328467153,3589.91,26.203722627737225,68.0,False,53.00686131386862,Medium
CUST03423,Routine_Commuter,138,41,0.2971014492753623,4592.07,33.27586956521739,66.5,False,53.006557971014495,Medium
CUST00566,Routine_Commuter,152,36,0.2368421052631578,4152.18,27.316973684210527,69.1,False,53.004934210526315,Medium
CUST03699,Routine_Commuter,130,41,0.3153846153846154,2159.91,16.614692307692305,67.1,True,53.004134615384615,Medium
CUST06723,Routine_Commuter,140,42,0.3,4252.36,30.374,65.7,True,53.003750000000004,Medium
CUST01337,Price_Sensitive,131,39,0.2977099236641221,2273.19,17.35259541984733,68.5,False,53.003396946564884,Medium
CUST04871,Routine_Commuter,133,36,0.2706766917293233,2840.18,21.35473684210526,70.6,False,53.00331766917293,Medium
CUST07737,Routine_Commuter,118,55,0.4661016949152542,2097.84,17.778305084745764,56.7,False,53.001567796610175,Medium
CUST00728,Routine_Commuter,142,44,0.3098591549295774,3392.07,23.887816901408453,64.1,True,52.9843661971831,Medium
CUST02976,Price_Sensitive,138,38,0.2753623188405797,2656.17,19.247608695652175,68.6,False,52.976992753623186,Medium
CUST04515,Routine_Commuter,134,42,0.3134328358208955,3485.08,26.008059701492535,65.9,True,52.97481343283582,Medium
CUST02016,Routine_Commuter,142,38,0.2676056338028169,2295.69,16.166830985915492,68.3,False,52.97422535211268,Medium
CUST05792,Price_Sensitive,124,41,0.3306451612903225,2464.19,19.8725,67.7,True,52.973306451612906,Medium
CUST05694,Price_Sensitive,129,43,0.3333333333333333,2812.88,21.805271317829455,65.6,True,52.97208333333333,Medium
CUST04267,Routine_Commuter,131,36,0.2748091603053435,3328.2,25.406106870229006,70.7,False,52.96736641221374,Medium
CUST07775,Routine_Commuter,130,44,0.3384615384615385,3235.89,24.891461538461535,64.7,True,52.96721153846154,Medium
CUST01579,Routine_Commuter,133,38,0.2857142857142857,3282.72,24.682105263157897,69.0,False,52.96482142857143,Medium
CUST02473,Price_Sensitive,133,36,0.2706766917293233,3032.03,22.797218045112785,70.5,False,52.96331766917294,Medium
CUST03117,Routine_Commuter,139,39,0.2805755395683453,2635.68,18.961726618705036,67.8,False,52.96302158273381,Medium
CUST03485,Price_Sensitive,122,42,0.3442622950819672,3713.9,30.441803278688525,67.2,True,52.96299180327869,Medium
CUST03257,Routine_Commuter,129,44,0.3410852713178294,4611.25,35.74612403100775,64.8,True,52.962160852713176,Medium
CUST00218,Routine_Commuter,129,40,0.3100775193798449,3137.85,24.32441860465116,67.9,True,52.9618507751938,Medium
CUST05264,Routine_Commuter,129,45,0.3488372093023256,3726.1,28.884496124031006,64.0,True,52.95223837209303,Medium
CUST07800,Price_Sensitive,129,37,0.2868217054263566,1625.38,12.599844961240311,70.2,False,52.95161821705427,Medium
CUST02726,Routine_Commuter,124,48,0.3870967741935484,2228.04,17.968064516129033,62.0,True,52.95137096774194,Medium
CUST07610,Routine_Commuter,139,37,0.2661870503597122,1735.5,12.485611510791369,69.2,False,52.94748201438849,Medium
CUST01182,Routine_Commuter,139,42,0.302158273381295,4205.44,30.254964028776975,65.6,True,52.946330935251794,Medium
CUST03291,Price_Sensitive,136,40,0.2941176470588235,3043.18,22.376323529411764,67.2,False,52.942205882352944,Medium
CUST06456,Routine_Commuter,132,40,0.303030303030303,5223.8099999999995,39.57431818181818,67.5,True,52.93746212121212,Medium
CUST03654,Routine_Commuter,128,42,0.328125,2863.03,22.367421875,66.4,True,52.93375,Medium
CUST07965,Routine_Commuter,129,39,0.3023255813953488,1865.9,14.464341085271318,68.6,True,52.93177325581395,Medium
CUST00132,Routine_Commuter,133,40,0.3007518796992481,4250.62,31.95954887218045,67.4,True,52.92632518796993,Medium
CUST01642,Routine_Commuter,133,36,0.2706766917293233,1959.44,14.73263157894737,70.4,False,52.92331766917294,Medium
CUST04150,Price_Sensitive,123,43,0.3495934959349593,2826.6,22.98048780487805,66.1,True,52.921239837398375,Medium
CUST04643,Price_Sensitive,120,47,0.3916666666666666,3362.17,28.018083333333333,63.2,True,52.91166666666666,Medium
CUST01028,Price_Sensitive,125,43,0.344,2816.26,22.53008,65.8,True,52.90875,Medium
CUST00227,Price_Sensitive,139,37,0.2661870503597122,3265.86,23.49539568345324,69.1,False,52.907482014388485,Medium
CUST03778,Routine_Commuter,135,44,0.3259259259259259,2437.94,18.058814814814816,64.2,True,52.90703703703704,Medium
CUST01536,Routine_Commuter,131,43,0.3282442748091603,3353.07,25.595954198473283,65.2,True,52.904770992366416,Medium
CUST07162,Routine_Commuter,136,43,0.3161764705882353,1701.15,12.508455882352942,64.9,True,52.90455882352941,Medium
CUST01368,Routine_Commuter,145,37,0.2551724137931034,3477.59,23.98337931034483,68.6,False,52.901896551724136,Medium
CUST06130,Routine_Commuter,130,43,0.3307692307692307,2417.62,18.597076923076923,65.3,True,52.89951923076923,Medium
CUST02477,Routine_Commuter,130,43,0.3307692307692307,2558.83,19.683307692307693,65.3,True,52.89951923076923,Medium
CUST04065,Routine_Commuter,131,38,0.2900763358778626,2654.87,20.26618320610687,69.0,False,52.898053435114505,Medium
CUST05261,Routine_Commuter,132,45,0.3409090909090909,3176.39,24.063560606060605,63.6,True,52.89261363636364,Medium
CUST07662,Routine_Commuter,133,44,0.3308270676691729,3240.44,24.36421052631579,64.3,True,52.889332706766915,Medium
CUST00860,Routine_Commuter,133,42,0.3157894736842105,2142.48,16.10887218045113,65.8,True,52.88782894736842,Medium
CUST02446,Routine_Commuter,136,36,0.2647058823529412,2655.0,19.522058823529413,70.0,False,52.88573529411765,Medium
CUST01293,Routine_Commuter,139,39,0.2805755395683453,3712.26,26.706906474820144,67.6,False,52.88302158273381,Medium
CUST01782,Routine_Commuter,134,37,0.2761194029850746,3038.95,22.67873134328358,69.4,False,52.88227611940299,Medium
CUST01594,Price_Sensitive,130,38,0.2923076923076923,3324.3,25.571538461538463,69.1,False,52.88105769230769,Medium
CUST01575,Routine_Commuter,137,41,0.2992700729927007,2727.89,19.911605839416055,66.2,False,52.870802919708034,Medium
CUST03363,Routine_Commuter,125,46,0.368,2813.46,22.50768,63.3,True,52.86875,Medium
CUST05089,Routine_Commuter,121,44,0.3636363636363636,2574.02,21.272892561983472,65.5,True,52.86420454545455,Medium
CUST04664,Routine_Commuter,129,42,0.3255813953488372,3319.58,25.733178294573644,66.1,True,52.86200581395348,Medium
CUST01701,Routine_Commuter,137,40,0.291970802919708,3641.27,26.57861313868613,66.9,False,52.85883211678833,Medium
CUST03447,Routine_Commuter,131,38,0.2900763358778626,3276.64,25.012519083969465,68.9,False,52.858053435114506,Medium
CUST02489,Routine_Commuter,132,38,0.2878787878787879,2883.35,21.843560606060606,68.8,False,52.851401515151515,Medium
CUST06541,Routine_Commuter,122,43,0.3524590163934426,3467.43,28.42155737704918,66.1,True,52.850860655737705,Medium
CUST06013,Routine_Commuter,135,40,0.2962962962962963,2441.75,18.08703703703704,67.0,False,52.84185185185186,Medium
CUST05263,Routine_Commuter,129,40,0.3100775193798449,3029.86,23.48728682170543,67.6,True,52.8418507751938,Medium
CUST04367,Routine_Commuter,128,44,0.34375,2054.07,16.047421875,64.6,True,52.838750000000005,Medium
CUST03277,Price_Sensitive,130,42,0.3230769230769231,4213.53,32.41176923076923,65.9,True,52.83182692307693,Medium
CUST07015,Price_Sensitive,126,38,0.3015873015873015,1960.04,15.555873015873017,69.5,True,52.82599206349206,Medium
CUST04388,Routine_Commuter,146,35,0.2397260273972602,2299.2,15.74794520547945,69.7,False,52.82279109589041,Medium
CUST06571,Price_Sensitive,128,41,0.3203125,3025.55,23.637109375,66.9,True,52.821250000000006,Medium
CUST04147,Routine_Commuter,138,42,0.3043478260869565,5565.42,40.32913043478261,65.3,True,52.81641304347826,Medium
CUST05752,Routine_Commuter,142,39,0.2746478873239437,4010.36,28.24197183098592,67.2,False,52.81591549295776,Medium
CUST01044,Routine_Commuter,129,39,0.3023255813953488,1917.57,14.864883720930232,68.3,True,52.811773255813954,Medium
CUST06818,Routine_Commuter,126,44,0.3492063492063492,3405.77,27.029920634920636,64.7,True,52.81075396825397,Medium
CUST04789,Price_Sensitive,134,35,0.2611940298507462,1990.63,14.85544776119403,70.7,False,52.80526119402985,Medium
CUST00192,Routine_Commuter,129,44,0.3410852713178294,3060.89,23.72782945736434,64.4,True,52.80216085271318,Medium
CUST02749,Routine_Commuter,129,40,0.3100775193798449,2000.36,15.506666666666666,67.5,True,52.8018507751938,Medium
CUST00270,Routine_Commuter,122,52,0.4262295081967213,2689.31,22.043524590163933,58.6,False,52.80168032786885,Medium
CUST03698,Routine_Commuter,134,41,0.3059701492537313,2821.97,21.0594776119403,66.2,True,52.796305970149255,Medium
CUST06639,Routine_Commuter,136,38,0.2794117647058823,1838.55,13.51875,68.3,False,52.7939705882353,Medium
CUST04141,Routine_Commuter,135,37,0.2740740740740741,2856.26,21.157481481481483,69.1,False,52.79296296296296,Medium
CUST01454,Routine_Commuter,148,31,0.2094594594594594,4299.05,29.047635135135135,72.2,False,52.79212837837838,Medium
CUST06075,Routine_Commuter,129,41,0.3178294573643411,3694.92,28.642790697674418,66.7,True,52.791928294573644,Medium
CUST06135,Price_Sensitive,125,40,0.32,3725.96,29.80768,67.9,True,52.78875000000001,Medium
CUST02471,Routine_Commuter,125,41,0.328,3535.27,28.28216,67.1,True,52.78875,Medium
CUST07467,Routine_Commuter,137,40,0.291970802919708,2117.18,15.453868613138685,66.7,False,52.77883211678832,Medium
CUST00897,Routine_Commuter,131,38,0.2900763358778626,3283.94,25.06824427480916,68.7,False,52.77805343511451,Medium
CUST01386,Price_Sensitive,130,40,0.3076923076923077,3853.46,29.642,67.3,True,52.77644230769231,Medium
CUST05720,Routine_Commuter,141,37,0.2624113475177305,2732.56,19.37985815602837,68.6,False,52.773953900709216,Medium
CUST04780,Price_Sensitive,128,42,0.328125,2764.24,21.595625,66.0,True,52.77375000000001,Medium
CUST04200,Routine_Commuter,137,36,0.2627737226277372,3586.19,26.176569343065697,69.6,False,52.77094890510949,Medium
CUST06484,Routine_Commuter,128,43,0.3359375,4014.6,31.3640625,65.2,True,52.76625,Medium
CUST01041,Routine_Commuter,134,35,0.2611940298507462,2255.35,16.83097014925373,70.6,False,52.76526119402985,Medium
CUST06365,Price_Sensitive,127,36,0.2834645669291338,2936.11,23.118976377952755,70.8,False,52.75608267716535,Medium
CUST03894,Routine_Commuter,139,38,0.2733812949640288,4048.45,29.12553956834532,68.0,False,52.755251798561154,Medium
CUST04428,Routine_Commuter,129,41,0.3178294573643411,2592.14,20.09410852713178,66.6,True,52.751928294573645,Medium
CUST04379,Routine_Commuter,146,37,0.2534246575342466,3907.85,26.76609589041096,68.1,False,52.73073630136986,Medium
CUST02949,Routine_Commuter,126,45,0.3571428571428571,3374.17,26.779126984126982,63.7,True,52.72821428571429,Medium
CUST05377,Price_Sensitive,124,37,0.2983870967741935,3885.19,31.33217741935484,70.3,False,52.722983870967745,Medium
CUST02805,Routine_Commuter,122,47,0.3852459016393442,2733.86,22.408688524590165,62.5,True,52.72233606557377,Medium
CUST04975,Price_Sensitive,134,37,0.2761194029850746,3304.84,24.662985074626867,69.0,False,52.722276119402984,Medium
CUST02761,Routine_Commuter,130,38,0.2923076923076923,3100.92,23.85323076923077,68.7,False,52.721057692307696,Medium
CUST03102,Routine_Commuter,121,45,0.371900826446281,1171.36,9.680661157024792,64.3,True,52.714783057851236,Medium
CUST06008,Routine_Commuter,136,38,0.2794117647058823,3020.76,22.211470588235297,68.1,False,52.71397058823529,Medium
CUST05025,Routine_Commuter,145,35,0.2413793103448276,3404.81,23.481448275862068,69.5,False,52.71017241379311,Medium
CUST04733,Price_Sensitive,130,39,0.3,2315.48,17.811384615384615,67.9,True,52.70875000000001,Medium
CUST04750,Routine_Commuter,139,42,0.302158273381295,3048.01,21.92812949640288,65.0,True,52.7063309352518,Medium
CUST07862,Price_Sensitive,123,47,0.3821138211382114,2488.87,20.23471544715447,62.3,True,52.702052845528456,Medium
CUST05977,Routine_Commuter,129,42,0.3255813953488372,1503.7,11.65658914728682,65.7,True,52.702005813953484,Medium
CUST06190,Routine_Commuter,131,46,0.3511450381679389,3915.95,29.892748091603053,62.4,True,52.70080152671756,Medium
CUST01578,Price_Sensitive,136,37,0.2720588235294117,3354.94,24.668676470588235,68.8,False,52.69985294117647,Medium
CUST02670,Price_Sensitive,128,36,0.28125,2812.79,21.974921875,70.5,False,52.698750000000004,Medium
CUST01637,Routine_Commuter,138,38,0.2753623188405797,3791.21,27.472536231884057,67.9,False,52.69699275362319,Medium
CUST01873,Price_Sensitive,130,40,0.3076923076923077,2829.21,21.763153846153845,67.1,True,52.69644230769231,Medium
CUST06280,Routine_Commuter,129,43,0.3333333333333333,2400.91,18.61170542635659,64.9,True,52.692083333333336,Medium
CUST03669,Price_Sensitive,132,38,0.2878787878787879,3597.88,27.256666666666668,68.4,False,52.69140151515152,Medium
CUST03287,Price_Sensitive,126,44,0.3492063492063492,3452.81,27.403253968253967,64.4,True,52.69075396825397,Medium
CUST07152,Routine_Commuter,143,32,0.2237762237762237,4114.17,28.77041958041958,71.7,False,52.68729895104895,Medium
CUST00378,Price_Sensitive,133,40,0.3007518796992481,2842.48,21.37203007518797,66.8,True,52.68632518796993,Medium
CUST05942,Routine_Commuter,127,42,0.3307086614173228,2895.96,22.802834645669293,65.9,True,52.685846456692914,Medium
CUST03444,Routine_Commuter,136,36,0.2647058823529412,2882.66,21.196029411764705,69.5,False,52.68573529411765,Medium
CUST00946,Price_Sensitive,139,34,0.2446043165467626,3456.8,24.86906474820144,70.7,False,52.684172661870505,Medium
CUST06631,Price_Sensitive,123,43,0.3495934959349593,2588.1,21.041463414634144,65.5,True,52.68123983739838,Medium
CUST05946,Routine_Commuter,132,41,0.3106060606060606,4239.81,32.11977272727273,66.1,True,52.68049242424242,Medium
CUST06330,Price_Sensitive,144,35,0.2430555555555555,1664.96,11.562222222222225,69.5,False,52.679722222222225,Medium
CUST06926,Routine_Commuter,128,44,0.34375,2949.11,23.039921875,64.2,True,52.67875000000001,Medium
CUST03373,Routine_Commuter,122,46,0.3770491803278688,2456.04,20.131475409836064,63.2,True,52.67446721311475,Medium
CUST07180,Routine_Commuter,130,39,0.3,2601.8,20.013846153846156,67.8,True,52.66875,Medium
CUST01908,Routine_Commuter,125,43,0.344,3035.87,24.28696,65.2,True,52.66875,Medium
CUST01094,Routine_Commuter,122,40,0.3278688524590163,2309.12,18.927213114754096,68.1,True,52.66725409836065,Medium
CUST04734,Price_Sensitive,135,39,0.2888888888888888,2514.55,18.626296296296296,67.3,False,52.66555555555556,Medium
CUST05849,Routine_Commuter,134,36,0.2686567164179104,2992.65,22.33320895522388,69.6,False,52.663768656716414,Medium
CUST02196,Routine_Commuter,134,38,0.2835820895522388,2819.96,21.044477611940295,68.1,False,52.66078358208955,Medium
CUST05440,Routine_Commuter,135,41,0.3037037037037037,3530.46,26.151555555555557,65.8,True,52.65814814814814,Medium
CUST03479,Routine_Commuter,130,40,0.3076923076923077,2116.74,16.282615384615386,67.0,True,52.656442307692316,Medium
CUST06879,Routine_Commuter,127,40,0.3149606299212598,3279.94,25.826299212598425,67.4,True,52.65592519685039,Medium
CUST03630,Routine_Commuter,126,42,0.3333333333333333,3424.86,27.181428571428572,65.9,True,52.655833333333334,Medium
CUST02616,Routine_Commuter,134,44,0.3283582089552239,2488.12,18.568059701492537,63.6,True,52.65182835820896,Medium
CUST02040,Routine_Commuter,123,44,0.3577235772357723,2109.14,17.147479674796745,64.6,True,52.646443089430896,Medium
CUST01700,Routine_Commuter,133,36,0.2706766917293233,4274.97,32.14263157894737,69.7,False,52.64331766917294,Medium
CUST03177,Routine_Commuter,127,43,0.3385826771653543,2845.61,22.406377952755907,65.0,True,52.640807086614174,Medium
CUST05732,Routine_Commuter,130,45,0.3461538461538461,3303.33,25.41023076923077,63.1,True,52.63490384615385,Medium
CUST05758,Routine_Commuter,128,40,0.3125,2763.38,21.58890625,67.2,True,52.628750000000004,Medium
CUST00928,Routine_Commuter,125,44,0.352,2786.59,22.292720000000003,64.3,True,52.62875,Medium
CUST07990,Routine_Commuter,128,36,0.28125,1615.17,12.618515625,70.3,False,52.618750000000006,Medium
CUST03196,Routine_Commuter,134,40,0.2985074626865671,4211.75,31.43097014925373,66.5,False,52.61779850746269,Medium
CUST05569,Routine_Commuter,124,42,0.3387096774193548,4225.04,34.07290322580645,66.0,True,52.6158870967742,Medium
CUST02652,Routine_Commuter,124,39,0.314516129032258,4326.72,34.89290322580646,68.4,True,52.608145161290324,Medium
CUST06928,Routine_Commuter,131,36,0.2748091603053435,3012.4,22.995419847328247,69.8,False,52.60736641221374,Medium
CUST01122,Routine_Commuter,134,35,0.2611940298507462,2890.05,21.567537313432837,70.2,False,52.60526119402985,Medium
CUST04445,Price_Sensitive,133,38,0.2857142857142857,2975.13,22.369398496240603,68.1,False,52.60482142857143,Medium
CUST05799,Routine_Commuter,132,41,0.3106060606060606,2615.17,19.81189393939394,65.9,True,52.60049242424243,Medium
CUST02720,Routine_Commuter,132,41,0.3106060606060606,2943.38,22.298333333333336,65.9,True,52.60049242424243,Medium
CUST04779,Routine_Commuter,132,41,0.3106060606060606,3570.94,27.05257575757576,65.9,True,52.60049242424243,Medium
CUST04158,Routine_Commuter,137,35,0.2554744525547445,2791.58,20.376496350364963,69.9,False,52.59897810218979,Medium
CUST03725,Convenience_First,134,41,0.3059701492537313,4961.62,37.02701492537313,65.7,True,52.59630597014925,Medium
CUST07482,Routine_Commuter,132,39,0.2954545454545454,3628.44,27.48818181818182,67.4,False,52.594431818181825,Medium
CUST01820,Price_Sensitive,125,42,0.336,2086.21,16.68968,65.8,True,52.588750000000005,Medium
CUST03073,Price_Sensitive,125,46,0.368,2714.68,21.71744,62.6,True,52.588750000000005,Medium
CUST00712,Routine_Commuter,125,45,0.36,3166.14,25.32912,63.4,True,52.58875,Medium
CUST03085,Price_Sensitive,116,51,0.4396551724137931,2801.78,24.153275862068966,59.1,False,52.58620689655173,Medium
CUST04737,Routine_Commuter,128,41,0.3203125,2080.12,16.2509375,66.3,True,52.58125,Medium
CUST00973,Convenience_First,124,44,0.3548387096774194,4703.35,37.93024193548387,64.3,True,52.58104838709678,Medium
CUST02195,Routine_Commuter,126,40,0.3174603174603174,3869.46,30.71,67.3,True,52.580912698412696,Medium
CUST06053,Routine_Commuter,134,38,0.2835820895522388,3005.61,22.429925373134328,67.9,False,52.58078358208956,Medium
CUST07299,Routine_Commuter,131,38,0.2900763358778626,3232.29,24.673969465648856,68.2,False,52.578053435114505,Medium
CUST06051,Routine_Commuter,126,42,0.3333333333333333,3611.54,28.663015873015873,65.7,True,52.57583333333333,Medium
CUST00428,Routine_Commuter,121,42,0.3471074380165289,2987.4,24.68925619834711,66.4,True,52.56304752066116,Medium
CUST04546,Price_Sensitive,127,35,0.2755905511811024,3174.71,24.99771653543307,71.1,False,52.5611220472441,Medium
CUST01976,Price_Sensitive,116,45,0.3879310344827586,2194.82,18.92086206896552,64.2,True,52.55724137931035,Medium
CUST00526,Price_Sensitive,132,39,0.2954545454545454,2596.31,19.66901515151515,67.3,False,52.55443181818182,Medium
CUST07289,Price_Sensitive,130,39,0.3,2249.14,17.301076923076923,67.5,True,52.54875,Medium
CUST04889,Routine_Commuter,133,39,0.2932330827067669,3858.8,29.013533834586468,67.2,False,52.54557330827068,Medium
CUST03183,Routine_Commuter,126,39,0.3095238095238095,3214.69,25.513412698412697,68.0,True,52.54345238095238,Medium
CUST04051,Price_Sensitive,126,41,0.3253968253968254,3081.98,24.46015873015873,66.4,True,52.53837301587301,Medium
CUST07072,Price_Sensitive,120,40,0.3333333333333333,1621.75,13.514583333333333,68.1,True,52.53833333333333,Medium
CUST04726,Price_Sensitive,138,38,0.2753623188405797,3667.62,26.57695652173913,67.5,False,52.53699275362319,Medium
CUST04377,Price_Sensitive,124,42,0.3387096774193548,1774.87,14.313467741935485,65.8,True,52.535887096774196,Medium
CUST00671,Routine_Commuter,131,41,0.3129770992366412,3837.6,29.294656488549617,65.8,True,52.53408396946565,Medium
CUST03092,Routine_Commuter,124,41,0.3306451612903225,2231.94,17.99951612903226,66.6,True,52.5333064516129,Medium
CUST06532,Price_Sensitive,134,31,0.2313432835820895,2560.41,19.107537313432836,73.0,False,52.53123134328359,Medium
CUST07794,Price_Sensitive,124,40,0.3225806451612903,2828.6,22.811290322580643,67.4,True,52.53072580645162,Medium
CUST02934,Routine_Commuter,143,36,0.2517482517482518,2993.69,20.934895104895105,68.5,False,52.52618006993007,Medium
CUST04892,Price_Sensitive,124,38,0.3064516129032258,4568.34,36.84145161290323,69.0,True,52.52556451612904,Medium
CUST03790,Routine_Commuter,130,41,0.3153846153846154,3033.17,23.33207692307692,65.9,True,52.524134615384625,Medium
CUST06526,Price_Sensitive,130,35,0.2692307692307692,2548.04,19.60030769230769,70.5,False,52.517980769230775,Medium
CUST04293,Routine_Commuter,125,44,0.352,2693.57,21.54856,64.0,True,52.50875,Medium
CUST01510,Routine_Commuter,131,40,0.3053435114503817,3739.36,28.54473282442748,66.5,True,52.50874045801527,Medium
CUST07763,Price_Sensitive,134,34,0.2537313432835821,2850.78,21.2744776119403,70.7,False,52.50675373134329,Medium
CUST07517,Routine_Commuter,135,39,0.2888888888888888,3019.21,22.36451851851852,66.9,False,52.50555555555556,Medium
CUST07516,Price_Sensitive,129,38,0.2945736434108527,3307.58,25.64015503875969,68.3,False,52.50169573643411,Medium
CUST05112,Price_Sensitive,122,44,0.360655737704918,2792.67,22.890737704918035,64.4,True,52.498729508196725,Medium
CUST03422,Routine_Commuter,134,40,0.2985074626865671,3801.21,28.36723880597015,66.2,False,52.49779850746269,Medium
CUST00994,Routine_Commuter,138,42,0.3043478260869565,3537.89,25.636884057971013,64.5,True,52.49641304347826,Medium
CUST00433,Routine_Commuter,127,40,0.3149606299212598,2430.65,19.138976377952755,67.0,True,52.49592519685039,Medium
CUST03665,Routine_Commuter,127,40,0.3149606299212598,3387.51,26.673307086614173,67.0,True,52.49592519685039,Medium
CUST01551,Routine_Commuter,126,43,0.3412698412698413,3972.04,31.524126984126983,64.7,True,52.49329365079365,Medium
CUST02390,Routine_Commuter,126,43,0.3412698412698413,2839.58,22.536349206349207,64.7,True,52.49329365079365,Medium
CUST00589,Routine_Commuter,126,45,0.3571428571428571,2235.95,17.74563492063492,63.1,True,52.488214285714285,Medium
CUST02079,Routine_Commuter,137,39,0.2846715328467153,3833.03,27.978321167883212,66.7,False,52.486861313868616,Medium
CUST07115,Routine_Commuter,132,43,0.3257575757575757,5207.37,39.44977272727272,64.1,True,52.486553030303035,Medium
CUST06739,Price_Sensitive,128,38,0.296875,4004.34,31.28390625,68.4,False,52.48375,Medium
CUST06097,Price_Sensitive,130,38,0.2923076923076923,1787.81,13.752384615384615,68.1,False,52.48105769230769,Medium
CUST02123,Routine_Commuter,127,43,0.3385826771653543,2639.67,20.7848031496063,64.6,True,52.48080708661418,Medium
CUST03768,Routine_Commuter,121,49,0.4049586776859504,2345.69,19.38586776859504,60.4,True,52.47709710743802,Medium
CUST06300,Routine_Commuter,128,39,0.3046875,3173.89,24.796015625,67.6,True,52.47625,Medium
CUST06480,Price_Sensitive,125,43,0.344,3768.8,30.1504,64.7,True,52.46875,Medium
CUST06900,Price_Sensitive,131,40,0.3053435114503817,2472.53,18.87427480916031,66.4,True,52.46874045801527,Medium
CUST06388,Routine_Commuter,133,37,0.2781954887218045,2246.63,16.891954887218045,68.5,False,52.46406954887218,Medium
CUST06745,Convenience_First,122,39,0.319672131147541,3332.97,27.319426229508196,68.4,True,52.45938524590164,Medium
CUST02029,Price_Sensitive,124,43,0.3467741935483871,2227.72,17.96548387096774,64.8,True,52.45846774193549,Medium
CUST00953,Routine_Commuter,138,38,0.2753623188405797,4765.48,34.53246376811594,67.3,False,52.45699275362319,Medium
CUST00710,Routine_Commuter,130,40,0.3076923076923077,3930.0,30.23076923076923,66.5,True,52.45644230769231,Medium
CUST03185,Routine_Commuter,138,37,0.2681159420289855,4085.64,29.60608695652174,68.0,False,52.447137681159425,Medium
CUST07773,Routine_Commuter,121,46,0.3801652892561983,3343.44,27.63173553719008,62.8,True,52.44536157024793,Medium
CUST01390,Convenience_First,119,43,0.361344537815126,3288.75,27.636554621848735,65.4,True,52.44503151260504,Medium
CUST05807,Price_Sensitive,122,42,0.3442622950819672,2839.27,23.272704918032787,65.9,True,52.44299180327869,Medium
CUST04488,Routine_Commuter,130,38,0.2923076923076923,3350.64,25.774153846153844,68.0,False,52.441057692307695,Medium
CUST06125,Price_Sensitive,118,44,0.3728813559322034,2590.34,21.95203389830509,64.6,True,52.43275423728814,Medium
CUST02764,Convenience_First,130,42,0.3230769230769231,2886.07,22.200538461538464,64.9,True,52.431826923076926,Medium
CUST00650,Routine_Commuter,123,41,0.3333333333333333,3497.35,28.433739837398377,66.5,True,52.43083333333334,Medium
CUST02462,Routine_Commuter,132,37,0.2803030303030303,3947.7,29.90681818181818,68.5,False,52.42837121212121,Medium
CUST03209,Routine_Commuter,105,53,0.5047619047619047,1468.07,13.981619047619049,57.2,False,52.42297619047619,Medium
CUST03529,Routine_Commuter,130,40,0.3076923076923077,2327.81,17.90623076923077,66.4,True,52.41644230769231,Medium
CUST02931,Price_Sensitive,140,37,0.2642857142857143,2881.37,20.581214285714285,67.8,False,52.41517857142858,Medium
CUST05276,Routine_Commuter,129,39,0.3023255813953488,3009.14,23.326666666666664,67.3,True,52.411773255813955,Medium
CUST07869,Routine_Commuter,118,47,0.3983050847457627,3079.73,26.099406779661017,62.0,True,52.40970338983051,Medium
CUST05692,Routine_Commuter,143,34,0.2377622377622377,3300.89,23.083146853146857,69.6,False,52.40673951048951,Medium
CUST06296,Routine_Commuter,121,46,0.3801652892561983,4060.19,33.55528925619835,62.7,True,52.40536157024793,Medium
CUST06119,Routine_Commuter,120,45,0.375,2571.32,21.427666666666667,63.6,True,52.405,Medium
CUST02967,Routine_Commuter,133,36,0.2706766917293233,2550.54,19.17699248120301,69.1,False,52.403317669172935,Medium
CUST05933,Routine_Commuter,122,42,0.3442622950819672,2379.75,19.506147540983605,65.8,True,52.40299180327869,Medium
CUST01629,Routine_Commuter,137,35,0.2554744525547445,3246.6,23.697810218978105,69.4,False,52.39897810218979,Medium
CUST05309,Routine_Commuter,128,44,0.34375,3260.64,25.47375,63.5,True,52.39875000000001,Medium
CUST01747,Routine_Commuter,119,45,0.3781512605042016,2522.58,21.1981512605042,63.6,True,52.397300420168065,Medium
CUST03220,Routine_Commuter,134,43,0.3208955223880597,1977.43,14.756940298507462,63.7,True,52.39332089552239,Medium
CUST00100,Routine_Commuter,125,39,0.312,2450.81,19.60648,67.7,True,52.38875,Medium
CUST05853,Routine_Commuter,133,41,0.3082706766917293,2245.94,16.886766917293233,65.3,True,52.387077067669175,Medium
CUST00460,Routine_Commuter,123,40,0.3252032520325203,3157.0,25.666666666666668,67.2,True,52.38563008130082,Medium
CUST03516,Routine_Commuter,126,39,0.3095238095238095,2910.65,23.100396825396825,67.6,True,52.38345238095238,Medium
CUST02522,Price_Sensitive,129,38,0.2945736434108527,3138.11,24.32643410852713,68.0,False,52.38169573643411,Medium
CUST06709,Routine_Commuter,128,41,0.3203125,3055.42,23.87046875,65.8,True,52.38125,Medium
CUST07818,Convenience_First,127,39,0.3070866141732283,3932.04,30.960944881889763,67.5,True,52.38096456692914,Medium
CUST03493,Routine_Commuter,127,39,0.3070866141732283,3815.79,30.045590551181103,67.5,True,52.38096456692914,Medium
CUST07575,Routine_Commuter,123,38,0.3089430894308943,2458.7,19.989430894308946,68.8,True,52.37522357723577,Medium
CUST07671,Routine_Commuter,127,41,0.3228346456692913,3252.76,25.612283464566932,65.9,True,52.370885826771655,Medium
CUST06770,Price_Sensitive,124,39,0.314516129032258,2480.34,20.002741935483872,67.8,True,52.36814516129033,Medium
CUST04000,Routine_Commuter,133,42,0.3157894736842105,2319.2,17.437593984962405,64.5,True,52.36782894736842,Medium
CUST07992,Price_Sensitive,136,33,0.2426470588235294,4956.87,36.44757352941176,70.9,False,52.36338235294118,Medium
CUST04644,Routine_Commuter,135,40,0.2962962962962963,4218.73,31.249851851851847,65.8,False,52.36185185185185,Medium
CUST02056,Routine_Commuter,129,40,0.3100775193798449,4067.52,31.531162790697675,66.4,True,52.3618507751938,Medium
CUST05306,Routine_Commuter,138,32,0.2318840579710145,3495.95,25.332971014492752,71.4,False,52.35786231884058,Medium
CUST01583,Price_Sensitive,127,44,0.3464566929133858,2107.37,16.593464566929132,63.5,True,52.35576771653544,Medium
CUST00131,Routine_Commuter,136,38,0.2794117647058823,3422.91,25.16845588235294,67.2,False,52.3539705882353,Medium
CUST03922,Routine_Commuter,130,42,0.3230769230769231,3677.25,28.286538461538463,64.7,True,52.35182692307693,Medium
CUST01751,Routine_Commuter,126,36,0.2857142857142857,2474.41,19.6381746031746,69.9,False,52.35107142857143,Medium
CUST01496,Routine_Commuter,125,38,0.304,3040.94,24.32752,68.4,True,52.34875,Medium
CUST00835,Price_Sensitive,125,38,0.304,1955.56,15.64448,68.4,True,52.34875,Medium
CUST01349,Convenience_First,125,42,0.336,3243.66,25.94928,65.2,True,52.34875,Medium
CUST02071,Routine_Commuter,130,36,0.2769230769230769,2623.08,20.17753846153846,69.3,False,52.34567307692308,Medium
CUST01839,Routine_Commuter,130,36,0.2769230769230769,3381.14,26.00876923076923,69.3,False,52.34567307692308,Medium
CUST00437,Routine_Commuter,130,36,0.2769230769230769,3414.25,26.263461538461534,69.3,False,52.34567307692308,Medium
CUST06854,Convenience_First,129,38,0.2945736434108527,4568.22,35.41255813953489,67.9,False,52.34169573643411,Medium
CUST03473,Routine_Commuter,128,41,0.3203125,3557.16,27.7903125,65.7,True,52.34125,Medium
CUST04014,Routine_Commuter,128,41,0.3203125,2924.63,22.848671875,65.7,True,52.34125,Medium
CUST05810,Convenience_First,124,44,0.3548387096774194,2327.77,18.77233870967742,63.7,True,52.341048387096784,Medium
CUST06298,Routine_Commuter,128,36,0.28125,2698.86,21.08484375,69.6,False,52.338750000000005,Medium
CUST07059,Routine_Commuter,124,43,0.3467741935483871,4310.72,34.76387096774194,64.5,True,52.33846774193549,Medium
CUST01288,Routine_Commuter,123,46,0.3739837398373983,4354.39,35.40154471544716,62.2,True,52.33684959349594,Medium
CUST01047,Routine_Commuter,130,40,0.3076923076923077,2397.37,18.441307692307692,66.2,True,52.33644230769231,Medium
CUST05825,Price_Sensitive,124,41,0.3306451612903225,3097.28,24.97806451612903,66.1,True,52.3333064516129,Medium
CUST02183,Routine_Commuter,132,38,0.2878787878787879,2061.93,15.620681818181817,67.5,False,52.33140151515152,Medium
CUST02627,Routine_Commuter,127,41,0.3228346456692913,3122.03,24.582913385826775,65.8,True,52.33088582677165,Medium
CUST01114,Routine_Commuter,127,42,0.3307086614173228,2681.81,21.116614173228346,65.0,True,52.325846456692915,Medium
CUST03394,Routine_Commuter,134,35,0.2611940298507462,3689.2,27.53134328358209,69.5,False,52.32526119402985,Medium
CUST00724,Routine_Commuter,127,35,0.2755905511811024,3583.37,28.21551181102362,70.5,False,52.3211220472441,Medium
CUST04521,Price_Sensitive,140,33,0.2357142857142857,3922.93,28.02092857142857,70.4,False,52.31232142857144,Medium
CUST01375,Routine_Commuter,128,40,0.3125,4053.7,31.66953125,66.4,True,52.30875,Medium
CUST06509,Routine_Commuter,133,37,0.2781954887218045,2327.5,17.5,68.1,False,52.30406954887218,Medium
CUST04841,Routine_Commuter,124,45,0.3629032258064516,2566.13,20.69459677419355,62.8,True,52.30362903225807,Medium
CUST02312,Price_Sensitive,121,40,0.3305785123966942,3237.77,26.75842975206611,67.4,True,52.301890495867774,Medium
CUST07257,Routine_Commuter,127,39,0.3070866141732283,1625.1,12.796062992125984,67.3,True,52.30096456692914,Medium
CUST07092,Routine_Commuter,126,40,0.3174603174603174,3717.01,29.50007936507936,66.6,True,52.300912698412695,Medium
CUST00542,Routine_Commuter,139,36,0.2589928057553957,2762.11,19.871294964028777,68.3,False,52.299712230215825,Medium
CUST05830,Routine_Commuter,122,44,0.360655737704918,3079.83,25.24450819672131,63.9,True,52.29872950819672,Medium
CUST06139,Routine_Commuter,124,43,0.3467741935483871,3576.26,28.840806451612902,64.4,True,52.2984677419355,Medium
CUST03212,Routine_Commuter,140,37,0.2642857142857143,2526.87,18.049071428571427,67.5,False,52.29517857142857,Medium
CUST05363,Routine_Commuter,145,30,0.2068965517241379,3760.16,25.93213793103448,71.9,False,52.290862068965524,Medium
CUST04259,Routine_Commuter,133,36,0.2706766917293233,3660.38,27.52165413533835,68.8,False,52.28331766917293,Medium
CUST00398,Routine_Commuter,144,34,0.2361111111111111,4264.1,29.61180555555556,69.2,False,52.28194444444445,Medium
CUST00473,Price_Sensitive,123,43,0.3495934959349593,2108.49,17.142195121951218,64.5,True,52.281239837398374,Medium
CUST02373,Routine_Commuter,135,35,0.2592592592592592,2538.15,18.801111111111112,69.3,False,52.28037037037036,Medium
CUST05827,Routine_Commuter,133,32,0.2406015037593984,3285.02,24.6993984962406,71.8,False,52.28031015037594,Medium
CUST05145,Routine_Commuter,117,44,0.376068376068376,2981.77,25.485213675213675,64.3,True,52.27523504273504,Medium
CUST01833,Routine_Commuter,131,37,0.2824427480916031,3069.58,23.431908396946564,68.2,False,52.272709923664124,Medium
CUST07567,Routine_Commuter,127,37,0.2913385826771653,3797.58,29.902204724409447,68.8,False,52.271043307086615,Medium
CUST01844,Price_Sensitive,128,35,0.2734375,3429.46,26.79265625,70.2,False,52.26625,Medium
CUST00092,Price_Sensitive,127,38,0.2992125984251969,1536.49,12.098346456692914,68.0,False,52.26600393700788,Medium
CUST02602,Routine_Commuter,121,44,0.3636363636363636,2771.91,22.908347107438015,64.0,True,52.26420454545455,Medium
CUST02804,Routine_Commuter,129,38,0.2945736434108527,3980.3,30.85503875968993,67.7,False,52.26169573643411,Medium
CUST06264,Routine_Commuter,130,40,0.3076923076923077,1899.98,14.61523076923077,66.0,True,52.25644230769231,Medium
CUST00988,Convenience_First,127,40,0.3149606299212598,3855.81,30.360708661417323,66.4,True,52.2559251968504,Medium
CUST01935,Price_Sensitive,124,42,0.3387096774193548,3080.6,24.843548387096774,65.1,True,52.255887096774195,Medium
CUST01021,Price_Sensitive,123,38,0.3089430894308943,3154.66,25.64764227642276,68.5,True,52.25522357723578,Medium
CUST06384,Routine_Commuter,136,31,0.2279411764705882,4459.61,32.79125,72.1,False,52.255147058823525,Medium
CUST01236,Price_Sensitive,124,39,0.314516129032258,2016.52,16.26225806451613,67.5,True,52.248145161290324,Medium
CUST07958,Price_Sensitive,122,42,0.3442622950819672,1372.54,11.25032786885246,65.4,True,52.24299180327869,Medium
CUST03680,Routine_Commuter,131,34,0.2595419847328244,2665.92,20.35053435114504,70.4,False,52.23667938931298,Medium
CUST03945,Price_Sensitive,125,38,0.304,2543.46,20.34768,68.1,True,52.22875,Medium
CUST03081,Routine_Commuter,125,43,0.344,3262.43,26.09944,64.1,True,52.22875,Medium
CUST06912,Routine_Commuter,127,38,0.2992125984251969,3453.58,27.193543307086617,67.9,False,52.226003937007874,Medium
CUST06855,Routine_Commuter,124,45,0.3629032258064516,2980.7,24.03790322580645,62.6,True,52.223629032258074,Medium
CUST03893,Routine_Commuter,141,39,0.2765957446808511,3113.86,22.084113475177308,65.8,False,52.22132978723404,Medium
CUST06886,Convenience_First,119,44,0.3697478991596639,2525.99,21.226806722689073,64.0,True,52.221165966386565,Medium
CUST00999,Routine_Commuter,127,39,0.3070866141732283,4664.51,36.728425196850395,67.1,True,52.220964566929126,Medium
CUST02437,Price_Sensitive,132,40,0.303030303030303,4342.73,32.899469696969696,65.7,True,52.21746212121212,Medium
CUST07920,Price_Sensitive,123,38,0.3089430894308943,2843.13,23.11487804878049,68.4,True,52.215223577235776,Medium
CUST06118,Convenience_First,127,41,0.3228346456692913,3773.37,29.71157480314961,65.5,True,52.21088582677166,Medium
CUST06026,Routine_Commuter,124,40,0.3225806451612903,4814.49,38.82653225806452,66.6,True,52.21072580645162,Medium
CUST05776,Price_Sensitive,124,39,0.314516129032258,2032.4,16.39032258064516,67.4,True,52.20814516129033,Medium
CUST01166,Routine_Commuter,123,44,0.3577235772357723,1791.93,14.568536585365852,63.5,True,52.2064430894309,Medium
CUST07272,Routine_Commuter,127,42,0.3307086614173228,4201.01,33.078818897637795,64.7,True,52.20584645669291,Medium
CUST00889,Routine_Commuter,120,42,0.35,4241.74,35.347833333333334,65.6,True,52.205,Medium
CUST00964,Routine_Commuter,121,42,0.3471074380165289,3306.01,27.322396694214877,65.5,True,52.20304752066116,Medium
CUST06931,Routine_Commuter,133,34,0.2556390977443609,3621.91,27.232406015037594,70.1,False,52.20181390977444,Medium
CUST02392,Price_Sensitive,133,34,0.2556390977443609,3956.9,29.751127819548874,70.1,False,52.20181390977444,Medium
CUST07977,Routine_Commuter,130,38,0.2923076923076923,2949.5299999999997,22.688692307692307,67.4,False,52.2010576923077,Medium
CUST07923,Routine_Commuter,128,39,0.3046875,3250.03,25.390859375,66.9,True,52.196250000000006,Medium
CUST03368,Convenience_First,122,41,0.3360655737704918,2730.0,22.37704918032787,66.1,True,52.195122950819666,Medium
CUST04811,Routine_Commuter,129,41,0.3178294573643411,3640.22,28.21875968992248,65.2,True,52.19192829457365,Medium
CUST03103,Routine_Commuter,137,34,0.2481751824817518,3433.15,25.059489051094893,69.6,False,52.18700729927008,Medium
CUST01171,Price_Sensitive,129,42,0.3255813953488372,2161.14,16.753023255813954,64.4,True,52.18200581395349,Medium
CUST04711,Routine_Commuter,117,47,0.4017094017094017,1962.97,16.777521367521366,61.5,True,52.18087606837607,Medium
CUST00548,Routine_Commuter,113,47,0.415929203539823,3375.96,29.87575221238938,61.7,True,52.17841814159292,Medium
CUST05358,Price_Sensitive,114,47,0.4122807017543859,2556.08,22.421754385964913,61.6,True,52.17747807017544,Medium
CUST02283,Routine_Commuter,135,36,0.2666666666666666,3156.84,23.384,68.3,False,52.17666666666666,Medium
CUST02723,Routine_Commuter,119,41,0.3445378151260504,2315.85,19.460924369747897,66.4,True,52.172762605042024,Medium
CUST01475,Price_Sensitive,118,47,0.3983050847457627,1907.83,16.168050847457625,61.4,True,52.16970338983051,Medium
CUST03941,Routine_Commuter,135,33,0.2444444444444444,2873.43,21.284666666666663,70.5,False,52.167777777777786,Medium
CUST04456,Price_Sensitive,134,35,0.2611940298507462,3126.24,23.330149253731346,69.1,False,52.16526119402985,Medium
CUST06475,Routine_Commuter,120,42,0.35,3684.42,30.7035,65.5,True,52.165000000000006,Medium
CUST04171,Routine_Commuter,119,38,0.3193277310924369,2245.62,18.87075630252101,68.9,True,52.164359243697476,Medium
CUST01631,Routine_Commuter,122,42,0.3442622950819672,2947.35,24.15860655737705,65.2,True,52.162991803278686,Medium
CUST00736,Price_Sensitive,135,30,0.2222222222222222,4212.37,31.20274074074074,72.7,False,52.158888888888896,Medium
CUST05663,Routine_Commuter,128,39,0.3046875,4813.84,37.608125,66.8,True,52.15625,Medium
CUST05525,Price_Sensitive,116,40,0.3448275862068966,2351.83,20.274396551724134,67.5,True,52.153103448275864,Medium
CUST06617,Routine_Commuter,123,41,0.3333333333333333,2503.1,20.35040650406504,65.8,True,52.15083333333334,Medium
CUST06961,Price_Sensitive,125,42,0.336,2532.65,20.2612,64.7,True,52.14875000000001,Medium
CUST01261,Routine_Commuter,139,32,0.2302158273381295,3207.86,23.07812949640288,70.8,False,52.14863309352518,Medium
CUST05326,Routine_Commuter,122,40,0.3278688524590163,3889.56,31.881639344262293,66.8,True,52.14725409836065,Medium
CUST04060,Routine_Commuter,135,34,0.2518518518518518,4132.4800000000005,30.610962962962965,69.7,False,52.144074074074084,Medium
CUST03178,Routine_Commuter,133,37,0.2781954887218045,3538.22,26.60315789473684,67.7,False,52.14406954887218,Medium
CUST05835,Price_Sensitive,121,36,0.2975206611570248,1456.97,12.04107438016529,70.3,False,52.13957644628099,Medium
CUST01544,Price_Sensitive,122,39,0.319672131147541,3323.04,27.238032786885245,67.6,True,52.13938524590164,Medium
CUST03012,Routine_Commuter,126,41,0.3253968253968254,3558.64,28.2431746031746,65.4,True,52.13837301587302,Medium
CUST07569,Routine_Commuter,115,42,0.3652173913043478,1900.64,16.52730434782609,65.8,True,52.13619565217391,Medium
CUST04771,Price_Sensitive,123,38,0.3089430894308943,2073.76,16.859837398373987,68.2,True,52.13522357723578,Medium
CUST04900,Routine_Commuter,124,40,0.3225806451612903,2340.13,18.872016129032257,66.4,True,52.13072580645162,Medium
CUST07916,Price_Sensitive,130,34,0.2615384615384615,3066.93,23.59176923076923,70.3,False,52.130288461538456,Medium
CUST00977,Price_Sensitive,116,39,0.3362068965517241,2154.2,18.570689655172412,68.3,True,52.12827586206896,Medium
CUST07295,Routine_Commuter,128,38,0.296875,3763.79,29.404609375,67.5,False,52.12375,Medium
CUST02695,Price_Sensitive,128,33,0.2578125,2427.53,18.965078125,71.4,False,52.12125,Medium
CUST03944,Convenience_First,118,44,0.3728813559322034,2593.11,21.975508474576273,63.8,True,52.11275423728814,Medium
CUST05834,Routine_Commuter,129,37,0.2868217054263566,2540.04,19.690232558139535,68.1,False,52.111618217054264,Medium
CUST04685,Price_Sensitive,125,40,0.32,3018.76,24.150080000000003,66.2,True,52.10875,Medium
CUST06902,Routine_Commuter,125,39,0.312,4209.9,33.679199999999994,67.0,True,52.10875,Medium
CUST04805,Routine_Commuter,138,31,0.2246376811594203,2725.23,19.74804347826087,71.5,False,52.108007246376815,Medium
CUST06560,Routine_Commuter,124,43,0.3467741935483871,2560.18,20.646612903225805,63.9,True,52.098467741935494,Medium
CUST05728,Routine_Commuter,124,41,0.3306451612903225,2821.64,22.75516129032258,65.5,True,52.093306451612904,Medium
CUST05384,Routine_Commuter,131,33,0.2519083969465648,1769.63,13.508625954198472,70.8,False,52.0913358778626,Medium
CUST05251,Routine_Commuter,124,39,0.314516129032258,2462.11,19.855725806451613,67.1,True,52.08814516129033,Medium
CUST01818,Routine_Commuter,127,42,0.3307086614173228,5654.73,44.525433070866136,64.4,True,52.08584645669292,Medium
CUST00777,Routine_Commuter,134,35,0.2611940298507462,3715.92,27.730746268656716,68.9,False,52.085261194029854,Medium
CUST00622,Routine_Commuter,133,38,0.2857142857142857,2595.18,19.512631578947367,66.8,False,52.08482142857143,Medium
CUST03644,Routine_Commuter,128,38,0.296875,1733.72,13.5446875,67.4,False,52.08375000000001,Medium
CUST06303,Routine_Commuter,129,40,0.3100775193798449,3455.1,26.78372093023256,65.7,True,52.0818507751938,Medium
CUST01302,Routine_Commuter,117,44,0.376068376068376,3579.62,30.595042735042735,63.8,True,52.075235042735045,Medium
CUST01113,Routine_Commuter,121,41,0.3388429752066115,3496.02,28.89272727272727,66.0,True,52.07246900826446,Medium
CUST01052,Routine_Commuter,117,42,0.358974358974359,3198.63,27.33871794871795,65.5,True,52.07147435897436,Medium
CUST07307,Convenience_First,128,40,0.3125,2812.67,21.973984375,65.8,True,52.06875,Medium
CUST07874,Routine_Commuter,133,41,0.3082706766917293,3928.64,29.538646616541353,64.5,True,52.067077067669175,Medium
CUST02943,Routine_Commuter,124,45,0.3629032258064516,3407.97,27.48362903225806,62.2,True,52.06362903225807,Medium
CUST07506,Routine_Commuter,128,41,0.3203125,1524.29,11.908515625,65.0,True,52.06125,Medium
CUST06242,Routine_Commuter,123,39,0.3170731707317073,2691.31,21.880569105691055,67.2,True,52.060426829268295,Medium
CUST01149,Routine_Commuter,129,39,0.3023255813953488,3732.56,28.934573643410857,66.4,True,52.051773255813956,Medium
CUST03474,Routine_Commuter,118,45,0.3813559322033898,2303.99,19.525338983050844,62.8,True,52.0517372881356,Medium
CUST07305,Routine_Commuter,122,43,0.3524590163934426,3063.55,25.111065573770492,64.1,True,52.05086065573771,Medium
CUST00832,Routine_Commuter,136,36,0.2647058823529412,4187.95,30.79375,67.9,False,52.04573529411765,Medium
CUST04773,Routine_Commuter,140,35,0.25,3529.98,25.214142857142857,68.3,False,52.04375,Medium
CUST00995,Price_Sensitive,121,42,0.3471074380165289,2727.7,22.54297520661157,65.1,True,52.043047520661155,Medium
CUST01295,Routine_Commuter,121,42,0.3471074380165289,2246.39,18.565206611570247,65.1,True,52.043047520661155,Medium
CUST04199,Routine_Commuter,123,43,0.3495934959349593,5103.13,41.48886178861789,63.9,True,52.04123983739838,Medium
CUST03238,Price_Sensitive,134,30,0.2238805970149253,3605.53,26.906940298507465,72.5,False,52.03272388059701,Medium
CUST02431,Routine_Commuter,125,38,0.304,2632.2,21.057599999999997,67.6,True,52.02875,Medium
CUST05208,Routine_Commuter,122,40,0.3278688524590163,1789.1,14.664754098360657,66.5,True,52.02725409836066,Medium
CUST04092,Price_Sensitive,123,40,0.3252032520325203,2403.7,19.542276422764225,66.3,True,52.02563008130082,Medium
CUST00806,Price_Sensitive,123,39,0.3170731707317073,2578.08,20.96,67.1,True,52.020426829268295,Medium
CUST02830,Price_Sensitive,128,36,0.28125,1614.74,12.61515625,68.8,False,52.01875,Medium
CUST01599,Convenience_First,120,39,0.325,3392.59,28.271583333333336,67.6,True,52.004999999999995,Medium
CUST01576,Price_Sensitive,122,42,0.3442622950819672,2987.68,24.48918032786885,64.8,True,52.00299180327869,Medium
CUST01568,Routine_Commuter,113,44,0.3893805309734513,2995.63,26.51,63.9,True,51.99647123893806,Medium
CUST01527,Price_Sensitive,130,32,0.2461538461538461,2879.99,22.153769230769228,71.5,False,51.994903846153846,Medium
CUST00599,Price_Sensitive,129,37,0.2868217054263566,3275.74,25.393333333333334,67.8,False,51.99161821705427,Medium
CUST04451,Price_Sensitive,117,42,0.358974358974359,2247.87,19.2125641025641,65.3,True,51.991474358974365,Medium
CUST06373,Price_Sensitive,127,38,0.2992125984251969,2535.21,19.96228346456693,67.3,False,51.98600393700788,Medium
CUST02708,Routine_Commuter,129,38,0.2945736434108527,2853.89,22.12317829457364,67.0,False,51.98169573643411,Medium
CUST06843,Routine_Commuter,122,39,0.319672131147541,3309.43,27.126475409836065,67.2,True,51.979385245901646,Medium
CUST05345,Routine_Commuter,122,39,0.319672131147541,2464.06,20.1972131147541,67.2,True,51.979385245901646,Medium
CUST06109,Routine_Commuter,122,44,0.360655737704918,3277.59,26.86549180327869,63.1,True,51.97872950819672,Medium
CUST01370,Routine_Commuter,124,43,0.3467741935483871,2370.28,19.115161290322582,63.6,True,51.97846774193549,Medium
CUST02880,Routine_Commuter,105,47,0.4476190476190476,2440.04,23.23847619047619,61.8,True,51.9772619047619,Medium
CUST07888,Routine_Commuter,121,43,0.3553719008264462,2616.72,21.625785123966946,64.1,True,51.97362603305785,Medium
CUST05898,Routine_Commuter,120,42,0.35,4147.63,34.563583333333334,65.0,True,51.965,Medium
CUST06512,Routine_Commuter,123,36,0.2926829268292683,3093.59,25.151138211382115,69.4,False,51.964817073170735,Medium
CUST02197,Price_Sensitive,128,38,0.296875,2212.94,17.28859375,67.1,False,51.963750000000005,Medium
CUST00447,Routine_Commuter,129,44,0.3410852713178294,3261.13,25.280077519379844,62.3,True,51.962160852713176,Medium
CUST04602,Routine_Commuter,130,35,0.2692307692307692,3180.08,24.462153846153846,69.1,False,51.95798076923077,Medium
CUST03149,Routine_Commuter,138,32,0.2318840579710145,4145.46,30.039565217391303,70.4,False,51.95786231884058,Medium
CUST04691,Price_Sensitive,116,45,0.3879310344827586,3110.57,26.815258620689654,62.7,True,51.95724137931035,Medium
CUST06522,Price_Sensitive,122,36,0.2950819672131147,2516.94,20.63065573770492,69.6,False,51.95577868852459,Medium
CUST01225,Routine_Commuter,131,37,0.2824427480916031,2254.18,17.207480916030534,67.4,False,51.95270992366413,Medium
CUST03165,Routine_Commuter,127,37,0.2913385826771653,4150.2,32.67874015748031,68.0,False,51.95104330708661,Medium
CUST07232,Price_Sensitive,125,40,0.32,3842.97,30.74376,65.8,True,51.948750000000004,Medium
CUST06837,Routine_Commuter,125,37,0.296,2119.29,16.95432,68.2,False,51.948750000000004,Medium
CUST00221,Routine_Commuter,116,43,0.3706896551724138,1168.55,10.073706896551723,64.4,True,51.94758620689656,Medium
CUST07626,Price_Sensitive,127,38,0.2992125984251969,2311.1,18.19763779527559,67.2,False,51.94600393700787,Medium
CUST02928,Price_Sensitive,123,40,0.3252032520325203,3123.28,25.392520325203257,66.1,True,51.94563008130081,Medium
CUST03641,Routine_Commuter,120,40,0.3333333333333333,3162.47,26.353916666666667,66.6,True,51.93833333333333,Medium
CUST03307,Routine_Commuter,120,43,0.3583333333333333,2241.28,18.677333333333333,64.1,True,51.93833333333333,Medium
CUST02349,Routine_Commuter,119,41,0.3445378151260504,2341.51,19.67655462184874,65.8,True,51.932762605042015,Medium
CUST00576,Routine_Commuter,121,39,0.3223140495867768,3822.33,31.589504132231404,67.3,True,51.93131198347107,Medium
CUST05648,Price_Sensitive,128,37,0.2890625,1598.73,12.490078125,67.8,False,51.931250000000006,Medium
CUST07485,Routine_Commuter,127,41,0.3228346456692913,3356.35,26.427952755905512,64.8,True,51.93088582677166,Medium
CUST01268,Routine_Commuter,138,37,0.2681159420289855,2621.26,18.994637681159418,66.7,False,51.92713768115942,Medium
CUST03430,Routine_Commuter,124,38,0.3064516129032258,4665.5,37.625,67.5,True,51.925564516129036,Medium
CUST06599,Price_Sensitive,124,37,0.2983870967741935,3471.18,27.993387096774192,68.3,False,51.92298387096775,Medium
CUST00598,Routine_Commuter,133,32,0.2406015037593984,2235.29,16.80669172932331,70.9,False,51.92031015037594,Medium
CUST07668,Price_Sensitive,128,34,0.265625,2605.93,20.358828125,70.1,False,51.91375,Medium
CUST05664,Convenience_First,120,44,0.3666666666666666,3283.68,27.363999999999997,63.2,True,51.91166666666666,Medium
CUST03609,Routine_Commuter,125,41,0.328,2852.85,22.8228,64.9,True,51.908750000000005,Medium
CUST06198,Price_Sensitive,131,40,0.3053435114503817,3030.67,23.134885496183205,65.0,True,51.90874045801527,Medium
CUST04748,Price_Sensitive,122,40,0.3278688524590163,1542.79,12.645819672131148,66.2,True,51.90725409836065,Medium
CUST02828,Routine_Commuter,124,46,0.3709677419354839,3293.14,26.557580645161288,61.0,True,51.90620967741936,Medium
CUST06003,Routine_Commuter,121,44,0.3636363636363636,2996.01,24.760413223140493,63.1,True,51.90420454545455,Medium
CUST04642,Routine_Commuter,130,33,0.2538461538461538,2889.26,22.225076923076927,70.5,False,51.90259615384616,Medium
CUST04296,Routine_Commuter,116,46,0.396551724137931,2671.94,23.03396551724138,61.7,True,51.902068965517245,Medium
CUST05485,Routine_Commuter,122,44,0.360655737704918,2458.66,20.15295081967213,62.9,True,51.89872950819672,Medium
CUST03659,Routine_Commuter,136,34,0.25,2363.91,17.381691176470586,69.0,False,51.8975,Medium
CUST05811,Routine_Commuter,121,43,0.3553719008264462,1305.25,10.787190082644628,63.9,True,51.89362603305785,Medium
CUST07051,Price_Sensitive,129,31,0.2403100775193798,4130.45,32.01899224806201,72.2,False,51.89115310077519,Medium
CUST01032,Price_Sensitive,117,39,0.3333333333333333,3202.51,27.371880341880345,67.6,True,51.88583333333334,Medium
CUST03376,Price_Sensitive,132,36,0.2727272727272727,2489.69,18.86128787878788,67.9,False,51.885340909090914,Medium
CUST04118,Price_Sensitive,120,39,0.325,2580.02,21.500166666666665,67.3,True,51.885000000000005,Medium
CUST07686,Routine_Commuter,133,34,0.2556390977443609,3685.28,27.70887218045113,69.3,False,51.881813909774436,Medium
CUST02073,Routine_Commuter,130,38,0.2923076923076923,4051.96,31.16892307692308,66.6,False,51.88105769230769,Medium
CUST00654,Price_Sensitive,133,32,0.2406015037593984,1830.62,13.76406015037594,70.8,False,51.88031015037594,Medium
CUST00682,Price_Sensitive,133,28,0.2105263157894736,2951.87,22.19451127819549,73.8,False,51.87730263157894,Medium
CUST07876,Price_Sensitive,123,41,0.3333333333333333,3249.9,26.421951219512195,65.1,True,51.87083333333334,Medium
CUST01168,Price_Sensitive,121,37,0.3057851239669421,2941.67,24.311322314049587,68.8,True,51.87015495867768,Medium
CUST01159,Price_Sensitive,119,42,0.3529411764705882,2848.51,23.937058823529412,64.8,True,51.868897058823535,Medium
CUST02990,Price_Sensitive,125,38,0.304,2515.62,20.12496,67.2,True,51.868750000000006,Medium
CUST03588,Routine_Commuter,123,40,0.3252032520325203,2969.59,24.143008130081306,65.9,True,51.86563008130082,Medium
CUST07913,Price_Sensitive,121,44,0.3636363636363636,2364.49,19.541239669421486,63.0,True,51.86420454545455,Medium
CUST07422,Routine_Commuter,121,44,0.3636363636363636,1857.81,15.353801652892562,63.0,True,51.86420454545455,Medium
CUST01577,Routine_Commuter,122,39,0.319672131147541,2034.75,16.67827868852459,66.9,True,51.85938524590165,Medium
CUST01200,Routine_Commuter,124,41,0.3306451612903225,3214.42,25.92274193548387,64.9,True,51.85330645161291,Medium
CUST00905,Price_Sensitive,136,36,0.2647058823529412,1940.25,14.266544117647058,67.4,False,51.84573529411765,Medium
CUST03714,Routine_Commuter,127,43,0.3385826771653543,2478.64,19.516850393700786,63.0,True,51.84080708661418,Medium
CUST06249,Routine_Commuter,131,31,0.2366412213740458,2346.89,17.915190839694656,71.7,False,51.840648854961835,Medium
CUST02334,Routine_Commuter,123,42,0.3414634146341463,2133.25,17.34349593495935,64.2,True,51.83603658536586,Medium
CUST06238,Price_Sensitive,122,41,0.3360655737704918,2653.98,21.75393442622951,65.2,True,51.835122950819674,Medium
CUST01357,Price_Sensitive,128,34,0.265625,3874.15,30.266796875,69.9,False,51.83375000000001,Medium
CUST02520,Routine_Commuter,120,38,0.3166666666666666,3318.93,27.65775,68.0,True,51.83166666666666,Medium
CUST07556,Price_Sensitive,117,42,0.358974358974359,914.63,7.817350427350427,64.9,True,51.83147435897437,Medium
CUST06819,Routine_Commuter,123,41,0.3333333333333333,2753.17,22.38349593495935,65.0,True,51.83083333333333,Medium
CUST04732,Routine_Commuter,125,37,0.296,2450.48,19.60384,67.9,False,51.82875,Medium
CUST00679,Routine_Commuter,122,35,0.2868852459016393,3464.71,28.399262295081968,70.1,False,51.82790983606557,Medium
CUST04502,Routine_Commuter,122,40,0.3278688524590163,2536.5,20.790983606557376,66.0,True,51.827254098360655,Medium
CUST04941,Routine_Commuter,121,44,0.3636363636363636,1722.58,14.236198347107438,62.9,True,51.82420454545454,Medium
CUST03280,Price_Sensitive,123,39,0.3170731707317073,2255.5,18.33739837398374,66.6,True,51.8204268292683,Medium
CUST05475,Routine_Commuter,127,40,0.3149606299212598,3362.08,26.473070866141732,65.3,True,51.81592519685039,Medium
CUST07994,Routine_Commuter,120,45,0.375,3268.59,27.23825,62.1,True,51.80500000000001,Medium
CUST03181,Routine_Commuter,123,36,0.2926829268292683,2889.96,23.49560975609756,69.0,False,51.80481707317074,Medium
CUST06390,Price_Sensitive,126,32,0.2539682539682539,2993.03,23.75420634920635,71.7,False,51.80123015873016,Medium
CUST06805,Convenience_First,127,35,0.2755905511811024,3184.71,25.076456692913386,69.2,False,51.80112204724409,Medium
CUST04646,Routine_Commuter,124,36,0.2903225806451613,4155.33,33.51072580645161,68.8,False,51.800403225806456,Medium
CUST05425,Routine_Commuter,130,35,0.2692307692307692,2122.95,16.330384615384613,68.7,False,51.797980769230776,Medium
CUST02798,Routine_Commuter,130,35,0.2692307692307692,4384.3,33.72538461538462,68.7,False,51.797980769230776,Medium
CUST05398,Routine_Commuter,119,45,0.3781512605042016,2179.35,18.313865546218487,62.1,True,51.79730042016807,Medium
CUST05446,Routine_Commuter,118,42,0.3559322033898305,3077.95,26.084322033898303,64.7,True,51.79478813559323,Medium
CUST00418,Routine_Commuter,127,37,0.2913385826771653,1897.01,14.937086614173229,67.6,False,51.79104330708661,Medium
CUST04985,Price_Sensitive,125,33,0.264,2777.45,22.2196,71.0,False,51.78875000000001,Medium
CUST02279,Price_Sensitive,125,34,0.272,3403.08,27.22464,70.2,False,51.78875000000001,Medium
CUST05679,Routine_Commuter,125,37,0.296,2739.36,21.91488,67.8,False,51.78875,Medium
CUST06727,Price_Sensitive,125,41,0.328,1872.14,14.97712,64.6,True,51.78875,Medium
CUST06956,Routine_Commuter,126,38,0.3015873015873015,3528.38,28.003015873015872,66.9,True,51.78599206349207,Medium
CUST01714,Routine_Commuter,133,31,0.2330827067669172,2518.01,18.932406015037596,71.3,False,51.77955827067669,Medium
CUST02802,Price_Sensitive,122,39,0.319672131147541,3720.65,30.497131147540983,66.7,True,51.77938524590164,Medium
CUST03417,Price_Sensitive,115,42,0.3652173913043478,3776.91,32.84269565217391,64.9,True,51.77619565217391,Medium
CUST01207,Price_Sensitive,115,42,0.3652173913043478,3635.67,31.614521739130435,64.9,True,51.77619565217391,Medium
CUST01373,Routine_Commuter,128,42,0.328125,2963.89,23.155390625,63.5,True,51.77375000000001,Medium
CUST06322,Routine_Commuter,119,41,0.3445378151260504,2850.31,23.95218487394958,65.4,True,51.77276260504202,Medium
CUST05707,Routine_Commuter,124,39,0.314516129032258,2935.84,23.676129032258064,66.3,True,51.76814516129032,Medium
CUST05809,Routine_Commuter,131,36,0.2748091603053435,3789.27,28.925725190839696,67.7,False,51.76736641221374,Medium
CUST04859,Convenience_First,115,43,0.3739130434782609,1975.4,17.177391304347825,64.0,True,51.76402173913044,Medium
CUST03907,Routine_Commuter,126,31,0.246031746031746,3012.4,23.90793650793651,72.4,False,51.76376984126984,Medium
CUST07781,Price_Sensitive,129,32,0.2480620155038759,1869.51,14.492325581395349,71.1,False,51.76123062015503,Medium
CUST05102,Routine_Commuter,130,35,0.2692307692307692,3312.85,25.483461538461537,68.6,False,51.75798076923077,Medium
CUST04145,Routine_Commuter,124,34,0.2741935483870967,1496.43,12.067983870967742,70.3,False,51.75524193548387,Medium
CUST04463,Routine_Commuter,123,34,0.2764227642276423,3071.53,24.97178861788618,70.5,False,51.7544105691057,Medium
CUST03682,Price_Sensitive,114,41,0.3596491228070175,1149.64,10.084561403508772,65.8,True,51.7522149122807,Medium
CUST01345,Price_Sensitive,129,37,0.2868217054263566,2327.55,18.043023255813956,67.2,False,51.751618217054265,Medium
CUST02744,Price_Sensitive,125,35,0.28,2283.11,18.26488,69.3,False,51.74875,Medium
CUST00854,Routine_Commuter,138,31,0.2246376811594203,3482.26,25.233768115942027,70.6,False,51.74800724637681,Medium
CUST01418,Routine_Commuter,133,37,0.2781954887218045,3744.99,28.15781954887218,66.7,False,51.74406954887218,Medium
CUST03884,Routine_Commuter,127,40,0.3149606299212598,2932.75,23.09251968503937,65.1,True,51.73592519685039,Medium
CUST04982,Price_Sensitive,115,43,0.3739130434782609,2731.48,23.752,63.9,True,51.724021739130436,Medium
CUST00143,Routine_Commuter,128,33,0.2578125,2289.02,17.88296875,70.4,False,51.721250000000005,Medium
CUST06170,Price_Sensitive,121,38,0.3140495867768595,3853.27,31.845206611570248,67.6,True,51.720733471074375,Medium
CUST05383,Price_Sensitive,126,34,0.2698412698412698,1936.52,15.36920634920635,69.9,False,51.7161507936508,Medium
CUST05652,Routine_Commuter,124,34,0.2741935483870967,3462.81,27.925887096774193,70.2,False,51.715241935483874,Medium
CUST06103,Price_Sensitive,124,33,0.2661290322580645,3941.36,31.78516129032258,71.0,False,51.712661290322586,Medium
CUST00478,Routine_Commuter,120,44,0.3666666666666666,3003.3,25.0275,62.7,True,51.71166666666667,Medium
CUST03658,Routine_Commuter,127,37,0.2913385826771653,3840.16,30.237480314960628,67.4,False,51.71104330708661,Medium
CUST02898,Convenience_First,117,40,0.3418803418803419,2650.77,22.656153846153845,66.3,True,51.70771367521368,Medium
CUST05347,Routine_Commuter,126,39,0.3095238095238095,2924.38,23.20936507936508,65.9,True,51.70345238095238,Medium
CUST01875,Routine_Commuter,128,36,0.28125,3608.74,28.19328125,68.0,False,51.698750000000004,Medium
CUST05506,Convenience_First,120,43,0.3583333333333333,2464.71,20.53925,63.5,True,51.69833333333334,Medium
CUST04126,Convenience_First,118,39,0.3305084745762712,2537.57,21.504830508474576,67.0,True,51.69783898305085,Medium
CUST05341,Routine_Commuter,123,38,0.3089430894308943,4157.32,33.79934959349593,67.1,True,51.69522357723578,Medium
CUST05593,Routine_Commuter,114,43,0.3771929824561403,3171.87,27.823421052631577,63.9,True,51.69396929824561,Medium
CUST03791,Convenience_First,117,43,0.3675213675213675,2579.18,22.0442735042735,63.7,True,51.693354700854705,Medium
CUST06060,Routine_Commuter,132,38,0.2878787878787879,2781.45,21.071590909090908,65.9,False,51.69140151515152,Medium
CUST05156,Routine_Commuter,123,37,0.3008130081300813,2046.93,16.64170731707317,67.9,True,51.690020325203264,Medium
CUST00107,Routine_Commuter,129,36,0.2790697674418604,2471.59,19.159612403100777,67.8,False,51.681540697674414,Medium
CUST02362,Price_Sensitive,122,36,0.2950819672131147,2367.41,19.405,68.9,False,51.67577868852459,Medium
CUST04274,Routine_Commuter,117,44,0.376068376068376,2526.14,21.59094017094017,62.8,True,51.675235042735046,Medium
CUST05274,Routine_Commuter,118,42,0.3559322033898305,3149.0,26.6864406779661,64.4,True,51.674788135593225,Medium
CUST07428,Price_Sensitive,132,32,0.2424242424242424,4578.22,34.68348484848485,70.4,False,51.6732196969697,Medium
CUST01531,Price_Sensitive,118,44,0.3728813559322034,2992.53,25.36042372881356,62.7,True,51.67275423728814,Medium
CUST06646,Price_Sensitive,134,32,0.2388059701492537,3275.35,24.442910447761193,70.1,False,51.66973880597015,Medium
CUST05120,Price_Sensitive,125,39,0.312,1883.55,15.0684,65.9,True,51.66875,Medium
CUST03958,Routine_Commuter,125,35,0.28,2761.25,22.09,69.1,False,51.66875,Medium
CUST03096,Routine_Commuter,125,35,0.28,3960.93,31.68744,69.1,False,51.66875,Medium
CUST05996,Routine_Commuter,116,43,0.3706896551724138,2537.0,21.870689655172413,63.7,True,51.66758620689656,Medium
CUST02996,Routine_Commuter,129,38,0.2945736434108527,3530.34,27.366976744186047,66.2,False,51.66169573643411,Medium
CUST03915,Price_Sensitive,122,39,0.319672131147541,1808.46,14.82344262295082,66.4,True,51.659385245901646,Medium
CUST03623,Routine_Commuter,124,42,0.3387096774193548,2942.71,23.731532258064515,63.6,True,51.655887096774194,Medium
CUST07643,Price_Sensitive,114,43,0.3771929824561403,2493.2,21.87017543859649,63.8,True,51.65396929824561,Medium
CUST01796,Routine_Commuter,129,39,0.3023255813953488,2293.16,17.77643410852713,65.4,True,51.65177325581396,Medium
CUST02474,Routine_Commuter,122,38,0.3114754098360656,2849.13,23.353524590163936,67.2,True,51.65151639344263,Medium
CUST00839,Price_Sensitive,122,38,0.3114754098360656,2486.52,20.38131147540983,67.2,True,51.65151639344263,Medium
CUST03295,Price_Sensitive,124,40,0.3225806451612903,3589.66,28.948870967741936,65.2,True,51.65072580645162,Medium
CUST05162,Routine_Commuter,117,41,0.3504273504273504,1845.36,15.772307692307692,65.3,True,51.64959401709402,Medium
CUST06246,Routine_Commuter,110,49,0.4454545454545454,2195.01,19.954636363636364,58.8,False,51.644431818181815,Medium
CUST01972,Routine_Commuter,117,37,0.3162393162393162,1839.84,15.725128205128204,68.7,True,51.642072649572654,Medium
CUST06120,Routine_Commuter,117,37,0.3162393162393162,3028.89,25.887948717948717,68.7,True,51.642072649572654,Medium
CUST05744,Price_Sensitive,127,36,0.2834645669291338,1864.92,14.6844094488189,68.0,False,51.63608267716535,Medium
CUST06760,Routine_Commuter,121,41,0.3388429752066115,2223.79,18.378429752066115,64.9,True,51.632469008264465,Medium
CUST02470,Routine_Commuter,120,41,0.3416666666666667,2254.27,18.78558333333333,65.0,True,51.63166666666666,Medium
CUST07981,Routine_Commuter,121,37,0.3057851239669421,3335.36,27.56495867768595,68.2,True,51.630154958677686,Medium
CUST00064,Routine_Commuter,119,42,0.3529411764705882,3265.2,27.438655462184872,64.2,True,51.628897058823526,Medium
CUST07155,Routine_Commuter,125,41,0.328,2707.27,21.65816,64.2,True,51.628750000000004,Medium
CUST04407,Routine_Commuter,126,37,0.2936507936507936,3327.09,26.405476190476193,67.3,False,51.62853174603175,Medium
CUST02896,Price_Sensitive,114,46,0.4035087719298245,2394.37,21.003245614035087,61.1,True,51.626600877192985,Medium
CUST07617,Routine_Commuter,123,47,0.3821138211382114,3812.4,30.995121951219513,59.6,False,51.62205284552846,Medium
CUST03045,Routine_Commuter,122,44,0.360655737704918,2968.1,24.328688524590163,62.2,True,51.61872950819672,Medium
CUST07243,Routine_Commuter,116,41,0.3534482758620689,3154.94,27.197758620689655,65.3,True,51.61793103448276,Medium
CUST06429,Routine_Commuter,131,41,0.3129770992366412,3789.92,28.930687022900763,63.5,True,51.614083969465646,Medium
CUST07054,Routine_Commuter,114,43,0.3771929824561403,1928.06,16.91280701754386,63.7,True,51.613969298245614,Medium
CUST06151,Routine_Commuter,118,45,0.3813559322033898,2901.57,24.58957627118644,61.7,True,51.6117372881356,Medium
CUST01676,Routine_Commuter,117,41,0.3504273504273504,2763.8,23.622222222222224,65.2,True,51.609594017094025,Medium
CUST04261,Price_Sensitive,120,42,0.35,2412.5,20.104166666666668,64.1,True,51.605000000000004,Medium
CUST04645,Routine_Commuter,123,36,0.2926829268292683,1852.26,15.059024390243902,68.5,False,51.604817073170736,Medium
CUST01325,Routine_Commuter,129,36,0.2790697674418604,3254.76,25.230697674418607,67.6,False,51.601540697674416,Medium
CUST06132,Routine_Commuter,118,38,0.3220338983050847,4079.05,34.56822033898305,67.6,True,51.59885593220339,Medium
CUST03746,Routine_Commuter,116,45,0.3879310344827586,1998.39,17.2275,61.8,True,51.59724137931035,Medium
CUST05598,Routine_Commuter,123,42,0.3414634146341463,2722.6,22.134959349593498,63.6,True,51.59603658536585,Medium
CUST05332,Routine_Commuter,123,34,0.2764227642276423,3317.58,26.97219512195122,70.1,False,51.59441056910569,Medium
CUST07476,Price_Sensitive,131,37,0.2824427480916031,3623.29,27.658702290076334,66.5,False,51.592709923664124,Medium
CUST03904,Routine_Commuter,126,36,0.2857142857142857,2268.5,18.003968253968253,68.0,False,51.59107142857143,Medium
CUST02982,Routine_Commuter,128,40,0.3125,2696.86,21.06921875,64.6,True,51.588750000000005,Medium
CUST00163,Routine_Commuter,115,41,0.3565217391304348,2352.18,20.45373913043478,65.3,True,51.58836956521739,Medium
CUST06983,Convenience_First,114,42,0.3684210526315789,2945.75,25.839912280701753,64.5,True,51.58309210526316,Medium
CUST05549,Routine_Commuter,121,40,0.3305785123966942,2407.62,19.897685950413223,65.6,True,51.58189049586777,Medium
CUST05526,Routine_Commuter,119,39,0.3277310924369748,2649.13,22.261596638655465,66.6,True,51.580493697478985,Medium
CUST06160,Price_Sensitive,118,41,0.3474576271186441,3773.73,31.980762711864408,65.0,True,51.57580508474577,Medium
CUST05281,Price_Sensitive,123,37,0.3008130081300813,2576.09,20.943821138211383,67.6,True,51.57002032520326,Medium
CUST04995,Routine_Commuter,124,39,0.314516129032258,2934.0,23.661290322580644,65.8,True,51.568145161290325,Medium
CUST00332,Routine_Commuter,124,35,0.282258064516129,3511.61,28.31943548387097,69.0,False,51.557822580645166,Medium
CUST06361,Convenience_First,116,45,0.3879310344827586,2353.91,20.292327586206895,61.7,True,51.55724137931035,Medium
CUST07008,Convenience_First,119,40,0.3361344537815126,2483.86,20.8727731092437,65.7,True,51.5566281512605,Medium
CUST02668,Price_Sensitive,123,42,0.3414634146341463,1444.81,11.746422764227642,63.5,True,51.55603658536586,Medium
CUST02102,Convenience_First,117,44,0.376068376068376,2456.43,20.995128205128204,62.5,True,51.55523504273504,Medium
CUST05121,Routine_Commuter,121,37,0.3057851239669421,3557.26,29.398842975206612,68.0,True,51.55015495867769,Medium
CUST06326,Routine_Commuter,125,33,0.264,2355.73,18.84584,70.4,False,51.548750000000005,Medium
CUST06632,Routine_Commuter,121,40,0.3305785123966942,2639.51,21.81413223140496,65.5,True,51.54189049586777,Medium
CUST07624,Price_Sensitive,127,31,0.2440944881889764,2696.42,21.23165354330709,71.7,False,51.541279527559055,Medium
CUST03728,Price_Sensitive,118,43,0.3644067796610169,2248.86,19.05813559322034,63.2,True,51.53377118644068,Medium
CUST06488,Price_Sensitive,120,36,0.3,1989.12,16.576,68.9,True,51.525000000000006,Medium
CUST04775,Routine_Commuter,117,37,0.3162393162393162,3628.37,31.0117094017094,68.4,True,51.52207264957266,Medium
CUST03037,Routine_Commuter,121,38,0.3140495867768595,3896.12,32.19933884297521,67.1,True,51.52073347107438,Medium
CUST05509,Routine_Commuter,135,30,0.2222222222222222,3561.2,26.379259259259257,71.1,False,51.51888888888888,Medium
CUST02970,Routine_Commuter,116,45,0.3879310344827586,1972.5,17.004310344827587,61.6,True,51.51724137931035,Medium
CUST04408,Price_Sensitive,126,34,0.2698412698412698,3635.57,28.85373015873016,69.4,False,51.5161507936508,Medium
CUST04624,Convenience_First,117,42,0.358974358974359,1617.04,13.8208547008547,64.1,True,51.51147435897436,Medium
CUST06704,Routine_Commuter,125,38,0.304,2147.1,17.1768,66.3,True,51.50875,Medium
CUST02810,Routine_Commuter,126,37,0.2936507936507936,2775.76,22.02984126984127,67.0,False,51.50853174603174,Medium
CUST00495,Price_Sensitive,124,31,0.25,1782.67,14.376370967741936,72.1,False,51.50750000000001,Medium
CUST00838,Routine_Commuter,121,44,0.3636363636363636,2289.69,18.92305785123967,62.1,True,51.50420454545455,Medium
CUST04678,Routine_Commuter,126,39,0.3095238095238095,3628.22,28.79539682539683,65.4,True,51.50345238095238,Medium
CUST01361,Routine_Commuter,126,39,0.3095238095238095,2542.56,20.17904761904762,65.4,True,51.50345238095238,Medium
CUST06725,Price_Sensitive,114,38,0.3333333333333333,1695.7,14.874561403508771,67.8,True,51.499583333333334,Medium
CUST05027,Routine_Commuter,117,43,0.3675213675213675,2782.2,23.779487179487177,63.2,True,51.4933547008547,Medium
CUST04190,Routine_Commuter,121,39,0.3223140495867768,3900.0,32.231404958677686,66.2,True,51.49131198347107,Medium
CUST01154,Routine_Commuter,124,39,0.314516129032258,2628.71,21.199274193548387,65.6,True,51.48814516129032,Medium
CUST07113,Routine_Commuter,124,38,0.3064516129032258,3067.52,24.738064516129032,66.4,True,51.48556451612904,Medium
CUST00878,Price_Sensitive,129,36,0.2790697674418604,2030.58,15.74093023255814,67.3,False,51.48154069767442,Medium
CUST02729,Price_Sensitive,121,38,0.3140495867768595,5493.04,45.39702479338843,67.0,True,51.48073347107438,Medium
CUST00772,Routine_Commuter,122,41,0.3360655737704918,3133.3,25.682786885245903,64.3,True,51.47512295081967,Medium
CUST00956,Routine_Commuter,120,41,0.3416666666666667,2727.35,22.727916666666665,64.6,True,51.471666666666664,Medium
CUST05760,Price_Sensitive,121,37,0.3057851239669421,2400.73,19.84074380165289,67.8,True,51.47015495867768,Medium
CUST03091,Routine_Commuter,125,34,0.272,2752.02,22.01616,69.4,False,51.46875000000001,Medium
CUST01759,Routine_Commuter,125,39,0.312,2120.39,16.96312,65.4,True,51.46875,Medium
CUST01026,Routine_Commuter,113,46,0.4070796460176991,3047.01,26.964690265486727,60.8,True,51.464435840707964,Medium
CUST07565,Price_Sensitive,116,38,0.3275862068965517,2151.78,18.5498275862069,67.5,True,51.46344827586207,Medium
CUST06618,Routine_Commuter,131,35,0.2671755725190839,3947.09,30.130458015267177,67.7,False,51.46202290076336,Medium
CUST07455,Price_Sensitive,118,37,0.3135593220338983,2023.66,17.149661016949153,68.1,True,51.459872881355935,Medium
CUST03573,Price_Sensitive,111,42,0.3783783783783784,2736.78,24.65567567567568,64.6,True,51.45263513513513,Medium
CUST04543,Price_Sensitive,127,34,0.2677165354330709,3404.38,26.806141732283464,69.1,False,51.44616141732284,Medium
CUST02239,Price_Sensitive,123,36,0.2926829268292683,2070.48,16.833170731707316,68.1,False,51.44481707317073,Medium
CUST07807,Price_Sensitive,124,37,0.2983870967741935,1726.23,13.921209677419355,67.1,False,51.442983870967744,Medium
CUST00695,Routine_Commuter,117,37,0.3162393162393162,2288.17,19.557008547008547,68.2,True,51.44207264957265,Medium
CUST02189,Routine_Commuter,124,35,0.282258064516129,3599.66,29.029516129032256,68.7,False,51.43782258064517,Medium
CUST07185,Routine_Commuter,126,34,0.2698412698412698,4058.94,32.21380952380952,69.2,False,51.436150793650796,Medium
CUST03687,Routine_Commuter,127,36,0.2834645669291338,3664.07,28.850944881889767,67.5,False,51.436082677165345,Medium
CUST04768,Routine_Commuter,128,34,0.265625,2020.87,15.788046875,68.9,False,51.43375,Medium
CUST04351,Routine_Commuter,116,40,0.3448275862068966,3564.7,30.730172413793102,65.7,True,51.433103448275865,Medium
CUST06548,Price_Sensitive,127,30,0.2362204724409448,2679.55,21.0988188976378,72.2,False,51.4263188976378,Medium
CUST05295,Routine_Commuter,118,37,0.3135593220338983,2755.83,23.35449152542373,68.0,True,51.419872881355936,Medium
CUST00115,Convenience_First,112,43,0.3839285714285714,4473.56,39.9425,63.5,True,51.41964285714286,Medium
CUST02095,Routine_Commuter,118,43,0.3644067796610169,2315.38,19.62186440677966,62.9,True,51.41377118644068,Medium
CUST05175,Convenience_First,121,39,0.3223140495867768,2523.23,20.85314049586777,66.0,True,51.41131198347107,Medium
CUST03651,Routine_Commuter,121,35,0.2892561983471074,1896.91,15.67694214876033,69.3,False,51.408997933884294,Medium
CUST04438,Routine_Commuter,117,39,0.3333333333333333,2412.93,20.62333333333333,66.4,True,51.405833333333334,Medium
CUST07633,Routine_Commuter,119,43,0.361344537815126,2624.46,22.054285714285715,62.8,True,51.405031512605035,Medium
CUST06215,Price_Sensitive,110,38,0.3454545454545454,2540.68,23.09709090909091,68.2,True,51.40443181818181,Medium
CUST03847,Routine_Commuter,124,36,0.2903225806451613,1854.76,14.95774193548387,67.8,False,51.40040322580646,Medium
CUST03564,Routine_Commuter,122,36,0.2950819672131147,3558.64,29.16918032786885,68.2,False,51.39577868852459,Medium
CUST04662,Routine_Commuter,116,40,0.3448275862068966,2325.74,20.049482758620687,65.6,True,51.393103448275866,Medium
CUST05725,Routine_Commuter,113,45,0.3982300884955752,2665.43,23.587876106194688,61.5,True,51.39045353982301,Medium
CUST02942,Routine_Commuter,125,35,0.28,2260.64,18.08512,68.4,False,51.38875,Medium
CUST04615,Price_Sensitive,112,40,0.3571428571428571,2239.35,19.994196428571428,66.1,True,51.388214285714284,Medium
CUST02327,Routine_Commuter,130,36,0.2769230769230769,2935.23,22.578692307692307,66.9,False,51.385673076923084,Medium
CUST03107,Routine_Commuter,120,37,0.3083333333333333,2515.59,20.96325,67.7,True,51.37833333333333,Medium
CUST00271,Routine_Commuter,129,35,0.2713178294573643,1677.88,13.006821705426358,67.8,False,51.371463178294576,Medium
CUST05504,Routine_Commuter,130,31,0.2384615384615384,4105.03,31.577153846153845,70.7,False,51.36721153846153,Medium
CUST01789,Price_Sensitive,117,39,0.3333333333333333,3223.46,27.550940170940173,66.3,True,51.365833333333335,Medium
CUST01075,Routine_Commuter,122,37,0.3032786885245901,2818.17,23.099754098360656,67.3,True,51.36364754098361,Medium
CUST04696,Routine_Commuter,124,37,0.2983870967741935,3138.42,25.309838709677415,66.9,False,51.36298387096775,Medium
CUST03967,Routine_Commuter,127,35,0.2755905511811024,4670.59,36.776299212598424,68.1,False,51.361122047244095,Medium
CUST06581,Price_Sensitive,116,37,0.3189655172413793,2697.22,23.251896551724137,68.1,True,51.35862068965517,Medium
CUST05582,Routine_Commuter,124,35,0.282258064516129,3344.91,26.975080645161288,68.5,False,51.35782258064516,Medium
CUST02542,Price_Sensitive,122,36,0.2950819672131147,2108.81,17.28532786885246,68.1,False,51.35577868852459,Medium
CUST00726,Routine_Commuter,122,36,0.2950819672131147,2757.36,22.601311475409837,68.1,False,51.35577868852459,Medium
CUST04017,Price_Sensitive,124,34,0.2741935483870967,2388.06,19.258548387096777,69.3,False,51.355241935483875,Medium
CUST02979,Routine_Commuter,112,39,0.3482142857142857,2755.27,24.600625,66.9,True,51.35107142857144,Medium
CUST06307,Price_Sensitive,134,32,0.2388059701492537,3489.74,26.04283582089552,69.3,False,51.34973880597015,Medium
CUST03595,Price_Sensitive,123,33,0.2682926829268293,3795.45,30.85731707317073,70.3,False,51.34920731707318,Medium
CUST07419,Routine_Commuter,114,42,0.3684210526315789,2840.83,24.919561403508773,63.9,True,51.34309210526316,Medium
CUST03014,Routine_Commuter,129,38,0.2945736434108527,3088.98,23.94558139534884,65.4,False,51.34169573643411,Medium
CUST03510,Routine_Commuter,130,30,0.2307692307692307,3733.75,28.721153846153847,71.4,False,51.33951923076923,Medium
CUST04411,Routine_Commuter,118,41,0.3474576271186441,3013.76,25.540338983050844,64.4,True,51.33580508474577,Medium
CUST06108,Price_Sensitive,121,39,0.3223140495867768,2832.14,23.406115702479337,65.8,True,51.331311983471075,Medium
CUST04999,Price_Sensitive,121,39,0.3223140495867768,1864.25,15.40702479338843,65.8,True,51.331311983471075,Medium
CUST01192,Routine_Commuter,127,34,0.2677165354330709,4483.3,35.301574803149606,68.8,False,51.32616141732284,Medium
CUST00397,Convenience_First,109,45,0.4128440366972477,2261.77,20.750183486238537,61.7,True,51.32251146788991,Medium
CUST04146,Price_Sensitive,128,28,0.21875,2628.6,20.5359375,73.3,False,51.31875,Medium
CUST05904,Routine_Commuter,122,36,0.2950819672131147,2480.27,20.330081967213115,68.0,False,51.31577868852459,Medium
CUST05496,Routine_Commuter,124,33,0.2661290322580645,2423.72,19.54612903225806,70.0,False,51.31266129032258,Medium
CUST02351,Routine_Commuter,123,33,0.2682926829268293,2281.89,18.55195121951219,70.2,False,51.309207317073174,Medium
CUST02719,Routine_Commuter,125,32,0.256,3337.3,26.698400000000003,70.6,False,51.30875,Medium
CUST07548,Price_Sensitive,123,39,0.3170731707317073,3217.24,26.15642276422764,65.3,True,51.3004268292683,Medium
CUST01595,Routine_Commuter,129,35,0.2713178294573643,2352.14,18.23364341085271,67.6,False,51.29146317829457,Medium
CUST01800,Price_Sensitive,121,39,0.3223140495867768,3555.51,29.384380165289254,65.7,True,51.29131198347107,Medium
CUST01034,Price_Sensitive,116,39,0.3362068965517241,1895.48,16.340344827586208,66.2,True,51.288275862068964,Medium
CUST01408,Price_Sensitive,116,39,0.3362068965517241,1996.68,17.212758620689655,66.2,True,51.288275862068964,Medium
CUST03319,Routine_Commuter,124,37,0.2983870967741935,1799.42,14.511451612903226,66.7,False,51.28298387096775,Medium
CUST01332,Price_Sensitive,123,35,0.2845528455284553,1488.9,12.104878048780488,68.5,False,51.27961382113821,Medium
CUST06143,Routine_Commuter,121,37,0.3057851239669421,2887.7,23.865289256198345,67.3,True,51.270154958677686,Medium
CUST04241,Price_Sensitive,125,34,0.272,2561.06,20.48848,68.9,False,51.268750000000004,Medium
CUST02589,Routine_Commuter,115,41,0.3565217391304348,3383.73,29.423739130434782,64.5,True,51.268369565217384,Medium
CUST01292,Price_Sensitive,119,37,0.3109243697478991,2931.83,24.637226890756303,67.5,True,51.26822478991596,Medium
CUST04465,Routine_Commuter,130,36,0.2769230769230769,2712.54,20.865692307692303,66.6,False,51.26567307692308,Medium
CUST00740,Routine_Commuter,117,38,0.3247863247863248,2881.62,24.62923076923077,66.9,True,51.263952991452996,Medium
CUST03253,Routine_Commuter,117,38,0.3247863247863248,2043.81,17.468461538461536,66.9,True,51.263952991452996,Medium
CUST02623,Price_Sensitive,130,33,0.2538461538461538,3674.12,28.262461538461537,68.9,False,51.26259615384616,Medium
CUST06309,Convenience_First,109,42,0.3853211009174312,2636.14,24.184770642201833,64.3,True,51.26159403669725,Medium
CUST05892,Routine_Commuter,129,34,0.2635658914728682,2494.94,19.34062015503876,68.3,False,51.261385658914726,Medium
CUST01657,Price_Sensitive,117,36,0.3076923076923077,1467.63,12.543846153846152,68.6,True,51.26019230769231,Medium
CUST00469,Routine_Commuter,121,36,0.2975206611570248,2832.06,23.405454545454543,68.1,False,51.25957644628099,Medium
CUST01191,Routine_Commuter,120,37,0.3083333333333333,2780.12,23.167666666666666,67.4,True,51.25833333333334,Medium
CUST01862,Routine_Commuter,128,31,0.2421875,5163.31,40.338359375,70.8,False,51.25625,Medium
CUST05125,Routine_Commuter,115,39,0.3391304347826087,3194.42,27.777565217391302,66.2,True,51.252717391304344,Medium
CUST02378,Routine_Commuter,124,38,0.3064516129032258,2712.86,21.877903225806453,65.8,True,51.245564516129036,Medium
CUST07647,Routine_Commuter,120,36,0.3,2334.26,19.452166666666667,68.2,True,51.245000000000005,Medium
CUST05797,Routine_Commuter,114,44,0.3859649122807017,2779.21,24.3790350877193,61.9,True,51.244846491228074,Medium
CUST02435,Price_Sensitive,123,35,0.2845528455284553,2656.32,21.59609756097561,68.4,False,51.23961382113822,Medium
CUST07672,Price_Sensitive,114,36,0.3157894736842105,2066.01,18.122894736842103,68.9,True,51.23782894736843,Medium
CUST00171,Routine_Commuter,113,38,0.336283185840708,3420.92,30.27362831858407,67.3,True,51.23257743362832,Medium
CUST07930,Routine_Commuter,122,30,0.2459016393442623,2328.12,19.08295081967213,72.7,False,51.228565573770496,Medium
CUST05765,Price_Sensitive,119,37,0.3109243697478991,2960.71,24.879915966386555,67.4,True,51.22822478991597,Medium
CUST04834,Routine_Commuter,117,40,0.3418803418803419,2890.69,24.706752136752137,65.1,True,51.22771367521368,Medium
CUST07584,Price_Sensitive,133,35,0.2631578947368421,3128.88,23.525413533834588,66.9,False,51.22256578947369,Medium
CUST05187,Convenience_First,127,39,0.3070866141732283,3402.02,26.78755905511811,64.6,True,51.220964566929126,Medium
CUST07847,Routine_Commuter,118,37,0.3135593220338983,3211.67,27.21754237288136,67.5,True,51.21987288135593,Medium
CUST00734,Routine_Commuter,110,42,0.3818181818181818,2187.04,19.882181818181817,64.1,True,51.21897727272727,Medium
CUST00153,Routine_Commuter,118,39,0.3305084745762712,2322.38,19.68118644067797,65.8,True,51.217838983050854,Medium
CUST02772,Convenience_First,115,39,0.3391304347826087,2305.32,20.04626086956522,66.1,True,51.21271739130434,Medium
CUST03839,Price_Sensitive,119,36,0.3025210084033613,1436.28,12.069579831932773,68.2,True,51.21209033613445,Medium
CUST07596,Routine_Commuter,122,38,0.3114754098360656,2874.0,23.557377049180328,66.1,True,51.21151639344262,Medium
CUST07345,Convenience_First,123,36,0.2926829268292683,3419.54,27.801138211382113,67.5,False,51.20481707317073,Medium
CUST05026,Price_Sensitive,132,29,0.2196969696969697,3152.64,23.883636363636363,71.5,False,51.204128787878794,Medium
CUST00766,Routine_Commuter,132,29,0.2196969696969697,3568.6,27.034848484848485,71.5,False,51.204128787878794,Medium
CUST05498,Price_Sensitive,124,37,0.2983870967741935,3882.4,31.30967741935484,66.5,False,51.20298387096775,Medium
CUST07010,Routine_Commuter,116,42,0.3620689655172414,2769.53,23.875258620689657,63.4,True,51.20275862068965,Medium
CUST04506,Routine_Commuter,127,35,0.2755905511811024,2434.71,19.170944881889763,67.7,False,51.2011220472441,Medium
CUST01209,Routine_Commuter,118,38,0.3220338983050847,3017.88,25.575254237288135,66.6,True,51.198855932203394,Medium
CUST01495,Routine_Commuter,126,33,0.2619047619047619,3678.17,29.191825396825397,69.4,False,51.198690476190485,Medium
CUST07555,Convenience_First,130,35,0.2692307692307692,3211.47,24.703615384615382,67.2,False,51.19798076923077,Medium
CUST04907,Price_Sensitive,122,36,0.2950819672131147,2212.62,18.13622950819672,67.7,False,51.19577868852459,Medium
CUST06801,Routine_Commuter,124,33,0.2661290322580645,2700.25,21.776209677419356,69.7,False,51.19266129032259,Medium
CUST05097,Price_Sensitive,125,32,0.256,1744.51,13.95608,70.3,False,51.18875,Medium
CUST05749,Routine_Commuter,116,43,0.3706896551724138,2990.33,25.778706896551725,62.5,True,51.187586206896555,Medium
CUST01981,Price_Sensitive,122,34,0.2786885245901639,1997.86,16.37590163934426,69.3,False,51.18004098360656,Medium
CUST00128,Routine_Commuter,118,37,0.3135593220338983,1374.37,11.64720338983051,67.4,True,51.17987288135594,Medium
CUST02262,Price_Sensitive,119,34,0.2857142857142857,2258.25,18.97689075630252,69.8,False,51.17982142857143,Medium
CUST06320,Price_Sensitive,112,43,0.3839285714285714,2177.95,19.44598214285714,62.9,True,51.17964285714286,Medium
CUST03975,Routine_Commuter,122,39,0.319672131147541,2648.48,21.708852459016395,65.2,True,51.17938524590164,Medium
CUST02307,Routine_Commuter,120,40,0.3333333333333333,1931.02,16.091833333333334,64.7,True,51.17833333333334,Medium
CUST00580,Routine_Commuter,118,43,0.3644067796610169,2953.56,25.030169491525424,62.3,True,51.17377118644068,Medium
CUST01220,Routine_Commuter,122,38,0.3114754098360656,2032.66,16.661147540983606,66.0,True,51.17151639344263,Medium
CUST01280,Routine_Commuter,124,39,0.314516129032258,4953.51,39.947661290322586,64.8,True,51.168145161290326,Medium
CUST01165,Routine_Commuter,118,36,0.3050847457627119,1759.06,14.90728813559322,68.2,True,51.16088983050848,Medium
CUST04675,Convenience_First,118,40,0.3389830508474576,3505.05,29.703813559322036,64.8,True,51.15682203389831,Medium
CUST00508,Price_Sensitive,113,44,0.3893805309734513,2043.95,18.08805309734513,61.8,True,51.15647123893805,Medium
CUST06328,Price_Sensitive,123,34,0.2764227642276423,2553.67,20.761544715447155,69.0,False,51.15441056910569,Medium
CUST03088,Price_Sensitive,114,41,0.3596491228070175,2225.44,19.52140350877193,64.3,True,51.1522149122807,Medium
CUST03405,Price_Sensitive,124,32,0.2580645161290322,3265.32,26.333225806451615,70.4,False,51.150080645161296,Medium
CUST01895,Routine_Commuter,125,35,0.28,2872.33,22.97864,67.8,False,51.14875000000001,Medium
CUST01903,Routine_Commuter,109,43,0.3944954128440367,2445.82,22.438715596330276,63.1,True,51.148566513761466,Medium
CUST03524,Routine_Commuter,127,30,0.2362204724409448,1668.02,13.134015748031496,71.5,False,51.1463188976378,Medium
CUST01444,Routine_Commuter,123,39,0.3170731707317073,3367.73,27.37991869918699,64.9,True,51.1404268292683,Medium
CUST04440,Routine_Commuter,112,43,0.3839285714285714,2862.52,25.55821428571429,62.8,True,51.13964285714286,Medium
CUST04104,Routine_Commuter,128,36,0.28125,3445.76,26.92,66.6,False,51.13875,Medium
CUST06722,Price_Sensitive,111,41,0.3693693693693693,2269.12,20.44252252252252,64.7,True,51.13227477477478,Medium
CUST05951,Price_Sensitive,122,38,0.3114754098360656,2809.67,23.03008196721311,65.9,True,51.131516393442624,Medium
CUST00360,Routine_Commuter,129,31,0.2403100775193798,5099.25,39.52906976744186,70.3,False,51.131153100775194,Medium
CUST05702,Routine_Commuter,120,39,0.325,2576.06,21.467166666666667,65.4,True,51.125,Medium
CUST04067,Routine_Commuter,116,42,0.3620689655172414,3302.57,28.47043103448276,63.2,True,51.12275862068965,Medium
CUST06584,Routine_Commuter,117,37,0.3162393162393162,2361.39,20.182820512820513,67.4,True,51.12207264957266,Medium
CUST01828,Routine_Commuter,118,38,0.3220338983050847,2929.16,24.823389830508475,66.4,True,51.118855932203395,Medium
CUST07523,Routine_Commuter,118,38,0.3220338983050847,2287.97,19.38957627118644,66.4,True,51.118855932203395,Medium
CUST02957,Price_Sensitive,112,39,0.3482142857142857,2275.44,20.31642857142857,66.3,True,51.11107142857143,Medium
CUST06428,Routine_Commuter,119,37,0.3109243697478991,1446.29,12.153697478991596,67.1,True,51.108224789915965,Medium
CUST04747,Routine_Commuter,119,37,0.3109243697478991,3085.98,25.932605042016807,67.1,True,51.108224789915965,Medium
CUST05419,Routine_Commuter,122,40,0.3278688524590163,2579.61,21.14434426229508,64.2,True,51.107254098360656,Medium
CUST00384,Routine_Commuter,121,36,0.2975206611570248,2723.81,22.51082644628099,67.7,False,51.09957644628099,Medium
CUST06341,Price_Sensitive,106,42,0.3962264150943396,1114.01,10.509528301886792,64.2,True,51.09655660377359,Medium
CUST06483,Price_Sensitive,120,36,0.3,2416.29,20.13575,67.8,True,51.08500000000001,Medium
CUST00834,Routine_Commuter,126,31,0.246031746031746,3331.97,26.444206349206347,70.7,False,51.08376984126984,Medium
CUST02509,Routine_Commuter,123,34,0.2764227642276423,3640.33,29.596178861788616,68.8,False,51.074410569105694,Medium
CUST05854,Convenience_First,113,38,0.336283185840708,2102.43,18.605575221238936,66.9,True,51.072577433628325,Medium
CUST01635,Routine_Commuter,122,35,0.2868852459016393,3774.94,30.942131147540984,68.2,False,51.067909836065574,Medium
CUST01103,Routine_Commuter,127,30,0.2362204724409448,2035.65,16.028740157480314,71.3,False,51.066318897637785,Medium
CUST02117,Routine_Commuter,110,44,0.4,2254.41,20.494636363636364,61.9,True,51.066250000000004,Medium
CUST06873,Routine_Commuter,117,38,0.3247863247863248,3667.62,31.347179487179485,66.4,True,51.06395299145299,Medium
CUST06378,Routine_Commuter,117,47,0.4017094017094017,2476.89,21.17,58.7,False,51.060876068376075,Medium
CUST02253,Convenience_First,112,43,0.3839285714285714,2013.93,17.981517857142858,62.6,True,51.05964285714286,Medium
CUST03822,Routine_Commuter,121,36,0.2975206611570248,2506.01,20.710826446280993,67.6,False,51.05957644628099,Medium
CUST02932,Price_Sensitive,122,39,0.319672131147541,2621.29,21.485983606557376,64.9,True,51.059385245901645,Medium
CUST06232,Routine_Commuter,110,41,0.3727272727272727,2895.66,26.324181818181817,64.6,True,51.05534090909091,Medium
CUST01379,Price_Sensitive,111,41,0.3693693693693693,3079.75,27.745495495495497,64.5,True,51.05227477477477,Medium
CUST03000,Routine_Commuter,121,39,0.3223140495867768,3850.22,31.819999999999997,65.1,True,51.051311983471074,Medium
CUST00434,Routine_Commuter,123,36,0.2926829268292683,2426.74,19.729593495934957,67.1,False,51.044817073170734,Medium
CUST00407,Routine_Commuter,122,32,0.2622950819672131,2094.85,17.17090163934426,70.6,False,51.044303278688524,Medium
CUST07808,Price_Sensitive,129,28,0.2170542635658914,2461.29,19.079767441860465,72.4,False,51.04092054263566,Medium
CUST07889,Routine_Commuter,118,38,0.3220338983050847,3618.61,30.66618644067797,66.2,True,51.0388559322034,Medium
CUST04503,Price_Sensitive,113,37,0.3274336283185841,2285.34,20.224247787610626,67.7,True,51.03859513274337,Medium
CUST07420,Routine_Commuter,123,34,0.2764227642276423,3488.94,28.36536585365854,68.7,False,51.0344105691057,Medium
CUST07684,Routine_Commuter,112,38,0.3392857142857143,2200.98,19.65160714285714,67.0,True,51.033928571428575,Medium
CUST07263,Routine_Commuter,117,42,0.358974358974359,3649.44,31.191794871794873,62.9,True,51.031474358974364,Medium
CUST04968,Routine_Commuter,127,37,0.2913385826771653,3042.24,23.95464566929134,65.7,False,51.031043307086605,Medium
CUST03497,Convenience_First,125,32,0.256,3157.28,25.25824,69.9,False,51.02875,Medium
CUST00537,Convenience_First,125,35,0.28,3340.08,26.72064,67.5,False,51.02875,Medium
CUST03752,Price_Sensitive,121,33,0.2727272727272727,1915.24,15.828429752066116,70.0,False,51.027840909090905,Medium
CUST04660,Convenience_First,127,38,0.2992125984251969,3885.59,30.5951968503937,64.9,False,51.026003937007886,Medium
CUST01901,Routine_Commuter,128,30,0.234375,3112.41,24.315703125,71.0,False,51.02375000000001,Medium
CUST07885,Routine_Commuter,114,42,0.3684210526315789,1719.69,15.085,63.1,True,51.02309210526316,Medium
CUST07440,Routine_Commuter,118,35,0.2966101694915254,4185.51,35.470423728813564,68.7,False,51.02190677966102,Medium
CUST02368,Routine_Commuter,112,43,0.3839285714285714,3193.63,28.51455357142857,62.5,True,51.019642857142856,Medium
CUST04936,Routine_Commuter,120,34,0.2833333333333333,3061.51,25.512583333333335,69.3,False,51.01833333333333,Medium
CUST06799,Price_Sensitive,118,39,0.3305084745762712,3131.42,26.537457627118645,65.3,True,51.01783898305085,Medium
CUST05043,Routine_Commuter,123,38,0.3089430894308943,3739.21,30.40008130081301,65.4,True,51.01522357723578,Medium
CUST04430,Routine_Commuter,118,43,0.3644067796610169,3031.24,25.688474576271183,61.9,True,51.013771186440685,Medium
CUST06967,Routine_Commuter,111,43,0.3873873873873873,1629.0,14.675675675675675,62.6,True,51.012995495495495,Medium
CUST06746,Routine_Commuter,119,38,0.3193277310924369,3011.79,25.309159663865547,66.0,True,51.00435924369748,Medium
CUST03112,Routine_Commuter,126,31,0.246031746031746,3966.83,31.482777777777777,70.5,False,51.00376984126984,Medium
CUST03161,Routine_Commuter,112,36,0.3214285714285714,2289.59,20.442767857142854,68.7,True,50.99964285714286,Medium
CUST05858,Price_Sensitive,119,35,0.2941176470588235,2526.69,21.23268907563025,68.5,False,50.995955882352945,Medium
CUST02275,Routine_Commuter,124,33,0.2661290322580645,1566.33,12.631693548387096,69.2,False,50.99266129032259,Medium
CUST02889,Routine_Commuter,114,41,0.3596491228070175,2378.51,20.864122807017544,63.9,True,50.9922149122807,Medium
CUST06878,Convenience_First,117,40,0.3418803418803419,3074.5,26.27777777777778,64.5,True,50.98771367521368,Medium
CUST02290,Convenience_First,113,46,0.4070796460176991,2959.0,26.1858407079646,59.6,False,50.98443584070797,Medium
CUST04304,Routine_Commuter,111,40,0.3603603603603603,1984.31,17.876666666666665,65.2,True,50.971914414414414,Medium
CUST01764,Routine_Commuter,117,41,0.3504273504273504,3649.82,31.195042735042737,63.6,True,50.969594017094025,Medium
CUST06270,Routine_Commuter,119,38,0.3193277310924369,3862.91,32.46142857142857,65.9,True,50.96435924369747,Medium
CUST02909,Routine_Commuter,132,29,0.2196969696969697,4254.48,32.23090909090909,70.9,False,50.96412878787879,Medium
CUST00829,Routine_Commuter,124,37,0.2983870967741935,2028.07,16.35540322580645,65.9,False,50.96298387096775,Medium
CUST06140,Routine_Commuter,113,43,0.3805309734513274,3413.16,30.20495575221239,62.2,True,50.9624889380531,Medium
CUST02518,Routine_Commuter,129,32,0.2480620155038759,3492.47,27.073410852713177,69.1,False,50.961230620155035,Medium
CUST03384,Routine_Commuter,129,32,0.2480620155038759,1818.44,14.096434108527133,69.1,False,50.961230620155035,Medium
CUST04085,Routine_Commuter,110,37,0.3363636363636363,2001.39,18.194454545454548,68.0,True,50.960795454545455,Medium
CUST03173,Price_Sensitive,114,36,0.3157894736842105,2861.22,25.098421052631576,68.2,True,50.95782894736843,Medium
CUST00375,Routine_Commuter,119,40,0.3361344537815126,1824.39,15.331008403361343,64.2,True,50.9566281512605,Medium
CUST03601,Routine_Commuter,126,34,0.2698412698412698,2343.36,18.59809523809524,68.0,False,50.9561507936508,Medium
CUST05284,Routine_Commuter,125,32,0.256,3462.84,27.702720000000003,69.7,False,50.948750000000004,Medium
CUST00753,Routine_Commuter,119,37,0.3109243697478991,2797.62,23.50941176470588,66.7,True,50.94822478991597,Medium
CUST06874,Routine_Commuter,123,32,0.2601626016260163,3197.25,25.99390243902439,70.1,False,50.94400406504065,Medium
CUST01252,Routine_Commuter,131,35,0.2671755725190839,3589.3,27.399236641221375,66.4,False,50.94202290076336,Medium
CUST05217,Price_Sensitive,119,34,0.2857142857142857,2184.03,18.353193277310925,69.2,False,50.939821428571435,Medium
CUST00168,Routine_Commuter,117,43,0.3675213675213675,3166.85,27.067094017094018,61.8,True,50.9333547008547,Medium
CUST02919,Convenience_First,119,41,0.3445378151260504,2804.18,23.564537815126048,63.3,True,50.932762605042015,Medium
CUST05471,Routine_Commuter,111,41,0.3693693693693693,2491.3,22.444144144144147,64.2,True,50.932274774774775,Medium
CUST01845,Routine_Commuter,119,36,0.3025210084033613,2307.8,19.393277310924372,67.5,True,50.93209033613445,Medium
CUST00262,Routine_Commuter,122,37,0.3032786885245901,2053.69,16.833524590163936,66.2,True,50.92364754098361,Medium
CUST07733,Routine_Commuter,127,35,0.2755905511811024,3368.87,26.526535433070865,67.0,False,50.9211220472441,Medium
CUST02581,Routine_Commuter,122,36,0.2950819672131147,2797.01,22.92631147540984,67.0,False,50.91577868852459,Medium
CUST06782,Routine_Commuter,122,41,0.3360655737704918,3790.0,31.0655737704918,62.9,True,50.91512295081967,Medium
CUST07945,Routine_Commuter,113,38,0.336283185840708,2511.36,22.224424778761065,66.5,True,50.91257743362832,Medium
CUST01603,Routine_Commuter,121,41,0.3388429752066115,3706.55,30.632644628099175,63.1,True,50.91246900826446,Medium
CUST07408,Routine_Commuter,120,38,0.3166666666666666,3514.62,29.2885,65.7,True,50.91166666666666,Medium
CUST05474,Convenience_First,116,43,0.3706896551724138,3131.78,26.998103448275863,61.8,True,50.90758620689655,Medium
CUST04612,Routine_Commuter,117,38,0.3247863247863248,2739.51,23.41461538461538,66.0,True,50.903952991453,Medium
CUST05756,Routine_Commuter,114,42,0.3684210526315789,2346.28,20.58140350877193,62.8,True,50.903092105263156,Medium
CUST03514,Routine_Commuter,122,34,0.2786885245901639,2865.78,23.49,68.6,False,50.90004098360656,Medium
CUST00431,Convenience_First,112,43,0.3839285714285714,3009.25,26.868303571428573,62.2,True,50.89964285714286,Medium
CUST03425,Price_Sensitive,122,33,0.2704918032786885,2521.41,20.66729508196721,69.4,False,50.89217213114755,Medium
CUST00512,Routine_Commuter,127,33,0.2598425196850393,3454.12,27.19779527559055,68.5,False,50.89120078740157,Medium
CUST03858,Routine_Commuter,115,36,0.3130434782608696,3197.28,27.802434782608696,67.9,True,50.88923913043479,Medium
CUST05058,Routine_Commuter,121,35,0.2892561983471074,4053.01,33.49595041322314,68.0,False,50.8889979338843,Medium
CUST05085,Routine_Commuter,124,38,0.3064516129032258,2961.51,23.88314516129033,64.9,True,50.88556451612904,Medium
CUST00919,Routine_Commuter,130,28,0.2153846153846154,2376.58,18.281384615384617,71.8,False,50.88413461538461,Medium
CUST06677,Routine_Commuter,118,34,0.288135593220339,3258.14,27.611355932203388,69.2,False,50.882923728813566,Medium
CUST00638,Routine_Commuter,117,37,0.3162393162393162,3969.65,33.92863247863248,66.8,True,50.88207264957265,Medium
CUST05523,Routine_Commuter,115,40,0.3478260869565217,2450.92,21.312347826086956,64.4,True,50.880543478260876,Medium
CUST01172,Convenience_First,115,37,0.3217391304347826,3851.05,33.48739130434783,67.0,True,50.877065217391305,Medium
CUST02759,Convenience_First,112,39,0.3482142857142857,2261.61,20.192946428571428,65.7,True,50.87107142857143,Medium
CUST06222,Routine_Commuter,125,34,0.272,2096.39,16.77112,67.9,False,50.868750000000006,Medium
CUST00231,Price_Sensitive,116,38,0.3275862068965517,1548.95,13.35301724137931,66.0,True,50.86344827586207,Medium
CUST03862,Routine_Commuter,119,39,0.3277310924369748,3125.68,26.266218487394955,64.8,True,50.86049369747899,Medium
CUST07403,Routine_Commuter,119,34,0.2857142857142857,3013.57,25.324117647058824,69.0,False,50.859821428571436,Medium
CUST06788,Price_Sensitive,121,36,0.2975206611570248,3403.01,28.124049586776863,67.1,False,50.85957644628099,Medium
CUST03583,Routine_Commuter,123,31,0.2520325203252032,3306.93,26.88560975609756,70.7,False,50.85880081300813,Medium
CUST06790,Price_Sensitive,106,42,0.3962264150943396,2726.04,25.71735849056604,63.6,True,50.85655660377359,Medium
CUST01841,Price_Sensitive,117,34,0.2905982905982906,2189.0,18.70940170940171,69.3,False,50.85643162393163,Medium
CUST03906,Routine_Commuter,111,42,0.3783783783783784,1511.4,13.616216216216218,63.1,True,50.85263513513514,Medium
CUST01558,Convenience_First,119,36,0.3025210084033613,2476.11,20.80764705882353,67.3,True,50.85209033613445,Medium
CUST03252,Routine_Commuter,127,33,0.2598425196850393,3728.09,29.355039370078742,68.4,False,50.85120078740158,Medium
CUST01884,Routine_Commuter,117,41,0.3504273504273504,3392.76,28.99794871794872,63.3,True,50.84959401709402,Medium
CUST01640,Routine_Commuter,120,33,0.275,2999.36,24.994666666666667,69.7,False,50.845,Medium
CUST00232,Price_Sensitive,117,37,0.3162393162393162,2322.23,19.848119658119657,66.7,True,50.84207264957266,Medium
CUST01127,Price_Sensitive,129,28,0.2170542635658914,2432.47,18.85635658914729,71.9,False,50.840920542635665,Medium
CUST01721,Routine_Commuter,118,36,0.3050847457627119,2105.62,17.84423728813559,67.4,True,50.84088983050848,Medium
CUST07052,Routine_Commuter,116,37,0.3189655172413793,2805.36,24.184137931034485,66.8,True,50.83862068965517,Medium
CUST00424,Price_Sensitive,113,37,0.3274336283185841,2882.04,25.504778761061942,67.2,True,50.838595132743365,Medium
CUST03301,Routine_Commuter,123,34,0.2764227642276423,2146.91,17.454552845528454,68.2,False,50.8344105691057,Medium
CUST03234,Price_Sensitive,114,37,0.3245614035087719,2837.65,24.891666666666666,67.0,True,50.828706140350874,Medium
CUST00449,Routine_Commuter,119,37,0.3109243697478991,2017.77,16.95605042016807,66.4,True,50.828224789915964,Medium
CUST00750,Price_Sensitive,122,35,0.2868852459016393,2469.42,20.241147540983608,67.6,False,50.82790983606557,Medium
CUST06593,Price_Sensitive,118,33,0.2796610169491525,2687.31,22.773813559322033,69.9,False,50.82394067796611,Medium
CUST05262,Routine_Commuter,121,36,0.2975206611570248,2392.05,19.769008264462812,67.0,False,50.81957644628099,Medium
CUST06595,Convenience_First,118,41,0.3474576271186441,2606.6,22.089830508474577,63.1,True,50.81580508474577,Medium
CUST05423,Routine_Commuter,123,38,0.3089430894308943,2762.39,22.458455284552844,64.9,True,50.815223577235784,Medium
CUST04496,Convenience_First,122,38,0.3114754098360656,3988.5,32.692622950819676,65.1,True,50.81151639344262,Medium
CUST07811,Routine_Commuter,113,35,0.3097345132743362,2175.93,19.25601769911504,68.9,True,50.81063053097345,Medium
CUST05395,Routine_Commuter,123,36,0.2926829268292683,2368.05,19.252439024390245,66.5,False,50.80481707317074,Medium
CUST02186,Routine_Commuter,122,32,0.2622950819672131,3079.47,25.24155737704918,70.0,False,50.80430327868852,Medium
CUST00454,Price_Sensitive,118,36,0.3050847457627119,4102.2,34.764406779661016,67.3,True,50.80088983050848,Medium
CUST00528,Routine_Commuter,118,36,0.3050847457627119,4520.93,38.31296610169492,67.3,True,50.80088983050848,Medium
CUST04071,Routine_Commuter,112,37,0.3303571428571428,2492.47,22.254196428571426,67.3,True,50.79678571428571,Medium
CUST00117,Routine_Commuter,120,41,0.3416666666666667,1782.89,14.857416666666667,62.9,True,50.79166666666667,Medium
CUST06743,Routine_Commuter,125,34,0.272,2640.52,21.12416,67.7,False,50.78875000000001,Medium
CUST02964,Routine_Commuter,115,38,0.3304347826086956,3429.66,29.82313043478261,65.9,True,50.78489130434782,Medium
CUST01412,Price_Sensitive,115,42,0.3652173913043478,2059.12,17.905391304347827,62.4,True,50.77619565217391,Medium
CUST03070,Routine_Commuter,115,39,0.3391304347826087,3394.08,29.513739130434782,65.0,True,50.77271739130434,Medium
CUST02126,Routine_Commuter,113,42,0.3716814159292035,3004.04,26.58442477876106,62.6,True,50.768506637168144,Medium
CUST01233,Routine_Commuter,126,31,0.246031746031746,3503.08,27.802222222222223,69.9,False,50.76376984126984,Medium
CUST02991,Routine_Commuter,114,40,0.3508771929824561,2532.84,22.217894736842105,64.2,True,50.76133771929825,Medium
CUST05236,Routine_Commuter,118,36,0.3050847457627119,1771.23,15.01042372881356,67.2,True,50.76088983050848,Medium
CUST05884,Routine_Commuter,121,38,0.3140495867768595,2115.47,17.483223140495866,65.2,True,50.76073347107438,Medium
CUST01262,Routine_Commuter,124,35,0.282258064516129,2675.5,21.576612903225808,67.0,False,50.75782258064517,Medium
CUST07979,Routine_Commuter,115,37,0.3217391304347826,2625.93,22.834173913043475,66.7,True,50.7570652173913,Medium
CUST00591,Convenience_First,121,37,0.3057851239669421,2774.03,22.925867768595044,66.0,True,50.75015495867768,Medium
CUST06340,Price_Sensitive,112,41,0.3660714285714285,1497.37,13.369375,63.6,True,50.74535714285714,Medium
CUST02994,Price_Sensitive,112,42,0.375,3562.21,31.80544642857143,62.7,True,50.7425,Medium
CUST06506,Routine_Commuter,113,40,0.3539823008849557,3292.89,29.140619469026547,64.3,True,50.74054203539822,Medium
CUST06150,Routine_Commuter,119,34,0.2857142857142857,1666.05,14.000420168067226,68.7,False,50.73982142857143,Medium
CUST00465,Routine_Commuter,121,36,0.2975206611570248,1646.27,13.605537190082645,66.8,False,50.73957644628099,Medium
CUST01514,Routine_Commuter,120,37,0.3083333333333333,3075.45,25.62875,66.1,True,50.73833333333333,Medium
CUST04075,Routine_Commuter,115,36,0.3130434782608696,2531.87,22.016260869565215,67.5,True,50.72923913043478,Medium
CUST04054,Price_Sensitive,115,36,0.3130434782608696,3206.96,27.886608695652175,67.5,True,50.72923913043478,Medium
CUST03655,Routine_Commuter,126,33,0.2619047619047619,2605.22,20.676349206349204,68.2,False,50.71869047619048,Medium
CUST05518,Routine_Commuter,116,37,0.3189655172413793,3350.89,28.88698275862069,66.5,True,50.718620689655175,Medium
CUST07203,Price_Sensitive,121,34,0.2809917355371901,2752.48,22.74776859504132,68.4,False,50.7184194214876,Medium
CUST05630,Price_Sensitive,112,38,0.3392857142857143,3730.76,33.31035714285714,66.2,True,50.713928571428575,Medium
CUST05253,Convenience_First,115,34,0.2956521739130435,2061.28,17.92417391304348,69.2,False,50.71358695652174,Medium
CUST05422,Routine_Commuter,113,38,0.336283185840708,3752.93,33.211769911504426,66.0,True,50.71257743362832,Medium
CUST00458,Routine_Commuter,113,38,0.336283185840708,3845.37,34.029823008849554,66.0,True,50.71257743362832,Medium
CUST04730,Routine_Commuter,125,30,0.24,2478.06,19.82448,70.7,False,50.70875,Medium
CUST04569,Routine_Commuter,115,41,0.3565217391304348,4114.55,35.778695652173916,63.1,True,50.708369565217396,Medium
CUST00413,Routine_Commuter,117,38,0.3247863247863248,2263.79,19.34863247863248,65.5,True,50.703952991452994,Medium
CUST07198,Routine_Commuter,119,34,0.2857142857142857,3957.54,33.25663865546218,68.6,False,50.699821428571425,Medium
CUST00943,Routine_Commuter,114,38,0.3333333333333333,2984.47,26.17956140350877,65.8,True,50.69958333333334,Medium
CUST00373,Routine_Commuter,116,33,0.2844827586206896,3709.36,31.977241379310342,69.9,False,50.69931034482759,Medium
CUST02164,Routine_Commuter,117,34,0.2905982905982906,2903.87,24.81940170940171,68.9,False,50.69643162393163,Medium
CUST07857,Routine_Commuter,111,41,0.3693693693693693,3223.38,29.03945945945946,63.6,True,50.69227477477477,Medium
CUST03309,Price_Sensitive,119,36,0.3025210084033613,2971.63,24.97168067226891,66.9,True,50.692090336134456,Medium
CUST01947,Price_Sensitive,111,34,0.3063063063063063,1529.21,13.776666666666667,69.9,True,50.689752252252255,Medium
CUST04822,Routine_Commuter,108,42,0.3888888888888889,2142.3,19.836111111111112,63.0,True,50.68305555555556,Medium
CUST03738,Routine_Commuter,121,38,0.3140495867768595,2263.84,18.709421487603308,65.0,True,50.68073347107438,Medium
CUST06705,Convenience_First,132,34,0.2575757575757575,4343.9,32.90833333333333,66.4,False,50.6792803030303,Medium
CUST03407,Price_Sensitive,128,28,0.21875,3606.44,28.1753125,71.7,False,50.67875000000001,Medium
CUST07324,Routine_Commuter,122,36,0.2950819672131147,3985.21,32.66565573770492,66.4,False,50.67577868852459,Medium
CUST05105,Price_Sensitive,121,33,0.2727272727272727,2539.83,20.990330578512395,69.1,False,50.667840909090906,Medium
CUST03823,Routine_Commuter,121,33,0.2727272727272727,2964.88,24.50314049586777,69.1,False,50.667840909090906,Medium
CUST04052,Price_Sensitive,115,38,0.3304347826086956,2366.31,20.576608695652173,65.6,True,50.66489130434782,Medium
CUST04855,Price_Sensitive,115,35,0.3043478260869565,3429.01,29.817478260869567,68.2,True,50.66141304347826,Medium
CUST05747,Routine_Commuter,117,36,0.3076923076923077,1726.96,14.76034188034188,67.1,True,50.66019230769231,Medium
CUST01333,Price_Sensitive,120,37,0.3083333333333333,3271.55,27.26291666666667,65.9,True,50.65833333333333,Medium
CUST05385,Routine_Commuter,121,32,0.2644628099173554,2358.64,19.49289256198347,69.9,False,50.657262396694215,Medium
CUST05591,Routine_Commuter,128,31,0.2421875,2272.92,17.7571875,69.3,False,50.65625,Medium
CUST01443,Convenience_First,110,41,0.3727272727272727,2437.58,22.15981818181818,63.6,True,50.6553409090909,Medium
CUST04882,Price_Sensitive,112,31,0.2767857142857143,2652.64,23.68428571428571,72.3,False,50.65392857142857,Medium
CUST03174,Convenience_First,115,39,0.3391304347826087,4138.5,35.98695652173913,64.7,True,50.65271739130435,Medium
CUST02826,Routine_Commuter,122,33,0.2704918032786885,3368.4,27.60983606557377,68.8,False,50.65217213114754,Medium
CUST00408,Convenience_First,113,42,0.3716814159292035,2503.76,22.157168141592923,62.3,True,50.64850663716814,Medium
CUST06882,Price_Sensitive,111,30,0.2702702702702703,1995.2,17.974774774774776,73.4,False,50.64831081081081,Medium
CUST04429,Routine_Commuter,118,36,0.3050847457627119,2648.71,22.44669491525424,66.9,True,50.640889830508485,Medium
CUST04073,Routine_Commuter,121,34,0.2809917355371901,2669.47,22.06173553719008,68.2,False,50.638419421487605,Medium
CUST04272,Price_Sensitive,114,36,0.3157894736842105,2289.49,20.08324561403509,67.4,True,50.637828947368426,Medium
CUST03848,Price_Sensitive,119,35,0.2941176470588235,1479.64,12.433949579831934,67.6,False,50.635955882352945,Medium
CUST01180,Price_Sensitive,123,34,0.2764227642276423,2614.99,21.26008130081301,67.7,False,50.6344105691057,Medium
CUST07903,Convenience_First,105,44,0.419047619047619,3025.87,28.81780952380952,61.3,True,50.634404761904754,Medium
CUST06676,Convenience_First,113,39,0.3451327433628318,2746.43,24.304690265486723,64.9,True,50.62655973451328,Medium
CUST07441,Routine_Commuter,108,44,0.4074074074074074,1856.99,17.194351851851852,61.0,True,50.6237962962963,Medium
CUST00859,Routine_Commuter,107,40,0.3738317757009345,2965.84,27.718130841121496,64.8,True,50.62202102803738,Medium
CUST05626,Price_Sensitive,117,36,0.3076923076923077,2419.53,20.67974358974359,67.0,True,50.620192307692314,Medium
CUST04876,Routine_Commuter,114,38,0.3333333333333333,3048.73,26.74324561403509,65.6,True,50.61958333333333,Medium
CUST06202,Price_Sensitive,111,42,0.3783783783783784,2137.96,19.2609009009009,62.5,True,50.612635135135136,Medium
CUST02629,Routine_Commuter,121,35,0.2892561983471074,2594.11,21.438925619834713,67.3,False,50.6089979338843,Medium
CUST01851,Price_Sensitive,118,32,0.2711864406779661,2350.14,19.9164406779661,70.2,False,50.604957627118644,Medium
CUST06809,Routine_Commuter,106,39,0.3679245283018867,2291.52,21.618113207547168,65.8,True,50.60448113207547,Medium
CUST02664,Routine_Commuter,100,48,0.48,2258.86,22.5886,57.5,False,50.60125000000001,Medium
CUST01014,Routine_Commuter,112,36,0.3214285714285714,4129.66,36.87196428571429,67.7,True,50.59964285714286,Medium
CUST06354,Routine_Commuter,112,37,0.3303571428571428,2598.75,23.203125,66.8,True,50.59678571428571,Medium
CUST00933,Routine_Commuter,122,31,0.2540983606557377,4759.62,39.013278688524586,70.3,False,50.59643442622951,Medium
CUST07136,Price_Sensitive,119,35,0.2941176470588235,2183.87,18.351848739495797,67.5,False,50.59595588235294,Medium
CUST07303,Price_Sensitive,110,35,0.3181818181818182,2916.18,26.510727272727273,68.9,True,50.59352272727273,Medium
CUST06553,Routine_Commuter,116,40,0.3448275862068966,3025.38,26.08086206896552,63.6,True,50.59310344827587,Medium
CUST06619,Price_Sensitive,121,41,0.3388429752066115,3091.75,25.551652892561982,62.3,True,50.59246900826446,Medium
CUST05857,Routine_Commuter,120,35,0.2916666666666667,3076.75,25.639583333333334,67.4,False,50.59166666666667,Medium
CUST06840,Price_Sensitive,125,27,0.216,3004.4,24.0352,72.8,False,50.588750000000005,Medium
CUST04619,Price_Sensitive,122,30,0.2459016393442623,2790.78,22.875245901639342,71.1,False,50.58856557377049,Medium
CUST04738,Convenience_First,119,37,0.3109243697478991,3351.01,28.159747899159665,65.8,True,50.58822478991597,Medium
CUST06896,Routine_Commuter,109,37,0.3394495412844037,2548.88,23.38422018348624,67.2,True,50.586731651376155,Medium
CUST07714,Price_Sensitive,113,39,0.3451327433628318,2595.59,22.96982300884956,64.8,True,50.58655973451327,Medium
CUST00093,Routine_Commuter,115,35,0.3043478260869565,3271.53,28.448086956521745,68.0,True,50.581413043478264,Medium
CUST00074,Convenience_First,119,39,0.3277310924369748,3535.71,29.7118487394958,64.1,True,50.580493697478985,Medium
CUST05845,Price_Sensitive,120,27,0.225,1373.81,11.448416666666668,74.0,False,50.565,Medium
CUST00691,Price_Sensitive,117,35,0.2991452991452991,2640.62,22.56940170940171,67.7,False,50.55831196581197,Medium
CUST05678,Price_Sensitive,122,26,0.2131147540983606,3147.64,25.80032786885246,74.3,False,50.557090163934426,Medium
CUST05689,Routine_Commuter,112,38,0.3392857142857143,3086.3,27.55625,65.8,True,50.55392857142858,Medium
CUST06717,Convenience_First,112,39,0.3482142857142857,3991.47,35.638124999999995,64.9,True,50.55107142857143,Medium
CUST02082,Routine_Commuter,115,41,0.3565217391304348,2332.65,20.28391304347826,62.7,True,50.548369565217385,Medium
CUST07027,Convenience_First,112,40,0.3571428571428571,3730.25,33.30580357142857,64.0,True,50.54821428571429,Medium
CUST04266,Routine_Commuter,117,40,0.3418803418803419,2150.7,18.38205128205128,63.4,True,50.54771367521368,Medium
CUST02100,Convenience_First,107,43,0.4018691588785046,3037.36,28.386542056074767,61.8,True,50.543516355140184,Medium
CUST07788,Price_Sensitive,111,40,0.3603603603603603,2671.62,24.068648648648647,64.1,True,50.53191441441441,Medium
CUST01948,Convenience_First,111,38,0.3423423423423423,3531.58,31.816036036036035,65.9,True,50.531193693693695,Medium
CUST06405,Convenience_First,113,37,0.3274336283185841,3646.23,32.267522123893805,66.4,True,50.518595132743364,Medium
CUST02300,Price_Sensitive,117,35,0.2991452991452991,3756.09,32.10333333333333,67.6,False,50.51831196581197,Medium
CUST03477,Price_Sensitive,123,27,0.2195121951219512,2960.54,24.069430894308944,73.1,False,50.51798780487805,Medium
CUST05814,Routine_Commuter,115,37,0.3217391304347826,2536.16,22.053565217391306,66.1,True,50.517065217391306,Medium
CUST05169,Price_Sensitive,124,34,0.2741935483870967,2669.76,21.53032258064516,67.2,False,50.51524193548387,Medium
CUST03041,Price_Sensitive,116,32,0.2758620689655172,2587.32,22.30448275862069,70.3,False,50.51448275862069,Medium
CUST01137,Routine_Commuter,116,32,0.2758620689655172,2547.72,21.96310344827586,70.3,False,50.51448275862069,Medium
CUST05054,Price_Sensitive,123,34,0.2764227642276423,2560.93,20.820569105691057,67.4,False,50.5144105691057,Medium
CUST06616,Routine_Commuter,105,44,0.419047619047619,1665.67,15.86352380952381,61.0,True,50.514404761904764,Medium
CUST05160,Routine_Commuter,108,45,0.4166666666666667,3682.21,34.094537037037036,59.8,False,50.514166666666675,Medium
CUST07503,Convenience_First,114,41,0.3596491228070175,2719.77,23.85763157894737,62.7,True,50.5122149122807,Medium
CUST02597,Routine_Commuter,112,40,0.3571428571428571,2275.81,20.31973214285714,63.9,True,50.50821428571429,Medium
CUST03193,Price_Sensitive,124,31,0.25,2764.94,22.29790322580645,69.6,False,50.50750000000001,Medium
CUST01808,Price_Sensitive,115,38,0.3304347826086956,2335.38,20.307652173913045,65.2,True,50.50489130434782,Medium
CUST04044,Price_Sensitive,113,40,0.3539823008849557,1323.95,11.71637168141593,63.7,True,50.500542035398226,Medium
CUST04988,Routine_Commuter,118,37,0.3135593220338983,3055.62,25.895084745762713,65.7,True,50.499872881355934,Medium
CUST07768,Price_Sensitive,119,34,0.2857142857142857,2849.79,23.94781512605042,68.1,False,50.49982142857142,Medium
CUST00828,Price_Sensitive,113,34,0.3008849557522124,2537.08,22.452035398230088,69.0,True,50.496648230088496,Medium
CUST01339,Price_Sensitive,114,39,0.3421052631578947,3308.81,29.024649122807016,64.4,True,50.49046052631579,Medium
CUST05177,Routine_Commuter,114,39,0.3421052631578947,3250.02,28.50894736842105,64.4,True,50.49046052631579,Medium
CUST07592,Price_Sensitive,122,37,0.3032786885245901,1935.04,15.860983606557376,65.1,True,50.483647540983604,Medium
CUST01827,Routine_Commuter,114,36,0.3157894736842105,1615.0,14.166666666666666,67.0,True,50.47782894736842,Medium
CUST04686,Price_Sensitive,107,41,0.3831775700934579,1712.18,16.001682242990654,63.5,True,50.47585280373832,Medium
CUST05948,Routine_Commuter,122,36,0.2950819672131147,3788.24,31.05114754098361,65.9,False,50.47577868852459,Medium
CUST07577,Routine_Commuter,123,33,0.2682926829268293,3318.75,26.98170731707317,68.1,False,50.46920731707317,Medium
CUST03304,Price_Sensitive,113,40,0.3539823008849557,2341.38,20.72017699115044,63.6,True,50.46054203539823,Medium
CUST00365,Routine_Commuter,118,37,0.3135593220338983,1685.92,14.287457627118645,65.6,True,50.459872881355935,Medium
CUST07423,Routine_Commuter,109,36,0.3302752293577982,1642.6,15.069724770642202,67.8,True,50.45975917431193,Medium
CUST05410,Convenience_First,113,41,0.3628318584070796,3489.68,30.882123893805307,62.7,True,50.454524336283185,Medium
CUST06317,Price_Sensitive,111,37,0.3333333333333333,2357.25,21.236486486486488,66.6,True,50.45083333333333,Medium
CUST01150,Routine_Commuter,115,36,0.3130434782608696,2620.18,22.78417391304348,66.8,True,50.449239130434776,Medium
CUST00020,Routine_Commuter,116,39,0.3362068965517241,2230.13,19.225258620689655,64.1,True,50.44827586206896,Medium
CUST03889,Price_Sensitive,114,35,0.3070175438596491,1579.5,13.855263157894736,67.8,True,50.446951754385964,Medium
CUST06962,Routine_Commuter,115,33,0.2869565217391304,1685.87,14.65973913043478,69.4,False,50.44576086956522,Medium
CUST07372,Routine_Commuter,117,37,0.3162393162393162,3351.29,28.643504273504274,65.7,True,50.44207264957265,Medium
CUST07711,Routine_Commuter,107,44,0.411214953271028,2500.49,23.369065420560744,60.6,True,50.43734813084112,Medium
CUST03025,Routine_Commuter,112,37,0.3303571428571428,1977.19,17.653482142857143,66.4,True,50.43678571428571,Medium
CUST06016,Routine_Commuter,114,41,0.3596491228070175,2349.68,20.611228070175436,62.5,True,50.4322149122807,Medium
CUST00760,Routine_Commuter,117,31,0.2649572649572649,2017.94,17.247350427350426,70.8,False,50.4307905982906,Medium
CUST04212,Routine_Commuter,121,37,0.3057851239669421,1768.0,14.611570247933884,65.2,True,50.43015495867768,Medium
CUST00216,Convenience_First,121,37,0.3057851239669421,2868.12,23.703471074380165,65.2,True,50.43015495867768,Medium
CUST06598,Convenience_First,123,33,0.2682926829268293,3467.63,28.19211382113821,68.0,False,50.42920731707318,Medium
CUST07653,Routine_Commuter,116,35,0.3017241379310345,2043.18,17.61362068965517,67.5,True,50.42896551724138,Medium
CUST05576,Price_Sensitive,115,38,0.3304347826086956,3110.72,27.04973913043478,65.0,True,50.424891304347824,Medium
CUST04744,Convenience_First,111,38,0.3423423423423423,2204.59,19.861171171171172,65.6,True,50.41119369369369,Medium
CUST07603,Price_Sensitive,107,42,0.3925233644859813,2526.22,23.609532710280373,62.4,True,50.40968457943926,Medium
CUST02603,Routine_Commuter,120,33,0.275,2795.94,23.2995,68.6,False,50.405,Medium
CUST00797,Routine_Commuter,116,34,0.293103448275862,2722.33,23.468362068965515,68.3,False,50.404137931034484,Medium
CUST00642,Price_Sensitive,119,33,0.2773109243697479,3235.09,27.185630252100843,68.7,False,50.40368697478992,Medium
CUST06817,Routine_Commuter,104,46,0.4423076923076923,3013.67,28.977596153846154,58.9,False,50.401057692307695,Medium
CUST01492,Routine_Commuter,119,35,0.2941176470588235,2692.86,22.629075630252103,67.0,False,50.395955882352936,Medium
CUST04374,Routine_Commuter,117,33,0.282051282051282,1830.16,15.642393162393162,69.0,False,50.39455128205128,Medium
CUST07632,Routine_Commuter,128,24,0.1875,3060.16,23.9075,74.1,False,50.38875,Medium
CUST05003,Routine_Commuter,119,32,0.2689075630252101,2620.38,22.02,69.5,False,50.3875525210084,Medium
CUST04151,Routine_Commuter,116,38,0.3275862068965517,2836.8,24.455172413793104,64.8,True,50.38344827586207,Medium
CUST06344,Price_Sensitive,117,36,0.3076923076923077,2354.52,20.124102564102564,66.4,True,50.38019230769231,Medium
CUST07600,Routine_Commuter,118,37,0.3135593220338983,2506.4,21.240677966101696,65.4,True,50.379872881355936,Medium
CUST01563,Routine_Commuter,119,34,0.2857142857142857,3017.81,25.359747899159665,67.8,False,50.37982142857143,Medium
CUST06943,Price_Sensitive,121,32,0.2644628099173554,1634.31,13.506694214876031,69.2,False,50.37726239669421,Medium
CUST00921,Price_Sensitive,114,34,0.2982456140350877,2324.74,20.392456140350877,68.5,False,50.37607456140351,Medium
CUST03626,Price_Sensitive,111,39,0.3513513513513513,1788.8,16.115315315315314,64.6,True,50.37155405405405,Medium
CUST02531,Price_Sensitive,112,32,0.2857142857142857,3523.37,31.458660714285713,70.7,False,50.37107142857143,Medium
CUST01507,Price_Sensitive,106,39,0.3679245283018867,2345.59,22.12820754716981,65.2,True,50.364481132075476,Medium
CUST00635,Routine_Commuter,118,36,0.3050847457627119,2957.09,25.060084745762712,66.2,True,50.360889830508484,Medium
CUST06626,Routine_Commuter,122,31,0.2540983606557377,2940.12,24.09934426229508,69.7,False,50.35643442622951,Medium
CUST00610,Routine_Commuter,115,44,0.3826086956521739,3257.45,28.32565217391304,59.6,False,50.35184782608695,Medium
CUST05930,Routine_Commuter,120,38,0.3166666666666666,2807.5,23.395833333333332,64.3,True,50.35166666666666,Medium
CUST05458,Routine_Commuter,120,32,0.2666666666666666,1877.94,15.6495,69.3,False,50.35166666666666,Medium
CUST03123,Price_Sensitive,116,35,0.3017241379310345,1734.03,14.94853448275862,67.3,True,50.34896551724138,Medium
CUST04036,Price_Sensitive,109,37,0.3394495412844037,3185.85,29.227981651376147,66.6,True,50.346731651376146,Medium
CUST00758,Price_Sensitive,118,35,0.2966101694915254,2702.68,22.904067796610168,67.0,False,50.341906779661024,Medium
CUST02852,Price_Sensitive,129,30,0.2325581395348837,1370.34,10.622790697674418,69.1,False,50.34107558139535,Medium
CUST04170,Price_Sensitive,121,32,0.2644628099173554,2654.01,21.93396694214876,69.1,False,50.337262396694214,Medium
CUST06547,Routine_Commuter,121,32,0.2644628099173554,3092.55,25.55826446280992,69.1,False,50.337262396694214,Medium
CUST00004,Routine_Commuter,105,45,0.4285714285714285,2366.55,22.53857142857143,59.6,False,50.33535714285714,Medium
CUST06781,Routine_Commuter,121,39,0.3223140495867768,3029.05,25.033471074380166,63.3,True,50.331311983471075,Medium
CUST06832,Routine_Commuter,122,32,0.2622950819672131,2984.69,24.46467213114754,68.8,False,50.324303278688525,Medium
CUST07190,Routine_Commuter,116,34,0.293103448275862,2580.36,22.24448275862069,68.1,False,50.32413793103448,Medium
CUST01085,Price_Sensitive,123,28,0.2276422764227642,2166.07,17.610325203252035,71.8,False,50.323191056910574,Medium
CUST06543,Price_Sensitive,115,34,0.2956521739130435,2169.45,18.864782608695652,68.2,False,50.313586956521746,Medium
CUST03638,Routine_Commuter,115,38,0.3304347826086956,3068.55,26.68304347826087,64.7,True,50.30489130434782,Medium
CUST05964,Routine_Commuter,113,40,0.3539823008849557,3253.15,28.788938053097347,63.2,True,50.30054203539822,Medium
CUST07594,Routine_Commuter,119,34,0.2857142857142857,2917.64,24.51798319327731,67.6,False,50.299821428571434,Medium
CUST04679,Routine_Commuter,120,31,0.2583333333333333,3680.76,30.673,70.0,False,50.29833333333333,Medium
CUST06525,Price_Sensitive,120,34,0.2833333333333333,3624.49,30.204083333333333,67.5,False,50.29833333333333,Medium
CUST00706,Price_Sensitive,114,34,0.2982456140350877,3266.69,28.65517543859649,68.3,False,50.29607456140351,Medium
CUST05023,Routine_Commuter,116,36,0.3103448275862069,2041.54,17.599482758620688,66.3,True,50.29379310344828,Medium
CUST02395,Routine_Commuter,111,42,0.3783783783783784,2531.84,22.80936936936937,61.7,True,50.292635135135136,Medium
CUST01218,Routine_Commuter,122,33,0.2704918032786885,3024.76,24.79311475409836,67.9,False,50.292172131147545,Medium
CUST01811,Routine_Commuter,119,31,0.2605042016806723,1717.98,14.436806722689075,70.1,False,50.291418067226886,Medium
CUST00702,Price_Sensitive,111,36,0.3243243243243243,2377.8,21.42162162162162,67.1,True,50.29047297297297,Medium
CUST02303,Routine_Commuter,110,39,0.3545454545454545,2231.58,20.28709090909091,64.5,True,50.28806818181818,Medium
CUST01898,Convenience_First,109,40,0.3669724770642202,4099.26,37.60788990825688,63.7,True,50.287649082568805,Medium
CUST05733,Price_Sensitive,112,34,0.3035714285714285,2566.88,22.91857142857143,68.7,True,50.285357142857144,Medium
CUST07676,Price_Sensitive,119,33,0.2773109243697479,3318.57,27.88714285714286,68.4,False,50.283686974789916,Medium
CUST05852,Price_Sensitive,105,42,0.4,1368.74,13.035619047619049,62.3,True,50.2725,Medium
CUST05462,Routine_Commuter,122,34,0.2786885245901639,2439.03,19.99204918032787,67.0,False,50.26004098360656,Medium
CUST05726,Routine_Commuter,117,32,0.2735042735042735,2410.69,20.60418803418803,69.5,False,50.252670940170944,Medium
CUST01002,Convenience_First,113,35,0.3097345132743362,3595.9,31.822123893805312,67.5,True,50.250630530973446,Medium
CUST06044,Routine_Commuter,112,36,0.3214285714285714,2947.41,26.31616071428571,66.8,True,50.239642857142854,Medium
CUST01369,Routine_Commuter,121,34,0.2809917355371901,4200.85,34.71776859504133,67.2,False,50.238419421487606,Medium
CUST04814,Routine_Commuter,114,36,0.3157894736842105,2722.47,23.88131578947368,66.4,True,50.23782894736843,Medium
CUST03972,Price_Sensitive,114,36,0.3157894736842105,2225.32,19.520350877192985,66.4,True,50.23782894736843,Medium
CUST04903,Convenience_First,115,37,0.3217391304347826,3101.31,26.967913043478266,65.4,True,50.237065217391304,Medium
CUST06680,Routine_Commuter,115,37,0.3217391304347826,3701.0,32.18260869565217,65.4,True,50.237065217391304,Medium
CUST04990,Routine_Commuter,106,36,0.3396226415094339,3528.84,33.29094339622642,67.7,True,50.23240566037736,Medium
CUST06636,Convenience_First,120,38,0.3166666666666666,1998.57,16.65475,64.0,True,50.23166666666667,Medium
CUST06895,Price_Sensitive,115,31,0.2695652173913043,2659.57,23.126695652173915,70.6,False,50.23010869565216,Medium
CUST00592,Convenience_First,125,36,0.288,2831.28,22.65024,64.7,False,50.228750000000005,Medium
CUST01973,Routine_Commuter,114,33,0.2894736842105263,2611.81,22.91061403508772,69.0,False,50.22519736842106,Medium
CUST06534,Price_Sensitive,126,25,0.1984126984126984,2813.28,22.32761904761905,73.3,False,50.219007936507936,Medium
CUST00429,Convenience_First,111,38,0.3423423423423423,4074.48,36.707027027027024,65.1,True,50.211193693693694,Medium
CUST04356,Price_Sensitive,113,35,0.3097345132743362,2721.96,24.088141592920355,67.4,True,50.210630530973454,Medium
CUST07237,Price_Sensitive,111,33,0.2972972972972973,1662.29,14.975585585585586,69.6,False,50.20939189189189,Medium
CUST02789,Routine_Commuter,126,29,0.2301587301587301,3319.12,26.342222222222222,70.1,False,50.2088492063492,Medium
CUST06237,Routine_Commuter,110,39,0.3545454545454545,3358.31,30.53009090909091,64.3,True,50.20806818181818,Medium
CUST03198,Routine_Commuter,112,34,0.3035714285714285,3336.24,29.787857142857145,68.5,True,50.205357142857146,Medium
CUST00849,Convenience_First,116,34,0.293103448275862,2398.32,20.675172413793103,67.8,False,50.20413793103448,Medium
CUST02771,Convenience_First,113,37,0.3274336283185841,3201.87,28.33513274336283,65.6,True,50.198595132743364,Medium
CUST07723,Routine_Commuter,104,41,0.3942307692307692,4019.29,38.64701923076923,63.2,True,50.19798076923077,Medium
CUST01335,Convenience_First,112,37,0.3303571428571428,2908.16,25.965714285714284,65.8,True,50.19678571428572,Medium
CUST06797,Price_Sensitive,119,35,0.2941176470588235,3776.33,31.733865546218485,66.5,False,50.19595588235295,Medium
CUST06516,Routine_Commuter,114,41,0.3596491228070175,3300.28,28.94982456140351,61.9,True,50.192214912280704,Medium
CUST03087,Price_Sensitive,116,35,0.3017241379310345,3001.95,25.878879310344825,66.9,True,50.188965517241385,Medium
CUST02762,Price_Sensitive,110,33,0.3,1847.8,16.798181818181817,69.7,True,50.18625,Medium
CUST07608,Routine_Commuter,118,31,0.2627118644067797,2152.66,18.2428813559322,70.0,False,50.18597457627119,Medium
CUST00909,Routine_Commuter,107,40,0.3738317757009345,3027.47,28.294112149532708,63.7,True,50.18202102803738,Medium
CUST03251,Routine_Commuter,106,42,0.3962264150943396,2279.68,21.506415094339623,61.9,True,50.17655660377359,Medium
CUST01861,Routine_Commuter,113,41,0.3628318584070796,1430.22,12.656814159292036,62.0,True,50.174524336283184,Medium
CUST04202,Routine_Commuter,110,40,0.3636363636363636,2693.83,24.489363636363635,63.3,True,50.171704545454546,Medium
CUST07362,Price_Sensitive,111,38,0.3423423423423423,2314.69,20.853063063063065,65.0,True,50.17119369369369,Medium
CUST00554,Convenience_First,120,33,0.275,968.3,8.069166666666666,68.0,False,50.165000000000006,Medium
CUST06769,Routine_Commuter,112,38,0.3392857142857143,3006.54,26.844107142857144,64.8,True,50.15392857142857,Medium
CUST02555,Routine_Commuter,113,38,0.336283185840708,2657.81,23.520442477876102,64.6,True,50.152577433628316,Medium
CUST04315,Price_Sensitive,120,32,0.2666666666666666,2534.52,21.121,68.8,False,50.15166666666667,Medium
CUST00768,Price_Sensitive,108,37,0.3425925925925926,2214.45,20.504166666666663,66.3,True,50.15120370370371,Medium
CUST03408,Convenience_First,121,33,0.2727272727272727,3030.88,25.048595041322315,67.8,False,50.14784090909091,Medium
CUST02833,Routine_Commuter,116,43,0.3706896551724138,2630.96,22.680689655172415,59.9,False,50.147586206896555,Medium
CUST07134,Routine_Commuter,123,32,0.2601626016260163,3226.12,26.22861788617886,68.1,False,50.144004065040654,Medium
CUST03841,Convenience_First,103,43,0.4174757281553398,2683.85,26.056796116504852,61.2,True,50.14152912621359,Medium
CUST05677,Routine_Commuter,119,34,0.2857142857142857,2792.11,23.46310924369748,67.2,False,50.13982142857144,Medium
CUST02645,Convenience_First,115,33,0.2869565217391304,2795.44,24.30817391304348,68.6,False,50.12576086956521,Medium
CUST06521,Convenience_First,118,34,0.288135593220339,3838.09,32.52618644067797,67.3,False,50.12292372881357,Medium
CUST04820,Convenience_First,114,40,0.3508771929824561,2228.03,19.544122807017544,62.6,True,50.121337719298246,Medium
CUST01161,Convenience_First,115,40,0.3478260869565217,2568.22,22.332347826086956,62.5,True,50.12054347826087,Medium
CUST05522,Routine_Commuter,122,31,0.2540983606557377,2599.07,21.30385245901639,69.1,False,50.11643442622951,Medium
CUST06726,Price_Sensitive,109,38,0.3486238532110092,2035.74,18.67651376146789,65.1,True,50.11370412844036,Medium
CUST07892,Price_Sensitive,109,38,0.3486238532110092,2324.64,21.32697247706422,65.1,True,50.11370412844036,Medium
CUST06450,Routine_Commuter,115,34,0.2956521739130435,2292.71,19.936608695652176,67.7,False,50.11358695652174,Medium
CUST05911,Price_Sensitive,124,31,0.25,2374.63,19.150241935483873,68.6,False,50.1075,Medium
CUST01198,Routine_Commuter,109,37,0.3394495412844037,2261.19,20.744862385321102,66.0,True,50.10673165137615,Medium
CUST01080,Routine_Commuter,117,38,0.3247863247863248,2905.63,24.834444444444447,64.0,True,50.103952991453,Medium
CUST04282,Routine_Commuter,118,33,0.2796610169491525,3764.42,31.901864406779666,68.1,False,50.1039406779661,Medium
CUST01702,Price_Sensitive,113,33,0.2920353982300885,2517.09,22.275132743362832,68.9,False,50.10266592920354,Medium
CUST07609,Price_Sensitive,115,35,0.3043478260869565,1815.39,15.786,66.8,True,50.10141304347826,Medium
CUST03118,Routine_Commuter,114,38,0.3333333333333333,2622.27,23.00236842105263,64.3,True,50.09958333333333,Medium
CUST06965,Routine_Commuter,118,39,0.3305084745762712,3493.93,29.60957627118644,63.0,True,50.097838983050856,Medium
CUST00529,Price_Sensitive,113,34,0.3008849557522124,2503.87,22.15814159292035,68.0,True,50.0966482300885,Medium
CUST05466,Convenience_First,113,34,0.3008849557522124,1743.75,15.43141592920354,68.0,True,50.0966482300885,Medium
CUST05552,Routine_Commuter,111,37,0.3333333333333333,2931.25,26.40765765765766,65.7,True,50.09083333333333,Medium
CUST04938,Price_Sensitive,105,39,0.3714285714285714,2688.44,25.60419047619048,64.7,True,50.089642857142856,Medium
CUST01673,Price_Sensitive,114,35,0.3070175438596491,3486.52,30.583508771929825,66.9,True,50.08695175438597,Medium
CUST00178,Routine_Commuter,114,35,0.3070175438596491,1976.98,17.341929824561404,66.9,True,50.08695175438597,Medium
CUST06919,Routine_Commuter,108,38,0.3518518518518518,3372.0,31.22222222222222,65.2,True,50.08157407407408,Medium
CUST06766,Convenience_First,118,36,0.3050847457627119,1969.71,16.692457627118646,65.5,True,50.08088983050848,Medium
CUST03900,Routine_Commuter,108,34,0.3148148148148148,3210.93,29.730833333333333,68.9,True,50.0800925925926,Medium
CUST03180,Convenience_First,112,38,0.3392857142857143,3923.61,35.03223214285715,64.6,True,50.073928571428574,Medium
CUST07244,Price_Sensitive,115,34,0.2956521739130435,4002.42,34.803652173913044,67.6,False,50.07358695652174,Medium
CUST06083,Convenience_First,104,39,0.375,2348.5,22.58173076923077,64.8,True,50.06875,Medium
CUST07803,Convenience_First,105,36,0.3428571428571428,2328.27,22.174,67.5,True,50.06678571428571,Medium
CUST03217,Routine_Commuter,113,39,0.3451327433628318,2122.64,18.78442477876106,63.5,True,50.06655973451328,Medium
CUST01493,Routine_Commuter,108,36,0.3333333333333333,1800.96,16.675555555555555,67.0,True,50.060833333333335,Medium
CUST07238,Convenience_First,106,42,0.3962264150943396,2951.74,27.846603773584903,61.6,True,50.056556603773586,Medium
CUST07355,Price_Sensitive,109,41,0.3761467889908257,2572.08,23.597064220183487,62.2,True,50.054621559633034,Medium
CUST05482,Routine_Commuter,108,43,0.3981481481481481,3035.45,28.10601851851852,60.5,True,50.05342592592593,Medium
CUST07227,Routine_Commuter,108,39,0.3611111111111111,1772.51,16.41212962962963,64.2,True,50.05194444444445,Medium
CUST02916,Routine_Commuter,111,34,0.3063063063063063,3022.76,27.232072072072075,68.3,True,50.049752252252254,Medium
CUST05252,Price_Sensitive,111,33,0.2972972972972973,3815.8,34.376576576576575,69.2,False,50.049391891891894,Medium
CUST02712,Routine_Commuter,112,33,0.2946428571428571,2954.51,26.379553571428573,69.0,False,50.04821428571429,Medium
CUST03343,Convenience_First,110,39,0.3545454545454545,2914.1,26.491818181818186,63.9,True,50.04806818181818,Medium
CUST05516,Price_Sensitive,112,34,0.3035714285714285,1965.44,17.548571428571428,68.1,True,50.04535714285714,Medium
CUST06747,Price_Sensitive,122,32,0.2622950819672131,2078.6,17.037704918032787,68.1,False,50.044303278688524,Medium
CUST00557,Routine_Commuter,118,34,0.288135593220339,2436.32,20.64677966101695,67.1,False,50.04292372881356,Medium
CUST07486,Convenience_First,117,37,0.3162393162393162,2451.83,20.955811965811964,64.7,True,50.04207264957265,Medium
CUST06115,Price_Sensitive,109,39,0.3577981651376147,2194.47,20.13275229357798,64.0,True,50.040676605504586,Medium
CUST00624,Routine_Commuter,107,38,0.3551401869158878,2113.28,19.750280373831774,65.2,True,50.03435747663552,Medium
CUST02617,Routine_Commuter,105,42,0.4,2224.87,21.189238095238093,61.7,True,50.032500000000006,Medium
CUST05116,Routine_Commuter,128,35,0.2734375,3019.43,23.589296875,64.6,False,50.026250000000005,Medium
CUST01842,Convenience_First,110,44,0.4,3242.82,29.48018181818182,59.3,False,50.02625,Medium
CUST03676,Convenience_First,115,35,0.3043478260869565,5319.06,46.25269565217392,66.6,True,50.02141304347826,Medium
CUST05091,Routine_Commuter,108,36,0.3333333333333333,1938.55,17.949537037037036,66.9,True,50.020833333333336,Medium
CUST00002,Price_Sensitive,121,32,0.2644628099173554,2157.48,17.830413223140496,68.3,False,50.017262396694214,Medium
CUST05661,Convenience_First,110,40,0.3636363636363636,1243.33,11.303,62.9,True,50.01170454545454,Medium
CUST05367,Routine_Commuter,113,35,0.3097345132743362,2412.43,21.348938053097346,66.9,True,50.01063053097345,Medium
CUST05119,Routine_Commuter,106,37,0.3490566037735849,3586.24,33.83245283018868,66.2,True,50.009764150943404,Medium
CUST07914,Price_Sensitive,121,31,0.256198347107438,1852.01,15.30586776859504,69.1,False,50.00668388429752,Medium
CUST02561,Routine_Commuter,109,39,0.3577981651376147,2459.9,22.56788990825688,63.9,True,50.000676605504594,Medium
CUST06774,Price_Sensitive,112,36,0.3214285714285714,2770.99,24.740982142857145,66.2,True,49.99964285714286,Low
CUST03164,Price_Sensitive,113,37,0.3274336283185841,2925.73,25.89141592920354,65.1,True,49.99859513274336,Low
CUST05757,Routine_Commuter,114,36,0.3157894736842105,2035.58,17.8559649122807,65.8,True,49.99782894736842,Low
CUST03572,Price_Sensitive,112,37,0.3303571428571428,2941.57,26.264017857142857,65.3,True,49.996785714285714,Low
CUST03401,Convenience_First,112,37,0.3303571428571428,3115.31,27.815267857142857,65.3,True,49.996785714285714,Low
CUST01478,Routine_Commuter,122,31,0.2540983606557377,2309.36,18.929180327868853,68.8,False,49.99643442622951,Low
CUST01983,Price_Sensitive,114,32,0.2807017543859649,2767.77,24.278684210526315,69.3,False,49.994320175438595,Low
CUST06906,Routine_Commuter,114,28,0.2456140350877192,2773.06,24.32508771929825,72.8,False,49.99081140350877,Low
CUST05411,Routine_Commuter,115,31,0.2695652173913043,2847.47,24.760608695652177,70.0,False,49.99010869565217,Low
CUST01228,Routine_Commuter,103,39,0.3786407766990291,2315.56,22.481165048543687,64.7,True,49.98813106796117,Low
CUST02006,Routine_Commuter,107,37,0.3457943925233644,1797.39,16.798037383177572,66.0,True,49.98052570093458,Low
CUST05356,Routine_Commuter,117,36,0.3076923076923077,2690.1,22.99230769230769,65.4,True,49.98019230769231,Low
CUST00415,Routine_Commuter,118,39,0.3305084745762712,1978.19,16.764322033898306,62.7,True,49.97783898305085,Low
CUST06590,Price_Sensitive,111,37,0.3333333333333333,1924.38,17.336756756756756,65.4,True,49.97083333333334,Low
CUST05789,Price_Sensitive,111,36,0.3243243243243243,2082.11,18.75774774774775,66.3,True,49.97047297297297,Low
CUST04321,Convenience_First,112,33,0.2946428571428571,3310.76,29.560357142857143,68.8,False,49.96821428571429,Low
CUST05991,Convenience_First,110,38,0.3454545454545454,2778.1,25.255454545454544,64.6,True,49.964431818181815,Low
CUST05476,Price_Sensitive,113,37,0.3274336283185841,2125.44,18.80920353982301,65.0,True,49.95859513274336,Low
CUST04939,Price_Sensitive,117,33,0.282051282051282,2475.19,21.155470085470085,67.9,False,49.954551282051284,Low
CUST03179,Convenience_First,105,42,0.4,3273.49,31.176095238095236,61.5,True,49.9525,Low
CUST04835,Routine_Commuter,112,39,0.3482142857142857,1595.81,14.24830357142857,63.4,True,49.95107142857143,Low
CUST06468,Convenience_First,105,40,0.3809523809523809,2679.87,25.52257142857143,63.4,True,49.95059523809523,Low
CUST01689,Convenience_First,110,34,0.3090909090909091,4074.84,37.044,68.2,True,49.94988636363636,Low
CUST01786,Price_Sensitive,110,34,0.3090909090909091,1505.15,13.68318181818182,68.2,True,49.94988636363636,Low
CUST02521,Routine_Commuter,103,39,0.3786407766990291,3313.8,32.17281553398058,64.6,True,49.948131067961164,Low
CUST04295,Price_Sensitive,123,25,0.2032520325203252,1725.15,14.025609756097564,73.3,False,49.94758130081301,Low
CUST02807,Routine_Commuter,109,37,0.3394495412844037,3018.72,27.694678899082568,65.6,True,49.94673165137614,Low
CUST01174,Price_Sensitive,109,31,0.2844036697247706,1921.02,17.624036697247707,71.1,False,49.94489678899082,Low
CUST02641,Price_Sensitive,113,33,0.2920353982300885,2001.2,17.709734513274338,68.5,False,49.94266592920354,Low
CUST01573,Price_Sensitive,109,36,0.3302752293577982,1718.19,15.763211009174311,66.5,True,49.93975917431193,Low
CUST00514,Routine_Commuter,108,39,0.3611111111111111,2953.99,27.351759259259257,63.9,True,49.93194444444445,Low
CUST03803,Routine_Commuter,111,36,0.3243243243243243,2481.81,22.358648648648646,66.2,True,49.93047297297297,Low
CUST07557,Routine_Commuter,114,39,0.3421052631578947,1562.53,13.70640350877193,63.0,True,49.93046052631579,Low
CUST04425,Routine_Commuter,114,35,0.3070175438596491,2933.37,25.731315789473683,66.5,True,49.92695175438597,Low
CUST07245,Price_Sensitive,114,35,0.3070175438596491,2069.36,18.152280701754385,66.5,True,49.92695175438597,Low
CUST04341,Price_Sensitive,118,32,0.2711864406779661,2105.26,17.84118644067797,68.5,False,49.92495762711865,Low
CUST00089,Routine_Commuter,106,39,0.3679245283018867,3148.18,29.699811320754716,64.1,True,49.92448113207547,Low
CUST01155,Price_Sensitive,112,35,0.3125,2393.29,21.368660714285713,66.9,True,49.92250000000001,Low
CUST05864,Price_Sensitive,113,37,0.3274336283185841,2454.03,21.7170796460177,64.9,True,49.91859513274336,Low
CUST05739,Routine_Commuter,105,40,0.3809523809523809,3532.4,33.64190476190476,63.3,True,49.91059523809523,Low
CUST02824,Price_Sensitive,118,27,0.2288135593220339,4236.3,35.90084745762712,72.7,False,49.91004237288136,Low
CUST00236,Convenience_First,118,29,0.2457627118644068,2506.28,21.239661016949153,71.0,False,49.90800847457628,Low
CUST03910,Routine_Commuter,124,31,0.25,2320.35,18.7125,68.1,False,49.9075,Low
CUST03794,Price_Sensitive,117,29,0.2478632478632478,3215.82,27.485641025641023,71.2,False,49.90702991452992,Low
CUST07998,Convenience_First,109,37,0.3394495412844037,2035.58,18.675045871559632,65.5,True,49.90673165137615,Low
CUST03391,Routine_Commuter,106,40,0.3773584905660377,2541.79,23.979150943396228,63.1,True,49.90183962264151,Low
CUST07717,Routine_Commuter,115,35,0.3043478260869565,3376.47,29.36060869565217,66.3,True,49.90141304347826,Low
CUST07985,Routine_Commuter,113,34,0.3008849557522124,3691.21,32.66557522123894,67.5,True,49.896648230088495,Low
CUST06021,Routine_Commuter,106,37,0.3490566037735849,1189.55,11.222169811320754,65.9,True,49.8897641509434,Low
CUST06937,Price_Sensitive,111,32,0.2882882882882883,2589.2,23.326126126126123,69.7,False,49.889031531531536,Low
CUST00863,Routine_Commuter,112,33,0.2946428571428571,1507.77,13.462232142857143,68.6,False,49.888214285714284,Low
CUST05374,Price_Sensitive,109,34,0.3119266055045872,3874.18,35.54293577981651,68.2,True,49.88581422018349,Low
CUST06069,Routine_Commuter,116,34,0.293103448275862,1651.34,14.235689655172411,67.0,False,49.88413793103448,Low
CUST07816,Price_Sensitive,112,35,0.3125,1869.77,16.694375,66.8,True,49.8825,Low
CUST06592,Price_Sensitive,119,30,0.2521008403361344,3503.74,29.44319327731092,69.9,False,49.875283613445376,Low
CUST01106,Convenience_First,115,34,0.2956521739130435,3555.47,30.917130434782607,67.1,False,49.873586956521734,Low
CUST00215,Price_Sensitive,106,36,0.3396226415094339,1815.74,17.129622641509435,66.8,True,49.87240566037736,Low
CUST06794,Convenience_First,120,38,0.3166666666666666,4580.31,38.169250000000005,63.1,True,49.87166666666667,Low
CUST04258,Price_Sensitive,122,30,0.2459016393442623,1925.2,15.78032786885246,69.3,False,49.86856557377049,Low
CUST05481,Routine_Commuter,101,39,0.3861386138613861,1816.94,17.98950495049505,64.6,True,49.86429455445544,Low
CUST00847,Price_Sensitive,113,33,0.2920353982300885,3530.07,31.239557522123896,68.3,False,49.86266592920354,Low
CUST06985,Routine_Commuter,117,36,0.3076923076923077,3100.57,26.50059829059829,65.1,True,49.86019230769231,Low
CUST05713,Routine_Commuter,117,32,0.2735042735042735,1891.51,16.166752136752137,68.5,False,49.852670940170945,Low
CUST03818,Convenience_First,108,35,0.324074074074074,2565.91,23.758425925925923,67.4,True,49.85046296296297,Low
CUST04953,Routine_Commuter,106,37,0.3490566037735849,2840.78,26.79981132075472,65.8,True,49.8497641509434,Low
CUST05899,Routine_Commuter,112,33,0.2946428571428571,3541.46,31.62017857142857,68.5,False,49.848214285714285,Low
CUST03876,Price_Sensitive,112,33,0.2946428571428571,1235.15,11.028125,68.5,False,49.848214285714285,Low
CUST02144,Price_Sensitive,113,31,0.2743362831858407,1256.74,11.121592920353985,70.0,False,49.83470132743363,Low
CUST02459,Convenience_First,115,34,0.2956521739130435,3109.3,27.03739130434783,67.0,False,49.83358695652174,Low
CUST01462,Convenience_First,113,38,0.336283185840708,3624.76,32.07752212389381,63.8,True,49.832577433628316,Low
CUST00948,Routine_Commuter,105,38,0.3619047619047619,2885.9,27.484761904761907,65.0,True,49.828690476190474,Low
CUST05995,Routine_Commuter,110,33,0.3,3316.61,30.151,68.8,True,49.826249999999995,Low
CUST03863,Routine_Commuter,118,31,0.2627118644067797,2033.25,17.23093220338983,69.1,False,49.82597457627119,Low
CUST06780,Convenience_First,107,40,0.3738317757009345,2378.45,22.228504672897195,62.8,True,49.82202102803738,Low
CUST05393,Routine_Commuter,115,35,0.3043478260869565,2415.79,21.00686956521739,66.1,True,49.82141304347826,Low
CUST05579,Routine_Commuter,122,34,0.2786885245901639,3481.52,28.53704918032787,65.9,False,49.82004098360656,Low
CUST05615,Price_Sensitive,116,33,0.2844827586206896,2903.56,25.030689655172413,67.7,False,49.819310344827585,Low
CUST05730,Routine_Commuter,113,34,0.3008849557522124,2434.86,21.547433628318583,67.3,True,49.8166482300885,Low
CUST07743,Routine_Commuter,109,35,0.3211009174311927,2752.2,25.24954128440367,67.1,True,49.8127866972477,Low
CUST01823,Convenience_First,111,35,0.3153153153153153,1627.52,14.662342342342342,66.8,True,49.81011261261261,Low
CUST04872,Price_Sensitive,107,33,0.308411214953271,3583.74,33.49289719626169,69.3,True,49.80519859813084,Low
CUST00072,Routine_Commuter,113,36,0.3185840707964602,1975.6,17.483185840707964,65.5,True,49.80461283185841,Low
CUST07217,Routine_Commuter,108,38,0.3518518518518518,2420.97,22.41638888888889,64.5,True,49.801574074074075,Low
CUST02310,Routine_Commuter,110,37,0.3363636363636363,1856.62,16.878363636363634,65.1,True,49.80079545454545,Low
CUST06319,Price_Sensitive,108,34,0.3148148148148148,3221.74,29.830925925925925,68.2,True,49.8000925925926,Low
CUST03093,Routine_Commuter,112,36,0.3214285714285714,1527.11,13.634910714285713,65.7,True,49.79964285714286,Low
CUST00660,Routine_Commuter,113,38,0.336283185840708,2993.03,26.48699115044248,63.7,True,49.792577433628324,Low
CUST04963,Routine_Commuter,118,31,0.2627118644067797,2003.51,16.978898305084744,69.0,False,49.785974576271194,Low
CUST01300,Price_Sensitive,114,33,0.2894736842105263,1816.25,15.932017543859647,67.9,False,49.78519736842106,Low
CUST07841,Price_Sensitive,115,35,0.3043478260869565,2777.06,24.148347826086955,66.0,True,49.78141304347827,Low
CUST04681,Convenience_First,109,36,0.3302752293577982,2666.1,24.459633027522933,66.1,True,49.77975917431192,Low
CUST05354,Price_Sensitive,107,34,0.3177570093457944,2769.28,25.881121495327104,68.3,True,49.77903037383177,Low
CUST07348,Routine_Commuter,115,32,0.2782608695652174,1937.25,16.845652173913045,68.6,False,49.777934782608696,Low
CUST03415,Convenience_First,124,26,0.2096774193548387,2020.67,16.295725806451614,71.8,False,49.774596774193554,Low
CUST07934,Routine_Commuter,111,40,0.3603603603603603,3467.27,31.236666666666668,62.2,True,49.77191441441442,Low
CUST07413,Routine_Commuter,111,38,0.3423423423423423,2737.86,24.665405405405405,64.0,True,49.7711936936937,Low
CUST04877,Convenience_First,111,37,0.3333333333333333,2530.72,22.79927927927928,64.9,True,49.770833333333336,Low
CUST06385,Routine_Commuter,111,37,0.3333333333333333,3482.15,31.370720720720723,64.9,True,49.770833333333336,Low
CUST02138,Routine_Commuter,113,35,0.3097345132743362,3090.81,27.352300884955753,66.3,True,49.77063053097345,Low
CUST06686,Convenience_First,111,36,0.3243243243243243,2915.09,26.262072072072073,65.8,True,49.770472972972975,Low
CUST01148,Price_Sensitive,108,35,0.324074074074074,2676.81,24.78527777777778,67.2,True,49.77046296296297,Low
CUST03206,Routine_Commuter,111,32,0.2882882882882883,1195.05,10.766216216216216,69.4,False,49.76903153153154,Low
CUST02671,Price_Sensitive,114,35,0.3070175438596491,1172.66,10.286491228070176,66.1,True,49.766951754385964,Low
CUST00259,Routine_Commuter,115,33,0.2869565217391304,2791.02,24.269739130434782,67.7,False,49.76576086956521,Low
CUST05108,Price_Sensitive,103,41,0.3980582524271844,2117.71,20.560291262135923,62.2,True,49.764830097087376,Low
CUST02260,Routine_Commuter,109,33,0.3027522935779816,3582.23,32.864495412844036,68.8,True,49.75884174311926,Low
CUST03991,Convenience_First,113,37,0.3274336283185841,2923.7799999999997,25.874159292035397,64.5,True,49.758595132743366,Low
CUST05943,Routine_Commuter,110,36,0.3272727272727272,1888.28,17.16618181818182,65.9,True,49.75715909090909,Low
CUST01960,Routine_Commuter,107,38,0.3551401869158878,2079.18,19.431588785046728,64.5,True,49.75435747663552,Low
CUST02774,Price_Sensitive,115,31,0.2695652173913043,3264.7,28.38869565217391,69.4,False,49.75010869565217,Low
CUST07901,Price_Sensitive,105,36,0.3428571428571428,1574.03,14.990761904761904,66.7,True,49.746785714285714,Low
CUST01470,Convenience_First,109,37,0.3394495412844037,2560.43,23.490183486238532,65.1,True,49.74673165137615,Low
CUST06366,Routine_Commuter,107,40,0.3738317757009345,2456.71,22.959906542056075,62.6,True,49.742021028037385,Low
CUST02108,Price_Sensitive,107,37,0.3457943925233644,2756.35,25.760280373831776,65.4,True,49.74052570093458,Low
CUST03347,Routine_Commuter,111,38,0.3423423423423423,3416.42,30.77855855855856,63.9,True,49.73119369369369,Low
CUST05717,Routine_Commuter,118,30,0.2542372881355932,2262.18,19.17101694915254,69.7,False,49.726991525423735,Low
CUST05636,Routine_Commuter,115,33,0.2869565217391304,2714.99,23.608608695652173,67.6,False,49.72576086956522,Low
CUST05030,Routine_Commuter,120,27,0.225,1996.38,16.6365,71.9,False,49.72500000000001,Low
CUST02609,Routine_Commuter,106,39,0.3679245283018867,2706.69,25.534811320754716,63.6,True,49.724481132075475,Low
CUST02121,Routine_Commuter,112,35,0.3125,2364.49,21.111517857142857,66.4,True,49.722500000000004,Low
CUST05639,Convenience_First,109,39,0.3577981651376147,2986.27,27.39697247706422,63.2,True,49.72067660550459,Low
CUST00402,Convenience_First,109,33,0.3027522935779816,3688.73,33.84155963302752,68.7,True,49.71884174311927,Low
CUST00520,Routine_Commuter,108,41,0.3796296296296296,2215.22,20.511296296296297,61.5,True,49.71268518518519,Low
CUST05741,Routine_Commuter,113,38,0.336283185840708,2675.9,23.68053097345133,63.5,True,49.71257743362832,Low
CUST01405,Convenience_First,106,38,0.3584905660377358,2270.53,21.420094339622644,64.5,True,49.707122641509436,Low
CUST02760,Routine_Commuter,117,29,0.2478632478632478,1920.63,16.415641025641026,70.7,False,49.70702991452992,Low
CUST07218,Routine_Commuter,107,34,0.3177570093457944,3655.18,34.16056074766355,68.1,True,49.699030373831775,Low
CUST01076,Price_Sensitive,113,34,0.3008849557522124,2531.76,22.404955752212388,67.0,True,49.6966482300885,Low
CUST04769,Routine_Commuter,113,34,0.3008849557522124,1955.98,17.309557522123892,67.0,True,49.6966482300885,Low
CUST03160,Price_Sensitive,113,34,0.3008849557522124,1992.12,17.62938053097345,67.0,True,49.6966482300885,Low
CUST03508,Routine_Commuter,112,31,0.2767857142857143,2972.62,26.54125,69.9,False,49.69392857142858,Low
CUST04487,Price_Sensitive,119,31,0.2605042016806723,2599.15,21.841596638655464,68.6,False,49.69141806722689,Low
CUST05833,Routine_Commuter,111,36,0.3243243243243243,2678.3,24.12882882882883,65.6,True,49.69047297297297,Low
CUST04109,Routine_Commuter,107,42,0.3925233644859813,2892.01,27.02813084112149,60.6,True,49.68968457943926,Low
CUST06279,Price_Sensitive,109,34,0.3119266055045872,1820.48,16.70165137614679,67.7,True,49.68581422018349,Low
CUST06444,Routine_Commuter,115,33,0.2869565217391304,3076.74,26.75426086956522,67.5,False,49.685760869565215,Low
CUST00675,Routine_Commuter,108,38,0.3518518518518518,2102.52,19.467777777777776,64.2,True,49.68157407407408,Low
CUST06098,Convenience_First,100,43,0.43,2786.96,27.8696,60.2,True,49.681250000000006,Low
CUST07628,Routine_Commuter,110,36,0.3272727272727272,3177.78,28.88890909090909,65.7,True,49.677159090909086,Low
CUST07123,Routine_Commuter,110,33,0.3,2179.11,19.81009090909091,68.4,True,49.66625,Low
CUST03052,Price_Sensitive,121,29,0.2396694214876033,3121.11,25.794297520661157,69.9,False,49.66552685950413,Low
CUST01260,Routine_Commuter,116,30,0.2586206896551724,3401.53,29.32353448275862,69.9,False,49.6648275862069,Low
CUST01910,Routine_Commuter,113,33,0.2920353982300885,2375.83,21.02504424778761,67.8,False,49.66266592920354,Low
CUST04683,Price_Sensitive,107,37,0.3457943925233644,2604.72,24.343177570093456,65.2,True,49.660525700934585,Low
CUST00017,Price_Sensitive,113,34,0.3008849557522124,2101.9,18.600884955752218,66.9,True,49.6566482300885,Low
CUST04976,Routine_Commuter,106,42,0.3962264150943396,2235.51,21.08971698113208,60.6,True,49.65655660377359,Low
CUST00845,Routine_Commuter,122,28,0.2295081967213114,2190.36,17.95377049180328,70.4,False,49.65282786885246,Low
CUST02613,Routine_Commuter,111,37,0.3333333333333333,1205.59,10.86117117117117,64.6,True,49.65083333333333,Low
CUST07547,Convenience_First,106,37,0.3490566037735849,2016.15,19.020283018867925,65.3,True,49.6497641509434,Low
CUST05992,Price_Sensitive,105,37,0.3523809523809524,2574.96,24.52342857142857,65.5,True,49.6477380952381,Low
CUST02588,Price_Sensitive,118,30,0.2542372881355932,3384.42,28.681525423728814,69.5,False,49.646991525423736,Low
CUST01088,Price_Sensitive,107,36,0.3364485981308411,2996.61,28.00570093457944,66.1,True,49.64669392523364,Low
CUST00392,Price_Sensitive,115,27,0.2347826086956521,1626.37,14.142347826086958,72.6,False,49.63880434782608,Low
CUST06950,Price_Sensitive,115,31,0.2695652173913043,2238.93,19.46895652173913,69.1,False,49.63010869565217,Low
CUST03021,Price_Sensitive,110,34,0.3090909090909091,3251.67,29.56063636363637,67.4,True,49.629886363636366,Low
CUST03547,Price_Sensitive,108,33,0.3055555555555556,1953.13,18.08453703703704,68.7,True,49.62972222222223,Low
CUST03357,Routine_Commuter,113,32,0.2831858407079646,3001.56,26.562477876106193,68.6,False,49.62868362831858,Low
CUST04034,Convenience_First,114,33,0.2894736842105263,3851.15,33.78201754385965,67.5,False,49.625197368421055,Low
CUST05031,Routine_Commuter,122,29,0.2377049180327868,4428.35,36.29795081967213,69.5,False,49.620696721311475,Low
CUST02584,Routine_Commuter,108,32,0.2962962962962963,3373.84,31.23925925925926,69.6,False,49.61935185185185,Low
CUST01968,Convenience_First,115,32,0.2782608695652174,2234.09,19.42686956521739,68.2,False,49.6179347826087,Low
CUST06020,Convenience_First,103,40,0.3883495145631068,2651.43,25.742038834951455,62.8,True,49.61648058252427,Low
CUST02002,Convenience_First,111,35,0.3153153153153153,3057.26,27.54288288288289,66.3,True,49.61011261261261,Low
CUST00960,Convenience_First,112,33,0.2946428571428571,3298.77,29.45330357142857,67.9,False,49.60821428571429,Low
CUST05743,Routine_Commuter,109,34,0.3119266055045872,2193.57,20.12449541284404,67.5,True,49.60581422018349,Low
CUST07234,Price_Sensitive,107,33,0.308411214953271,3323.42,31.06,68.8,True,49.60519859813084,Low
CUST01990,Price_Sensitive,106,39,0.3679245283018867,1839.32,17.35207547169811,63.3,True,49.60448113207547,Low
CUST07049,Routine_Commuter,112,37,0.3303571428571428,2153.91,19.231339285714284,64.3,True,49.59678571428571,Low
CUST06117,Convenience_First,115,34,0.2956521739130435,4284.43,37.255913043478266,66.4,False,49.59358695652175,Low
CUST04962,Convenience_First,109,36,0.3302752293577982,2432.9,22.320183486238538,65.6,True,49.57975917431193,Low
CUST05916,Routine_Commuter,106,42,0.3962264150943396,2548.54,24.042830188679243,60.4,True,49.57655660377359,Low
CUST06533,Convenience_First,113,36,0.3185840707964602,4676.83,41.38787610619469,64.9,True,49.56461283185841,Low
CUST01560,Routine_Commuter,101,44,0.4356435643564356,3611.0,35.75247524752475,58.9,False,49.56449257425743,Low
CUST06515,Routine_Commuter,116,34,0.293103448275862,2054.79,17.713706896551724,66.2,False,49.56413793103448,Low
CUST07367,Price_Sensitive,113,30,0.2654867256637168,2512.99,22.238849557522123,70.2,False,49.56071902654867,Low
CUST02892,Routine_Commuter,113,37,0.3274336283185841,3108.45,27.508407079646016,64.0,True,49.55859513274336,Low
CUST03726,Price_Sensitive,113,31,0.2743362831858407,2857.21,25.28504424778761,69.3,False,49.55470132743363,Low
CUST04062,Price_Sensitive,110,35,0.3181818181818182,2488.51,22.62281818181818,66.3,True,49.55352272727273,Low
CUST07778,Convenience_First,103,42,0.4077669902912621,1676.13,16.273106796116505,60.7,True,49.553179611650485,Low
CUST02077,Routine_Commuter,107,35,0.3271028037383177,1950.24,18.226542056074766,66.8,True,49.55286214953271,Low
CUST01645,Routine_Commuter,105,40,0.3809523809523809,2848.87,27.132095238095236,62.4,True,49.550595238095234,Low
CUST01100,Convenience_First,102,39,0.3823529411764705,2553.4,25.033333333333335,63.7,True,49.546617647058824,Low
CUST03554,Price_Sensitive,108,40,0.3703703703703703,3205.68,29.682222222222222,62.0,True,49.542314814814816,Low
CUST03084,Price_Sensitive,112,29,0.2589285714285714,1215.42,10.851964285714288,71.3,False,49.53964285714286,Low
CUST04513,Price_Sensitive,112,30,0.2678571428571428,2915.51,26.031339285714285,70.4,False,49.53678571428572,Low
CUST02152,Routine_Commuter,113,34,0.3008849557522124,2600.85,23.01637168141593,66.6,True,49.536648230088495,Low
CUST01678,Convenience_First,117,34,0.2905982905982906,3516.0,30.05128205128205,66.0,False,49.536431623931634,Low
CUST02593,Price_Sensitive,106,35,0.330188679245283,1775.2,16.747169811320756,66.9,True,49.53504716981133,Low
CUST02441,Routine_Commuter,117,32,0.2735042735042735,2261.67,19.330512820512823,67.7,False,49.532670940170945,Low
CUST06662,Convenience_First,107,42,0.3925233644859813,2727.29,25.488691588785045,60.2,True,49.529684579439255,Low
CUST03480,Routine_Commuter,110,38,0.3454545454545454,2587.99,23.527181818181816,63.5,True,49.52443181818182,Low
CUST07735,Routine_Commuter,118,34,0.288135593220339,2397.98,20.32186440677966,65.8,False,49.52292372881356,Low
CUST01092,Routine_Commuter,118,36,0.3050847457627119,2992.96,25.36406779661017,64.1,True,49.52088983050848,Low
CUST05257,Routine_Commuter,110,34,0.3090909090909091,2688.23,24.438454545454544,67.1,True,49.50988636363636,Low
CUST02185,Routine_Commuter,105,38,0.3619047619047619,3849.99,36.66657142857142,64.2,True,49.50869047619048,Low
CUST02849,Price_Sensitive,113,32,0.2831858407079646,2327.47,20.597079646017697,68.3,False,49.508683628318586,Low
CUST04163,Price_Sensitive,115,32,0.2782608695652174,1921.44,16.708173913043478,67.9,False,49.497934782608695,Low
CUST03599,Convenience_First,101,41,0.4059405940594059,2469.46,24.450099009900992,61.7,True,49.49637376237624,Low
CUST04482,Routine_Commuter,117,32,0.2735042735042735,2424.97,20.726239316239315,67.6,False,49.49267094017094,Low
CUST04863,Convenience_First,111,36,0.3243243243243243,1691.28,15.236756756756757,65.1,True,49.490472972972974,Low
CUST07499,Routine_Commuter,111,35,0.3153153153153153,2464.22,22.20018018018018,66.0,True,49.49011261261261,Low
CUST01627,Routine_Commuter,117,30,0.2564102564102564,3947.0,33.73504273504273,69.3,False,49.48891025641026,Low
CUST04682,Convenience_First,110,39,0.3545454545454545,2303.06,20.93690909090909,62.5,True,49.48806818181818,Low
CUST01810,Routine_Commuter,115,33,0.2869565217391304,4122.02,35.84365217391305,67.0,False,49.48576086956521,Low
CUST00741,Routine_Commuter,119,33,0.2773109243697479,2251.77,18.922436974789917,66.4,False,49.48368697478992,Low
CUST02860,Routine_Commuter,102,42,0.4117647058823529,2625.89,25.744019607843136,60.6,True,49.48308823529412,Low
CUST04319,Price_Sensitive,116,29,0.25,2095.17,18.061810344827588,70.3,False,49.480000000000004,Low
CUST04874,Price_Sensitive,115,27,0.2347826086956521,1967.66,17.11008695652174,72.2,False,49.478804347826085,Low
CUST01693,Routine_Commuter,114,36,0.3157894736842105,2520.29,22.10780701754386,64.5,True,49.47782894736842,Low
CUST07260,Routine_Commuter,119,30,0.2521008403361344,951.05,7.992016806722689,68.9,False,49.475283613445384,Low
CUST04088,Routine_Commuter,109,38,0.3486238532110092,2555.73,23.447064220183485,63.5,True,49.473704128440374,Low
CUST04498,Routine_Commuter,110,35,0.3181818181818182,3122.14,28.383090909090907,66.1,True,49.47352272727272,Low
CUST04781,Price_Sensitive,101,37,0.3663366336633663,2157.76,21.363960396039605,65.6,True,49.472215346534654,Low
CUST05530,Price_Sensitive,113,32,0.2831858407079646,2011.57,17.80150442477876,68.2,False,49.46868362831859,Low
CUST06394,Routine_Commuter,119,34,0.2857142857142857,2982.1,25.059663865546216,65.5,False,49.45982142857143,Low
CUST07070,Routine_Commuter,109,36,0.3302752293577982,3272.52,30.023119266055044,65.3,True,49.45975917431193,Low
CUST06078,Price_Sensitive,109,36,0.3302752293577982,2087.6,19.152293577981652,65.3,True,49.45975917431193,Low
CUST00325,Routine_Commuter,112,31,0.2767857142857143,2159.13,19.27794642857143,69.3,False,49.45392857142857,Low
CUST00774,Convenience_First,111,36,0.3243243243243243,2331.58,21.005225225225225,65.0,True,49.45047297297297,Low
CUST06579,Price_Sensitive,111,33,0.2972972972972973,1596.86,14.386126126126126,67.7,False,49.44939189189189,Low
CUST06665,Routine_Commuter,120,30,0.25,2558.47,21.32058333333333,68.7,False,49.44500000000001,Low
CUST01756,Routine_Commuter,108,38,0.3518518518518518,3353.7,31.052777777777777,63.6,True,49.441574074074076,Low
CUST02160,Routine_Commuter,110,36,0.3272727272727272,2658.54,24.168545454545455,65.1,True,49.437159090909084,Low
CUST06550,Price_Sensitive,113,31,0.2743362831858407,1749.96,15.48637168141593,69.0,False,49.43470132743363,Low
CUST02348,Price_Sensitive,109,32,0.2935779816513761,2306.37,21.159357798165136,68.9,False,49.431869266055045,Low
CUST06720,Routine_Commuter,116,35,0.3017241379310345,2523.43,21.753706896551723,65.0,True,49.42896551724138,Low
CUST05934,Routine_Commuter,104,39,0.375,2204.73,21.199326923076924,63.2,True,49.42875,Low
CUST02811,Routine_Commuter,118,31,0.2627118644067797,3246.26,27.510677966101696,68.1,False,49.42597457627119,Low
CUST01297,Routine_Commuter,112,31,0.2767857142857143,2418.08,21.59,69.2,False,49.41392857142858,Low
CUST00837,Convenience_First,111,38,0.3423423423423423,2601.36,23.435675675675675,63.1,True,49.4111936936937,Low
CUST00852,Routine_Commuter,102,41,0.4019607843137255,2953.25,28.95343137254902,61.4,True,49.41093137254902,Low
CUST02883,Convenience_First,113,35,0.3097345132743362,3915.08,34.646725663716815,65.4,True,49.41063053097345,Low
CUST02159,Price_Sensitive,105,37,0.3523809523809524,2372.03,22.590761904761905,64.9,True,49.4077380952381,Low
CUST02014,Routine_Commuter,109,34,0.3119266055045872,2325.54,21.33522935779817,67.0,True,49.40581422018349,Low
CUST00790,Routine_Commuter,110,37,0.3363636363636363,1520.43,13.82209090909091,64.1,True,49.40079545454545,Low
CUST01835,Routine_Commuter,110,36,0.3272727272727272,2505.72,22.779272727272726,65.0,True,49.397159090909085,Low
CUST07924,Routine_Commuter,113,31,0.2743362831858407,1888.59,16.713185840707965,68.9,False,49.39470132743363,Low
CUST02400,Routine_Commuter,113,31,0.2743362831858407,2602.01,23.02663716814159,68.9,False,49.39470132743363,Low
CUST05637,Price_Sensitive,108,33,0.3055555555555556,1950.6,18.06111111111111,68.1,True,49.389722222222225,Low
CUST00484,Routine_Commuter,116,35,0.3017241379310345,1978.34,17.054655172413792,64.9,True,49.38896551724139,Low
CUST00197,Routine_Commuter,109,37,0.3394495412844037,3204.31,29.397339449541285,64.2,True,49.38673165137615,Low
CUST06188,Price_Sensitive,110,33,0.3,2158.52,19.62290909090909,67.7,True,49.38625,Low
CUST01589,Routine_Commuter,105,32,0.3047619047619048,3008.61,28.653428571428577,69.6,True,49.38297619047619,Low
CUST00810,Routine_Commuter,109,36,0.3302752293577982,2508.07,23.009816513761468,65.1,True,49.37975917431193,Low
CUST01400,Routine_Commuter,109,35,0.3211009174311927,2111.99,19.376055045871556,66.0,True,49.372786697247705,Low
CUST00924,Routine_Commuter,110,40,0.3636363636363636,2451.01,22.281909090909092,61.3,True,49.37170454545454,Low
CUST04148,Price_Sensitive,118,26,0.2203389830508474,1756.39,14.884661016949153,72.2,False,49.3710593220339,Low
CUST03245,Routine_Commuter,119,26,0.2184873949579832,2207.93,18.554033613445377,72.0,False,49.370745798319334,Low
CUST01933,Routine_Commuter,111,34,0.3063063063063063,2312.72,20.835315315315313,66.6,True,49.36975225225225,Low
CUST02706,Price_Sensitive,112,34,0.3035714285714285,3026.13,27.01901785714286,66.4,True,49.36535714285714,Low
CUST01007,Price_Sensitive,112,34,0.3035714285714285,3607.23,32.207410714285714,66.4,True,49.36535714285714,Low
CUST03905,Routine_Commuter,108,34,0.3148148148148148,2829.83,26.202129629629628,67.1,True,49.36009259259259,Low
CUST07352,Routine_Commuter,112,37,0.3303571428571428,3229.68,28.83642857142857,63.7,True,49.356785714285714,Low
CUST06022,Routine_Commuter,114,32,0.2807017543859649,1979.62,17.365087719298245,67.7,False,49.3543201754386,Low
CUST07870,Routine_Commuter,109,38,0.3486238532110092,3474.51,31.876238532110097,63.2,True,49.35370412844037,Low
CUST03911,Price_Sensitive,110,35,0.3181818181818182,2489.09,22.62809090909091,65.8,True,49.353522727272725,Low
CUST04335,Routine_Commuter,106,36,0.3396226415094339,3050.46,28.777924528301888,65.5,True,49.352405660377364,Low
CUST02291,Routine_Commuter,112,39,0.3482142857142857,2290.73,20.45294642857143,61.9,True,49.35107142857143,Low
CUST07080,Routine_Commuter,110,34,0.3090909090909091,3850.76,35.00690909090909,66.7,True,49.349886363636365,Low
CUST06719,Routine_Commuter,109,37,0.3394495412844037,1975.25,18.121559633027523,64.1,True,49.346731651376146,Low
CUST00865,Price_Sensitive,113,33,0.2920353982300885,2955.74,26.156991150442476,67.0,False,49.34266592920354,Low
CUST06149,Routine_Commuter,116,28,0.2413793103448276,2384.84,20.55896551724138,70.8,False,49.3351724137931,Low
CUST02565,Price_Sensitive,110,29,0.2636363636363636,1797.01,16.336454545454547,71.2,False,49.33170454545455,Low
CUST02346,Routine_Commuter,111,35,0.3153153153153153,3294.61,29.681171171171172,65.6,True,49.33011261261261,Low
CUST06990,Routine_Commuter,111,34,0.3063063063063063,1910.55,17.212162162162162,66.5,True,49.329752252252256,Low
CUST07650,Price_Sensitive,111,33,0.2972972972972973,4391.65,39.56441441441441,67.4,False,49.329391891891895,Low
CUST00142,Routine_Commuter,106,32,0.3018867924528302,2310.39,21.796132075471697,69.2,True,49.322971698113214,Low
CUST00286,Routine_Commuter,110,37,0.3363636363636363,1977.38,17.976181818181818,63.9,True,49.320795454545454,Low
CUST04378,Convenience_First,113,30,0.2654867256637168,1623.26,14.365132743362832,69.6,False,49.32071902654867,Low
CUST03952,Routine_Commuter,116,29,0.25,3140.74,27.075344827586203,69.9,False,49.32000000000001,Low
CUST06828,Routine_Commuter,103,38,0.3689320388349514,1832.98,17.79592233009709,64.0,True,49.31978155339806,Low
CUST00005,Convenience_First,112,36,0.3214285714285714,2326.82,20.775178571428572,64.5,True,49.31964285714286,Low
CUST04595,Routine_Commuter,109,33,0.3027522935779816,3140.91,28.815688073394497,67.7,True,49.318841743119265,Low
CUST06856,Price_Sensitive,115,24,0.208695652173913,2834.96,24.65182608695652,74.4,False,49.31532608695653,Low
CUST03861,Convenience_First,120,32,0.2666666666666666,3492.17,29.10141666666667,66.7,False,49.31166666666667,Low
CUST04058,Routine_Commuter,105,38,0.3619047619047619,1818.2,17.316190476190478,63.7,True,49.30869047619048,Low
CUST03334,Routine_Commuter,113,32,0.2831858407079646,1736.31,15.365575221238938,67.8,False,49.30868362831858,Low
CUST00212,Routine_Commuter,117,29,0.2478632478632478,3421.82,29.246324786324788,69.7,False,49.30702991452992,Low
CUST05869,Routine_Commuter,108,36,0.3333333333333333,3046.12,28.204814814814817,65.1,True,49.30083333333334,Low
CUST02201,Convenience_First,109,36,0.3302752293577982,2687.52,24.656146788990824,64.9,True,49.29975917431193,Low
CUST00315,Convenience_First,109,36,0.3302752293577982,1713.62,15.721284403669724,64.9,True,49.29975917431193,Low
CUST05889,Price_Sensitive,97,37,0.3814432989690721,2822.81,29.101134020618556,65.5,True,49.292731958762886,Low
CUST03314,Price_Sensitive,102,36,0.3529411764705882,1650.75,16.183823529411764,66.0,True,49.29014705882353,Low
CUST01419,Convenience_First,106,39,0.3679245283018867,4447.71,41.95952830188679,62.5,True,49.28448113207547,Low
CUST00911,Price_Sensitive,104,38,0.3653846153846153,1824.3,17.541346153846153,63.8,True,49.28413461538461,Low
CUST03446,Price_Sensitive,102,37,0.3627450980392157,1852.08,18.157647058823528,65.0,True,49.28230392156863,Low
CUST05072,Price_Sensitive,108,34,0.3148148148148148,1912.18,17.70537037037037,66.9,True,49.2800925925926,Low
CUST04869,Price_Sensitive,104,36,0.3461538461538461,2482.3,23.868269230769233,65.7,True,49.27490384615384,Low
CUST02384,Convenience_First,113,38,0.336283185840708,2960.63,26.200265486725662,62.4,True,49.27257743362832,Low
CUST00211,Routine_Commuter,108,37,0.3425925925925926,2594.55,24.023611111111112,64.1,True,49.271203703703705,Low
CUST06786,Convenience_First,103,43,0.4174757281553398,2784.78,27.036699029126215,59.0,False,49.261529126213595,Low
CUST04139,Routine_Commuter,98,37,0.3775510204081632,2259.97,23.060918367346936,65.3,True,49.26079081632653,Low
CUST07025,Price_Sensitive,115,32,0.2782608695652174,1703.53,14.813304347826088,67.3,False,49.2579347826087,Low
CUST06715,Convenience_First,112,30,0.2678571428571428,4049.23,36.15383928571429,69.7,False,49.25678571428572,Low
CUST02822,Price_Sensitive,121,24,0.1983471074380165,3383.58,27.96347107438017,73.0,False,49.252634297520665,Low
CUST05672,Routine_Commuter,107,36,0.3364485981308411,2052.08,19.178317757009346,65.1,True,49.24669392523364,Low
CUST04815,Price_Sensitive,109,28,0.2568807339449541,2190.16,20.09321100917431,72.1,False,49.24397935779817,Low
CUST02732,Routine_Commuter,112,35,0.3125,4706.33,42.02080357142857,65.2,True,49.2425,Low
CUST00525,Convenience_First,104,33,0.3173076923076923,2500.79,24.04605769230769,68.5,True,49.2410576923077,Low
CUST02078,Routine_Commuter,112,37,0.3303571428571428,2291.07,20.455982142857145,63.4,True,49.23678571428571,Low
CUST02743,Price_Sensitive,102,38,0.3725490196078431,1252.99,12.28421568627451,63.9,True,49.234460784313725,Low
CUST00883,Routine_Commuter,108,37,0.3425925925925926,2477.76,22.942222222222224,64.0,True,49.231203703703706,Low
CUST04788,Price_Sensitive,102,39,0.3823529411764705,2918.33,28.611078431372547,62.9,True,49.22661764705882,Low
CUST01104,Routine_Commuter,123,24,0.1951219512195122,1842.17,14.9769918699187,72.3,False,49.22237804878049,Low
CUST02890,Routine_Commuter,101,40,0.396039603960396,2894.05,28.653960396039604,62.0,True,49.22033415841584,Low
CUST07746,Price_Sensitive,112,30,0.2678571428571428,3294.11,29.411696428571428,69.6,False,49.21678571428571,Low
CUST03634,Routine_Commuter,113,34,0.3008849557522124,2163.48,19.1458407079646,65.8,True,49.216648230088495,Low
CUST01889,Price_Sensitive,104,32,0.3076923076923077,1649.08,15.85653846153846,69.4,True,49.21644230769231,Low
CUST03153,Routine_Commuter,109,35,0.3211009174311927,2707.62,24.84055045871559,65.6,True,49.21278669724771,Low
CUST06530,Price_Sensitive,104,35,0.3365384615384615,3150.09,30.289326923076924,66.5,True,49.21028846153846,Low
CUST01224,Routine_Commuter,106,37,0.3490566037735849,1865.18,17.59603773584906,64.2,True,49.2097641509434,Low
CUST07168,Convenience_First,105,39,0.3714285714285714,2856.31,27.20295238095238,62.5,True,49.20964285714285,Low
CUST06293,Convenience_First,105,39,0.3714285714285714,3548.4,33.794285714285714,62.5,True,49.20964285714285,Low
CUST01620,Routine_Commuter,105,39,0.3714285714285714,1646.28,15.678857142857142,62.5,True,49.20964285714285,Low
CUST06755,Price_Sensitive,111,33,0.2972972972972973,1694.88,15.26918918918919,67.1,False,49.20939189189189,Low
CUST04981,Price_Sensitive,111,32,0.2882882882882883,2557.39,23.039549549549548,68.0,False,49.20903153153154,Low
CUST02672,Price_Sensitive,109,34,0.3119266055045872,1859.04,17.055412844036695,66.5,True,49.205814220183484,Low
CUST00982,Routine_Commuter,104,38,0.3653846153846153,2853.41,27.436634615384612,63.6,True,49.20413461538461,Low
CUST05146,Routine_Commuter,108,38,0.3518518518518518,2401.58,22.236851851851853,63.0,True,49.20157407407408,Low
CUST04818,Convenience_First,96,41,0.4270833333333333,3690.65,38.444270833333334,61.2,True,49.19833333333333,Low
CUST04840,Routine_Commuter,110,34,0.3090909090909091,2427.29,22.066272727272725,66.3,True,49.18988636363636,Low
CUST00343,Routine_Commuter,113,32,0.2831858407079646,3110.06,27.522654867256637,67.5,False,49.188683628318586,Low
CUST03072,Routine_Commuter,105,36,0.3428571428571428,3225.22,30.716380952380952,65.3,True,49.18678571428571,Low
CUST01501,Routine_Commuter,109,31,0.2844036697247706,2422.53,22.225045871559637,69.2,False,49.18489678899083,Low
CUST01453,Routine_Commuter,103,36,0.3495145631067961,2587.72,25.123495145631065,65.6,True,49.183082524271846,Low
CUST04360,Price_Sensitive,114,29,0.2543859649122807,3371.61,29.575526315789475,69.9,False,49.181688596491234,Low
CUST07537,Routine_Commuter,109,36,0.3302752293577982,2723.63,24.98743119266055,64.6,True,49.179759174311926,Low
CUST04078,Routine_Commuter,120,28,0.2333333333333333,3512.94,29.2745,69.7,False,49.17833333333334,Low
CUST04177,Routine_Commuter,114,34,0.2982456140350877,1980.07,17.369035087719297,65.5,False,49.17607456140351,Low
CUST01955,Routine_Commuter,109,29,0.2660550458715596,2425.52,22.252477064220184,71.0,False,49.17095183486238,Low
CUST01542,Price_Sensitive,111,33,0.2972972972972973,3508.2,31.605405405405403,67.0,False,49.16939189189189,Low
CUST02408,Price_Sensitive,111,33,0.2972972972972973,2503.26,22.551891891891895,67.0,False,49.16939189189189,Low
CUST02272,Routine_Commuter,117,30,0.2564102564102564,2718.1,23.231623931623933,68.5,False,49.16891025641026,Low
CUST00042,Routine_Commuter,107,30,0.2803738317757009,2502.89,23.391495327102803,70.5,False,49.16370327102804,Low
CUST06165,Price_Sensitive,112,35,0.3125,2471.38,22.06589285714286,65.0,True,49.1625,Low
CUST05340,Price_Sensitive,115,30,0.2608695652173913,2387.22,20.758434782608695,68.8,False,49.16228260869565,Low
CUST00285,Routine_Commuter,110,37,0.3363636363636363,2012.92,18.29927272727273,63.5,True,49.16079545454546,Low
CUST05766,Routine_Commuter,104,41,0.3942307692307692,2354.47,22.639134615384613,60.6,True,49.15798076923077,Low
CUST07349,Price_Sensitive,107,38,0.3551401869158878,2016.19,18.84289719626168,63.0,True,49.15435747663552,Low
CUST06209,Routine_Commuter,107,38,0.3551401869158878,2721.87,25.43803738317757,63.0,True,49.15435747663552,Low
CUST07837,Price_Sensitive,110,35,0.3181818181818182,2770.58,25.18709090909091,65.3,True,49.15352272727272,Low
CUST07494,Routine_Commuter,103,42,0.4077669902912621,2943.95,28.582038834951454,59.7,False,49.153179611650486,Low
CUST03331,Convenience_First,108,33,0.3055555555555556,2165.03,20.046574074074076,67.5,True,49.14972222222222,Low
CUST02372,Routine_Commuter,106,38,0.3584905660377358,2219.96,20.94301886792453,63.1,True,49.14712264150944,Low
CUST05536,Convenience_First,104,34,0.3269230769230769,2266.37,21.79201923076923,67.3,True,49.14567307692308,Low
CUST00648,Price_Sensitive,110,32,0.2909090909090909,2258.2,20.529090909090908,68.0,False,49.14261363636364,Low
CUST01932,Price_Sensitive,112,28,0.25,2123.11,18.95633928571429,71.2,False,49.142500000000005,Low
CUST07445,Convenience_First,106,40,0.3773584905660377,2536.91,23.93311320754717,61.2,True,49.14183962264151,Low
CUST02532,Price_Sensitive,110,31,0.2818181818181818,3426.93,31.15390909090909,68.9,False,49.138977272727274,Low
CUST02592,Price_Sensitive,103,37,0.3592233009708738,2010.07,19.5152427184466,64.5,True,49.13143203883495,Low
CUST04221,Price_Sensitive,108,35,0.324074074074074,3055.6,28.29259259259259,65.6,True,49.13046296296296,Low
CUST04037,Routine_Commuter,106,37,0.3490566037735849,2682.56,25.307169811320755,64.0,True,49.1297641509434,Low
CUST03633,Routine_Commuter,111,32,0.2882882882882883,3024.61,27.24873873873874,67.8,False,49.12903153153153,Low
CUST02256,Routine_Commuter,114,35,0.3070175438596491,2064.02,18.10543859649123,64.5,True,49.12695175438596,Low
CUST06086,Price_Sensitive,107,36,0.3364485981308411,2274.11,21.253364485981308,64.8,True,49.126693925233646,Low
CUST06478,Routine_Commuter,108,38,0.3518518518518518,1437.4,13.30925925925926,62.8,True,49.121574074074076,Low
CUST03567,Routine_Commuter,115,27,0.2347826086956521,3276.41,28.490521739130433,71.3,False,49.118804347826085,Low
CUST04490,Convenience_First,121,30,0.2479338842975206,3181.34,26.29206611570248,67.7,False,49.11610537190082,Low
CUST04663,Price_Sensitive,109,32,0.2935779816513761,3105.78,28.493394495412847,68.1,False,49.11186926605504,Low
CUST04592,Convenience_First,105,40,0.3809523809523809,2246.12,21.391619047619045,61.3,True,49.110595238095236,Low
CUST05862,Convenience_First,110,34,0.3090909090909091,3376.63,30.696636363636365,66.1,True,49.109886363636356,Low
CUST06337,Price_Sensitive,108,33,0.3055555555555556,2380.19,22.038796296296297,67.4,True,49.10972222222223,Low
CUST01205,Convenience_First,114,29,0.2543859649122807,2123.14,18.624035087719296,69.7,False,49.10168859649123,Low
CUST03443,Price_Sensitive,114,29,0.2543859649122807,3145.89,27.59552631578947,69.7,False,49.10168859649123,Low
CUST01612,Price_Sensitive,113,27,0.2389380530973451,2800.92,24.78690265486726,71.7,False,49.09877212389381,Low
CUST05703,Price_Sensitive,103,33,0.3203883495145631,2133.38,20.71242718446602,68.3,True,49.09803398058252,Low
CUST05914,Price_Sensitive,106,35,0.330188679245283,2163.92,20.41433962264151,65.8,True,49.09504716981132,Low
CUST04152,Routine_Commuter,105,41,0.3904761904761905,2044.31,19.469619047619048,60.3,True,49.091547619047624,Low
CUST03773,Routine_Commuter,105,41,0.3904761904761905,2079.85,19.80809523809524,60.3,True,49.091547619047624,Low
CUST02651,Convenience_First,103,37,0.3592233009708738,2806.22,27.244854368932035,64.4,True,49.09143203883496,Low
CUST06392,Price_Sensitive,111,33,0.2972972972972973,4039.75,36.39414414414414,66.8,False,49.08939189189189,Low
CUST00668,Routine_Commuter,113,29,0.2566371681415929,3710.15,32.83318584070796,69.9,False,49.08673672566372,Low
CUST06842,Price_Sensitive,105,35,0.3333333333333333,2898.6,27.605714285714285,66.0,True,49.08583333333333,Low
CUST00146,Routine_Commuter,112,34,0.3035714285714285,2596.41,23.182232142857146,65.7,True,49.08535714285714,Low
CUST00851,Routine_Commuter,109,33,0.3027522935779816,1549.41,14.214770642201836,67.1,True,49.07884174311927,Low
CUST07850,Convenience_First,119,30,0.2521008403361344,3822.16,32.11899159663865,67.9,False,49.07528361344538,Low
CUST03246,Routine_Commuter,107,38,0.3551401869158878,2200.09,20.56158878504673,62.8,True,49.07435747663551,Low
CUST05431,Convenience_First,107,38,0.3551401869158878,3308.04,30.91626168224299,62.8,True,49.07435747663551,Low
CUST05389,Convenience_First,93,40,0.4301075268817204,3195.08,34.35569892473118,62.1,True,49.070551075268824,Low
CUST00870,Routine_Commuter,113,32,0.2831858407079646,2247.19,19.886637168141593,67.2,False,49.06868362831859,Low
CUST00337,Price_Sensitive,112,29,0.2589285714285714,2584.44,23.075357142857143,70.1,False,49.059642857142855,Low
CUST01338,Price_Sensitive,108,32,0.2962962962962963,2578.05,23.870833333333337,68.2,False,49.05935185185185,Low
CUST07315,Routine_Commuter,107,34,0.3177570093457944,3094.79,28.923271028037384,66.5,True,49.059030373831774,Low
CUST06880,Routine_Commuter,110,31,0.2818181818181818,1873.38,17.030727272727272,68.7,False,49.058977272727276,Low
CUST02755,Price_Sensitive,106,35,0.330188679245283,2505.62,23.637924528301888,65.7,True,49.055047169811324,Low
CUST06221,Price_Sensitive,116,31,0.2672413793103448,2258.55,19.470258620689656,67.5,False,49.04965517241379,Low
CUST02556,Routine_Commuter,108,31,0.287037037037037,2650.6,24.54259259259259,69.1,False,49.04898148148148,Low
CUST07900,Convenience_First,107,36,0.3364485981308411,3046.68,28.47364485981308,64.6,True,49.04669392523365,Low
CUST03141,Routine_Commuter,105,35,0.3333333333333333,1986.84,18.922285714285714,65.9,True,49.045833333333334,Low
CUST01000,Routine_Commuter,109,34,0.3119266055045872,2380.36,21.83816513761468,66.1,True,49.04581422018349,Low
CUST06644,Routine_Commuter,103,38,0.3689320388349514,3210.64,31.17126213592233,63.3,True,49.03978155339806,Low
CUST04262,Convenience_First,97,42,0.4329896907216495,2240.42,23.097113402061854,59.7,False,49.034587628865985,Low
CUST06916,Price_Sensitive,102,33,0.3235294117647059,2662.29,26.100882352941177,68.3,True,49.03367647058824,Low
CUST05063,Routine_Commuter,98,38,0.3877551020408163,2168.59,22.128469387755104,63.7,True,49.028954081632655,Low
CUST00551,Price_Sensitive,101,38,0.3762376237623762,2755.53,27.28247524752475,63.5,True,49.028254950495054,Low
CUST02823,Routine_Commuter,105,36,0.3428571428571428,1097.4,10.451428571428572,64.9,True,49.026785714285715,Low
CUST00404,Routine_Commuter,109,37,0.3394495412844037,1142.48,10.481467889908258,63.3,True,49.02673165137615,Low
CUST03668,Price_Sensitive,105,34,0.3238095238095238,1897.58,18.072190476190475,66.8,True,49.02488095238095,Low
CUST06826,Routine_Commuter,109,36,0.3302752293577982,1831.26,16.800550458715595,64.2,True,49.01975917431193,Low
CUST04565,Routine_Commuter,115,32,0.2782608695652174,2974.9,25.868695652173916,66.7,False,49.01793478260869,Low
CUST02067,Price_Sensitive,109,30,0.2752293577981651,3718.76,34.11706422018349,69.7,False,49.017924311926606,Low
CUST04121,Price_Sensitive,110,30,0.2727272727272727,2656.96,24.15418181818182,69.5,False,49.01534090909091,Low
CUST07319,Routine_Commuter,109,35,0.3211009174311927,3037.7,27.86880733944954,65.1,True,49.012786697247705,Low
CUST04420,Routine_Commuter,108,35,0.324074074074074,2476.19,22.927685185185187,65.3,True,49.01046296296297,Low
CUST06887,Routine_Commuter,105,39,0.3714285714285714,2438.64,23.225142857142856,62.0,True,49.00964285714286,Low
CUST01880,Convenience_First,95,44,0.4631578947368421,2196.86,23.12484210526316,57.6,False,49.008815789473694,Low
CUST06049,Routine_Commuter,103,34,0.3300970873786408,2971.46,28.849126213592232,67.1,True,49.006383495145634,Low
CUST02216,Price_Sensitive,109,34,0.3119266055045872,1626.07,14.918073394495412,66.0,True,49.005814220183495,Low
CUST01856,Convenience_First,100,44,0.44,1757.59,17.5759,57.5,False,49.00125,Low
CUST06360,Price_Sensitive,108,34,0.3148148148148148,2324.86,21.526481481481483,66.2,True,49.0000925925926,Low
CUST05192,Routine_Commuter,108,34,0.3148148148148148,2593.31,24.01212962962963,66.2,True,49.0000925925926,Low
CUST01928,Price_Sensitive,101,36,0.3564356435643564,2523.75,24.98762376237624,65.4,True,48.99617574257426,Low
CUST07724,Routine_Commuter,101,37,0.3663366336633663,1850.13,18.318118811881188,64.4,True,48.99221534653466,Low
CUST02287,Convenience_First,104,44,0.4230769230769231,3124.27,30.041057692307692,57.3,False,48.99182692307692,Low
CUST07167,Routine_Commuter,113,32,0.2831858407079646,3819.14,33.797699115044246,67.0,False,48.98868362831858,Low
CUST03585,Price_Sensitive,117,29,0.2478632478632478,2451.66,20.954358974358975,68.9,False,48.98702991452992,Low
CUST00159,Price_Sensitive,106,31,0.2924528301886792,2070.71,19.535,69.3,False,48.98561320754717,Low
CUST02180,Routine_Commuter,105,34,0.3238095238095238,2031.26,19.345333333333333,66.7,True,48.984880952380955,Low
CUST00273,Routine_Commuter,108,39,0.3611111111111111,3132.51,29.004722222222224,61.5,True,48.971944444444446,Low
CUST01778,Price_Sensitive,104,35,0.3365384615384615,827.53,7.95701923076923,65.9,True,48.970288461538466,Low
CUST01077,Routine_Commuter,111,34,0.3063063063063063,2135.58,19.239459459459457,65.6,True,48.96975225225225,Low
CUST02750,Convenience_First,105,39,0.3714285714285714,2315.56,22.05295238095238,61.9,True,48.96964285714286,Low
CUST06946,Price_Sensitive,107,33,0.308411214953271,2840.58,26.54747663551402,67.2,True,48.96519859813085,Low
CUST03781,Convenience_First,98,35,0.3571428571428571,2574.03,26.26561224489796,66.6,True,48.964464285714286,Low
CUST06460,Price_Sensitive,99,43,0.4343434343434343,2201.36,22.235959595959596,58.4,False,48.962487373737375,Low
CUST03244,Routine_Commuter,117,26,0.2222222222222222,2227.99,19.04264957264957,71.4,False,48.96138888888889,Low
CUST02610,Routine_Commuter,108,34,0.3148148148148148,2464.67,22.821018518518517,66.1,True,48.960092592592595,Low
CUST03090,Convenience_First,103,35,0.3398058252427184,2695.81,26.172912621359224,66.0,True,48.95473300970874,Low
CUST00028,Routine_Commuter,105,36,0.3428571428571428,2060.89,19.627523809523808,64.7,True,48.94678571428572,Low
CUST00784,Price_Sensitive,110,32,0.2909090909090909,2598.81,23.625545454545453,67.5,False,48.94261363636364,Low
CUST07323,Price_Sensitive,105,30,0.2857142857142857,1430.68,13.625523809523813,70.4,False,48.94107142857143,Low
CUST06288,Convenience_First,104,37,0.3557692307692308,2528.68,24.314230769230768,63.9,True,48.939519230769235,Low
CUST03330,Price_Sensitive,107,34,0.3177570093457944,2605.41,24.349626168224297,66.2,True,48.939030373831784,Low
CUST01636,Routine_Commuter,107,34,0.3177570093457944,2633.33,24.610560747663552,66.2,True,48.939030373831784,Low
CUST00664,Routine_Commuter,102,35,0.3431372549019608,2002.24,19.629803921568627,66.1,True,48.93799019607843,Low
CUST04770,Convenience_First,115,32,0.2782608695652174,2860.16,24.870956521739128,66.5,False,48.93793478260869,Low
CUST02766,Routine_Commuter,110,30,0.2727272727272727,2419.34,21.994,69.3,False,48.935340909090904,Low
CUST03340,Routine_Commuter,111,36,0.3243243243243243,1112.66,10.023963963963965,63.7,True,48.93047297297297,Low
CUST01029,Convenience_First,108,35,0.324074074074074,2623.77,24.294166666666666,65.1,True,48.93046296296296,Low
CUST03230,Convenience_First,102,36,0.3529411764705882,3250.1,31.86372549019608,65.1,True,48.93014705882353,Low
CUST03398,Convenience_First,111,32,0.2882882882882883,2150.33,19.372342342342343,67.3,False,48.929031531531535,Low
CUST04268,Price_Sensitive,111,31,0.2792792792792792,3057.99,27.549459459459463,68.2,False,48.92867117117117,Low
CUST07338,Price_Sensitive,110,28,0.2545454545454545,1551.72,14.106545454545454,71.1,False,48.928068181818176,Low
CUST07254,Routine_Commuter,114,31,0.2719298245614035,2272.27,19.93219298245614,67.5,False,48.923442982456145,Low
CUST03312,Routine_Commuter,104,33,0.3173076923076923,2060.3,19.81057692307693,67.7,True,48.92105769230769,Low
CUST05774,Price_Sensitive,107,38,0.3551401869158878,2862.68,26.754018691588783,62.4,True,48.914357476635516,Low
CUST00095,Price_Sensitive,107,32,0.2990654205607476,2005.31,18.741214953271022,68.0,False,48.91136682242991,Low
CUST01951,Routine_Commuter,108,37,0.3425925925925926,2216.62,20.524259259259257,63.2,True,48.911203703703706,Low
CUST01222,Routine_Commuter,103,39,0.3786407766990291,2779.36,26.984077669902913,62.0,True,48.908131067961165,Low
CUST06884,Routine_Commuter,117,29,0.2478632478632478,2860.15,24.445726495726497,68.7,False,48.90702991452992,Low
CUST00518,Routine_Commuter,105,34,0.3238095238095238,2091.31,19.917238095238098,66.5,True,48.90488095238096,Low
CUST05225,Routine_Commuter,114,29,0.2543859649122807,3661.16,32.115438596491224,69.2,False,48.90168859649123,Low
CUST05400,Convenience_First,98,37,0.3775510204081632,1534.54,15.658571428571427,64.4,True,48.900790816326534,Low
CUST06968,Price_Sensitive,107,31,0.2897196261682243,2708.27,25.31093457943925,68.9,False,48.897535046728976,Low
CUST01396,Price_Sensitive,111,37,0.3333333333333333,1914.12,17.244324324324324,62.7,True,48.89083333333333,Low
CUST05988,Routine_Commuter,111,31,0.2792792792792792,2599.83,23.421891891891892,68.1,False,48.88867117117117,Low
CUST02577,Price_Sensitive,110,28,0.2545454545454545,2479.39,22.539909090909088,71.0,False,48.888068181818184,Low
CUST07944,Routine_Commuter,103,41,0.3980582524271844,1967.74,19.104271844660193,60.0,True,48.884830097087374,Low
CUST06612,Routine_Commuter,100,34,0.34,2872.58,28.7258,67.2,True,48.88125000000001,Low
CUST04010,Price_Sensitive,114,27,0.2368421052631578,2319.86,20.34964912280702,70.9,False,48.879934210526315,Low
CUST00139,Price_Sensitive,113,24,0.2123893805309734,2822.89,24.981327433628316,73.8,False,48.87682522123893,Low
CUST01426,Price_Sensitive,119,25,0.2100840336134453,2407.07,20.22747899159664,71.6,False,48.87461134453781,Low
CUST00162,Convenience_First,102,38,0.3725490196078431,2693.95,26.41127450980392,63.0,True,48.874460784313726,Low
CUST02451,Routine_Commuter,106,36,0.3396226415094339,3082.26,29.07792452830189,64.3,True,48.87240566037736,Low
CUST01460,Routine_Commuter,107,32,0.2990654205607476,2788.19,26.05785046728972,67.9,False,48.871366822429906,Low
CUST01385,Convenience_First,98,43,0.4387755102040816,2790.96,28.47918367346939,58.2,False,48.86977040816327,Low
CUST02364,Routine_Commuter,108,33,0.3055555555555556,1833.4,16.975925925925928,66.8,True,48.86972222222222,Low
CUST04507,Price_Sensitive,106,31,0.2924528301886792,1651.9,15.583962264150944,69.0,False,48.86561320754717,Low
CUST07028,Routine_Commuter,97,38,0.3917525773195876,1674.14,17.25917525773196,63.4,True,48.86510309278351,Low
CUST06877,Price_Sensitive,113,27,0.2389380530973451,2183.37,19.321858407079645,71.1,False,48.8587721238938,Low
CUST00381,Routine_Commuter,114,25,0.219298245614035,2140.4,18.775438596491227,72.6,False,48.858179824561404,Low
CUST01352,Price_Sensitive,97,34,0.3505154639175257,1417.2,14.610309278350517,67.5,True,48.855618556701025,Low
CUST02769,Price_Sensitive,116,28,0.2413793103448276,1880.56,16.211724137931036,69.6,False,48.8551724137931,Low
CUST06844,Price_Sensitive,103,34,0.3300970873786408,3442.15,33.41893203883495,66.7,True,48.84638349514564,Low
CUST07690,Price_Sensitive,103,34,0.3300970873786408,2416.7,23.463106796116502,66.7,True,48.84638349514564,Low
CUST03829,Convenience_First,120,30,0.25,1894.62,15.7885,67.2,False,48.845,Low
CUST05051,Routine_Commuter,100,37,0.37,1910.26,19.1026,64.1,True,48.84125,Low
CUST03186,Routine_Commuter,109,33,0.3027522935779816,1946.85,17.861009174311924,66.5,True,48.83884174311926,Low
CUST01214,Routine_Commuter,106,34,0.320754716981132,2480.42,23.40018867924528,66.1,True,48.83768867924528,Low
CUST02567,Price_Sensitive,103,35,0.3398058252427184,2493.4700000000003,24.20844660194175,65.7,True,48.834733009708735,Low
CUST04547,Routine_Commuter,106,36,0.3396226415094339,1558.64,14.704150943396227,64.2,True,48.83240566037736,Low
CUST06413,Price_Sensitive,109,26,0.2385321100917431,1806.34,16.571926605504586,72.9,False,48.83003440366973,Low
CUST02855,Price_Sensitive,109,31,0.2844036697247706,2264.06,20.771192660550454,68.3,False,48.82489678899083,Low
CUST07646,Convenience_First,104,35,0.3365384615384615,3515.39,33.80182692307692,65.5,True,48.81028846153846,Low
CUST06706,Convenience_First,105,39,0.3714285714285714,2880.19,27.43038095238095,61.5,True,48.809642857142855,Low
CUST07700,Price_Sensitive,111,33,0.2972972972972973,2076.32,18.705585585585588,66.1,False,48.80939189189189,Low
CUST04967,Price_Sensitive,109,34,0.3119266055045872,3163.97,29.027247706422017,65.5,True,48.80581422018349,Low
CUST03561,Routine_Commuter,106,34,0.320754716981132,2219.63,20.93990566037736,66.0,True,48.79768867924528,Low
CUST05520,Routine_Commuter,108,33,0.3055555555555556,2148.92,19.897407407407407,66.6,True,48.789722222222224,Low
CUST07589,Price_Sensitive,107,34,0.3177570093457944,1923.55,17.97710280373832,65.8,True,48.77903037383177,Low
CUST03887,Routine_Commuter,113,27,0.2389380530973451,2759.01,24.416017699115045,70.9,False,48.7787721238938,Low
CUST03097,Price_Sensitive,103,33,0.3203883495145631,4456.51,43.26708737864078,67.5,True,48.77803398058252,Low
CUST06194,Convenience_First,106,35,0.330188679245283,2508.9,23.668867924528303,65.0,True,48.77504716981132,Low
CUST00301,Price_Sensitive,112,31,0.2767857142857143,2329.04,20.795,67.6,False,48.77392857142858,Low
CUST06486,Convenience_First,108,35,0.324074074074074,2165.99,20.055462962962967,64.7,True,48.77046296296297,Low
CUST06767,Routine_Commuter,106,37,0.3490566037735849,3391.13,31.99179245283019,63.1,True,48.7697641509434,Low
CUST00577,Routine_Commuter,111,34,0.3063063063063063,1474.09,13.28009009009009,65.1,True,48.76975225225225,Low
CUST02872,Price_Sensitive,106,32,0.3018867924528302,3345.37,31.56009433962264,67.8,True,48.76297169811321,Low
CUST04447,Routine_Commuter,99,33,0.3333333333333333,2516.46,25.41878787878788,68.0,True,48.76208333333334,Low
CUST07905,Convenience_First,100,38,0.38,3317.34,33.1734,62.9,True,48.761250000000004,Low
CUST04016,Convenience_First,102,38,0.3725490196078431,2033.86,19.939803921568625,62.7,True,48.75446078431373,Low
CUST03058,Routine_Commuter,107,32,0.2990654205607476,1661.91,15.531869158878504,67.6,False,48.7513668224299,Low
CUST02488,Routine_Commuter,104,39,0.375,2226.39,21.407596153846153,61.5,True,48.74875,Low
CUST00435,Price_Sensitive,106,33,0.3113207547169811,1794.49,16.929150943396227,66.8,True,48.740330188679245,Low
CUST00659,Convenience_First,103,33,0.3203883495145631,3644.13,35.37990291262136,67.4,True,48.73803398058253,Low
CUST00858,Price_Sensitive,117,32,0.2735042735042735,2052.73,17.544700854700856,65.7,False,48.73267094017095,Low
CUST03470,Convenience_First,112,32,0.2857142857142857,2364.53,21.111875,66.6,False,48.73107142857143,Low
CUST03692,Routine_Commuter,111,33,0.2972972972972973,2864.01,25.801891891891895,65.9,False,48.72939189189189,Low
CUST02427,Price_Sensitive,108,31,0.287037037037037,2184.95,20.23101851851852,68.3,False,48.72898148148148,Low
CUST02863,Price_Sensitive,111,29,0.2612612612612612,2414.92,21.756036036036036,69.5,False,48.72795045045045,Low
CUST05442,Price_Sensitive,104,30,0.2884615384615384,3058.56,29.409230769230767,70.1,False,48.72721153846154,Low
CUST04609,Price_Sensitive,105,35,0.3333333333333333,1970.69,18.768476190476193,65.1,True,48.725833333333334,Low
CUST06295,Routine_Commuter,109,34,0.3119266055045872,2699.83,24.769082568807335,65.3,True,48.725814220183494,Low
CUST01546,Routine_Commuter,106,32,0.3018867924528302,2738.76,25.83735849056604,67.7,True,48.72297169811321,Low
CUST06741,Price_Sensitive,102,32,0.3137254901960784,2067.47,20.269313725490193,68.5,True,48.72151960784314,Low
CUST02270,Routine_Commuter,98,38,0.3877551020408163,2684.04,27.38816326530612,62.9,True,48.708954081632655,Low
CUST07149,Convenience_First,101,38,0.3762376237623762,2676.39,26.498910891089107,62.7,True,48.708254950495046,Low
CUST02638,Convenience_First,101,38,0.3762376237623762,2149.41,21.28128712871287,62.7,True,48.708254950495046,Low
CUST02958,Routine_Commuter,99,39,0.3939393939393939,2154.97,21.767373737373735,61.8,True,48.706325757575755,Low
CUST07188,Convenience_First,99,39,0.3939393939393939,1784.73,18.027575757575757,61.8,True,48.706325757575755,Low
CUST00945,Price_Sensitive,108,28,0.2592592592592592,2538.03,23.50027777777778,71.0,False,48.697870370370374,Low
CUST00483,Routine_Commuter,106,35,0.330188679245283,2082.38,19.64509433962264,64.8,True,48.695047169811325,Low
CUST05010,Routine_Commuter,114,30,0.2631578947368421,2837.13,24.887105263157896,67.8,False,48.69256578947369,Low
CUST05207,Routine_Commuter,109,29,0.2660550458715596,1514.59,13.89532110091743,69.8,False,48.69095183486239,Low
CUST03233,Routine_Commuter,111,35,0.3153153153153153,2017.06,18.171711711711712,64.0,True,48.690112612612616,Low
CUST05693,Convenience_First,105,39,0.3714285714285714,2272.14,21.63942857142857,61.2,True,48.68964285714286,Low
CUST05559,Routine_Commuter,108,31,0.287037037037037,2153.73,19.941944444444445,68.2,False,48.688981481481484,Low
CUST04125,Convenience_First,109,34,0.3119266055045872,2827.08,25.93651376146789,65.2,True,48.68581422018349,Low
CUST04102,Price_Sensitive,109,34,0.3119266055045872,1892.86,17.365688073394494,65.2,True,48.68581422018349,Low
CUST03536,Routine_Commuter,100,40,0.4,2487.88,24.8788,60.7,True,48.681250000000006,Low
CUST04238,Routine_Commuter,99,37,0.3737373737373737,2357.63,23.814444444444444,63.7,True,48.65824494949496,Low
CUST05128,Routine_Commuter,103,33,0.3203883495145631,1766.26,17.148155339805825,67.2,True,48.65803398058252,Low
CUST04989,Price_Sensitive,104,32,0.3076923076923077,2322.51,22.331826923076925,68.0,True,48.65644230769231,Low
CUST00805,Convenience_First,104,35,0.3365384615384615,3128.43,30.08105769230769,65.1,True,48.65028846153846,Low
CUST06164,Routine_Commuter,105,33,0.3142857142857143,2613.42,24.889714285714287,66.8,True,48.64392857142857,Low
CUST06670,Convenience_First,105,33,0.3142857142857143,2315.2,22.04952380952381,66.8,True,48.64392857142857,Low
CUST05929,Price_Sensitive,105,32,0.3047619047619048,2695.07,25.667333333333335,67.7,True,48.622976190476194,Low
CUST04651,Price_Sensitive,99,37,0.3737373737373737,2446.45,24.71161616161616,63.6,True,48.61824494949495,Low
CUST01534,Price_Sensitive,114,25,0.219298245614035,1668.52,14.636140350877191,72.0,False,48.6181798245614,Low
CUST07721,Price_Sensitive,103,33,0.3203883495145631,2218.43,21.538155339805822,67.1,True,48.618033980582524,Low
CUST00494,Routine_Commuter,111,29,0.2612612612612612,1646.67,14.834864864864866,69.2,False,48.60795045045045,Low
CUST02659,Convenience_First,108,38,0.3518518518518518,1712.93,15.860462962962965,61.5,True,48.60157407407408,Low
CUST06820,Convenience_First,100,36,0.36,2246.36,22.4636,64.5,True,48.60125000000001,Low
CUST01360,Routine_Commuter,108,34,0.3148148148148148,2113.01,19.564907407407404,65.2,True,48.600092592592596,Low
CUST02619,Routine_Commuter,108,34,0.3148148148148148,1917.22,17.752037037037038,65.2,True,48.600092592592596,Low
CUST05968,Routine_Commuter,103,35,0.3398058252427184,1742.55,16.917961165048542,65.1,True,48.59473300970873,Low
CUST02978,Price_Sensitive,107,29,0.2710280373831775,1951.45,18.23785046728972,70.0,False,48.5898714953271,Low
CUST01336,Routine_Commuter,104,34,0.3269230769230769,3100.05,29.80817307692308,65.9,True,48.58567307692308,Low
CUST02953,Price_Sensitive,104,34,0.3269230769230769,2002.36,19.253461538461536,65.9,True,48.58567307692308,Low
CUST02611,Convenience_First,104,34,0.3269230769230769,3895.31,37.45490384615385,65.9,True,48.58567307692308,Low
CUST00515,Price_Sensitive,106,28,0.2641509433962264,3070.18,28.963962264150943,71.1,False,48.57353773584906,Low
CUST01791,Price_Sensitive,106,30,0.2830188679245283,2947.43,27.805943396226414,69.2,False,48.56825471698114,Low
CUST01101,Convenience_First,109,34,0.3119266055045872,3773.81,34.62211009174312,64.9,True,48.5658142201835,Low
CUST04917,Routine_Commuter,122,27,0.221311475409836,3905.62,32.013278688524586,68.5,False,48.564959016393445,Low
CUST07014,Routine_Commuter,105,33,0.3142857142857143,2304.3,21.94571428571429,66.6,True,48.56392857142857,Low
CUST05547,Routine_Commuter,108,34,0.3148148148148148,1985.61,18.385277777777777,65.1,True,48.560092592592596,Low
CUST05500,Price_Sensitive,108,26,0.2407407407407407,3377.88,31.276666666666667,72.5,False,48.55712962962963,Low
CUST00827,Routine_Commuter,98,39,0.3979591836734694,2556.29,26.084591836734692,61.5,True,48.557117346938774,Low
CUST01388,Routine_Commuter,101,36,0.3564356435643564,2761.51,27.34168316831683,64.3,True,48.556175742574254,Low
CUST07376,Routine_Commuter,107,29,0.2710280373831775,2210.68,20.66056074766355,69.9,False,48.54987149532711,Low
CUST04424,Routine_Commuter,108,33,0.3055555555555556,2423.74,22.442037037037036,66.0,True,48.54972222222223,Low
CUST07202,Price_Sensitive,112,26,0.2321428571428571,2024.36,18.074642857142855,71.5,False,48.54821428571429,Low
CUST02552,Convenience_First,105,36,0.3428571428571428,3742.13,35.63933333333333,63.7,True,48.54678571428571,Low
CUST01497,Routine_Commuter,99,39,0.3939393939393939,1378.03,13.919494949494949,61.4,True,48.54632575757576,Low
CUST03069,Routine_Commuter,110,33,0.3,2551.32,23.193818181818184,65.6,True,48.54624999999999,Low
CUST00298,Convenience_First,97,38,0.3917525773195876,3307.96,34.102680412371136,62.6,True,48.54510309278351,Low
CUST00947,Routine_Commuter,109,31,0.2844036697247706,2264.65,20.776605504587156,67.6,False,48.544896788990826,Low
CUST04015,Price_Sensitive,105,32,0.3047619047619048,2105.55,20.052857142857142,67.5,True,48.54297619047619,Low
CUST03808,Price_Sensitive,106,33,0.3113207547169811,1984.3,18.719811320754715,66.3,True,48.54033018867925,Low
CUST07641,Price_Sensitive,111,28,0.2522522522522522,2469.54,22.24810810810811,69.9,False,48.527590090090094,Low
CUST03671,Price_Sensitive,101,34,0.3366336633663366,2630.77,26.047227722772277,66.2,True,48.52409653465347,Low
CUST03184,Convenience_First,102,42,0.4117647058823529,2595.8,25.449019607843137,58.2,False,48.52308823529412,Low
CUST03282,Routine_Commuter,100,35,0.35,1692.74,16.9274,65.3,True,48.52125000000001,Low
CUST02339,Convenience_First,97,36,0.3711340206185567,2594.95,26.7520618556701,64.6,True,48.52036082474227,Low
CUST04718,Routine_Commuter,97,36,0.3711340206185567,2820.09,29.073092783505157,64.6,True,48.52036082474227,Low
CUST02397,Routine_Commuter,101,35,0.3465346534653465,3370.81,33.37435643564356,65.2,True,48.520136138613864,Low
CUST00727,Convenience_First,108,34,0.3148148148148148,3477.23,32.19657407407407,65.0,True,48.5200925925926,Low
CUST01334,Convenience_First,102,38,0.3725490196078431,3228.05,31.647549019607844,62.1,True,48.51446078431373,Low
CUST04536,Routine_Commuter,98,38,0.3877551020408163,2657.38,27.116122448979592,62.4,True,48.50895408163266,Low
CUST01956,Price_Sensitive,116,22,0.1896551724137931,3722.69,32.0921551724138,73.9,False,48.506206896551724,Low
CUST02544,Routine_Commuter,105,32,0.3047619047619048,2302.05,21.924285714285716,67.4,True,48.5029761904762,Low
CUST06947,Routine_Commuter,104,37,0.3557692307692308,2564.91,24.662596153846152,62.8,True,48.49951923076923,Low
CUST02914,Routine_Commuter,109,29,0.2660550458715596,2175.44,19.95816513761468,69.3,False,48.490951834862386,Low
CUST00191,Routine_Commuter,108,35,0.324074074074074,2126.03,19.68546296296297,64.0,True,48.490462962962965,Low
CUST01162,Routine_Commuter,104,35,0.3365384615384615,1889.87,18.17182692307692,64.7,True,48.49028846153846,Low
CUST03137,Routine_Commuter,108,31,0.287037037037037,1660.02,15.370555555555557,67.7,False,48.48898148148148,Low
CUST04776,Price_Sensitive,104,30,0.2884615384615384,1734.7,16.679807692307694,69.5,False,48.48721153846154,Low
CUST02549,Routine_Commuter,113,29,0.2566371681415929,2345.52,20.75681415929203,68.4,False,48.48673672566372,Low
CUST00179,Routine_Commuter,105,35,0.3333333333333333,2265.1,21.57238095238095,64.5,True,48.48583333333333,Low
CUST00436,Routine_Commuter,106,32,0.3018867924528302,3007.95,28.37688679245283,67.1,True,48.48297169811321,Low
CUST00252,Price_Sensitive,100,31,0.31,1953.01,19.5301,69.2,True,48.48125,Low
CUST07815,Routine_Commuter,104,33,0.3173076923076923,2776.02,26.6925,66.6,True,48.481057692307694,Low
CUST00730,Routine_Commuter,97,36,0.3711340206185567,2386.82,24.60639175257732,64.5,True,48.48036082474227,Low
CUST07135,Price_Sensitive,101,35,0.3465346534653465,2930.0299999999997,29.010198019801976,65.1,True,48.48013613861386,Low
CUST06613,Routine_Commuter,101,35,0.3465346534653465,1745.62,17.283366336633662,65.1,True,48.48013613861386,Low
CUST00056,Routine_Commuter,109,33,0.3027522935779816,3186.09,29.230183486238538,65.6,True,48.47884174311926,Low
CUST05578,Routine_Commuter,115,27,0.2347826086956521,3089.56,26.865739130434783,69.7,False,48.478804347826085,Low
CUST07176,Convenience_First,101,36,0.3564356435643564,2789.46,27.61841584158416,64.1,True,48.476175742574256,Low
CUST05659,Routine_Commuter,102,33,0.3235294117647059,2581.04,25.304313725490196,66.9,True,48.47367647058824,Low
CUST00196,Routine_Commuter,110,33,0.3,2517.34,22.884909090909098,65.4,True,48.46625,Low
CUST05037,Price_Sensitive,105,32,0.3047619047619048,2415.32,23.00304761904762,67.3,True,48.46297619047619,Low
CUST00770,Price_Sensitive,104,29,0.2788461538461538,2463.89,23.69125,70.4,False,48.46259615384616,Low
CUST01660,Price_Sensitive,104,29,0.2788461538461538,2287.34,21.993653846153848,70.4,False,48.46259615384616,Low
CUST07293,Price_Sensitive,99,37,0.3737373737373737,1867.49,18.86353535353535,63.2,True,48.458244949494954,Low
CUST03147,Convenience_First,88,41,0.4659090909090909,2246.94,25.533409090909092,59.4,False,48.45636363636364,Low
CUST01203,Routine_Commuter,99,35,0.3535353535353535,2916.39,29.458484848484847,65.2,True,48.45016414141415,Low
CUST01189,Price_Sensitive,104,30,0.2884615384615384,2602.87,25.02759615384615,69.4,False,48.44721153846154,Low
CUST05893,Price_Sensitive,107,36,0.3364485981308411,1877.42,17.545981308411214,63.1,True,48.446693925233646,Low
CUST06789,Price_Sensitive,103,34,0.3300970873786408,1537.85,14.930582524271845,65.7,True,48.44638349514563,Low
CUST06913,Convenience_First,95,40,0.4210526315789473,2248.45,23.667894736842104,60.4,True,48.44460526315789,Low
CUST04826,Price_Sensitive,106,32,0.3018867924528302,1508.27,14.228962264150944,67.0,True,48.44297169811321,Low
CUST01511,Price_Sensitive,102,37,0.3627450980392157,2798.61,27.43735294117647,62.9,True,48.44230392156863,Low
CUST07527,Convenience_First,100,35,0.35,3093.83,30.9383,65.1,True,48.44125,Low
CUST03697,Price_Sensitive,104,33,0.3173076923076923,3523.83,33.88298076923077,66.5,True,48.441057692307695,Low
CUST06364,Price_Sensitive,108,30,0.2777777777777778,2588.94,23.971666666666668,68.5,False,48.438611111111115,Low
CUST06908,Convenience_First,98,38,0.3877551020408163,3434.57,35.04663265306122,62.2,True,48.42895408163266,Low
CUST00382,Convenience_First,99,39,0.3939393939393939,2617.36,26.4379797979798,61.1,True,48.42632575757577,Low
CUST06901,Convenience_First,105,34,0.3238095238095238,2032.54,19.35752380952381,65.3,True,48.42488095238095,Low
CUST01270,Routine_Commuter,110,32,0.2909090909090909,1619.27,14.720636363636364,66.2,False,48.42261363636364,Low
CUST02178,Routine_Commuter,99,37,0.3737373737373737,2102.1,21.23333333333333,63.1,True,48.41824494949495,Low
CUST03577,Price_Sensitive,123,23,0.1869918699186991,3005.74,24.43691056910569,71.1,False,48.417174796747965,Low
CUST02963,Routine_Commuter,101,33,0.3267326732673267,1700.64,16.838019801980195,66.9,True,48.40805693069307,Low
CUST03111,Routine_Commuter,98,40,0.4081632653061224,1705.41,17.40214285714286,60.1,True,48.4052806122449,Low
CUST05960,Convenience_First,107,33,0.308411214953271,3906.99,36.51392523364486,65.8,True,48.405198598130845,Low
CUST01995,Routine_Commuter,114,27,0.2368421052631578,2187.71,19.19043859649123,69.7,False,48.39993421052632,Low
CUST06939,Price_Sensitive,106,34,0.320754716981132,2085.45,19.674056603773582,65.0,True,48.397688679245285,Low
CUST00522,Price_Sensitive,101,36,0.3564356435643564,2539.68,25.145346534653463,63.9,True,48.39617574257426,Low
CUST00141,Price_Sensitive,103,35,0.3398058252427184,1486.38,14.430873786407767,64.6,True,48.39473300970874,Low
CUST06663,Price_Sensitive,106,36,0.3396226415094339,2124.71,20.04443396226415,63.1,True,48.392405660377364,Low
CUST02090,Price_Sensitive,103,32,0.3106796116504854,2548.73,24.74495145631068,67.5,True,48.38968446601942,Low
CUST05494,Routine_Commuter,105,34,0.3238095238095238,3307.62,31.501142857142856,65.2,True,48.38488095238095,Low
CUST00069,Routine_Commuter,110,32,0.2909090909090909,2028.05,18.436818181818182,66.1,False,48.38261363636364,Low
CUST05969,Convenience_First,96,40,0.4166666666666667,1439.07,14.9903125,60.2,True,48.38166666666667,Low
CUST06381,Routine_Commuter,108,36,0.3333333333333333,1915.32,17.734444444444446,62.8,True,48.380833333333335,Low
CUST00608,Routine_Commuter,98,37,0.3775510204081632,2415.57,24.648673469387756,63.1,True,48.38079081632653,Low
CUST01508,Convenience_First,108,32,0.2962962962962963,2569.21,23.78898148148148,66.5,False,48.37935185185186,Low
CUST04369,Price_Sensitive,110,31,0.2818181818181818,3436.69,31.242636363636365,67.0,False,48.378977272727276,Low
CUST06924,Convenience_First,106,35,0.330188679245283,3637.36,34.31471698113208,64.0,True,48.375047169811324,Low
CUST03929,Convenience_First,97,37,0.3814432989690721,1579.18,16.28020618556701,63.2,True,48.372731958762884,Low
CUST02571,Price_Sensitive,96,37,0.3854166666666667,1749.85,18.227604166666666,63.3,True,48.37166666666667,Low
CUST04542,Convenience_First,105,35,0.3333333333333333,3290.71,31.34009523809524,64.2,True,48.365833333333335,Low
CUST05215,Routine_Commuter,116,26,0.2241379310344827,2214.1,19.08706896551724,70.1,False,48.36551724137931,Low
CUST03580,Convenience_First,100,33,0.33,2712.03,27.1203,66.9,True,48.36125000000001,Low
CUST04878,Routine_Commuter,101,36,0.3564356435643564,1644.36,16.28079207920792,63.8,True,48.35617574257425,Low
CUST07181,Routine_Commuter,103,35,0.3398058252427184,3056.21,29.671941747572816,64.5,True,48.35473300970873,Low
CUST00019,Routine_Commuter,105,38,0.3619047619047619,2126.73,20.254571428571428,61.3,True,48.34869047619048,Low
CUST06775,Routine_Commuter,102,34,0.3333333333333333,2841.33,27.856176470588235,65.6,True,48.34583333333333,Low
CUST02284,Routine_Commuter,106,31,0.2924528301886792,3418.14,32.2466037735849,67.7,False,48.345613207547174,Low
CUST02257,Routine_Commuter,109,31,0.2844036697247706,2770.74,25.419633027522934,67.1,False,48.34489678899082,Low
CUST01650,Price_Sensitive,101,29,0.2871287128712871,3028.0,29.980198019801986,70.7,False,48.34389851485149,Low
CUST03385,Routine_Commuter,105,32,0.3047619047619048,3781.27,36.012095238095235,67.0,True,48.34297619047619,Low
CUST06287,Price_Sensitive,105,30,0.2857142857142857,2235.83,21.29361904761905,68.9,False,48.34107142857143,Low
CUST06651,Routine_Commuter,105,30,0.2857142857142857,3902.23,37.16409523809523,68.9,False,48.34107142857143,Low
CUST04082,Convenience_First,107,34,0.3177570093457944,2583.56,24.145420560747663,64.7,True,48.339030373831775,Low
CUST01921,Convenience_First,102,35,0.3431372549019608,2042.02,20.019803921568627,64.6,True,48.33799019607843,Low
CUST03792,Convenience_First,99,35,0.3535353535353535,2110.6,21.31919191919192,64.9,True,48.330164141414144,Low
CUST05908,Routine_Commuter,111,29,0.2612612612612612,2174.83,19.593063063063063,68.5,False,48.32795045045045,Low
CUST07439,Routine_Commuter,111,27,0.2432432432432432,2424.74,21.844504504504503,70.3,False,48.32722972972973,Low
CUST04310,Routine_Commuter,107,36,0.3364485981308411,1991.75,18.614485981308412,62.8,True,48.32669392523365,Low
CUST01343,Convenience_First,103,34,0.3300970873786408,3527.72,34.249708737864076,65.4,True,48.326383495145635,Low
CUST07252,Routine_Commuter,109,34,0.3119266055045872,1622.07,14.881376146788991,64.3,True,48.32581422018349,Low
CUST03195,Convenience_First,106,32,0.3018867924528302,1499.31,14.14443396226415,66.7,True,48.322971698113214,Low
CUST01285,Convenience_First,95,38,0.4,1909.49,20.099894736842103,62.2,True,48.322500000000005,Low
CUST00708,Routine_Commuter,108,30,0.2777777777777778,2504.38,23.188703703703705,68.2,False,48.31861111111112,Low
CUST05299,Convenience_First,97,39,0.4020618556701031,3822.45,39.406701030927834,61.0,True,48.31747422680413,Low
CUST00871,Routine_Commuter,114,24,0.2105263157894736,3984.54,34.9521052631579,72.1,False,48.30730263157894,Low
CUST05193,Convenience_First,105,36,0.3428571428571428,3133.74,29.84514285714286,63.1,True,48.306785714285716,Low
CUST04448,Routine_Commuter,99,39,0.3939393939393939,2151.95,21.73686868686869,60.8,True,48.30632575757576,Low
CUST07095,Convenience_First,106,31,0.2924528301886792,3289.98,31.03754716981132,67.6,False,48.30561320754717,Low
CUST05068,Convenience_First,99,37,0.3737373737373737,2051.22,20.71939393939394,62.8,True,48.29824494949496,Low
CUST00737,Routine_Commuter,109,30,0.2752293577981651,899.85,8.255504587155963,67.9,False,48.29792431192661,Low
CUST04247,Routine_Commuter,104,32,0.3076923076923077,3340.55,32.120673076923076,67.1,True,48.29644230769231,Low
CUST04297,Convenience_First,104,32,0.3076923076923077,3245.16,31.203461538461536,67.1,True,48.29644230769231,Low
CUST01053,Routine_Commuter,107,28,0.2616822429906542,1515.4,14.162616822429907,70.2,False,48.29603971962617,Low
CUST03909,Price_Sensitive,112,32,0.2857142857142857,2890.91,25.811696428571427,65.5,False,48.291071428571435,Low
CUST07933,Routine_Commuter,104,35,0.3365384615384615,2604.55,25.043750000000003,64.2,True,48.290288461538466,Low
CUST02314,Price_Sensitive,106,30,0.2830188679245283,1882.73,17.761603773584905,68.5,False,48.288254716981136,Low
CUST01652,Price_Sensitive,100,33,0.33,2057.21,20.5721,66.7,True,48.28125,Low
CUST00572,Routine_Commuter,100,32,0.32,792.78,7.9278,67.7,True,48.28125,Low
CUST03142,Price_Sensitive,112,22,0.1964285714285714,2130.54,19.02267857142857,74.4,False,48.27964285714286,Low
CUST02034,Price_Sensitive,113,24,0.2123893805309734,3080.55,27.261504424778764,72.3,False,48.27682522123894,Low
CUST04398,Routine_Commuter,104,39,0.375,2664.77,25.622788461538462,60.3,True,48.268750000000004,Low
CUST02237,Routine_Commuter,106,33,0.3113207547169811,2438.12,23.0011320754717,65.6,True,48.26033018867925,Low
CUST01141,Price_Sensitive,102,35,0.3431372549019608,2497.11,24.481470588235297,64.4,True,48.25799019607844,Low
CUST07268,Price_Sensitive,97,34,0.3505154639175257,2704.85,27.88505154639175,66.0,True,48.25561855670103,Low
CUST07890,Routine_Commuter,99,36,0.3636363636363636,3634.18,36.708888888888886,63.7,True,48.254204545454556,Low
CUST06783,Convenience_First,113,28,0.247787610619469,3016.61,26.69566371681416,68.7,False,48.252754424778765,Low
CUST02528,Routine_Commuter,99,35,0.3535353535353535,3033.28,30.639191919191923,64.7,True,48.250164141414146,Low
CUST02808,Price_Sensitive,111,25,0.2252252252252252,2248.92,20.260540540540543,71.9,False,48.24650900900901,Low
CUST00440,Routine_Commuter,98,35,0.3571428571428571,1925.1,19.64387755102041,64.8,True,48.24446428571429,Low
CUST00666,Convenience_First,101,34,0.3366336633663366,3905.99,38.67316831683168,65.5,True,48.244096534653465,Low
CUST04452,Price_Sensitive,100,33,0.33,3038.72,30.387199999999996,66.6,True,48.24125000000001,Low
CUST05364,Price_Sensitive,100,31,0.31,2650.07,26.5007,68.6,True,48.241249999999994,Low
CUST03006,Convenience_First,97,36,0.3711340206185567,1757.82,18.12185567010309,63.9,True,48.240360824742275,Low
CUST07935,Convenience_First,96,38,0.3958333333333333,2043.06,21.281875,61.9,True,48.22833333333333,Low
CUST00913,Routine_Commuter,113,26,0.2300884955752212,2637.17,23.33778761061947,70.4,False,48.22478982300885,Low
CUST04799,Convenience_First,110,32,0.2909090909090909,2270.41,20.640090909090908,65.7,False,48.22261363636364,Low
CUST06655,Routine_Commuter,105,28,0.2666666666666666,1934.0,18.419047619047618,70.5,False,48.219166666666666,Low
CUST06495,Routine_Commuter,96,35,0.3645833333333333,2491.37,25.95177083333333,65.0,True,48.21833333333333,Low
CUST01971,Price_Sensitive,114,25,0.219298245614035,3141.15,27.553947368421053,71.0,False,48.2181798245614,Low
CUST03643,Convenience_First,101,32,0.3168316831683168,3396.93,33.6329702970297,67.4,True,48.21201732673268,Low
CUST07736,Routine_Commuter,104,30,0.2884615384615384,3338.75,32.10336538461539,68.8,False,48.207211538461536,Low
CUST07606,Routine_Commuter,103,34,0.3300970873786408,2244.73,21.793495145631063,65.1,True,48.20638349514563,Low
CUST01362,Routine_Commuter,103,34,0.3300970873786408,1604.49,15.57757281553398,65.1,True,48.20638349514563,Low
CUST04563,Convenience_First,105,35,0.3333333333333333,2419.19,23.03990476190476,63.8,True,48.20583333333333,Low
CUST05590,Price_Sensitive,105,31,0.2952380952380952,2274.21,21.659142857142857,67.6,False,48.20202380952381,Low
CUST03758,Price_Sensitive,102,32,0.3137254901960784,2169.55,21.27009803921569,67.2,True,48.20151960784314,Low
CUST02111,Convenience_First,109,33,0.3027522935779816,2136.71,19.60284403669725,64.9,True,48.198841743119274,Low
CUST05314,Routine_Commuter,109,33,0.3027522935779816,1703.75,15.630733944954128,64.9,True,48.198841743119274,Low
CUST00088,Routine_Commuter,106,31,0.2924528301886792,2612.7,24.64811320754717,67.3,False,48.18561320754717,Low
CUST02404,Convenience_First,91,37,0.4065934065934066,2669.25,29.332417582417584,63.2,True,48.18123626373627,Low
CUST02570,Price_Sensitive,105,30,0.2857142857142857,1443.64,13.748952380952382,68.5,False,48.18107142857143,Low
CUST06244,Price_Sensitive,95,35,0.3684210526315789,2257.47,23.762842105263157,65.0,True,48.17934210526316,Low
CUST05455,Routine_Commuter,104,32,0.3076923076923077,2455.5,23.610576923076923,66.8,True,48.176442307692305,Low
CUST05905,Routine_Commuter,108,31,0.287037037037037,2512.55,23.264351851851853,66.9,False,48.16898148148149,Low
CUST05124,Convenience_First,111,29,0.2612612612612612,3585.74,32.303963963963966,68.1,False,48.16795045045045,Low
CUST06575,Price_Sensitive,108,27,0.25,1941.41,17.97601851851852,70.6,False,48.1675,Low
CUST02238,Convenience_First,98,30,0.3061224489795918,2694.3,27.492857142857144,69.7,True,48.16364795918368,Low
CUST05195,Routine_Commuter,100,33,0.33,2787.51,27.875099999999996,66.4,True,48.16125000000001,Low
CUST05624,Routine_Commuter,116,29,0.25,3163.8,27.274137931034485,67.0,False,48.16,Low
CUST03997,Routine_Commuter,108,30,0.2777777777777778,2653.32,24.567777777777778,67.8,False,48.158611111111114,Low
CUST02654,Price_Sensitive,108,30,0.2777777777777778,2137.72,19.793703703703702,67.8,False,48.158611111111114,Low
CUST06957,Routine_Commuter,97,38,0.3917525773195876,1441.78,14.863711340206184,61.6,True,48.14510309278351,Low
CUST05633,Convenience_First,93,41,0.4408602150537634,3548.23,38.153010752688175,58.7,False,48.14065860215054,Low
CUST01184,Routine_Commuter,98,32,0.3265306122448979,3065.54,31.281020408163265,67.6,True,48.13997448979592,Low
CUST01876,Convenience_First,107,31,0.2897196261682243,2307.59,21.566261682242992,67.0,False,48.13753504672897,Low
CUST03243,Price_Sensitive,103,30,0.2912621359223301,2402.03,23.320679611650487,68.8,False,48.1329854368932,Low
CUST06623,Price_Sensitive,108,27,0.25,1580.88,14.637777777777776,70.5,False,48.127500000000005,Low
CUST07694,Price_Sensitive,98,35,0.3571428571428571,2924.11,29.837857142857143,64.5,True,48.12446428571429,Low
CUST03520,Routine_Commuter,98,35,0.3571428571428571,2631.12,26.84816326530612,64.5,True,48.12446428571429,Low
CUST00634,Routine_Commuter,101,34,0.3366336633663366,1586.12,15.704158415841585,65.2,True,48.12409653465346,Low
CUST06609,Price_Sensitive,100,31,0.31,2304.48,23.0448,68.3,True,48.12125,Low
CUST01817,Convenience_First,104,33,0.3173076923076923,2702.04,25.981153846153845,65.7,True,48.121057692307694,Low
CUST04910,Routine_Commuter,95,36,0.3789473684210526,2308.27,24.29757894736842,63.8,True,48.12039473684211,Low
CUST00601,Routine_Commuter,97,36,0.3711340206185567,2171.4,22.38556701030928,63.6,True,48.12036082474227,Low
CUST02440,Routine_Commuter,108,30,0.2777777777777778,2624.51,24.30101851851852,67.7,False,48.118611111111115,Low
CUST03061,Price_Sensitive,103,28,0.2718446601941747,2302.79,22.35718446601942,70.7,False,48.116286407766985,Low
CUST00720,Routine_Commuter,104,31,0.2980769230769231,2463.84,23.69076923076923,67.6,False,48.111826923076926,Low
CUST05941,Routine_Commuter,108,29,0.2685185185185185,1663.19,15.399907407407408,68.6,False,48.10824074074074,Low
CUST07801,Routine_Commuter,97,35,0.3608247422680412,2195.75,22.63659793814433,64.6,True,48.107989690721645,Low
CUST00583,Routine_Commuter,105,36,0.3428571428571428,3584.18,34.13504761904762,62.6,True,48.106785714285714,Low
CUST07277,Routine_Commuter,98,37,0.3775510204081632,3235.38,33.01408163265306,62.4,True,48.10079081632653,Low
CUST05670,Routine_Commuter,108,32,0.2962962962962963,1663.82,15.40574074074074,65.8,False,48.09935185185186,Low
CUST07309,Routine_Commuter,103,33,0.3203883495145631,1765.72,17.142912621359223,65.8,True,48.09803398058252,Low
CUST03135,Routine_Commuter,109,30,0.2752293577981651,2505.48,22.98605504587156,67.4,False,48.097924311926604,Low
CUST04670,Price_Sensitive,101,32,0.3168316831683168,3054.27,30.24029702970297,67.1,True,48.09201732673267,Low
CUST05627,Convenience_First,113,35,0.3097345132743362,2144.4,18.97699115044248,62.1,True,48.09063053097345,Low
CUST07461,Price_Sensitive,102,31,0.3039215686274509,1506.98,14.774313725490195,67.9,True,48.08936274509804,Low
CUST06955,Price_Sensitive,102,31,0.3039215686274509,1474.12,14.452156862745095,67.9,True,48.08936274509804,Low
CUST04311,Routine_Commuter,109,27,0.2477064220183486,1660.09,15.23018348623853,70.1,False,48.07700688073395,Low
CUST01157,Routine_Commuter,96,36,0.375,2489.32,25.93041666666667,63.6,True,48.074999999999996,Low
CUST07087,Routine_Commuter,102,33,0.3235294117647059,2608.29,25.571470588235293,65.9,True,48.07367647058824,Low
CUST06387,Convenience_First,105,30,0.2857142857142857,2762.94,26.313714285714287,68.2,False,48.06107142857143,Low
CUST03521,Price_Sensitive,103,26,0.2524271844660194,2525.12,24.515728155339804,72.5,False,48.05958737864078,Low
CUST06685,Routine_Commuter,102,35,0.3431372549019608,2105.92,20.646274509803924,63.9,True,48.057990196078435,Low
CUST07776,Routine_Commuter,107,28,0.2616822429906542,1596.72,14.922616822429909,69.6,False,48.05603971962617,Low
CUST06861,Convenience_First,101,31,0.3069306930693069,2503.13,24.783465346534655,68.0,True,48.05597772277228,Low
CUST05746,Routine_Commuter,98,36,0.3673469387755102,2532.22,25.838979591836733,63.3,True,48.052627551020414,Low
CUST07230,Routine_Commuter,98,36,0.3673469387755102,3393.47,34.62724489795918,63.3,True,48.052627551020414,Low
CUST06992,Price_Sensitive,110,28,0.2545454545454545,3299.98,29.99981818181818,68.9,False,48.04806818181818,Low
CUST04232,Routine_Commuter,108,27,0.25,3543.26,32.80796296296297,70.3,False,48.04750000000001,Low
CUST03079,Convenience_First,101,34,0.3366336633663366,3163.84,31.325148514851488,65.0,True,48.04409653465346,Low
CUST05958,Routine_Commuter,106,32,0.3018867924528302,2701.4,25.48490566037736,66.0,True,48.04297169811321,Low
CUST06100,Routine_Commuter,105,31,0.2952380952380952,1878.15,17.88714285714286,67.2,False,48.04202380952381,Low
CUST06633,Routine_Commuter,102,32,0.3137254901960784,1738.48,17.04392156862745,66.8,True,48.041519607843135,Low
CUST00876,Routine_Commuter,103,31,0.3009708737864077,2287.78,22.211456310679612,67.6,True,48.04133495145631,Low
CUST01728,Price_Sensitive,93,36,0.3870967741935484,3351.79,36.04075268817204,63.8,True,48.03012096774194,Low
CUST00116,Convenience_First,97,38,0.3917525773195876,2382.46,24.56144329896907,61.3,True,48.0251030927835,Low
CUST00350,Price_Sensitive,96,33,0.34375,1662.79,17.320729166666666,66.6,True,48.025,Low
CUST01504,Price_Sensitive,103,29,0.2815533980582524,3806.05,36.95194174757282,69.5,False,48.0246359223301,Low
CUST06014,Routine_Commuter,105,32,0.3047619047619048,1864.48,17.75695238095238,66.2,True,48.02297619047619,Low
CUST06379,Routine_Commuter,99,38,0.3838383838383838,2107.44,21.28727272727273,61.1,True,48.02228535353535,Low
CUST07351,Price_Sensitive,108,28,0.2592592592592592,2438.34,22.577222222222225,69.3,False,48.01787037037037,Low
CUST00896,Routine_Commuter,98,36,0.3673469387755102,1678.12,17.123673469387754,63.2,True,48.01262755102041,Low
CUST01671,Routine_Commuter,101,32,0.3168316831683168,2856.52,28.28237623762376,66.9,True,48.012017326732675,Low
CUST01867,Routine_Commuter,108,31,0.287037037037037,2587.84,23.96148148148148,66.5,False,48.008981481481484,Low
CUST05300,Convenience_First,101,33,0.3267326732673267,2512.64,24.877623762376235,65.9,True,48.00805693069307,Low
CUST07669,Routine_Commuter,116,26,0.2241379310344827,3159.48,27.236896551724136,69.2,False,48.00551724137931,Low
CUST01909,Routine_Commuter,110,27,0.2454545454545454,2834.0,25.76363636363636,69.7,False,48.00443181818182,Low
CUST07274,Convenience_First,109,28,0.2568807339449541,3230.09,29.633853211009175,69.0,False,48.00397935779816,Low
CUST00339,Routine_Commuter,107,30,0.2803738317757009,3388.25,31.66588785046729,67.6,False,48.00370327102804,Low
CUST07502,Price_Sensitive,106,25,0.2358490566037736,1943.11,18.33122641509434,72.5,False,48.001462264150945,Low
CUST00893,Routine_Commuter,103,31,0.3009708737864077,1586.26,15.400582524271844,67.5,True,48.00133495145631,Low
CUST02018,Routine_Commuter,104,33,0.3173076923076923,3156.53,30.35125,65.4,True,48.0010576923077,Low
CUST06465,Routine_Commuter,101,35,0.3465346534653465,1517.49,15.024653465346535,63.9,True,48.00013613861386,Low
CUST05556,Price_Sensitive,106,27,0.2547169811320754,1988.89,18.76311320754717,70.6,False,47.99617924528302,Low
CUST02227,Routine_Commuter,102,33,0.3235294117647059,1858.48,18.220392156862744,65.7,True,47.993676470588234,Low
CUST04586,Routine_Commuter,87,39,0.4482758620689655,2364.1,27.173563218390804,60.5,True,47.98978448275862,Low
CUST05487,Routine_Commuter,103,32,0.3106796116504854,2904.97,28.203592233009708,66.5,True,47.98968446601942,Low
CUST06915,Routine_Commuter,102,34,0.3333333333333333,1771.87,17.37127450980392,64.7,True,47.98583333333334,Low
CUST05546,Price_Sensitive,104,29,0.2788461538461538,3188.39,30.657596153846153,69.2,False,47.98259615384615,Low
CUST07906,Convenience_First,110,30,0.2727272727272727,3062.48,27.84072727272727,66.9,False,47.97534090909091,Low
CUST03232,Routine_Commuter,107,25,0.2336448598130841,2500.43,23.368504672897195,72.2,False,47.97454439252337,Low
CUST06167,Price_Sensitive,106,28,0.2641509433962264,2572.71,24.270849056603772,69.6,False,47.97353773584906,Low
CUST01937,Convenience_First,98,36,0.3673469387755102,1383.88,14.12122448979592,63.1,True,47.972627551020416,Low
CUST00507,Routine_Commuter,99,35,0.3535353535353535,1565.1,15.809090909090909,64.0,True,47.970164141414145,Low
CUST06169,Convenience_First,100,38,0.38,1926.73,19.2673,60.9,True,47.96125000000001,Low
CUST02335,Routine_Commuter,101,36,0.3564356435643564,2647.71,26.214950495049504,62.8,True,47.95617574257426,Low
CUST00968,Convenience_First,104,31,0.2980769230769231,2292.31,22.041442307692307,67.2,False,47.95182692307693,Low
CUST06210,Convenience_First,106,31,0.2924528301886792,2226.37,21.003490566037733,66.7,False,47.945613207547176,Low
CUST04227,Price_Sensitive,96,33,0.34375,2890.12,30.105416666666667,66.4,True,47.945,Low
CUST07602,Convenience_First,103,33,0.3203883495145631,2902.54,28.18,65.4,True,47.938033980582524,Low
CUST01410,Routine_Commuter,107,31,0.2897196261682243,2329.62,21.77214953271028,66.5,False,47.937535046728975,Low
CUST07438,Price_Sensitive,96,30,0.3125,1647.98,17.166458333333335,69.5,True,47.934999999999995,Low
CUST04106,Routine_Commuter,98,36,0.3673469387755102,2124.31,21.676632653061223,63.0,True,47.93262755102041,Low
CUST05488,Price_Sensitive,104,35,0.3365384615384615,2521.24,24.242692307692305,63.3,True,47.93028846153846,Low
CUST04193,Routine_Commuter,93,34,0.3655913978494624,1233.15,13.25967741935484,65.7,True,47.9299059139785,Low
CUST04637,Routine_Commuter,102,31,0.3039215686274509,2724.36,26.709411764705884,67.5,True,47.92936274509804,Low
CUST03835,Price_Sensitive,106,30,0.2830188679245283,2644.53,24.948396226415095,67.6,False,47.92825471698114,Low
CUST03388,Routine_Commuter,104,30,0.2884615384615384,2227.73,21.42048076923077,68.1,False,47.927211538461535,Low
CUST01922,Price_Sensitive,102,27,0.2647058823529412,2811.38,27.562549019607843,71.4,False,47.920735294117655,Low
CUST04046,Routine_Commuter,109,27,0.2477064220183486,2747.51,25.206513761467892,69.7,False,47.91700688073395,Low
CUST07088,Routine_Commuter,94,37,0.3936170212765957,2499.14,26.58659574468085,62.3,True,47.91218085106383,Low
CUST03948,Routine_Commuter,107,32,0.2990654205607476,2723.31,25.451495327102805,65.5,False,47.91136682242991,Low
CUST04533,Price_Sensitive,99,30,0.303030303030303,1712.25,17.295454545454547,68.9,True,47.90996212121212,Low
CUST06266,Convenience_First,101,38,0.3762376237623762,2964.74,29.353861386138615,60.7,True,47.90825495049505,Low
CUST01190,Price_Sensitive,98,33,0.336734693877551,2117.73,21.609489795918368,66.0,True,47.90813775510204,Low
CUST00156,Price_Sensitive,97,35,0.3608247422680412,2857.98,29.463711340206185,64.1,True,47.90798969072165,Low
CUST00755,Routine_Commuter,95,43,0.4526315789473684,1728.99,18.199894736842104,55.9,False,47.90776315789474,Low
CUST04119,Price_Sensitive,96,33,0.34375,2417.81,25.18552083333333,66.3,True,47.904999999999994,Low
CUST04613,Routine_Commuter,109,25,0.2293577981651376,2069.96,18.99045871559633,71.5,False,47.9030619266055,Low
CUST07255,Convenience_First,96,35,0.3645833333333333,1744.15,18.168229166666663,64.2,True,47.89833333333333,Low
CUST04997,Price_Sensitive,103,30,0.2912621359223301,2076.23,20.15757281553398,68.2,False,47.892985436893206,Low
CUST00303,Routine_Commuter,96,39,0.40625,3101.04,32.3025,60.0,True,47.885,Low
CUST05144,Price_Sensitive,109,28,0.2568807339449541,1988.22,18.240550458715596,68.7,False,47.88397935779817,Low
CUST01783,Convenience_First,103,31,0.3009708737864077,2993.73,29.065339805825243,67.2,True,47.88133495145631,Low
CUST01878,Price_Sensitive,103,31,0.3009708737864077,1358.41,13.188446601941749,67.2,True,47.88133495145631,Low
CUST04838,Routine_Commuter,100,35,0.35,2181.4,21.814,63.7,True,47.88125000000001,Low
CUST06622,Routine_Commuter,98,34,0.3469387755102041,2747.55,28.03622448979592,64.9,True,47.87630102040817,Low
CUST00815,Price_Sensitive,97,32,0.3298969072164948,1296.23,13.36319587628866,67.1,True,47.870876288659794,Low
CUST04804,Price_Sensitive,97,35,0.3608247422680412,2932.92,30.236288659793814,64.0,True,47.86798969072165,Low
CUST05188,Routine_Commuter,105,32,0.3047619047619048,3415.59,32.529428571428575,65.8,True,47.86297619047619,Low
CUST02572,Price_Sensitive,104,29,0.2788461538461538,1497.32,14.397307692307692,68.9,False,47.862596153846155,Low
CUST02412,Convenience_First,96,35,0.3645833333333333,2891.73,30.1221875,64.1,True,47.85833333333333,Low
CUST02959,Convenience_First,101,32,0.3168316831683168,1542.39,15.271188118811882,66.5,True,47.85201732673267,Low
CUST05087,Routine_Commuter,103,34,0.3300970873786408,2430.88,23.60077669902913,64.2,True,47.84638349514564,Low
CUST07273,Routine_Commuter,105,33,0.3142857142857143,2644.31,25.18390476190476,64.8,True,47.84392857142857,Low
CUST05317,Routine_Commuter,97,33,0.3402061855670103,2698.6,27.82061855670103,66.0,True,47.84324742268041,Low
CUST04850,Routine_Commuter,105,31,0.2952380952380952,2984.32,28.42209523809524,66.7,False,47.84202380952381,Low
CUST02566,Routine_Commuter,105,29,0.2761904761904762,2798.44,26.65180952380953,68.6,False,47.84011904761905,Low
CUST06301,Routine_Commuter,105,27,0.2571428571428571,1895.36,18.05104761904762,70.5,False,47.83821428571429,Low
CUST00052,Convenience_First,103,32,0.3106796116504854,2716.44,26.373203883495147,66.1,True,47.829684466019415,Low
CUST01429,Convenience_First,106,31,0.2924528301886792,3170.8,29.91320754716981,66.4,False,47.82561320754717,Low
CUST00243,Routine_Commuter,98,37,0.3775510204081632,2272.56,23.18938775510204,61.7,True,47.82079081632653,Low
CUST00119,Price_Sensitive,98,32,0.3265306122448979,2440.01,24.8980612244898,66.8,True,47.81997448979592,Low
CUST07539,Routine_Commuter,99,37,0.3737373737373737,1795.03,18.13161616161616,61.6,True,47.818244949494954,Low
CUST07552,Price_Sensitive,98,31,0.3163265306122449,2267.36,23.136326530612248,67.8,True,47.811811224489794,Low
CUST04344,Price_Sensitive,101,33,0.3267326732673267,1945.22,19.25960396039604,65.4,True,47.80805693069307,Low
CUST02687,Convenience_First,98,40,0.4081632653061224,2935.05,29.949489795918367,58.6,False,47.80528061224489,Low
CUST07212,Routine_Commuter,106,32,0.3018867924528302,1952.48,18.41962264150943,65.4,True,47.80297169811322,Low
CUST07795,Price_Sensitive,107,27,0.2523364485981308,2082.52,19.462803738317756,69.9,False,47.80220794392524,Low
CUST06808,Convenience_First,110,26,0.2363636363636363,2145.04,19.500363636363637,70.1,False,47.80079545454545,Low
CUST04466,Routine_Commuter,108,30,0.2777777777777778,2699.67,24.996944444444445,66.9,False,47.79861111111112,Low
CUST04694,Price_Sensitive,98,34,0.3469387755102041,2232.66,22.78224489795918,64.7,True,47.796301020408166,Low
CUST02573,Convenience_First,95,32,0.3368421052631579,3424.65,36.048947368421054,67.2,True,47.79618421052632,Low
CUST00203,Convenience_First,106,31,0.2924528301886792,2983.77,28.148773584905666,66.3,False,47.78561320754717,Low
CUST07751,Routine_Commuter,92,37,0.4021739130434782,2946.39,32.025978260869564,62.2,True,47.78320652173914,Low
CUST00944,Convenience_First,95,37,0.3894736842105263,1965.34,20.68778947368421,61.9,True,47.781447368421055,Low
CUST07586,Routine_Commuter,91,40,0.4395604395604395,2447.66,26.897362637362637,58.9,False,47.77991758241758,Low
CUST03448,Routine_Commuter,99,37,0.3737373737373737,3143.9,31.75656565656566,61.5,True,47.77824494949495,Low
CUST00709,Routine_Commuter,104,32,0.3076923076923077,1845.59,17.74605769230769,65.8,True,47.77644230769231,Low
CUST04823,Price_Sensitive,101,31,0.3069306930693069,1520.68,15.056237623762376,67.3,True,47.77597772277228,Low
CUST00053,Price_Sensitive,105,24,0.2285714285714285,2558.44,24.366095238095237,73.2,False,47.77535714285714,Low
CUST06447,Routine_Commuter,103,30,0.2912621359223301,2021.22,19.62349514563107,67.9,False,47.77298543689321,Low
CUST05294,Routine_Commuter,101,32,0.3168316831683168,1398.82,13.84970297029703,66.3,True,47.77201732673267,Low
CUST00438,Convenience_First,99,35,0.3535353535353535,2188.16,22.102626262626263,63.5,True,47.77016414141414,Low
CUST02500,Convenience_First,99,35,0.3535353535353535,2314.93,23.38313131313131,63.5,True,47.77016414141414,Low
CUST05669,Price_Sensitive,101,33,0.3267326732673267,3156.01,31.24762376237624,65.3,True,47.76805693069307,Low
CUST01025,Convenience_First,95,40,0.4210526315789473,1983.99,20.884105263157895,58.7,False,47.7646052631579,Low
CUST06629,Routine_Commuter,98,35,0.3571428571428571,2584.28,26.370204081632657,63.6,True,47.76446428571429,Low
CUST01346,Price_Sensitive,98,30,0.3061224489795918,1729.07,17.643571428571427,68.7,True,47.76364795918368,Low
CUST07388,Routine_Commuter,106,32,0.3018867924528302,2820.18,26.60547169811321,65.3,True,47.76297169811321,Low
CUST07477,Price_Sensitive,113,23,0.2035398230088495,2258.23,19.98433628318584,71.9,False,47.76284292035398,Low
CUST07521,Price_Sensitive,100,32,0.32,2651.73,26.5173,66.4,True,47.761250000000004,Low
CUST05378,Price_Sensitive,106,27,0.2547169811320754,2451.49,23.127264150943393,70.0,False,47.75617924528302,Low
CUST04455,Routine_Commuter,93,36,0.3870967741935484,1784.65,19.18978494623656,63.1,True,47.750120967741935,Low
CUST07789,Routine_Commuter,102,29,0.284313725490196,2290.89,22.45970588235294,69.0,False,47.74504901960784,Low
CUST06099,Price_Sensitive,105,30,0.2857142857142857,2309.5,21.995238095238093,67.4,False,47.74107142857143,Low
CUST01750,Routine_Commuter,119,24,0.2016806722689075,2806.98,23.588067226890757,69.6,False,47.7384768907563,Low
CUST06398,Routine_Commuter,107,28,0.2616822429906542,2573.63,24.052616822429908,68.8,False,47.73603971962617,Low
CUST03254,Routine_Commuter,103,30,0.2912621359223301,2774.03,26.93233009708738,67.8,False,47.7329854368932,Low
CUST03719,Price_Sensitive,94,33,0.351063829787234,1863.72,19.826808510638298,66.1,True,47.73005319148936,Low
CUST04512,Price_Sensitive,111,27,0.2432432432432432,3454.37,31.12045045045045,68.8,False,47.72722972972973,Low
CUST07500,Price_Sensitive,103,34,0.3300970873786408,1897.32,18.420582524271843,63.9,True,47.72638349514563,Low
CUST05123,Routine_Commuter,99,34,0.3434343434343434,2795.23,28.234646464646463,64.4,True,47.72612373737374,Low
CUST00385,Routine_Commuter,89,33,0.3707865168539326,2228.0,25.03370786516854,66.6,True,47.723960674157304,Low
CUST02179,Routine_Commuter,102,32,0.3137254901960784,1484.97,14.558529411764706,66.0,True,47.72151960784314,Low
CUST03690,Price_Sensitive,105,25,0.238095238095238,2946.28,28.059809523809527,72.1,False,47.71630952380952,Low
CUST06203,Price_Sensitive,103,35,0.3398058252427184,2694.42,26.159417475728155,62.9,True,47.71473300970873,Low
CUST04001,Routine_Commuter,93,36,0.3870967741935484,2528.15,27.184408602150537,63.0,True,47.71012096774194,Low
CUST05387,Routine_Commuter,110,23,0.209090909090909,1437.35,13.06681818181818,72.6,False,47.70988636363636,Low
CUST03751,Convenience_First,105,32,0.3047619047619048,3433.13,32.69647619047619,65.4,True,47.70297619047619,Low
CUST00524,Routine_Commuter,104,29,0.2788461538461538,2442.51,23.48567307692308,68.5,False,47.70259615384615,Low
CUST06435,Routine_Commuter,91,35,0.3846153846153846,3045.74,33.46967032967033,64.2,True,47.70211538461539,Low
CUST05369,Routine_Commuter,98,32,0.3265306122448979,1701.06,17.357755102040816,66.5,True,47.69997448979592,Low
CUST04554,Routine_Commuter,95,33,0.3473684210526316,2650.98,27.905052631578947,65.9,True,47.69723684210527,Low
CUST02806,Price_Sensitive,102,30,0.2941176470588235,2399.8,23.52745098039216,67.9,False,47.69720588235295,Low
CUST07350,Price_Sensitive,106,28,0.2641509433962264,2082.93,19.650283018867924,68.9,False,47.69353773584906,Low
CUST04380,Routine_Commuter,104,27,0.2596153846153846,3159.5,30.379807692307693,70.4,False,47.69336538461539,Low
CUST02498,Convenience_First,99,35,0.3535353535353535,3186.84,32.190303030303035,63.3,True,47.690164141414144,Low
CUST02223,Price_Sensitive,108,27,0.25,3063.1,28.362037037037037,69.4,False,47.68750000000001,Low
CUST03593,Routine_Commuter,104,30,0.2884615384615384,2661.09,25.587403846153848,67.5,False,47.68721153846153,Low
CUST03546,Convenience_First,99,34,0.3434343434343434,1384.34,13.983232323232322,64.3,True,47.686123737373734,Low
CUST07939,Routine_Commuter,107,30,0.2803738317757009,3150.74,29.446168224299065,66.8,False,47.68370327102804,Low
CUST00104,Routine_Commuter,102,32,0.3137254901960784,3633.3,35.62058823529412,65.9,True,47.68151960784314,Low
CUST06311,Routine_Commuter,102,32,0.3137254901960784,1915.92,18.783529411764707,65.9,True,47.68151960784314,Low
CUST02224,Price_Sensitive,102,32,0.3137254901960784,2897.19,28.403823529411767,65.9,True,47.68151960784314,Low
CUST07691,Price_Sensitive,100,29,0.29,2174.87,21.7487,69.2,False,47.681250000000006,Low
CUST01474,Convenience_First,102,33,0.3235294117647059,1577.99,15.470490196078432,64.9,True,47.67367647058824,Low
CUST01720,Routine_Commuter,107,35,0.3271028037383177,3153.23,29.46943925233645,62.1,True,47.67286214953271,Low
CUST03281,Routine_Commuter,97,32,0.3298969072164948,1648.53,16.995154639175258,66.6,True,47.67087628865979,Low
CUST05432,Price_Sensitive,93,36,0.3870967741935484,2570.07,27.635161290322586,62.9,True,47.67012096774194,Low
CUST01201,Routine_Commuter,93,36,0.3870967741935484,2132.18,22.926666666666662,62.9,True,47.67012096774194,Low
CUST01036,Convenience_First,93,36,0.3870967741935484,2598.44,27.94021505376344,62.9,True,47.67012096774194,Low
CUST01235,Price_Sensitive,102,34,0.3333333333333333,1723.79,16.899901960784312,63.9,True,47.66583333333333,Low
CUST01858,Routine_Commuter,91,39,0.4285714285714285,1749.61,19.226483516483516,59.7,False,47.660357142857144,Low
CUST00966,Price_Sensitive,101,30,0.297029702970297,1700.62,16.837821782178217,68.0,False,47.65993811881188,Low
CUST00158,Convenience_First,102,35,0.3431372549019608,3098.95,30.381862745098037,62.9,True,47.65799019607844,Low
CUST04548,Routine_Commuter,108,28,0.2592592592592592,2226.59,20.616574074074077,68.4,False,47.657870370370375,Low
CUST02747,Routine_Commuter,107,31,0.2897196261682243,2134.68,19.950280373831777,65.8,False,47.657535046728974,Low
CUST05366,Convenience_First,111,26,0.2342342342342342,1864.53,16.79756756756757,69.5,False,47.64686936936937,Low
CUST05986,Routine_Commuter,95,40,0.4210526315789473,2156.55,22.700526315789475,58.4,False,47.64460526315789,Low
CUST02951,Price_Sensitive,100,33,0.33,1493.12,14.9312,65.1,True,47.64125,Low
CUST03764,Routine_Commuter,99,31,0.3131313131313131,3412.9,34.47373737373737,67.2,True,47.63400252525253,Low
CUST06015,Price_Sensitive,118,25,0.211864406779661,3276.73,27.768898305084747,68.7,False,47.63207627118645,Low
CUST07105,Convenience_First,106,29,0.2735849056603773,4693.31,44.27650943396227,67.8,False,47.630896226415096,Low
CUST05467,Routine_Commuter,98,33,0.336734693877551,1931.26,19.70673469387755,65.3,True,47.62813775510204,Low
CUST02893,Routine_Commuter,97,35,0.3608247422680412,3257.08,33.57814432989691,63.4,True,47.62798969072165,Low
CUST02011,Price_Sensitive,108,25,0.2314814814814814,2961.41,27.42046296296296,71.1,False,47.62675925925925,Low
CUST06070,Convenience_First,101,30,0.297029702970297,2607.31,25.814950495049505,67.9,False,47.61993811881189,Low
CUST03216,Routine_Commuter,101,30,0.297029702970297,2632.56,26.064950495049505,67.9,False,47.61993811881189,Low
CUST07616,Routine_Commuter,104,32,0.3076923076923077,2682.66,25.794807692307693,65.4,True,47.61644230769231,Low
CUST06353,Convenience_First,101,31,0.3069306930693069,2958.21,29.28920792079208,66.9,True,47.615977722772286,Low
CUST04848,Price_Sensitive,97,37,0.3814432989690721,1579.3,16.281443298969073,61.3,True,47.612731958762886,Low
CUST00906,Convenience_First,98,36,0.3673469387755102,3682.05,37.571938775510205,62.2,True,47.61262755102042,Low
CUST02232,Price_Sensitive,101,32,0.3168316831683168,2429.81,24.05752475247525,65.9,True,47.612017326732676,Low
CUST05575,Convenience_First,96,37,0.3854166666666667,1738.29,18.1071875,61.4,True,47.61166666666667,Low
CUST04652,Routine_Commuter,109,29,0.2660550458715596,1456.45,13.361926605504587,67.1,False,47.61095183486238,Low
CUST04825,Routine_Commuter,94,36,0.3829787234042553,2028.48,21.579574468085102,62.6,True,47.60664893617022,Low
CUST03366,Routine_Commuter,103,34,0.3300970873786408,2704.49,26.257184466019417,63.6,True,47.60638349514563,Low
CUST00127,Convenience_First,98,35,0.3571428571428571,1999.51,20.403163265306123,63.2,True,47.604464285714286,Low
CUST00177,Routine_Commuter,105,31,0.2952380952380952,2185.84,20.81752380952381,66.1,False,47.60202380952381,Low
CUST05443,Convenience_First,100,35,0.35,1803.66,18.0366,63.0,True,47.60125000000001,Low
CUST07148,Routine_Commuter,110,26,0.2363636363636363,3027.31,27.521,69.6,False,47.60079545454545,Low
CUST03586,Price_Sensitive,107,24,0.2242990654205607,1671.81,15.624392523364486,72.2,False,47.600712616822435,Low
CUST06500,Convenience_First,93,39,0.4193548387096774,2714.4,29.18709677419355,59.5,False,47.600443548387105,Low
CUST02328,Price_Sensitive,97,36,0.3711340206185567,1800.33,18.560103092783503,62.3,True,47.600360824742275,Low
CUST02569,Price_Sensitive,108,30,0.2777777777777778,2327.44,21.55037037037037,66.4,False,47.59861111111112,Low
CUST07619,Convenience_First,104,31,0.2980769230769231,3599.42,34.60980769230769,66.3,False,47.59182692307692,Low
CUST06784,Price_Sensitive,102,34,0.3333333333333333,1966.86,19.282941176470587,63.7,True,47.58583333333333,Low
CUST00556,Routine_Commuter,103,33,0.3203883495145631,2301.78,22.3473786407767,64.5,True,47.578033980582525,Low
CUST02776,Convenience_First,94,41,0.4361702127659574,3010.21,32.02351063829787,57.2,False,47.5743085106383,Low
CUST03933,Price_Sensitive,106,25,0.2358490566037736,1501.61,14.166132075471698,71.4,False,47.56146226415095,Low
CUST00326,Routine_Commuter,100,29,0.29,1547.38,15.4738,68.9,False,47.56125,Low
CUST06975,Price_Sensitive,104,28,0.2692307692307692,1510.17,14.520865384615384,69.1,False,47.557980769230774,Low
CUST03916,Routine_Commuter,98,34,0.3469387755102041,1632.28,16.65591836734694,64.1,True,47.55630102040816,Low
CUST04155,Routine_Commuter,112,25,0.2232142857142857,2503.05,22.348660714285717,69.9,False,47.55107142857143,Low
CUST04474,Convenience_First,98,33,0.336734693877551,2345.03,23.92887755102041,65.1,True,47.54813775510204,Low
CUST00991,Routine_Commuter,97,35,0.3608247422680412,2395.14,24.692164948453605,63.2,True,47.54798969072165,Low
CUST00677,Convenience_First,108,32,0.2962962962962963,3716.98,34.41648148148148,64.4,False,47.539351851851855,Low
CUST06829,Price_Sensitive,102,31,0.3039215686274509,1329.14,13.03078431372549,66.5,True,47.52936274509804,Low
CUST07727,Convenience_First,95,40,0.4210526315789473,1657.99,17.452526315789473,58.1,False,47.524605263157895,Low
CUST03189,Routine_Commuter,97,33,0.3402061855670103,2011.13,20.73329896907217,65.2,True,47.52324742268042,Low
CUST03148,Routine_Commuter,102,32,0.3137254901960784,2574.71,25.242254901960784,65.5,True,47.52151960784314,Low
CUST00333,Convenience_First,100,32,0.32,1291.07,12.9107,65.8,True,47.52125000000001,Low
CUST01301,Price_Sensitive,100,29,0.29,1813.65,18.1365,68.8,False,47.521249999999995,Low
CUST07612,Convenience_First,104,33,0.3173076923076923,1483.27,14.26221153846154,64.2,True,47.5210576923077,Low
CUST02713,Convenience_First,93,35,0.3763440860215054,2941.26,31.626451612903224,63.6,True,47.520013440860225,Low
CUST03610,Price_Sensitive,112,23,0.2053571428571428,3035.9,27.10625,71.6,False,47.51678571428571,Low
CUST05094,Price_Sensitive,94,34,0.3617021276595745,1840.68,19.581702127659575,64.5,True,47.515585106382986,Low
CUST04346,Convenience_First,102,38,0.3725490196078431,2149.78,21.076274509803923,59.6,False,47.51446078431373,Low
CUST06740,Price_Sensitive,104,31,0.2980769230769231,2294.29,22.060480769230768,66.1,False,47.51182692307692,Low
CUST07079,Routine_Commuter,99,30,0.303030303030303,2460.29,24.851414141414143,67.9,True,47.509962121212126,Low
CUST06494,Convenience_First,103,29,0.2815533980582524,3296.45,32.00436893203884,68.2,False,47.504635922330095,Low
CUST06578,Price_Sensitive,97,28,0.2886597938144329,2499.98,25.77298969072165,70.3,False,47.50139175257732,Low
CUST03354,Price_Sensitive,97,34,0.3505154639175257,1934.65,19.944845360824743,64.1,True,47.495618556701025,Low
CUST05073,Routine_Commuter,104,30,0.2884615384615384,2925.1,28.12596153846154,67.0,False,47.48721153846154,Low
CUST03982,Routine_Commuter,111,23,0.2072072072072072,2827.75,25.475225225225227,71.8,False,47.48578828828828,Low
CUST05050,Routine_Commuter,101,34,0.3366336633663366,2964.4,29.35049504950495,63.6,True,47.48409653465346,Low
CUST07855,Price_Sensitive,101,34,0.3366336633663366,2208.46,21.865940594059406,63.6,True,47.48409653465346,Low
CUST04211,Routine_Commuter,99,32,0.3232323232323232,1595.16,16.112727272727273,65.8,True,47.478042929292926,Low
CUST03767,Routine_Commuter,104,26,0.25,2511.96,24.15346153846154,70.8,False,47.46875,Low
CUST00565,Routine_Commuter,101,28,0.2772277227722772,3090.05,30.594554455445547,69.5,False,47.46785891089109,Low
CUST03832,Price_Sensitive,98,28,0.2857142857142857,2606.72,26.599183673469387,70.0,False,47.46732142857143,Low
CUST05919,Price_Sensitive,103,29,0.2815533980582524,1561.75,15.1626213592233,68.1,False,47.464635922330096,Low
CUST04019,Convenience_First,97,31,0.3195876288659793,3123.53,32.20134020618557,67.1,True,47.45850515463918,Low
CUST07563,Routine_Commuter,102,30,0.2941176470588235,2038.29,19.983235294117648,67.3,False,47.457205882352945,Low
CUST07666,Convenience_First,95,31,0.3263157894736842,3353.69,35.302,67.4,True,47.45513157894738,Low
CUST05731,Routine_Commuter,106,28,0.2641509433962264,3107.57,29.316698113207547,68.3,False,47.45353773584906,Low
CUST05894,Routine_Commuter,99,35,0.3535353535353535,1788.43,18.064949494949495,62.7,True,47.45016414141415,Low
CUST06269,Routine_Commuter,102,31,0.3039215686274509,2682.77,26.301666666666662,66.3,True,47.449362745098036,Low
CUST03507,Routine_Commuter,99,30,0.303030303030303,3334.32,33.68,67.7,True,47.42996212121213,Low
CUST01254,Routine_Commuter,99,30,0.303030303030303,2158.74,21.80545454545455,67.7,True,47.42996212121213,Low
CUST06750,Price_Sensitive,106,22,0.2075471698113207,2151.08,20.29320754716981,73.9,False,47.42938679245283,Low
CUST02055,Convenience_First,107,26,0.2429906542056074,4372.28,40.862429906542054,69.9,False,47.428376168224304,Low
CUST04668,Convenience_First,98,33,0.336734693877551,2090.73,21.333979591836737,64.8,True,47.42813775510204,Low
CUST04752,Convenience_First,95,39,0.4105263157894737,2084.17,21.93863157894737,58.9,False,47.42355263157895,Low
CUST05802,Price_Sensitive,98,32,0.3265306122448979,2089.88,21.325306122448985,65.8,True,47.41997448979592,Low
CUST00233,Routine_Commuter,105,28,0.2666666666666666,4196.87,39.970190476190474,68.5,False,47.41916666666666,Low
CUST01658,Routine_Commuter,96,35,0.3645833333333333,2659.86,27.706875,63.0,True,47.41833333333333,Low
CUST06363,Routine_Commuter,103,30,0.2912621359223301,2456.56,23.85009708737864,67.0,False,47.4129854368932,Low
CUST00616,Routine_Commuter,97,37,0.3814432989690721,2533.26,26.116082474226808,60.8,True,47.41273195876288,Low
CUST05245,Routine_Commuter,102,31,0.3039215686274509,2089.19,20.482254901960783,66.2,True,47.40936274509804,Low
CUST03054,Convenience_First,94,36,0.3829787234042553,2398.03,25.51095744680851,62.1,True,47.40664893617022,Low
CUST00172,Convenience_First,90,37,0.4111111111111111,1825.16,20.279555555555557,61.3,True,47.40444444444444,Low
CUST00570,Price_Sensitive,103,31,0.3009708737864077,3311.11,32.14669902912622,66.0,True,47.40133495145631,Low
CUST06892,Price_Sensitive,100,31,0.31,1728.94,17.2894,66.5,True,47.401250000000005,Low
CUST07012,Routine_Commuter,100,31,0.31,2243.72,22.437199999999997,66.5,True,47.401250000000005,Low
CUST00560,Price_Sensitive,100,33,0.33,2420.41,24.204099999999997,64.5,True,47.401250000000005,Low
CUST04026,Convenience_First,100,32,0.32,2000.37,20.0037,65.5,True,47.401250000000005,Low
CUST04957,Routine_Commuter,97,36,0.3711340206185567,3129.36,32.26144329896908,61.8,True,47.40036082474227,Low
CUST00744,Routine_Commuter,105,29,0.2761904761904762,1196.33,11.393619047619048,67.5,False,47.40011904761905,Low
CUST04832,Routine_Commuter,99,32,0.3232323232323232,2158.68,21.804848484848485,65.6,True,47.39804292929293,Low
CUST07515,Routine_Commuter,101,26,0.2574257425742574,1826.86,18.08772277227723,71.3,False,47.395779702970295,Low
CUST07119,Routine_Commuter,96,33,0.34375,1974.97,20.572604166666668,65.0,True,47.385,Low
CUST06087,Convenience_First,104,29,0.2788461538461538,2539.81,24.42125,67.7,False,47.38259615384616,Low
CUST03129,Convenience_First,95,37,0.3894736842105263,2315.38,24.37242105263158,60.9,True,47.38144736842106,Low
CUST07533,Price_Sensitive,104,24,0.2307692307692307,1866.35,17.945673076923075,72.5,False,47.379519230769226,Low
CUST05533,Price_Sensitive,99,27,0.2727272727272727,2056.18,20.76949494949495,70.6,False,47.37784090909091,Low
CUST06411,Price_Sensitive,102,30,0.2941176470588235,2240.46,21.96529411764706,67.1,False,47.37720588235294,Low
CUST00372,Convenience_First,99,35,0.3535353535353535,3203.29,32.356464646464644,62.5,True,47.370164141414136,Low
CUST01593,Convenience_First,102,31,0.3039215686274509,2705.0,26.519607843137255,66.1,True,47.36936274509804,Low
CUST04013,Price_Sensitive,96,32,0.3333333333333333,2141.44,22.30666666666667,66.0,True,47.36833333333333,Low
CUST02523,Convenience_First,101,34,0.3366336633663366,2774.51,27.47039603960396,63.3,True,47.36409653465346,Low
CUST02512,Convenience_First,99,33,0.3333333333333333,2417.49,24.419090909090908,64.5,True,47.36208333333333,Low
CUST06061,Convenience_First,105,31,0.2952380952380952,2872.41,27.35628571428571,65.5,False,47.36202380952381,Low
CUST04376,Routine_Commuter,102,32,0.3137254901960784,2507.2,24.580392156862743,65.1,True,47.361519607843135,Low
CUST00461,Convenience_First,100,33,0.33,2224.25,22.2425,64.4,True,47.36125000000001,Low
CUST04614,Price_Sensitive,100,27,0.27,1891.39,18.9139,70.4,False,47.36125000000001,Low
CUST00263,Routine_Commuter,93,35,0.3763440860215054,2278.77,24.502903225806453,63.2,True,47.360013440860214,Low
CUST02615,Convenience_First,95,32,0.3368421052631579,2172.6,22.86947368421053,66.1,True,47.356184210526315,Low
CUST01258,Convenience_First,90,35,0.3888888888888889,2195.94,24.399333333333335,63.4,True,47.355555555555554,Low
CUST00899,Price_Sensitive,105,21,0.2,2031.47,19.347333333333335,75.0,False,47.3525,Low
CUST06754,Convenience_First,104,29,0.2788461538461538,2056.81,19.77701923076923,67.6,False,47.34259615384615,Low
CUST01317,Price_Sensitive,106,26,0.2452830188679245,3172.06,29.925094339622643,69.9,False,47.338820754716984,Low
CUST00295,Routine_Commuter,103,33,0.3203883495145631,3299.37,32.03271844660194,63.9,True,47.33803398058252,Low
CUST01425,Convenience_First,95,31,0.3263157894736842,2498.45,26.299473684210525,67.1,True,47.335131578947376,Low
CUST02562,Routine_Commuter,104,27,0.2596153846153846,3557.9,34.21057692307692,69.5,False,47.333365384615384,Low
CUST05434,Price_Sensitive,102,31,0.3039215686274509,1048.38,10.278235294117648,66.0,True,47.32936274509804,Low
CUST07771,Routine_Commuter,97,30,0.3092783505154639,2458.95,25.35,67.8,True,47.32613402061856,Low
CUST05605,Convenience_First,99,33,0.3333333333333333,2583.81,26.099090909090908,64.4,True,47.32208333333334,Low
CUST05029,Price_Sensitive,100,28,0.28,2525.71,25.2571,69.3,False,47.321250000000006,Low
CUST00309,Routine_Commuter,100,32,0.32,2498.75,24.9875,65.3,True,47.321250000000006,Low
CUST05824,Price_Sensitive,100,29,0.29,2504.43,25.0443,68.3,False,47.321250000000006,Low
CUST02017,Routine_Commuter,104,28,0.2692307692307692,2960.35,28.464903846153845,68.5,False,47.31798076923077,Low
CUST06000,Routine_Commuter,90,35,0.3888888888888889,1951.4,21.682222222222222,63.3,True,47.31555555555556,Low
CUST05218,Routine_Commuter,99,31,0.3131313131313131,1611.53,16.27808080808081,66.4,True,47.31400252525253,Low
CUST06549,Price_Sensitive,102,33,0.3235294117647059,2775.79,27.213627450980393,64.0,True,47.31367647058824,Low
CUST02525,Price_Sensitive,97,32,0.3298969072164948,1586.86,16.359381443298968,65.7,True,47.31087628865979,Low
CUST04313,Convenience_First,99,30,0.303030303030303,2154.82,21.765858585858588,67.4,True,47.30996212121212,Low
CUST07006,Price_Sensitive,101,28,0.2772277227722772,2053.9,20.33564356435644,69.1,False,47.307858910891085,Low
CUST04489,Price_Sensitive,97,31,0.3195876288659793,2003.16,20.651134020618557,66.7,True,47.29850515463918,Low
CUST04142,Routine_Commuter,97,31,0.3195876288659793,2480.01,25.567113402061857,66.7,True,47.29850515463918,Low
CUST03342,Price_Sensitive,102,35,0.3431372549019608,1944.61,19.06480392156863,62.0,True,47.29799019607844,Low
CUST05936,Price_Sensitive,95,33,0.3473684210526316,2018.17,21.243894736842105,64.9,True,47.29723684210527,Low
CUST00901,Price_Sensitive,95,31,0.3263157894736842,3491.1,36.74842105263158,67.0,True,47.29513157894737,Low
CUST01432,Convenience_First,89,34,0.3820224719101123,2552.42,28.678876404494385,64.4,True,47.293398876404495,Low
CUST05959,Routine_Commuter,103,30,0.2912621359223301,1331.51,12.92728155339806,66.7,False,47.292985436893204,Low
CUST06127,Convenience_First,93,34,0.3655913978494624,2564.11,27.571075268817207,64.1,True,47.2899059139785,Low
CUST04578,Routine_Commuter,102,26,0.2549019607843137,2734.52,26.809019607843137,70.8,False,47.28857843137255,Low
CUST06904,Convenience_First,101,33,0.3267326732673267,2116.34,20.953861386138616,64.1,True,47.28805693069307,Low
CUST02124,Price_Sensitive,96,34,0.3541666666666667,1704.27,17.7528125,63.7,True,47.28166666666667,Low
CUST02379,Convenience_First,100,30,0.3,2780.85,27.8085,67.2,True,47.28125,Low
CUST02681,Price_Sensitive,100,30,0.3,2720.96,27.2096,67.2,True,47.28125,Low
CUST00714,Price_Sensitive,102,27,0.2647058823529412,2317.36,22.71921568627451,69.8,False,47.280735294117655,Low
CUST00513,Routine_Commuter,103,28,0.2718446601941747,3334.89,32.37757281553398,68.6,False,47.27628640776698,Low
CUST03169,Routine_Commuter,106,29,0.2735849056603773,2658.96,25.08452830188679,66.9,False,47.2708962264151,Low
CUST02354,Routine_Commuter,102,29,0.284313725490196,1524.69,14.94794117647059,67.8,False,47.265049019607844,Low
CUST06868,Routine_Commuter,109,25,0.2293577981651376,2044.42,18.756146788990826,69.9,False,47.2630619266055,Low
CUST03139,Routine_Commuter,90,41,0.4555555555555555,1877.43,20.860333333333333,56.5,False,47.26222222222222,Low
CUST07390,Price_Sensitive,98,27,0.2755102040816326,2054.86,20.96795918367347,70.5,False,47.259158163265305,Low
CUST06810,Routine_Commuter,96,35,0.3645833333333333,2379.98,24.791458333333335,62.6,True,47.25833333333333,Low
CUST01061,Routine_Commuter,104,32,0.3076923076923077,3930.97,37.79778846153846,64.5,True,47.25644230769231,Low
CUST06734,Price_Sensitive,94,33,0.351063829787234,2662.92,28.328936170212767,64.9,True,47.25005319148937,Low
CUST01540,Routine_Commuter,103,27,0.2621359223300971,2268.75,22.026699029126213,69.5,False,47.247936893203885,Low
CUST07720,Price_Sensitive,96,27,0.28125,1674.33,17.4409375,70.9,False,47.245,Low
CUST06600,Routine_Commuter,100,30,0.3,1557.93,15.5793,67.1,True,47.24125000000001,Low
CUST04450,Price_Sensitive,95,34,0.3578947368421052,1868.21,19.665368421052634,63.7,True,47.23828947368421,Low
CUST07242,Routine_Commuter,105,27,0.2571428571428571,2575.76,24.53104761904762,69.0,False,47.238214285714285,Low
CUST04003,Price_Sensitive,83,38,0.4578313253012048,1697.63,20.453373493975903,59.6,False,47.2370030120482,Low
CUST00981,Price_Sensitive,101,26,0.2574257425742574,2054.31,20.33970297029703,70.9,False,47.2357797029703,Low
CUST05228,Price_Sensitive,104,31,0.2980769230769231,3609.0,34.70192307692308,65.4,False,47.23182692307693,Low
CUST05571,Price_Sensitive,97,35,0.3608247422680412,2066.31,21.30216494845361,62.4,True,47.22798969072165,Low
CUST03297,Convenience_First,96,33,0.34375,3340.68,34.79875,64.6,True,47.225,Low
CUST07250,Convenience_First,101,31,0.3069306930693069,2523.67,24.98683168316832,65.9,True,47.21597772277228,Low
CUST00010,Routine_Commuter,106,28,0.2641509433962264,2498.24,23.56830188679245,67.7,False,47.213537735849066,Low
CUST04589,Price_Sensitive,104,27,0.2596153846153846,3069.35,29.51298076923077,69.2,False,47.213365384615386,Low
CUST05028,Routine_Commuter,100,29,0.29,3280.56,32.8056,68.0,False,47.20125,Low
CUST01319,Routine_Commuter,100,32,0.32,2547.02,25.4702,65.0,True,47.20125,Low
CUST00729,Price_Sensitive,105,27,0.2571428571428571,1735.92,16.53257142857143,68.9,False,47.198214285714286,Low
CUST03418,Convenience_First,94,37,0.3936170212765957,2362.19,25.12968085106383,60.5,True,47.19218085106383,Low
CUST06759,Price_Sensitive,103,26,0.2524271844660194,2426.8,23.561165048543693,70.3,False,47.179587378640775,Low
CUST04006,Routine_Commuter,97,31,0.3195876288659793,1584.37,16.333711340206186,66.4,True,47.178505154639176,Low
CUST07689,Price_Sensitive,103,30,0.2912621359223301,1962.06,19.04912621359223,66.4,False,47.17298543689321,Low
CUST05952,Routine_Commuter,104,30,0.2884615384615384,2066.92,19.87423076923077,66.2,False,47.16721153846154,Low
CUST06042,Convenience_First,95,38,0.4,3237.02,34.07389473684211,59.3,False,47.1625,Low
CUST00198,Routine_Commuter,103,31,0.3009708737864077,1300.06,12.621941747572816,65.4,True,47.16133495145631,Low
CUST01321,Convenience_First,100,31,0.31,2153.05,21.530500000000004,65.9,True,47.16125000000001,Low
CUST03756,Convenience_First,95,34,0.3578947368421052,1261.48,13.278736842105264,63.5,True,47.15828947368421,Low
CUST03440,Price_Sensitive,95,30,0.3157894736842105,1960.71,20.63905263157895,67.7,True,47.154078947368426,Low
CUST06811,Routine_Commuter,101,27,0.2673267326732673,1616.6,16.005940594059403,69.7,False,47.15181930693069,Low
CUST03452,Price_Sensitive,103,25,0.2427184466019417,1193.81,11.590388349514562,71.2,False,47.15123786407767,Low
CUST03844,Convenience_First,93,36,0.3870967741935484,2384.55,25.64032258064516,61.6,True,47.15012096774194,Low
CUST04214,Convenience_First,101,28,0.2772277227722772,3181.05,31.49554455445545,68.7,False,47.14785891089109,Low
CUST06461,Routine_Commuter,101,28,0.2772277227722772,2821.54,27.936039603960396,68.7,False,47.14785891089109,Low
CUST04431,Convenience_First,109,25,0.2293577981651376,3898.51,35.76614678899083,69.6,False,47.1430619266055,Low
CUST07673,Price_Sensitive,104,29,0.2788461538461538,2649.58,25.47673076923077,67.1,False,47.14259615384615,Low
CUST02694,Price_Sensitive,95,31,0.3263157894736842,2159.31,22.72957894736842,66.6,True,47.13513157894737,Low
CUST02191,Price_Sensitive,95,29,0.3052631578947368,1702.43,17.920315789473683,68.7,True,47.13302631578948,Low
CUST05380,Routine_Commuter,101,32,0.3168316831683168,2171.88,21.503762376237624,64.7,True,47.13201732673267,Low
CUST07365,Price_Sensitive,102,31,0.3039215686274509,1499.13,14.697352941176472,65.5,True,47.12936274509804,Low
CUST03985,Price_Sensitive,96,32,0.3333333333333333,1583.41,16.49385416666667,65.4,True,47.12833333333334,Low
CUST02799,Convenience_First,96,34,0.3541666666666667,2358.01,24.56260416666667,63.3,True,47.12166666666667,Low
CUST02653,Routine_Commuter,100,35,0.35,1999.53,19.9953,61.8,True,47.12125,Low
CUST05044,Price_Sensitive,94,31,0.3297872340425531,1947.12,20.714042553191486,66.7,True,47.118989361702134,Low
CUST04136,Convenience_First,96,29,0.3020833333333333,2337.39,24.3478125,68.5,True,47.11833333333333,Low
CUST05623,Convenience_First,96,31,0.3229166666666667,2207.81,22.99802083333333,66.4,True,47.11166666666667,Low
CUST03553,Price_Sensitive,93,28,0.3010752688172043,2104.6,22.63010752688172,70.1,True,47.10926075268817,Low
CUST06459,Routine_Commuter,108,29,0.2685185185185185,2963.9,27.44351851851852,66.1,False,47.10824074074074,Low
CUST05734,Routine_Commuter,102,29,0.284313725490196,2059.31,20.18931372549019,67.4,False,47.10504901960785,Low
CUST03866,Price_Sensitive,94,32,0.3404255319148936,2482.63,26.410957446808514,65.6,True,47.10452127659575,Low
CUST07077,Convenience_First,106,26,0.2452830188679245,2763.29,26.06877358490566,69.3,False,47.09882075471698,Low
CUST05045,Routine_Commuter,102,30,0.2941176470588235,2203.77,21.60558823529412,66.4,False,47.097205882352945,Low
CUST02596,Routine_Commuter,95,31,0.3263157894736842,2726.16,28.696421052631575,66.5,True,47.095131578947374,Low
CUST04124,Price_Sensitive,92,31,0.3369565217391304,3058.02,33.239347826086956,67.0,True,47.09451086956522,Low
CUST04620,Routine_Commuter,103,30,0.2912621359223301,2733.38,26.537669902912626,66.2,False,47.09298543689321,Low
CUST04009,Routine_Commuter,97,30,0.3092783505154639,2404.36,24.787216494845364,67.2,True,47.08613402061856,Low
CUST06323,Price_Sensitive,104,25,0.2403846153846154,2277.89,21.90278846153846,70.8,False,47.08413461538462,Low
CUST02741,Convenience_First,99,33,0.3333333333333333,2345.36,23.690505050505053,63.8,True,47.08208333333333,Low
CUST02114,Price_Sensitive,100,26,0.26,1759.4,17.594,70.7,False,47.08125,Low
CUST07383,Routine_Commuter,100,31,0.31,2327.3,23.273000000000003,65.7,True,47.08125,Low
CUST01093,Convenience_First,100,31,0.31,3713.63,37.1363,65.7,True,47.08125,Low
CUST01748,Price_Sensitive,103,28,0.2718446601941747,2034.6,19.753398058252422,68.1,False,47.076286407766986,Low
CUST07114,Convenience_First,97,29,0.2989690721649484,1368.58,14.109072164948453,68.2,False,47.07376288659794,Low
CUST05164,Convenience_First,96,31,0.3229166666666667,2107.92,21.9575,66.3,True,47.071666666666665,Low
CUST05592,Price_Sensitive,96,31,0.3229166666666667,2720.94,28.343125,66.3,True,47.071666666666665,Low
CUST02818,Price_Sensitive,107,23,0.2149532710280373,1670.09,15.608317757009344,71.8,False,47.06688084112149,Low
CUST04133,Routine_Commuter,104,29,0.2788461538461538,1655.58,15.91903846153846,66.9,False,47.06259615384616,Low
CUST06451,Routine_Commuter,104,32,0.3076923076923077,2922.77,28.103557692307692,64.0,True,47.05644230769231,Low
CUST03067,Price_Sensitive,106,28,0.2641509433962264,1889.81,17.828396226415094,67.3,False,47.05353773584906,Low
CUST01654,Routine_Commuter,92,33,0.358695652173913,1422.89,15.466195652173914,64.7,True,47.04407608695653,Low
CUST05256,Routine_Commuter,98,30,0.3061224489795918,1855.04,18.928979591836736,66.9,True,47.04364795918368,Low
CUST07454,Convenience_First,97,33,0.3402061855670103,2606.13,26.867319587628867,64.0,True,47.043247422680416,Low
CUST05642,Price_Sensitive,112,21,0.1875,2140.67,19.113125,72.2,False,47.042500000000004,Low
CUST06351,Convenience_First,100,29,0.29,3024.7,30.247,67.6,False,47.041250000000005,Low
CUST02689,Routine_Commuter,100,28,0.28,2347.72,23.477199999999996,68.6,False,47.041250000000005,Low
CUST07429,Price_Sensitive,99,32,0.3232323232323232,2110.84,21.321616161616163,64.7,True,47.03804292929293,Low
CUST07942,Convenience_First,99,29,0.2929292929292929,1976.39,19.963535353535356,67.7,False,47.02592171717173,Low
CUST06648,Price_Sensitive,104,21,0.2019230769230769,1746.0,16.78846153846154,74.5,False,47.02567307692308,Low
CUST01023,Routine_Commuter,96,33,0.34375,2669.2,27.804166666666664,64.1,True,47.025,Low
CUST04492,Price_Sensitive,89,35,0.3932584269662921,1452.13,16.316067415730338,62.6,True,47.02283707865168,Low
CUST07667,Convenience_First,91,35,0.3846153846153846,1969.51,21.642967032967032,62.5,True,47.02211538461539,Low
CUST03310,Convenience_First,97,28,0.2886597938144329,2684.13,27.671443298969074,69.1,False,47.02139175257732,Low
CUST05813,Routine_Commuter,105,30,0.2857142857142857,1465.07,13.953047619047618,65.6,False,47.021071428571425,Low
CUST05667,Price_Sensitive,103,26,0.2524271844660194,1667.05,16.184951456310678,69.9,False,47.01958737864078,Low
CUST07538,Price_Sensitive,98,27,0.2755102040816326,1749.2,17.848979591836734,69.9,False,47.01915816326531,Low
CUST00492,Routine_Commuter,102,25,0.2450980392156862,2618.27,25.669313725490195,71.1,False,47.01642156862745,Low
CUST03355,Routine_Commuter,94,30,0.3191489361702128,2069.09,22.011595744680857,67.5,True,47.013457446808516,Low
CUST07904,Convenience_First,88,38,0.4318181818181818,1415.52,16.085454545454546,59.2,False,47.012727272727275,Low
CUST04404,Price_Sensitive,96,32,0.3333333333333333,767.73,7.9971875,65.1,True,47.00833333333333,Low
CUST00120,Routine_Commuter,108,27,0.25,1876.58,17.37574074074074,67.7,False,47.0075,Low
CUST00555,Price_Sensitive,97,30,0.3092783505154639,2429.98,25.051340206185568,67.0,True,47.00613402061855,Low
CUST03466,Convenience_First,99,34,0.3434343434343434,3231.43,32.640707070707066,62.6,True,47.00612373737374,Low
CUST05816,Routine_Commuter,97,33,0.3402061855670103,1948.29,20.08546391752577,63.9,True,47.00324742268042,Low
CUST01452,Convenience_First,100,34,0.34,2270.86,22.7086,62.5,True,47.00125,Low
CUST00308,Price_Sensitive,100,29,0.29,3013.99,30.139899999999997,67.5,False,47.00125,Low
CUST04410,Routine_Commuter,95,34,0.3578947368421052,1285.79,13.534631578947367,63.1,True,46.99828947368422,Low
CUST02062,Price_Sensitive,97,26,0.268041237113402,2811.6,28.98556701030928,71.1,False,46.99664948453608,Low
CUST03239,Convenience_First,106,27,0.2547169811320754,2477.07,23.368584905660377,68.1,False,46.99617924528302,Low
CUST03483,Routine_Commuter,98,29,0.2959183673469387,1871.63,19.09826530612245,67.8,False,46.99548469387755,Low
CUST03954,Price_Sensitive,105,23,0.219047619047619,2172.18,20.68742857142857,72.2,False,46.99440476190476,Low
CUST04932,Price_Sensitive,99,31,0.3131313131313131,1930.6,19.5010101010101,65.6,True,46.994002525252526,Low
CUST07838,Price_Sensitive,96,33,0.34375,1724.69,17.965520833333333,64.0,True,46.985,Low
CUST02763,Price_Sensitive,94,32,0.3404255319148936,1198.41,12.74904255319149,65.3,True,46.98452127659575,Low
CUST02367,Price_Sensitive,91,31,0.3406593406593406,1807.29,19.86032967032967,66.8,True,46.98387362637362,Low
CUST05588,Convenience_First,89,35,0.3932584269662921,2311.87,25.976067415730338,62.5,True,46.982837078651684,Low
CUST00077,Price_Sensitive,91,35,0.3846153846153846,2643.24,29.04659340659341,62.4,True,46.98211538461539,Low
CUST05688,Routine_Commuter,93,29,0.3118279569892473,2458.85,26.439247311827955,68.7,True,46.9793682795699,Low
CUST02533,Price_Sensitive,98,27,0.2755102040816326,2425.07,24.74561224489796,69.8,False,46.9791581632653,Low
CUST06371,Convenience_First,95,33,0.3473684210526316,2574.25,27.097368421052632,64.1,True,46.97723684210526,Low
CUST06376,Routine_Commuter,95,31,0.3263157894736842,2163.91,22.778,66.2,True,46.97513157894738,Low
CUST07531,Routine_Commuter,96,30,0.3125,1344.02,14.000208333333331,67.1,True,46.975,Low
CUST04971,Price_Sensitive,97,30,0.3092783505154639,1649.3,17.003092783505153,66.9,True,46.96613402061856,Low
CUST01320,Convenience_First,98,30,0.3061224489795918,2592.32,26.452244897959183,66.7,True,46.963647959183675,Low
CUST01847,Price_Sensitive,97,33,0.3402061855670103,1741.29,17.95144329896907,63.8,True,46.96324742268042,Low
CUST01265,Routine_Commuter,105,31,0.2952380952380952,3415.18,32.52552380952381,64.5,False,46.96202380952381,Low
CUST01812,Routine_Commuter,89,37,0.4157303370786517,2391.19,26.867303370786516,60.2,True,46.96171348314607,Low
CUST06368,Convenience_First,96,34,0.3541666666666667,2167.52,22.578333333333333,62.9,True,46.961666666666666,Low
CUST04161,Routine_Commuter,100,30,0.3,2178.12,21.7812,66.4,True,46.96125000000001,Low
CUST02917,Routine_Commuter,102,27,0.2647058823529412,2102.59,20.613627450980392,69.0,False,46.96073529411765,Low
CUST01617,Price_Sensitive,88,37,0.4204545454545454,1045.42,11.879772727272728,60.2,True,46.95818181818182,Low
CUST06306,Routine_Commuter,88,34,0.3863636363636363,1693.9,19.248863636363637,63.6,True,46.95454545454545,Low
CUST04186,Price_Sensitive,105,23,0.219047619047619,1730.03,16.47647619047619,72.1,False,46.95440476190476,Low
CUST03374,Convenience_First,96,33,0.34375,2056.49,21.42177083333333,63.9,True,46.945,Low
CUST03673,Convenience_First,94,32,0.3404255319148936,1554.09,16.53287234042553,65.2,True,46.94452127659575,Low
CUST03221,Routine_Commuter,101,29,0.2871287128712871,1612.2,15.962376237623763,67.2,False,46.94389851485148,Low
CUST01095,Price_Sensitive,90,32,0.3555555555555555,1376.5,15.294444444444444,65.7,True,46.94222222222223,Low
CUST03614,Price_Sensitive,90,31,0.3444444444444444,1944.94,21.610444444444447,66.8,True,46.93777777777777,Low
CUST07680,Price_Sensitive,93,30,0.3225806451612903,2169.11,23.323763440860215,67.5,True,46.92947580645162,Low
CUST06023,Convenience_First,102,31,0.3039215686274509,2613.92,25.62666666666667,65.0,True,46.92936274509804,Low
CUST01774,Convenience_First,96,32,0.3333333333333333,2780.84,28.967083333333335,64.9,True,46.928333333333335,Low
CUST06615,Convenience_First,100,28,0.28,3044.82,30.4482,68.3,False,46.92125,Low
CUST03613,Convenience_First,93,31,0.3333333333333333,2044.31,21.98182795698925,66.4,True,46.919583333333335,Low
CUST02882,Price_Sensitive,96,29,0.3020833333333333,2356.78,24.549791666666668,68.0,True,46.91833333333334,Low
CUST03874,Routine_Commuter,93,32,0.3440860215053763,2348.97,25.257741935483867,65.3,True,46.90969086021505,Low
CUST05631,Routine_Commuter,104,26,0.25,2928.02,28.154038461538462,69.4,False,46.908750000000005,Low
CUST04896,Price_Sensitive,94,32,0.3404255319148936,2375.47,25.27095744680851,65.1,True,46.904521276595744,Low
CUST05751,Convenience_First,99,28,0.2828282828282828,3670.07,37.071414141414145,68.4,False,46.90188131313131,Low
CUST03337,Routine_Commuter,101,30,0.297029702970297,2463.73,24.393366336633665,66.1,False,46.899938118811875,Low
CUST00569,Routine_Commuter,93,33,0.3548387096774194,2755.31,29.626989247311823,64.2,True,46.89979838709678,Low
CUST07853,Price_Sensitive,92,30,0.3260869565217391,2367.72,25.73608695652174,67.6,True,46.899728260869566,Low
CUST03427,Price_Sensitive,99,27,0.2727272727272727,2455.08,24.798787878787877,69.4,False,46.89784090909092,Low
CUST03989,Convenience_First,101,31,0.3069306930693069,2397.53,23.73792079207921,65.1,True,46.89597772277227,Low
CUST04904,Routine_Commuter,96,30,0.3125,1556.87,16.21739583333333,66.9,True,46.895,Low
CUST04130,Price_Sensitive,92,31,0.3369565217391304,2673.45,29.05923913043478,66.5,True,46.894510869565224,Low
CUST07094,Routine_Commuter,106,28,0.2641509433962264,2454.02,23.151132075471697,66.9,False,46.893537735849065,Low
CUST06432,Routine_Commuter,107,22,0.205607476635514,2124.03,19.8507476635514,72.3,False,46.89304906542056,Low
CUST02069,Routine_Commuter,90,37,0.4111111111111111,1915.08,21.278666666666663,60.0,True,46.88444444444444,Low
CUST07011,Price_Sensitive,95,36,0.3789473684210526,2058.81,21.671684210526315,60.7,True,46.880394736842106,Low
CUST07964,Price_Sensitive,93,31,0.3333333333333333,1649.58,17.73741935483871,66.3,True,46.87958333333333,Low
CUST06907,Price_Sensitive,105,25,0.238095238095238,3234.31,30.80295238095238,70.0,False,46.87630952380952,Low
CUST03261,Routine_Commuter,98,34,0.3469387755102041,2495.79,25.467244897959183,62.4,True,46.876301020408164,Low
CUST05176,Price_Sensitive,98,29,0.2959183673469387,2436.35,24.860714285714284,67.5,False,46.875484693877546,Low
CUST04534,Price_Sensitive,91,28,0.3076923076923077,1867.63,20.523406593406595,69.8,True,46.86519230769231,Low
CUST03976,Price_Sensitive,91,31,0.3406593406593406,2162.75,23.76648351648352,66.5,True,46.86387362637363,Low
CUST01582,Convenience_First,86,34,0.3953488372093023,2251.97,26.1856976744186,63.5,True,46.8627034883721,Low
CUST02941,Convenience_First,90,32,0.3555555555555555,3060.57,34.00633333333334,65.5,True,46.86222222222223,Low
CUST06933,Price_Sensitive,97,31,0.3195876288659793,2312.87,23.8440206185567,65.6,True,46.85850515463917,Low
CUST03358,Routine_Commuter,97,31,0.3195876288659793,2324.95,23.968556701030927,65.6,True,46.85850515463917,Low
CUST01557,Routine_Commuter,90,31,0.3444444444444444,1339.73,14.88588888888889,66.6,True,46.85777777777777,Low
CUST06040,Routine_Commuter,98,31,0.3163265306122449,2933.84,29.93714285714286,65.4,True,46.8518112244898,Low
CUST03979,Price_Sensitive,102,26,0.2549019607843137,2935.76,28.78196078431373,69.7,False,46.84857843137255,Low
CUST05111,Price_Sensitive,85,34,0.4,1454.96,17.117176470588237,63.5,True,46.84375000000001,Low
CUST03607,Routine_Commuter,98,30,0.3061224489795918,1479.76,15.099591836734694,66.4,True,46.84364795918368,Low
CUST05574,Price_Sensitive,93,35,0.3763440860215054,2185.21,23.496881720430107,61.9,True,46.84001344086022,Low
CUST03648,Routine_Commuter,95,32,0.3368421052631579,2083.43,21.930842105263157,64.8,True,46.83618421052632,Low
CUST05038,Price_Sensitive,94,34,0.3617021276595745,2625.64,27.932340425531912,62.8,True,46.835585106382986,Low
CUST07744,Convenience_First,92,35,0.3804347826086957,1866.16,20.284347826086957,62.0,True,46.83364130434783,Low
CUST00967,Routine_Commuter,86,36,0.4186046511627907,1595.49,18.552209302325583,61.1,True,46.83293604651163,Low
CUST01175,Routine_Commuter,101,29,0.2871287128712871,1491.8,14.77029702970297,66.9,False,46.82389851485149,Low
CUST05214,Convenience_First,93,33,0.3548387096774194,2644.43,28.434731182795694,64.0,True,46.81979838709678,Low
CUST02920,Convenience_First,90,31,0.3444444444444444,1482.34,16.470444444444443,66.5,True,46.81777777777778,Low
CUST01610,Convenience_First,101,31,0.3069306930693069,3679.49,36.43059405940594,64.9,True,46.81597772277228,Low
CUST02407,Convenience_First,95,29,0.3052631578947368,2294.49,24.152526315789473,67.9,True,46.81302631578948,Low
CUST03723,Price_Sensitive,106,21,0.1981132075471698,2852.25,26.90801886792453,73.3,False,46.8120283018868,Low
CUST05460,Convenience_First,99,34,0.3434343434343434,1549.33,15.64979797979798,62.1,True,46.80612373737374,Low
CUST00253,Routine_Commuter,101,34,0.3366336633663366,2954.38,29.25128712871287,61.9,True,46.80409653465347,Low
CUST00241,Routine_Commuter,98,30,0.3061224489795918,2399.23,24.481938775510205,66.3,True,46.80364795918367,Low
CUST06318,Convenience_First,98,29,0.2959183673469387,3088.97,31.52010204081633,67.3,False,46.79548469387755,Low
CUST03716,Price_Sensitive,98,29,0.2959183673469387,1675.82,17.100204081632654,67.3,False,46.79548469387755,Low
CUST01305,Convenience_First,92,35,0.3804347826086957,2743.27,29.81815217391304,61.9,True,46.79364130434784,Low
CUST04345,Convenience_First,90,34,0.3777777777777777,2249.82,24.998,63.1,True,46.79111111111111,Low
CUST04579,Routine_Commuter,94,29,0.3085106382978723,1716.33,18.25882978723404,68.0,True,46.787925531914894,Low
CUST04137,Convenience_First,98,32,0.3265306122448979,2762.02,28.18387755102041,64.2,True,46.77997448979592,Low
CUST00903,Convenience_First,97,31,0.3195876288659793,2563.71,26.43,65.4,True,46.77850515463918,Low
CUST04701,Price_Sensitive,99,27,0.2727272727272727,1242.31,12.548585858585858,69.1,False,46.77784090909091,Low
CUST04168,Price_Sensitive,96,30,0.3125,1801.84,18.769166666666667,66.6,True,46.775,Low
CUST02724,Routine_Commuter,94,33,0.351063829787234,2334.52,24.83531914893617,63.7,True,46.77005319148937,Low
CUST00603,Routine_Commuter,93,34,0.3655913978494624,1767.83,19.008924731182795,62.8,True,46.769905913978505,Low
CUST02800,Price_Sensitive,103,27,0.2621359223300971,1969.27,19.11912621359223,68.3,False,46.76793689320388,Low
CUST06650,Convenience_First,103,27,0.2621359223300971,2224.92,21.60116504854369,68.3,False,46.76793689320388,Low
CUST05873,Convenience_First,97,30,0.3092783505154639,2594.17,26.744020618556704,66.4,True,46.76613402061856,Low
CUST04066,Routine_Commuter,96,27,0.28125,1834.93,19.113854166666663,69.7,False,46.765,Low
CUST04129,Convenience_First,100,27,0.27,3127.79,31.2779,68.9,False,46.761250000000004,Low
CUST04476,Routine_Commuter,105,25,0.238095238095238,2454.07,23.37209523809524,69.7,False,46.75630952380952,Low
CUST04033,Routine_Commuter,98,29,0.2959183673469387,2328.81,23.763367346938775,67.2,False,46.755484693877555,Low
CUST04880,Price_Sensitive,97,29,0.2989690721649484,996.07,10.26876288659794,67.4,False,46.75376288659794,Low
CUST03533,Price_Sensitive,97,29,0.2989690721649484,1545.01,15.927938144329897,67.4,False,46.75376288659794,Low
CUST00140,Price_Sensitive,106,22,0.2075471698113207,2325.56,21.939245283018867,72.2,False,46.74938679245283,Low
CUST04144,Routine_Commuter,99,29,0.2929292929292929,1469.45,14.842929292929291,67.0,False,46.745921717171726,Low
CUST03344,Convenience_First,94,32,0.3404255319148936,2810.02,29.893829787234043,64.7,True,46.74452127659575,Low
CUST03960,Convenience_First,91,32,0.3516483516483517,1809.74,19.88725274725275,65.1,True,46.74343406593407,Low
CUST02490,Price_Sensitive,91,33,0.3626373626373626,1762.53,19.36846153846154,64.0,True,46.74299450549451,Low
CUST00707,Convenience_First,91,35,0.3846153846153846,2452.22,26.947472527472524,61.8,True,46.74211538461539,Low
CUST03325,Price_Sensitive,99,28,0.2828282828282828,1768.58,17.864444444444445,68.0,False,46.741881313131316,Low
CUST00978,Price_Sensitive,101,30,0.297029702970297,1971.74,19.522178217821786,65.7,False,46.73993811881188,Low
CUST07698,Price_Sensitive,95,27,0.2842105263157894,1695.73,17.84978947368421,69.8,False,46.73092105263158,Low
CUST03538,Routine_Commuter,99,25,0.2525252525252525,1877.5,18.964646464646464,71.0,False,46.7297601010101,Low
CUST01709,Convenience_First,93,30,0.3225806451612903,2890.1,31.076344086021503,67.0,True,46.72947580645162,Low
CUST04180,Routine_Commuter,96,32,0.3333333333333333,1784.21,18.585520833333337,64.4,True,46.72833333333333,Low
CUST05907,Price_Sensitive,106,23,0.2169811320754717,1620.1,15.283962264150942,71.2,False,46.72674528301888,Low
CUST04392,Routine_Commuter,97,30,0.3092783505154639,2154.68,22.21319587628866,66.3,True,46.72613402061855,Low
CUST02491,Routine_Commuter,88,32,0.3636363636363636,2227.75,25.31534090909091,65.3,True,46.72545454545455,Low
CUST04753,Price_Sensitive,89,37,0.4157303370786517,2730.41,30.67876404494382,59.6,False,46.721713483146075,Low
CUST02254,Routine_Commuter,100,30,0.3,2017.03,20.1703,65.8,True,46.72125,Low
CUST07866,Routine_Commuter,102,27,0.2647058823529412,1982.6,19.437254901960785,68.4,False,46.72073529411765,Low
CUST03705,Price_Sensitive,102,27,0.2647058823529412,1356.31,13.297156862745098,68.4,False,46.72073529411765,Low
CUST03923,Price_Sensitive,93,27,0.2903225806451613,2001.41,21.520537634408605,70.2,False,46.71915322580645,Low
CUST03990,Routine_Commuter,92,34,0.3695652173913043,3461.38,37.623695652173915,62.8,True,46.71885869565218,Low
CUST07292,Routine_Commuter,98,34,0.3469387755102041,1995.98,20.367142857142856,62.0,True,46.71630102040816,Low
CUST05558,Convenience_First,99,31,0.3131313131313131,3907.52,39.46989898989899,64.9,True,46.714002525252525,Low
CUST02098,Convenience_First,94,35,0.3723404255319149,1851.59,19.69776595744681,61.4,True,46.7011170212766,Low
CUST00361,Convenience_First,88,33,0.375,2119.07,24.08034090909091,64.1,True,46.7,Low
CUST07551,Routine_Commuter,98,27,0.2755102040816326,1788.1,18.24591836734694,69.1,False,46.6991581632653,Low
CUST02948,Routine_Commuter,105,26,0.2476190476190476,1731.13,16.48695238095238,68.6,False,46.6972619047619,Low
CUST00646,Routine_Commuter,94,30,0.3191489361702128,1771.4,18.84468085106383,66.7,True,46.693457446808516,Low
CUST00210,Routine_Commuter,94,30,0.3191489361702128,1827.4,19.440425531914897,66.7,True,46.693457446808516,Low
CUST02677,Price_Sensitive,93,30,0.3225806451612903,1426.52,15.338924731182797,66.9,True,46.689475806451625,Low
CUST00008,Convenience_First,103,27,0.2621359223300971,2620.81,25.444757281553397,68.1,False,46.68793689320388,Low
CUST02403,Routine_Commuter,100,29,0.29,2312.41,23.1241,66.7,False,46.681250000000006,Low
CUST02168,Routine_Commuter,102,27,0.2647058823529412,3624.4,35.53333333333333,68.3,False,46.680735294117646,Low
CUST07663,Convenience_First,93,31,0.3333333333333333,1995.44,21.456344086021502,65.8,True,46.67958333333334,Low
CUST00467,Price_Sensitive,97,26,0.268041237113402,2382.63,24.56319587628866,70.3,False,46.67664948453608,Low
CUST02022,Convenience_First,99,31,0.3131313131313131,2010.13,20.304343434343433,64.8,True,46.67400252525253,Low
CUST07858,Routine_Commuter,101,27,0.2673267326732673,3018.78,29.88891089108911,68.5,False,46.67181930693069,Low
CUST05401,Convenience_First,87,31,0.3563218390804598,2655.46,30.522528735632186,66.4,True,46.6716235632184,Low
CUST00084,Routine_Commuter,87,31,0.3563218390804598,1680.46,19.315632183908047,66.4,True,46.6716235632184,Low
CUST06333,Routine_Commuter,97,32,0.3298969072164948,1641.72,16.92494845360825,64.1,True,46.67087628865979,Low
CUST05762,Routine_Commuter,93,32,0.3440860215053763,3397.64,36.53376344086021,64.7,True,46.669690860215056,Low
CUST04423,Convenience_First,90,32,0.3555555555555555,2851.89,31.687666666666665,65.0,True,46.662222222222226,Low
CUST04522,Price_Sensitive,92,30,0.3260869565217391,1540.25,16.741847826086957,67.0,True,46.659728260869564,Low
CUST04763,Convenience_First,95,33,0.3473684210526316,2205.34,23.214105263157897,63.3,True,46.65723684210527,Low
CUST03439,Routine_Commuter,100,24,0.24,4275.97,42.7597,71.6,False,46.64125,Low
CUST05594,Routine_Commuter,96,29,0.3020833333333333,2445.58,25.474791666666665,67.3,True,46.638333333333335,Low
CUST02869,Price_Sensitive,96,24,0.25,2087.77,21.747604166666665,72.5,False,46.635,Low
CUST02697,Price_Sensitive,98,24,0.2448979591836734,2396.06,24.449591836734697,72.0,False,46.63466836734694,Low
CUST07842,Routine_Commuter,88,31,0.3522727272727273,3125.2,35.51363636363636,66.2,True,46.6309090909091,Low
CUST04529,Price_Sensitive,94,29,0.3085106382978723,2156.79,22.944574468085104,67.6,True,46.6279255319149,Low
CUST06643,Price_Sensitive,97,28,0.2886597938144329,2379.66,24.532577319587627,68.1,False,46.62139175257732,Low
CUST04593,Convenience_First,98,32,0.3265306122448979,1538.24,15.696326530612245,63.8,True,46.619974489795915,Low
CUST06839,Routine_Commuter,99,27,0.2727272727272727,3248.46,32.81272727272727,68.7,False,46.617840909090916,Low
CUST07821,Routine_Commuter,95,33,0.3473684210526316,1734.14,18.254105263157896,63.2,True,46.617236842105264,Low
CUST00167,Convenience_First,89,33,0.3707865168539326,1731.88,19.45932584269663,63.8,True,46.60396067415731,Low
CUST03064,Price_Sensitive,100,25,0.25,2070.14,20.7014,70.5,False,46.60125000000001,Low
CUST00389,Price_Sensitive,100,25,0.25,1446.95,14.4695,70.5,False,46.60125000000001,Low
CUST01306,Convenience_First,94,31,0.3297872340425531,2202.01,23.425638297872343,65.4,True,46.59898936170213,Low
CUST00812,Price_Sensitive,94,31,0.3297872340425531,2161.21,22.99159574468085,65.4,True,46.59898936170213,Low
CUST02981,Routine_Commuter,96,29,0.3020833333333333,2334.93,24.3221875,67.2,True,46.598333333333336,Low
CUST06959,Convenience_First,95,34,0.3578947368421052,1511.95,15.915263157894737,62.1,True,46.59828947368421,Low
CUST02323,Convenience_First,92,35,0.3804347826086957,3285.0,35.70652173913044,61.4,True,46.593641304347834,Low
CUST06477,Routine_Commuter,97,32,0.3298969072164948,2024.46,20.870721649484537,63.9,True,46.59087628865979,Low
CUST01449,Convenience_First,99,30,0.303030303030303,2384.63,24.087171717171717,65.6,True,46.589962121212125,Low
CUST00496,Price_Sensitive,93,32,0.3440860215053763,2281.85,24.536021505376343,64.5,True,46.58969086021506,Low
CUST03049,Price_Sensitive,86,31,0.3604651162790697,1671.44,19.435348837209304,66.3,True,46.58735465116279,Low
CUST05779,Routine_Commuter,98,28,0.2857142857142857,2186.31,22.30928571428571,67.8,False,46.58732142857143,Low
CUST06393,Price_Sensitive,92,29,0.3152173913043478,1438.5,15.63586956521739,67.9,True,46.58494565217392,Low
CUST02479,Price_Sensitive,85,36,0.4235294117647059,1670.58,19.653882352941174,60.5,True,46.584926470588236,Low
CUST01353,Routine_Commuter,93,29,0.3118279569892473,2585.12,27.796989247311828,67.7,True,46.57936827956989,Low
CUST02803,Convenience_First,104,25,0.2403846153846154,1709.39,16.43644230769231,69.5,False,46.56413461538462,Low
CUST06345,Routine_Commuter,108,22,0.2037037037037037,2762.36,25.57740740740741,71.2,False,46.55564814814816,Low
CUST07546,Convenience_First,97,29,0.2989690721649484,3285.63,33.87247422680412,66.9,False,46.553762886597944,Low
CUST02935,Convenience_First,96,31,0.3229166666666667,2788.75,29.049479166666668,65.0,True,46.55166666666667,Low
CUST01019,Routine_Commuter,87,35,0.4022988505747126,2265.19,26.03666666666667,61.5,True,46.550704022988505,Low
CUST01273,Routine_Commuter,93,32,0.3440860215053763,2688.78,28.91161290322581,64.4,True,46.549690860215065,Low
CUST06984,Convenience_First,97,35,0.3608247422680412,3207.47,33.06670103092783,60.7,True,46.54798969072165,Low
CUST01216,Price_Sensitive,102,29,0.284313725490196,1304.28,12.787058823529412,66.0,False,46.545049019607845,Low
CUST04008,Routine_Commuter,94,32,0.3404255319148936,1196.38,12.72744680851064,64.2,True,46.54452127659575,Low
CUST06752,Routine_Commuter,88,33,0.375,1976.59,22.46125,63.7,True,46.540000000000006,Low
CUST01448,Convenience_First,103,26,0.2524271844660194,2319.14,22.515922330097087,68.7,False,46.53958737864078,Low
CUST00637,Price_Sensitive,97,27,0.2783505154639175,1967.5,20.283505154639176,68.9,False,46.52902061855671,Low
CUST06724,Routine_Commuter,103,27,0.2621359223300971,2893.04,28.08776699029126,67.7,False,46.527936893203886,Low
CUST06415,Convenience_First,100,27,0.27,3149.46,31.4946,68.3,False,46.52125000000001,Low
CUST05938,Convenience_First,93,32,0.3440860215053763,2840.63,30.54440860215054,64.3,True,46.50969086021506,Low
CUST00819,Price_Sensitive,91,32,0.3516483516483517,1648.76,18.11824175824176,64.5,True,46.50343406593407,Low
CUST01477,Routine_Commuter,84,33,0.3928571428571428,1799.57,21.42345238095238,63.8,True,46.50053571428571,Low
CUST07868,Convenience_First,93,33,0.3548387096774194,2443.02,26.269032258064517,63.2,True,46.499798387096774,Low
CUST06503,Convenience_First,92,30,0.3260869565217391,3031.22,32.948043478260864,66.6,True,46.49972826086957,Low
CUST04023,Price_Sensitive,99,27,0.2727272727272727,2116.7,21.38080808080808,68.4,False,46.49784090909091,Low
CUST00780,Routine_Commuter,90,31,0.3444444444444444,1542.56,17.139555555555553,65.7,True,46.49777777777777,Low
CUST04505,Price_Sensitive,102,25,0.2450980392156862,2108.07,20.66735294117647,69.8,False,46.496421568627454,Low
CUST06034,Convenience_First,101,31,0.3069306930693069,3097.87,30.6719801980198,64.1,True,46.49597772277228,Low
CUST06195,Routine_Commuter,103,23,0.2233009708737864,2722.9,26.43592233009709,71.5,False,46.494538834951456,Low
CUST01479,Price_Sensitive,106,21,0.1981132075471698,2963.58,27.95830188679245,72.5,False,46.4920283018868,Low
CUST05324,Price_Sensitive,93,30,0.3225806451612903,1951.5,20.983870967741936,66.4,True,46.48947580645162,Low
CUST06146,Convenience_First,92,32,0.3478260869565217,2337.32,25.405652173913044,64.4,True,46.489293478260876,Low
CUST03122,Price_Sensitive,96,27,0.28125,3657.69,38.1009375,69.0,False,46.485,Low
CUST06925,Price_Sensitive,89,33,0.3707865168539326,1702.47,19.12887640449438,63.5,True,46.4839606741573,Low
CUST02296,Routine_Commuter,94,31,0.3297872340425531,1650.91,17.562872340425532,65.1,True,46.478989361702126,Low
CUST05122,Routine_Commuter,95,32,0.3368421052631579,2145.98,22.589263157894734,63.9,True,46.47618421052632,Low
CUST05993,Price_Sensitive,98,24,0.2448979591836734,2839.79,28.97744897959184,71.6,False,46.474668367346936,Low
CUST04774,Routine_Commuter,95,28,0.2947368421052631,2179.58,22.942947368421052,68.1,False,46.471973684210525,Low
CUST06678,Price_Sensitive,93,28,0.3010752688172043,2801.72,30.126021505376343,68.5,True,46.46926075268817,Low
CUST03837,Price_Sensitive,89,31,0.348314606741573,1695.84,19.05438202247191,65.7,True,46.46508426966292,Low
CUST00561,Price_Sensitive,92,29,0.3152173913043478,1595.37,17.340978260869566,67.6,True,46.46494565217392,Low
CUST00101,Convenience_First,92,29,0.3152173913043478,1647.85,17.91141304347826,67.6,True,46.46494565217392,Low
CUST07341,Price_Sensitive,84,32,0.3809523809523809,1993.75,23.735119047619047,64.9,True,46.46434523809524,Low
CUST04754,Routine_Commuter,96,28,0.2916666666666667,2318.27,24.148645833333333,67.9,False,46.461666666666666,Low
CUST01784,Convenience_First,91,37,0.4065934065934066,2291.59,25.182307692307695,58.9,False,46.46123626373627,Low
CUST02870,Convenience_First,88,33,0.375,1560.11,17.728522727272725,63.5,True,46.46000000000001,Low
CUST00605,Price_Sensitive,102,25,0.2450980392156862,1285.03,12.598333333333333,69.7,False,46.456421568627455,Low
CUST05183,Routine_Commuter,96,25,0.2604166666666667,2292.94,23.88479166666667,71.0,False,46.45166666666667,Low
CUST07453,Convenience_First,87,32,0.367816091954023,2138.56,24.581149425287357,64.7,True,46.451393678160926,Low
CUST01064,Convenience_First,98,26,0.2653061224489796,2756.86,28.13122448979592,69.5,False,46.450994897959184,Low
CUST01522,Price_Sensitive,87,34,0.3908045977011494,1479.81,17.009310344827586,62.4,True,46.45093390804598,Low
CUST02015,Convenience_First,101,23,0.2277227722772277,2221.6,21.99603960396039,71.9,False,46.447660891089114,Low
CUST01344,Routine_Commuter,97,30,0.3092783505154639,2652.99,27.35041237113402,65.6,True,46.44613402061855,Low
CUST04979,Routine_Commuter,93,35,0.3763440860215054,1625.24,17.475698924731184,60.9,True,46.44001344086021,Low
CUST02864,Routine_Commuter,85,35,0.4117647058823529,1636.79,19.25635294117647,61.3,True,46.43433823529411,Low
CUST01009,Routine_Commuter,95,30,0.3157894736842105,2154.91,22.683263157894736,65.9,True,46.43407894736843,Low
CUST01597,Routine_Commuter,99,31,0.3131313131313131,1869.54,18.884242424242423,64.2,True,46.434002525252524,Low
CUST01706,Convenience_First,97,29,0.2989690721649484,3072.2,31.67216494845361,66.6,False,46.43376288659794,Low
CUST01210,Convenience_First,90,34,0.3777777777777777,2601.29,28.903222222222222,62.2,True,46.43111111111111,Low
CUST05382,Convenience_First,94,29,0.3085106382978723,2820.46,30.00489361702128,67.1,True,46.427925531914894,Low
CUST07829,Convenience_First,96,28,0.2916666666666667,2810.64,29.2775,67.8,False,46.42166666666667,Low
CUST03859,Routine_Commuter,101,30,0.297029702970297,2565.29,25.39891089108911,64.9,False,46.419938118811885,Low
CUST06001,Routine_Commuter,90,31,0.3444444444444444,2026.93,22.521444444444445,65.5,True,46.41777777777777,Low
CUST04758,Routine_Commuter,99,26,0.2626262626262626,2605.41,26.317272727272726,69.2,False,46.41380050505052,Low
CUST06849,Price_Sensitive,90,30,0.3333333333333333,2788.96,30.988444444444443,66.6,True,46.41333333333333,Low
CUST05077,Routine_Commuter,96,32,0.3333333333333333,3081.74,32.10145833333333,63.6,True,46.40833333333333,Low
CUST04270,Convenience_First,89,33,0.3707865168539326,2174.19,24.429101123595505,63.3,True,46.403960674157304,Low
CUST05233,Price_Sensitive,90,36,0.4,1438.76,15.986222222222224,59.9,False,46.400000000000006,Low
CUST02790,Convenience_First,96,29,0.3020833333333333,1376.61,14.339687499999998,66.7,True,46.39833333333333,Low
CUST07333,Routine_Commuter,95,32,0.3368421052631579,1835.18,19.317684210526316,63.7,True,46.39618421052632,Low
CUST05974,Routine_Commuter,101,26,0.2574257425742574,2228.59,22.065247524752476,68.8,False,46.395779702970295,Low
CUST01115,Routine_Commuter,102,28,0.2745098039215686,1240.8,12.16470588235294,66.6,False,46.39289215686275,Low
CUST06302,Price_Sensitive,102,23,0.2254901960784313,1738.53,17.04441176470588,71.5,False,46.392107843137254,Low
CUST05381,Price_Sensitive,87,29,0.3333333333333333,2891.84,33.23954022988506,68.0,True,46.39208333333333,Low
CUST07314,Convenience_First,101,27,0.2673267326732673,2812.74,27.84891089108911,67.8,False,46.39181930693069,Low
CUST05336,Convenience_First,96,31,0.3229166666666667,1990.08,20.73,64.6,True,46.391666666666666,Low
CUST06941,Price_Sensitive,89,31,0.348314606741573,1714.73,19.266629213483142,65.5,True,46.38508426966292,Low
CUST04829,Convenience_First,92,29,0.3152173913043478,2600.96,28.27130434782609,67.4,True,46.38494565217392,Low
CUST05235,Convenience_First,99,27,0.2727272727272727,2587.42,26.135555555555555,68.1,False,46.37784090909091,Low
CUST05583,Convenience_First,99,27,0.2727272727272727,2792.23,28.204343434343436,68.1,False,46.37784090909091,Low
CUST00202,Convenience_First,94,30,0.3191489361702128,2503.69,26.635,65.9,True,46.373457446808516,Low
CUST06063,Routine_Commuter,97,30,0.3092783505154639,2303.8,23.750515463917527,65.4,True,46.36613402061856,Low
CUST01399,Price_Sensitive,111,20,0.1801801801801801,4077.71,36.73612612612612,71.7,False,46.3647072072072,Low
CUST05185,Price_Sensitive,98,25,0.2551020408163265,2721.49,27.77030612244898,70.3,False,46.36283163265306,Low
CUST03294,Routine_Commuter,101,26,0.2574257425742574,2199.25,21.774752475247524,68.7,False,46.355779702970295,Low
CUST04710,Price_Sensitive,94,34,0.3617021276595745,2037.46,21.67510638297872,61.6,True,46.35558510638298,Low
CUST00540,Routine_Commuter,89,32,0.3595505617977528,1967.71,22.109101123595504,64.3,True,46.35452247191011,Low
CUST06833,Price_Sensitive,97,28,0.2886597938144329,1727.1,17.805154639175257,67.4,False,46.34139175257732,Low
CUST05408,Routine_Commuter,97,28,0.2886597938144329,2952.45,30.43762886597938,67.4,False,46.34139175257732,Low
CUST07117,Routine_Commuter,92,30,0.3260869565217391,2602.86,28.29195652173913,66.2,True,46.33972826086957,Low
CUST02439,Routine_Commuter,90,31,0.3444444444444444,1984.18,22.046444444444447,65.3,True,46.337777777777774,Low
CUST05101,Convenience_First,95,31,0.3263157894736842,2624.23,27.623473684210527,64.6,True,46.335131578947376,Low
CUST00416,Routine_Commuter,93,34,0.3655913978494624,2234.74,24.029462365591396,61.7,True,46.32990591397851,Low
CUST01586,Routine_Commuter,97,27,0.2783505154639175,1833.62,18.903298969072168,68.4,False,46.329020618556704,Low
CUST02984,Price_Sensitive,97,27,0.2783505154639175,1996.3,20.58041237113402,68.4,False,46.329020618556704,Low
CUST01430,Price_Sensitive,95,25,0.2631578947368421,2041.7,21.49157894736842,70.9,False,46.32881578947369,Low
CUST00130,Price_Sensitive,102,26,0.2549019607843137,3008.17,29.49186274509804,68.4,False,46.328578431372556,Low
CUST00331,Convenience_First,86,35,0.4069767441860465,2029.33,23.59686046511628,61.0,True,46.32781976744186,Low
CUST01195,Convenience_First,89,33,0.3707865168539326,1312.77,14.750224719101125,63.1,True,46.323960674157306,Low
CUST05808,Price_Sensitive,93,31,0.3333333333333333,1946.54,20.9305376344086,64.9,True,46.31958333333334,Low
CUST05351,Convenience_First,93,31,0.3333333333333333,2279.14,24.506881720430105,64.9,True,46.31958333333334,Low
CUST06871,Routine_Commuter,95,32,0.3368421052631579,2203.67,23.196526315789473,63.5,True,46.31618421052632,Low
CUST04908,Convenience_First,99,31,0.3131313131313131,2032.99,20.535252525252524,63.9,True,46.31400252525253,Low
CUST03360,Convenience_First,90,34,0.3777777777777777,3833.45,42.59388888888888,61.9,True,46.31111111111112,Low
CUST01403,Price_Sensitive,95,26,0.2736842105263158,2050.97,21.58915789473684,69.8,False,46.309868421052634,Low
CUST02386,Price_Sensitive,93,32,0.3440860215053763,1937.91,20.837741935483873,63.8,True,46.309690860215056,Low
CUST00647,Routine_Commuter,94,32,0.3404255319148936,2102.8,22.370212765957447,63.6,True,46.30452127659575,Low
CUST03167,Convenience_First,91,30,0.3296703296703296,2801.92,30.790329670329672,66.2,True,46.30431318681319,Low
CUST05224,Price_Sensitive,102,24,0.2352941176470588,1941.28,19.032156862745097,70.3,False,46.30426470588235,Low
CUST02458,Price_Sensitive,96,28,0.2916666666666667,1396.51,14.546979166666668,67.5,False,46.30166666666667,Low
CUST03606,Convenience_First,97,28,0.2886597938144329,2498.96,25.762474226804123,67.3,False,46.301391752577324,Low
CUST00035,Convenience_First,93,33,0.3548387096774194,2298.28,24.712688172043013,62.7,True,46.299798387096786,Low
CUST06375,Routine_Commuter,92,30,0.3260869565217391,1552.52,16.875217391304346,66.1,True,46.299728260869564,Low
CUST07926,Routine_Commuter,86,29,0.3372093023255814,1743.04,20.267906976744182,67.9,True,46.29712209302326,Low
CUST02053,Routine_Commuter,94,27,0.2872340425531915,2908.29,30.939255319148938,68.9,False,46.296861702127664,Low
CUST05171,Routine_Commuter,89,30,0.3370786516853932,1687.72,18.96314606741573,66.4,True,46.29564606741573,Low
CUST02937,Price_Sensitive,92,31,0.3369565217391304,2461.4,26.754347826086956,65.0,True,46.29451086956522,Low
CUST05040,Price_Sensitive,92,31,0.3369565217391304,3257.84,35.41130434782609,65.0,True,46.29451086956522,Low
CUST00341,Convenience_First,88,27,0.3068181818181818,2012.53,22.869659090909092,69.9,True,46.29272727272728,Low
CUST04528,Price_Sensitive,95,27,0.2842105263157894,1751.28,18.434526315789473,68.7,False,46.29092105263158,Low
CUST02903,Routine_Commuter,84,36,0.4285714285714285,2331.65,27.757738095238096,59.7,False,46.28910714285714,Low
CUST05704,Convenience_First,96,32,0.3333333333333333,1790.49,18.6509375,63.3,True,46.288333333333334,Low
CUST05838,Routine_Commuter,97,30,0.3092783505154639,2446.54,25.222061855670106,65.2,True,46.286134020618555,Low
CUST07465,Price_Sensitive,94,25,0.2659574468085106,3222.51,34.28202127659574,71.0,False,46.285797872340424,Low
CUST04777,Routine_Commuter,100,29,0.29,2385.77,23.8577,65.7,False,46.28125,Low
CUST07109,Price_Sensitive,100,25,0.25,2313.87,23.1387,69.7,False,46.28125,Low
CUST02507,Price_Sensitive,90,27,0.3,2022.86,22.476222222222223,69.6,True,46.28,Low
CUST01746,Routine_Commuter,96,29,0.3020833333333333,1977.77,20.601770833333333,66.4,True,46.278333333333336,Low
CUST04926,Price_Sensitive,97,26,0.268041237113402,2557.93,26.37041237113402,69.3,False,46.27664948453608,Low
CUST05216,Routine_Commuter,101,26,0.2574257425742574,2568.45,25.430198019801978,68.5,False,46.2757797029703,Low
CUST05065,Convenience_First,95,28,0.2947368421052631,2762.31,29.076947368421052,67.6,False,46.27197368421053,Low
CUST03754,Convenience_First,88,31,0.3522727272727273,2555.82,29.043409090909098,65.3,True,46.27090909090909,Low
CUST01598,Price_Sensitive,81,33,0.4074074074074074,1869.43,23.079382716049384,63.2,True,46.2700462962963,Low
CUST05329,Routine_Commuter,95,26,0.2736842105263158,2108.56,22.19536842105263,69.7,False,46.26986842105264,Low
CUST02476,Price_Sensitive,95,26,0.2736842105263158,2429.06,25.56905263157895,69.7,False,46.26986842105264,Low
CUST04406,Price_Sensitive,93,32,0.3440860215053763,2222.04,23.89290322580645,63.7,True,46.269690860215064,Low
CUST02904,Convenience_First,82,38,0.4634146341463415,2408.97,29.377682926829262,57.1,False,46.267835365853664,Low
CUST00866,Routine_Commuter,83,32,0.3855421686746988,1245.33,15.003975903614457,64.4,True,46.26543674698796,Low
CUST06681,Price_Sensitive,108,21,0.1944444444444444,2124.33,19.669722222222223,71.4,False,46.26527777777778,Low
CUST05352,Convenience_First,99,28,0.2828282828282828,2236.24,22.588282828282825,66.8,False,46.26188131313131,Low
CUST00406,Convenience_First,92,31,0.3369565217391304,3375.05,36.68532608695652,64.9,True,46.25451086956522,Low
CUST01584,Convenience_First,80,30,0.375,2499.82,31.247750000000003,66.9,True,46.253750000000004,Low
CUST03780,Convenience_First,95,29,0.3052631578947368,1744.85,18.366842105263157,66.5,True,46.25302631578948,Low
CUST02158,Price_Sensitive,99,25,0.2525252525252525,2007.89,20.281717171717172,69.8,False,46.24976010101011,Low
CUST04625,Convenience_First,92,32,0.3478260869565217,1958.47,21.287717391304348,63.8,True,46.249293478260874,Low
CUST05098,Price_Sensitive,97,27,0.2783505154639175,3212.78,33.121443298969076,68.2,False,46.249020618556706,Low
CUST01826,Price_Sensitive,89,29,0.3258426966292135,2543.99,28.584157303370787,67.4,True,46.24620786516854,Low
CUST05036,Convenience_First,99,24,0.2424242424242424,2424.11,24.485959595959596,70.8,False,46.2457196969697,Low
CUST06085,Price_Sensitive,101,24,0.2376237623762376,1936.35,19.17178217821782,70.4,False,46.24370049504951,Low
CUST03258,Routine_Commuter,88,29,0.3295454545454545,2038.37,23.16329545454545,67.5,True,46.24181818181818,Low
CUST00596,Price_Sensitive,92,27,0.2934782608695652,1977.33,21.492717391304343,69.2,False,46.23538043478262,Low
CUST00364,Price_Sensitive,94,29,0.3085106382978723,2701.53,28.73968085106383,66.6,True,46.22792553191489,Low
CUST04471,Convenience_First,98,28,0.2857142857142857,2782.75,28.395408163265305,66.9,False,46.227321428571436,Low
CUST06162,Routine_Commuter,99,29,0.2929292929292929,1335.35,13.488383838383838,65.7,False,46.225921717171715,Low
CUST01422,Price_Sensitive,83,32,0.3855421686746988,1681.84,20.26313253012048,64.3,True,46.22543674698795,Low
CUST05604,Routine_Commuter,106,24,0.2264150943396226,2898.48,27.344150943396222,69.0,False,46.22410377358491,Low
CUST04159,Convenience_First,93,29,0.3118279569892473,1828.74,19.663870967741936,66.8,True,46.21936827956989,Low
CUST00717,Convenience_First,93,29,0.3118279569892473,2405.31,25.863548387096778,66.8,True,46.21936827956989,Low
CUST07396,Routine_Commuter,84,34,0.4047619047619047,1739.81,20.71202380952381,61.9,True,46.216726190476194,Low
CUST04045,Convenience_First,94,33,0.351063829787234,2145.92,22.828936170212767,62.3,True,46.210053191489365,Low
CUST00861,Routine_Commuter,94,33,0.351063829787234,3185.92,33.89276595744681,62.3,True,46.210053191489365,Low
CUST06976,Price_Sensitive,102,21,0.2058823529411764,2314.76,22.69372549019608,73.0,False,46.20779411764706,Low
CUST00267,Price_Sensitive,95,23,0.2421052631578947,2178.09,22.92726315789474,72.7,False,46.206710526315796,Low
CUST05272,Price_Sensitive,88,29,0.3295454545454545,1222.21,13.88875,67.4,True,46.20181818181818,Low
CUST01491,Convenience_First,93,31,0.3333333333333333,3031.33,32.59494623655914,64.6,True,46.19958333333334,Low
CUST05607,Routine_Commuter,95,32,0.3368421052631579,3743.33,39.403473684210525,63.2,True,46.19618421052632,Low
CUST00246,Convenience_First,95,30,0.3157894736842105,2959.05,31.147894736842108,65.3,True,46.194078947368425,Low
CUST00798,Routine_Commuter,99,30,0.303030303030303,2584.43,26.105353535353533,64.6,True,46.18996212121212,Low
CUST06890,Price_Sensitive,92,29,0.3152173913043478,1712.75,18.616847826086957,66.9,True,46.18494565217392,Low
CUST04500,Routine_Commuter,86,34,0.3953488372093023,2442.88,28.40558139534884,61.8,True,46.18270348837209,Low
CUST02731,Price_Sensitive,90,32,0.3555555555555555,1812.76,20.14177777777778,63.8,True,46.18222222222222,Low
CUST03570,Routine_Commuter,92,30,0.3260869565217391,2296.48,24.961739130434783,65.8,True,46.17972826086957,Low
CUST00704,Price_Sensitive,93,25,0.2688172043010752,1342.19,14.43215053763441,71.0,False,46.17893817204302,Low
CUST06420,Routine_Commuter,94,30,0.3191489361702128,1559.93,16.595000000000002,65.4,True,46.17345744680852,Low
CUST06184,Convenience_First,90,30,0.3333333333333333,2691.69,29.907666666666668,66.0,True,46.17333333333333,Low
CUST02321,Routine_Commuter,95,29,0.3052631578947368,1672.31,17.603263157894737,66.3,True,46.17302631578948,Low
CUST03350,Price_Sensitive,98,26,0.2653061224489796,1201.4,12.259183673469389,68.8,False,46.17099489795918,Low
CUST02340,Routine_Commuter,90,28,0.3111111111111111,1858.34,20.64822222222222,68.2,True,46.16444444444444,Low
CUST00474,Convenience_First,89,33,0.3707865168539326,1644.02,18.472134831460675,62.7,True,46.16396067415731,Low
CUST06529,Routine_Commuter,96,29,0.3020833333333333,1769.05,18.427604166666665,66.1,True,46.15833333333333,Low
CUST00879,Price_Sensitive,104,28,0.2692307692307692,1926.84,18.52730769230769,65.6,False,46.15798076923077,Low
CUST05761,Price_Sensitive,92,28,0.3043478260869565,2219.4,24.12391304347826,67.9,True,46.150163043478265,Low
CUST01772,Routine_Commuter,93,32,0.3440860215053763,1614.5,17.36021505376344,63.4,True,46.14969086021506,Low
CUST00448,Price_Sensitive,97,22,0.2268041237113402,2172.67,22.398659793814435,73.1,False,46.14716494845361,Low
CUST03132,Price_Sensitive,97,25,0.2577319587628865,1904.99,19.639072164948455,70.0,False,46.144278350515464,Low
CUST05507,Price_Sensitive,97,25,0.2577319587628865,1399.51,14.427938144329897,70.0,False,46.144278350515464,Low
CUST04760,Routine_Commuter,97,25,0.2577319587628865,3504.97,36.13371134020618,70.0,False,46.144278350515464,Low
CUST00544,Convenience_First,97,25,0.2577319587628865,1761.1,18.15567010309278,70.0,False,46.144278350515464,Low
CUST02170,Routine_Commuter,96,28,0.2916666666666667,1869.26,19.471458333333334,67.1,False,46.141666666666666,Low
CUST06688,Convenience_First,88,33,0.375,1195.31,13.58306818181818,62.7,True,46.14,Low
CUST01954,Routine_Commuter,93,29,0.3118279569892473,2030.36,21.831827956989247,66.6,True,46.139368279569894,Low
CUST07395,Routine_Commuter,95,31,0.3263157894736842,2847.13,29.969789473684212,64.1,True,46.13513157894737,Low
CUST02317,Convenience_First,86,32,0.3720930232558139,1563.35,18.17848837209302,64.0,True,46.13247093023256,Low
CUST02696,Routine_Commuter,87,32,0.367816091954023,2747.72,31.582988505747124,63.9,True,46.13139367816092,Low
CUST06058,Price_Sensitive,93,26,0.2795698924731182,1665.17,17.90505376344086,69.8,False,46.12904569892473,Low
CUST03379,Price_Sensitive,95,23,0.2421052631578947,2127.97,22.399684210526313,72.5,False,46.12671052631579,Low
CUST01459,Convenience_First,79,34,0.430379746835443,1531.39,19.384683544303797,61.5,True,46.12643987341772,Low
CUST06490,Convenience_First,94,25,0.2659574468085106,2180.41,23.195851063829785,70.6,False,46.12579787234043,Low
CUST02326,Routine_Commuter,100,24,0.24,1242.34,12.4234,70.3,False,46.12125,Low
CUST02757,Routine_Commuter,96,24,0.25,1587.48,16.53625,71.2,False,46.115,Low
CUST07060,Convenience_First,92,35,0.3804347826086957,3024.01,32.86967391304348,60.2,True,46.11364130434783,Low
CUST00081,Convenience_First,96,31,0.3229166666666667,3030.05,31.563020833333336,63.9,True,46.11166666666667,Low
CUST07340,Price_Sensitive,90,34,0.3777777777777777,1877.87,20.865222222222226,61.4,True,46.111111111111114,Low
CUST03015,Price_Sensitive,88,31,0.3522727272727273,2102.67,23.893977272727273,64.9,True,46.1109090909091,Low
CUST07496,Routine_Commuter,91,28,0.3076923076923077,2405.74,26.436703296703293,67.9,True,46.10519230769231,Low
CUST03047,Convenience_First,91,29,0.3186813186813186,1811.47,19.906263736263735,66.8,True,46.104752747252746,Low
CUST03176,Convenience_First,91,33,0.3626373626373626,1721.88,18.921758241758244,62.4,True,46.10299450549451,Low
CUST04576,Routine_Commuter,99,27,0.2727272727272727,2480.55,25.05606060606061,67.4,False,46.09784090909092,Low
CUST04176,Convenience_First,90,31,0.3444444444444444,3414.89,37.94322222222222,64.7,True,46.09777777777778,Low
CUST02167,Routine_Commuter,94,27,0.2872340425531915,2446.67,26.02840425531915,68.4,False,46.09686170212767,Low
CUST00135,Routine_Commuter,94,30,0.3191489361702128,1646.45,17.515425531914893,65.2,True,46.093457446808515,Low
CUST04095,Convenience_First,95,27,0.2842105263157894,2928.39,30.82515789473684,68.2,False,46.09092105263158,Low
CUST00630,Price_Sensitive,101,23,0.2277227722772277,1638.07,16.218514851485146,71.0,False,46.08766089108911,Low
CUST07401,Price_Sensitive,94,23,0.2446808510638297,2327.36,24.759148936170213,72.6,False,46.07473404255319,Low
CUST00145,Price_Sensitive,87,29,0.3333333333333333,2537.0,29.160919540229884,67.2,True,46.07208333333334,Low
CUST02527,Price_Sensitive,94,26,0.2765957446808511,1702.14,18.107872340425537,69.4,False,46.07132978723405,Low
CUST05220,Convenience_First,92,29,0.3152173913043478,1991.95,21.65163043478261,66.6,True,46.06494565217392,Low
CUST03840,Convenience_First,91,30,0.3296703296703296,2692.23,29.584945054945056,65.6,True,46.06431318681319,Low
CUST00452,Convenience_First,96,28,0.2916666666666667,2495.81,25.99802083333333,66.9,False,46.061666666666675,Low
CUST00229,Convenience_First,93,29,0.3118279569892473,1303.35,14.014516129032256,66.4,True,46.059368279569895,Low
CUST00352,Convenience_First,90,29,0.3222222222222222,2432.55,27.028333333333336,66.8,True,46.04888888888888,Low
CUST07431,Price_Sensitive,96,27,0.28125,1624.78,16.924791666666668,67.9,False,46.045,Low
CUST02329,Price_Sensitive,88,29,0.3295454545454545,2310.83,26.259431818181817,67.0,True,46.041818181818186,Low
CUST02276,Price_Sensitive,102,22,0.2156862745098039,1811.97,17.764411764705883,71.6,False,46.039950980392156,Low
CUST03034,Convenience_First,93,27,0.2903225806451613,2462.78,26.48150537634409,68.5,False,46.03915322580646,Low
CUST03552,Routine_Commuter,93,27,0.2903225806451613,1752.14,18.84021505376344,68.5,False,46.03915322580646,Low
CUST00746,Routine_Commuter,86,33,0.3837209302325581,1141.67,13.275232558139535,62.6,True,46.03758720930232,Low
CUST06973,Routine_Commuter,95,30,0.3157894736842105,1971.2,20.74947368421053,64.9,True,46.03407894736843,Low
CUST01296,Price_Sensitive,94,26,0.2765957446808511,1334.9,14.201063829787236,69.3,False,46.03132978723404,Low
CUST07734,Convenience_First,93,32,0.3440860215053763,3378.96,36.332903225806454,63.1,True,46.029690860215055,Low
CUST01121,Convenience_First,93,28,0.3010752688172043,1091.84,11.74021505376344,67.4,True,46.029260752688174,Low
CUST07086,Price_Sensitive,91,30,0.3296703296703296,1722.44,18.927912087912087,65.5,True,46.02431318681319,Low
CUST07406,Price_Sensitive,97,25,0.2577319587628865,1905.84,19.64783505154639,69.7,False,46.024278350515466,Low
CUST04243,Price_Sensitive,84,33,0.3928571428571428,1476.76,17.58047619047619,62.6,True,46.020535714285714,Low
CUST05426,Routine_Commuter,98,27,0.2755102040816326,2390.75,24.395408163265305,67.4,False,46.01915816326531,Low
CUST06591,Routine_Commuter,98,27,0.2755102040816326,1583.5,16.158163265306122,67.4,False,46.01915816326531,Low
CUST07682,Price_Sensitive,86,29,0.3372093023255814,1444.43,16.795697674418605,67.2,True,46.01712209302326,Low
CUST07235,Routine_Commuter,99,26,0.2626262626262626,1774.0,17.91919191919192,68.2,False,46.01380050505051,Low
CUST03771,Price_Sensitive,101,25,0.2475247524752475,2542.32,25.171485148514854,68.8,False,45.9997400990099,Low
CUST02199,Convenience_First,93,27,0.2903225806451613,2135.85,22.966129032258063,68.4,False,45.99915322580645,Low
CUST02845,Price_Sensitive,97,26,0.268041237113402,4045.82,41.70948453608248,68.6,False,45.99664948453608,Low
CUST05924,Convenience_First,98,29,0.2959183673469387,2768.44,28.24938775510204,65.3,False,45.99548469387755,Low
CUST00629,Price_Sensitive,92,28,0.3043478260869565,1351.69,14.692282608695653,67.5,True,45.99016304347826,Low
CUST07385,Convenience_First,84,31,0.369047619047619,1870.69,22.270119047619048,64.9,True,45.98815476190477,Low
CUST06958,Convenience_First,94,29,0.3085106382978723,4123.18,43.86361702127659,66.0,True,45.9879255319149,Low
CUST02580,Price_Sensitive,91,30,0.3296703296703296,1903.49,20.91747252747253,65.4,True,45.984313186813196,Low
CUST00250,Convenience_First,85,32,0.3764705882352941,2479.3,29.16823529411765,63.7,True,45.98257352941177,Low
CUST03545,Routine_Commuter,97,28,0.2886597938144329,2021.03,20.835360824742267,66.5,False,45.981391752577316,Low
CUST02467,Price_Sensitive,93,25,0.2688172043010752,2035.27,21.884623655913977,70.5,False,45.978938172043016,Low
CUST00022,Price_Sensitive,89,34,0.3820224719101123,2728.72,30.659775280898874,61.1,True,45.97339887640449,Low
CUST00075,Routine_Commuter,94,33,0.351063829787234,2748.14,29.235531914893617,61.7,True,45.97005319148937,Low
CUST03617,Price_Sensitive,93,30,0.3225806451612903,976.32,10.498064516129032,65.1,True,45.96947580645161,Low
CUST06452,Price_Sensitive,94,25,0.2659574468085106,2338.17,24.874148936170215,70.2,False,45.96579787234043,Low
CUST06440,Convenience_First,81,31,0.382716049382716,2945.32,36.36197530864198,64.9,True,45.96239197530864,Low
CUST07392,Price_Sensitive,92,26,0.2826086956521739,1990.47,21.63554347826087,69.6,False,45.96059782608696,Low
CUST01079,Convenience_First,97,26,0.268041237113402,3170.4,32.684536082474224,68.5,False,45.95664948453608,Low
CUST01331,Price_Sensitive,98,24,0.2448979591836734,2396.8,24.45714285714286,70.3,False,45.95466836734694,Low
CUST03657,Convenience_First,101,27,0.2673267326732673,2130.05,21.08960396039604,66.7,False,45.951819306930695,Low
CUST01699,Routine_Commuter,86,34,0.3953488372093023,1729.38,20.109069767441863,61.2,True,45.942703488372096,Low
CUST01633,Convenience_First,75,36,0.48,2562.98,34.173066666666664,57.8,False,45.94250000000001,Low
CUST03939,Price_Sensitive,96,28,0.2916666666666667,2596.14,27.043125,66.6,False,45.94166666666667,Low
CUST06011,Convenience_First,82,32,0.3902439024390244,2904.49,35.42060975609756,63.6,True,45.94100609756097,Low
CUST07472,Price_Sensitive,92,30,0.3260869565217391,1904.81,20.70445652173913,65.2,True,45.939728260869565,Low
CUST06161,Convenience_First,92,32,0.3478260869565217,2000.28,21.742173913043477,63.0,True,45.929293478260874,Low
CUST01790,Price_Sensitive,88,32,0.3636363636363636,2336.59,26.552159090909093,63.3,True,45.92545454545455,Low
CUST00334,Price_Sensitive,98,24,0.2448979591836734,1613.35,16.462755102040816,70.2,False,45.91466836734694,Low
CUST07929,Convenience_First,89,32,0.3595505617977528,1824.22,20.49685393258427,63.2,True,45.91452247191011,Low
CUST02264,Convenience_First,89,32,0.3595505617977528,1969.92,22.133932584269665,63.2,True,45.91452247191011,Low
CUST02839,Convenience_First,95,30,0.3157894736842105,2136.3,22.487368421052633,64.6,True,45.914078947368424,Low
CUST01517,Routine_Commuter,87,29,0.3333333333333333,2162.86,24.860459770114943,66.8,True,45.91208333333333,Low
CUST07182,Routine_Commuter,95,28,0.2947368421052631,2728.58,28.721894736842103,66.7,False,45.91197368421053,Low
CUST07675,Routine_Commuter,95,28,0.2947368421052631,2577.75,27.13421052631579,66.7,False,45.91197368421053,Low
CUST02194,Routine_Commuter,94,26,0.2765957446808511,2149.67,22.868829787234045,69.0,False,45.911329787234045,Low
CUST02243,Price_Sensitive,94,29,0.3085106382978723,2531.77,26.93372340425532,65.8,True,45.9079255319149,Low
CUST07635,Price_Sensitive,90,33,0.3666666666666666,1717.99,19.08877777777778,62.0,True,45.906666666666666,Low
CUST04631,Routine_Commuter,98,23,0.2346938775510204,1496.96,15.275102040816328,71.2,False,45.90650510204082,Low
CUST05444,Price_Sensitive,91,30,0.3296703296703296,2495.44,27.422417582417584,65.2,True,45.90431318681319,Low
CUST02012,Convenience_First,91,32,0.3516483516483517,3694.48,40.59868131868132,63.0,True,45.90343406593407,Low
CUST00841,Convenience_First,90,32,0.3555555555555555,2400.68,26.67422222222222,63.1,True,45.90222222222222,Low
CUST07063,Convenience_First,93,29,0.3118279569892473,1782.93,19.17129032258065,66.0,True,45.8993682795699,Low
CUST01771,Price_Sensitive,93,29,0.3118279569892473,2909.97,31.29,66.0,True,45.8993682795699,Low
CUST05973,Convenience_First,90,31,0.3444444444444444,2230.04,24.778222222222222,64.2,True,45.897777777777776,Low
CUST02910,Convenience_First,90,30,0.3333333333333333,2304.28,25.60311111111111,65.3,True,45.89333333333333,Low
CUST00992,Routine_Commuter,105,20,0.1904761904761904,1987.1,18.924761904761905,72.3,False,45.89154761904762,Low
CUST05519,Convenience_First,98,26,0.2653061224489796,2748.34,28.044285714285717,68.1,False,45.89099489795918,Low
CUST03787,Price_Sensitive,95,27,0.2842105263157894,2696.79,28.387263157894736,67.7,False,45.89092105263158,Low
CUST03901,Routine_Commuter,97,27,0.2783505154639175,2307.49,23.788556701030927,67.3,False,45.88902061855671,Low
CUST05503,Routine_Commuter,97,27,0.2783505154639175,2232.83,23.01886597938144,67.3,False,45.88902061855671,Low
CUST00294,Price_Sensitive,100,27,0.27,1916.39,19.1639,66.7,False,45.88125000000001,Low
CUST03543,Routine_Commuter,86,33,0.3837209302325581,1639.19,19.060348837209304,62.2,True,45.87758720930233,Low
CUST00716,Convenience_First,98,29,0.2959183673469387,3115.75,31.793367346938776,65.0,False,45.875484693877546,Low
CUST05020,Convenience_First,87,33,0.3793103448275862,2421.65,27.83505747126437,62.1,True,45.87116379310345,Low
CUST01711,Routine_Commuter,95,26,0.2736842105263158,1497.79,15.766210526315788,68.7,False,45.86986842105264,Low
CUST02059,Routine_Commuter,99,20,0.202020202020202,2496.17,25.213838383838382,73.9,False,45.86955808080809,Low
CUST03973,Convenience_First,94,29,0.3085106382978723,3054.9,32.498936170212765,65.7,True,45.86792553191489,Low
CUST07159,Price_Sensitive,95,24,0.2526315789473684,1759.97,18.526,70.8,False,45.867763157894736,Low
CUST04113,Convenience_First,91,30,0.3296703296703296,2561.71,28.15065934065934,65.1,True,45.86431318681319,Low
CUST01718,Routine_Commuter,91,33,0.3626373626373626,2300.65,25.281868131868137,61.8,True,45.862994505494505,Low
CUST02793,Convenience_First,96,30,0.3125,3070.75,31.986979166666668,64.3,True,45.855,Low
CUST02721,Convenience_First,92,31,0.3369565217391304,2107.06,22.90282608695652,63.9,True,45.854510869565225,Low
CUST00199,Routine_Commuter,99,26,0.2626262626262626,1727.3,17.447474747474747,67.8,False,45.853800505050515,Low
CUST06043,Routine_Commuter,87,32,0.367816091954023,1587.15,18.243103448275864,63.2,True,45.85139367816092,Low
CUST04782,Price_Sensitive,85,29,0.3411764705882353,1690.47,19.887882352941176,66.9,True,45.85080882352942,Low
CUST02859,Convenience_First,94,33,0.351063829787234,2112.55,22.473936170212767,61.4,True,45.850053191489366,Low
CUST04518,Price_Sensitive,90,29,0.3222222222222222,2094.57,23.273000000000003,66.3,True,45.848888888888894,Low
CUST07877,Routine_Commuter,88,29,0.3295454545454545,2674.4,30.39090909090909,66.5,True,45.841818181818184,Low
CUST00778,Convenience_First,93,31,0.3333333333333333,2307.31,24.80978494623656,63.7,True,45.83958333333334,Low
CUST00857,Price_Sensitive,89,28,0.3146067415730337,3231.67,36.310898876404494,67.5,True,45.83676966292135,Low
CUST02248,Price_Sensitive,87,29,0.3333333333333333,2411.72,27.72091954022988,66.6,True,45.83208333333333,Low
CUST01524,Price_Sensitive,87,29,0.3333333333333333,2142.5,24.626436781609197,66.6,True,45.83208333333333,Low
CUST07969,Price_Sensitive,95,28,0.2947368421052631,2796.01,29.431684210526313,66.5,False,45.83197368421053,Low
CUST00359,Routine_Commuter,87,33,0.3793103448275862,2507.56,28.822528735632183,62.0,True,45.83116379310345,Low
CUST06569,Convenience_First,87,35,0.4022988505747126,2398.62,27.570344827586204,59.7,False,45.830704022988506,Low
CUST07484,Price_Sensitive,92,28,0.3043478260869565,1779.31,19.34032608695652,67.1,True,45.830163043478265,Low
CUST06883,Price_Sensitive,91,30,0.3296703296703296,1576.76,17.327032967032967,65.0,True,45.824313186813185,Low
CUST01980,Routine_Commuter,91,33,0.3626373626373626,1933.74,21.24989010989011,61.7,True,45.82299450549451,Low
CUST06787,Price_Sensitive,92,30,0.3260869565217391,1937.65,21.06141304347826,64.9,True,45.819728260869574,Low
CUST05524,Convenience_First,93,29,0.3118279569892473,2944.25,31.658602150537636,65.8,True,45.8193682795699,Low
CUST07511,Routine_Commuter,95,31,0.3263157894736842,2478.78,26.092421052631583,63.3,True,45.81513157894737,Low
CUST07126,Convenience_First,92,31,0.3369565217391304,2070.44,22.504782608695653,63.8,True,45.81451086956522,Low
CUST04865,Price_Sensitive,93,27,0.2903225806451613,1952.01,20.989354838709676,67.9,False,45.799153225806464,Low
CUST06858,Convenience_First,94,31,0.3297872340425531,2640.39,28.089255319148936,63.4,True,45.79898936170213,Low
CUST07883,Price_Sensitive,87,25,0.2873563218390804,1184.26,13.612183908045976,71.1,False,45.79300287356321,Low
CUST01071,Price_Sensitive,79,35,0.4430379746835443,1931.37,24.44772151898734,59.4,False,45.79276898734177,Low
CUST02214,Routine_Commuter,102,23,0.2254901960784313,4909.2300000000005,48.129705882352944,70.0,False,45.79210784313725,Low
CUST05362,Price_Sensitive,93,28,0.3010752688172043,1859.58,19.995483870967742,66.8,True,45.78926075268818,Low
CUST02041,Convenience_First,81,30,0.3703703703703703,2649.75,32.71296296296296,65.7,True,45.78856481481481,Low
CUST07693,Price_Sensitive,91,24,0.2637362637362637,2595.76,28.524835164835167,71.5,False,45.78695054945055,Low
CUST06275,Price_Sensitive,91,29,0.3186813186813186,1616.76,17.766593406593408,66.0,True,45.78475274725275,Low
CUST04286,Price_Sensitive,91,32,0.3516483516483517,918.16,10.08967032967033,62.7,True,45.783434065934074,Low
CUST05277,Convenience_First,87,28,0.3218390804597701,2320.66,26.674252873563216,67.6,True,45.772313218390806,Low
CUST02322,Convenience_First,99,25,0.2525252525252525,2423.94,24.484242424242424,68.6,False,45.76976010101011,Low
CUST05376,Price_Sensitive,94,28,0.2978723404255319,1967.34,20.92914893617021,66.5,False,45.76239361702128,Low
CUST06338,Routine_Commuter,86,30,0.3488372093023256,2377.18,27.64162790697674,65.4,True,45.76223837209303,Low
CUST00187,Routine_Commuter,89,28,0.3146067415730337,1363.99,15.325730337078651,67.3,True,45.75676966292135,Low
CUST06708,Convenience_First,89,28,0.3146067415730337,3339.4,37.52134831460674,67.3,True,45.75676966292135,Low
CUST04025,Price_Sensitive,93,24,0.2580645161290322,2062.03,22.172365591397853,71.0,False,45.74883064516129,Low
CUST01394,Convenience_First,101,28,0.2772277227722772,1855.62,18.37247524752475,65.2,False,45.74785891089109,Low
CUST01456,Price_Sensitive,91,24,0.2637362637362637,1770.15,19.4521978021978,71.4,False,45.74695054945055,Low
CUST02779,Routine_Commuter,91,27,0.2967032967032967,2046.65,22.49065934065934,68.1,False,45.745631868131866,Low
CUST03800,Convenience_First,91,32,0.3516483516483517,1697.09,18.64934065934066,62.6,True,45.743434065934075,Low
CUST05748,Convenience_First,85,32,0.3764705882352941,2362.16,27.79011764705882,63.1,True,45.74257352941177,Low
CUST05798,Routine_Commuter,93,29,0.3118279569892473,1295.75,13.932795698924732,65.6,True,45.73936827956989,Low
CUST05392,Routine_Commuter,94,27,0.2872340425531915,1843.78,19.61468085106383,67.5,False,45.73686170212766,Low
CUST02030,Price_Sensitive,95,27,0.2842105263157894,1787.23,18.812947368421053,67.3,False,45.73092105263158,Low
CUST03367,Price_Sensitive,101,23,0.2277227722772277,1926.2,19.07128712871287,70.1,False,45.72766089108911,Low
CUST01467,Routine_Commuter,101,25,0.2475247524752475,1434.43,14.202277227722773,68.1,False,45.7197400990099,Low
CUST02642,Price_Sensitive,93,27,0.2903225806451613,1927.41,20.72483870967742,67.7,False,45.71915322580645,Low
CUST01685,Convenience_First,94,31,0.3297872340425531,2682.87,28.541170212765955,63.2,True,45.71898936170213,Low
CUST04263,Convenience_First,87,29,0.3333333333333333,2172.19,24.967701149425288,66.3,True,45.71208333333333,Low
CUST07018,Routine_Commuter,95,28,0.2947368421052631,1532.48,16.13136842105263,66.2,False,45.71197368421053,Low
CUST01541,Routine_Commuter,94,26,0.2765957446808511,2296.99,24.436063829787237,68.5,False,45.71132978723405,Low
CUST02537,Price_Sensitive,90,33,0.3666666666666666,2132.45,23.693888888888885,61.5,True,45.70666666666666,Low
CUST07897,Convenience_First,85,32,0.3764705882352941,1584.23,18.638,63.0,True,45.70257352941177,Low
CUST06977,Routine_Commuter,92,30,0.3260869565217391,2427.69,26.387934782608696,64.6,True,45.69972826086957,Low
CUST05931,Convenience_First,99,27,0.2727272727272727,2662.18,26.89070707070707,66.4,False,45.697840909090914,Low
CUST02218,Price_Sensitive,94,27,0.2872340425531915,1949.39,20.738191489361704,67.4,False,45.69686170212767,Low
CUST07779,Price_Sensitive,89,30,0.3370786516853932,2098.08,23.573932584269663,64.9,True,45.69564606741573,Low
CUST03867,Convenience_First,86,32,0.3720930232558139,2914.24,33.88651162790698,62.9,True,45.69247093023255,Low
CUST03592,Price_Sensitive,96,20,0.2083333333333333,2007.6,20.9125,74.3,False,45.688333333333325,Low
CUST02692,Price_Sensitive,89,29,0.3258426966292135,2464.33,27.689101123595503,66.0,True,45.68620786516854,Low
CUST04197,Price_Sensitive,88,32,0.3636363636363636,2406.94,27.35159090909091,62.7,True,45.68545454545455,Low
CUST04922,Price_Sensitive,88,29,0.3295454545454545,1731.02,19.67068181818182,66.1,True,45.68181818181818,Low
CUST05014,Routine_Commuter,93,27,0.2903225806451613,2692.65,28.953225806451613,67.6,False,45.67915322580646,Low
CUST03793,Routine_Commuter,84,30,0.3571428571428571,2506.07,29.83416666666667,65.3,True,45.67196428571428,Low
CUST05551,Routine_Commuter,87,31,0.3563218390804598,2084.41,23.958735632183902,63.9,True,45.6716235632184,Low
CUST00547,Price_Sensitive,93,28,0.3010752688172043,2536.32,27.27225806451613,66.5,True,45.669260752688174,Low
CUST00715,Price_Sensitive,107,20,0.1869158878504672,2002.18,18.71196261682243,71.1,False,45.66538551401869,Low
CUST05510,Convenience_First,91,28,0.3076923076923077,2167.86,23.82263736263737,66.8,True,45.66519230769231,Low
CUST01138,Convenience_First,91,31,0.3406593406593406,1421.49,15.62076923076923,63.5,True,45.66387362637363,Low
CUST05886,Price_Sensitive,90,31,0.3444444444444444,1652.85,18.365,63.6,True,45.65777777777778,Low
CUST05764,Convenience_First,89,30,0.3370786516853932,2095.72,23.547415730337075,64.8,True,45.65564606741573,Low
CUST06795,Convenience_First,95,27,0.2842105263157894,2532.5,26.657894736842103,67.1,False,45.65092105263158,Low
CUST04588,Convenience_First,93,26,0.2795698924731182,2058.54,22.134838709677418,68.6,False,45.64904569892472,Low
CUST02673,Price_Sensitive,90,28,0.3111111111111111,1795.69,19.952111111111112,66.9,True,45.644444444444446,Low
CUST01298,Routine_Commuter,94,28,0.2978723404255319,2792.86,29.71127659574468,66.2,False,45.642393617021284,Low
CUST03436,Price_Sensitive,93,27,0.2903225806451613,2082.28,22.39010752688172,67.5,False,45.63915322580645,Low
CUST00527,Price_Sensitive,93,23,0.2473118279569892,1893.49,20.36010752688172,71.8,False,45.63872311827957,Low
CUST00532,Routine_Commuter,103,21,0.203883495145631,1794.68,17.424077669902914,71.3,False,45.63783980582524,Low
CUST06554,Convenience_First,92,27,0.2934782608695652,3169.18,34.44760869565217,67.7,False,45.63538043478261,Low
CUST00444,Routine_Commuter,97,29,0.2989690721649484,2803.7,28.904123711340205,64.6,False,45.633762886597935,Low
CUST06144,Convenience_First,101,27,0.2673267326732673,2517.58,24.926534653465342,65.9,False,45.631819306930694,Low
CUST04924,Convenience_First,88,31,0.3522727272727273,2028.82,23.054772727272727,63.7,True,45.6309090909091,Low
CUST01684,Price_Sensitive,91,23,0.2527472527472527,3258.53,35.80802197802198,72.2,False,45.627390109890115,Low
CUST01894,Convenience_First,91,24,0.2637362637362637,2832.44,31.125714285714285,71.1,False,45.62695054945055,Low
CUST00394,Convenience_First,91,33,0.3626373626373626,2892.68,31.787692307692307,61.2,True,45.62299450549451,Low
CUST01084,Price_Sensitive,96,28,0.2916666666666667,2091.32,21.784583333333337,65.8,False,45.62166666666666,Low
CUST04584,Convenience_First,96,23,0.2395833333333333,1722.53,17.943020833333332,71.0,False,45.61833333333333,Low
CUST05290,Price_Sensitive,87,28,0.3218390804597701,1050.09,12.07,67.2,True,45.61231321839081,Low
CUST07366,Convenience_First,87,28,0.3218390804597701,1802.57,20.71919540229885,67.2,True,45.61231321839081,Low
CUST05535,Routine_Commuter,95,27,0.2842105263157894,2395.67,25.217578947368423,67.0,False,45.61092105263158,Low
CUST06736,Routine_Commuter,89,29,0.3258426966292135,2692.74,30.255505617977526,65.8,True,45.60620786516854,Low
CUST07127,Price_Sensitive,84,27,0.3214285714285714,2289.08,27.25095238095238,68.7,True,45.60339285714286,Low
CUST02130,Price_Sensitive,85,30,0.3529411764705882,2236.02,26.306117647058823,65.1,True,45.60139705882353,Low
CUST03576,Price_Sensitive,90,27,0.3,2136.12,23.734666666666666,67.9,True,45.60000000000001,Low
CUST05418,Routine_Commuter,92,27,0.2934782608695652,1522.36,16.547391304347826,67.6,False,45.59538043478261,Low
CUST05877,Price_Sensitive,87,29,0.3333333333333333,2684.99,30.861954022988503,66.0,True,45.592083333333335,Low
CUST02955,Price_Sensitive,90,25,0.2777777777777778,2792.54,31.028222222222222,70.1,False,45.59111111111112,Low
CUST01628,Routine_Commuter,88,31,0.3522727272727273,2670.46,30.346136363636365,63.6,True,45.59090909090909,Low
CUST02207,Price_Sensitive,95,24,0.2526315789473684,1239.27,13.044947368421052,70.1,False,45.587763157894734,Low
CUST01836,Price_Sensitive,91,27,0.2967032967032967,2275.6,25.006593406593407,67.7,False,45.58563186813187,Low
CUST04844,Price_Sensitive,91,28,0.3076923076923077,1738.92,19.10901098901099,66.6,True,45.58519230769231,Low
CUST02447,Price_Sensitive,97,25,0.2577319587628865,2490.24,25.672577319587628,68.6,False,45.58427835051546,Low
CUST01814,Routine_Commuter,96,28,0.2916666666666667,2457.83,25.602395833333333,65.7,False,45.58166666666667,Low
CUST07661,Routine_Commuter,102,25,0.2450980392156862,2891.17,28.344803921568623,67.5,False,45.57642156862745,Low
CUST06343,Convenience_First,81,32,0.3950617283950617,2047.81,25.28160493827161,62.7,True,45.57621913580247,Low
CUST06278,Convenience_First,86,32,0.3720930232558139,2820.87,32.80081395348837,62.6,True,45.57247093023256,Low
CUST01404,Price_Sensitive,82,30,0.3658536585365853,2203.28,26.86926829268293,65.1,True,45.56539634146341,Low
CUST01641,Routine_Commuter,88,29,0.3295454545454545,2031.88,23.089545454545455,65.8,True,45.56181818181818,Low
CUST02535,Price_Sensitive,88,26,0.2954545454545454,2810.18,31.933863636363636,69.2,False,45.55818181818182,Low
CUST04394,Convenience_First,82,34,0.4146341463414634,2504.61,30.544024390243905,60.2,True,45.55661585365854,Low
CUST05258,Routine_Commuter,87,31,0.3563218390804598,3256.02,37.42551724137931,63.6,True,45.5516235632184,Low
CUST04134,Price_Sensitive,88,31,0.3522727272727273,1707.89,19.40784090909091,63.5,True,45.550909090909094,Low
CUST04993,Convenience_First,92,28,0.3043478260869565,2733.92,29.716521739130435,66.4,True,45.550163043478264,Low
CUST01277,Price_Sensitive,85,27,0.3176470588235294,2889.65,33.99588235294118,68.5,True,45.54963235294118,Low
CUST05847,Convenience_First,88,28,0.3181818181818182,1448.63,16.46170454545455,66.9,True,45.547272727272734,Low
CUST06505,Routine_Commuter,91,27,0.2967032967032967,2830.22,31.10131868131868,67.6,False,45.54563186813187,Low
CUST00182,Price_Sensitive,91,32,0.3516483516483517,1719.38,18.89428571428571,62.1,True,45.54343406593407,Low
CUST07270,Price_Sensitive,85,32,0.3764705882352941,1999.8,23.527058823529412,62.6,True,45.54257352941177,Low
CUST01217,Price_Sensitive,93,25,0.2688172043010752,1986.63,21.361612903225804,69.4,False,45.53893817204302,Low
CUST05909,Routine_Commuter,89,30,0.3370786516853932,2667.7,29.974157303370784,64.5,True,45.535646067415726,Low
CUST00546,Price_Sensitive,87,28,0.3218390804597701,1757.18,20.197471264367817,67.0,True,45.53231321839081,Low
CUST06757,Routine_Commuter,97,24,0.2474226804123711,2362.27,24.353298969072164,69.5,False,45.531907216494844,Low
CUST06248,Price_Sensitive,98,26,0.2653061224489796,2029.87,20.71295918367347,67.2,False,45.53099489795919,Low
CUST04458,Price_Sensitive,90,28,0.3111111111111111,2295.13,25.501444444444445,66.6,True,45.52444444444444,Low
CUST02093,Routine_Commuter,81,34,0.419753086419753,1444.86,17.837777777777777,60.1,True,45.52387345679013,Low
CUST00307,Routine_Commuter,100,23,0.23,1844.57,18.4457,69.8,False,45.52125000000001,Low
CUST01183,Price_Sensitive,89,24,0.2696629213483146,1767.44,19.85887640449438,71.2,False,45.519016853932584,Low
CUST03604,Price_Sensitive,86,33,0.3837209302325581,1244.38,14.469534883720932,61.3,True,45.51758720930233,Low
CUST05269,Routine_Commuter,89,32,0.3595505617977528,1755.89,19.729101123595505,62.2,True,45.51452247191011,Low
CUST06455,Price_Sensitive,87,33,0.3793103448275862,2704.32,31.084137931034483,61.2,True,45.51116379310345,Low
CUST06836,Price_Sensitive,92,28,0.3043478260869565,1714.21,18.632717391304347,66.3,True,45.510163043478265,Low
CUST03770,Convenience_First,83,33,0.3975903614457831,1474.8,17.76867469879518,61.3,True,45.50736445783132,Low
CUST07631,Routine_Commuter,91,30,0.3296703296703296,3099.83,34.06406593406593,64.2,True,45.50431318681319,Low
CUST04706,Convenience_First,84,33,0.3928571428571428,3847.73,45.80630952380952,61.3,True,45.50053571428571,Low
CUST01272,Routine_Commuter,90,31,0.3444444444444444,1458.28,16.20311111111111,63.2,True,45.49777777777777,Low
CUST01515,Routine_Commuter,94,25,0.2659574468085106,3072.24,32.68340425531915,69.0,False,45.48579787234043,Low
CUST00743,Routine_Commuter,92,26,0.2826086956521739,1643.41,17.863152173913043,68.4,False,45.480597826086964,Low
CUST01153,Routine_Commuter,93,27,0.2903225806451613,1647.03,17.71,67.1,False,45.479153225806456,Low
CUST04605,Convenience_First,86,28,0.3255813953488372,3490.0,40.58139534883721,67.0,True,45.47200581395349,Low
CUST04854,Price_Sensitive,90,25,0.2777777777777778,1538.98,17.099777777777778,69.8,False,45.471111111111114,Low
CUST04412,Price_Sensitive,88,28,0.3181818181818182,1784.04,20.27318181818182,66.7,True,45.46727272727273,Low
CUST01708,Price_Sensitive,91,26,0.2857142857142857,1863.99,20.483406593406592,68.5,False,45.46607142857143,Low
CUST00814,Price_Sensitive,91,28,0.3076923076923077,1420.8,15.613186813186813,66.3,True,45.46519230769231,Low
CUST07156,Convenience_First,92,29,0.3152173913043478,2867.99,31.17380434782609,65.1,True,45.46494565217392,Low
CUST03028,Routine_Commuter,88,36,0.4090909090909091,1671.02,18.988863636363636,57.6,False,45.46363636363637,Low
CUST01731,Price_Sensitive,93,25,0.2688172043010752,2198.06,23.635053763440855,69.2,False,45.45893817204302,Low
CUST06673,Price_Sensitive,89,26,0.2921348314606741,2329.31,26.17202247191011,68.8,False,45.457893258426964,Low
CUST07625,Routine_Commuter,89,26,0.2921348314606741,2294.23,25.777865168539325,68.8,False,45.457893258426964,Low
CUST07991,Convenience_First,95,29,0.3052631578947368,1968.78,20.724,64.5,True,45.45302631578948,Low
CUST06514,Routine_Commuter,95,27,0.2842105263157894,2139.12,22.517052631578945,66.6,False,45.45092105263158,Low
CUST04873,Convenience_First,75,35,0.4666666666666667,1760.26,23.470133333333333,57.9,False,45.44916666666667,Low
CUST04653,Price_Sensitive,89,29,0.3258426966292135,1760.81,19.78438202247191,65.4,True,45.446207865168546,Low
CUST02241,Price_Sensitive,94,28,0.2978723404255319,2322.4,24.706382978723404,65.7,False,45.44239361702128,Low
CUST04422,Price_Sensitive,85,30,0.3529411764705882,1680.25,19.76764705882353,64.7,True,45.44139705882353,Low
CUST03027,Convenience_First,86,33,0.3837209302325581,2260.93,26.28988372093023,61.1,True,45.43758720930233,Low
CUST02612,Routine_Commuter,96,24,0.25,3222.84,33.57125,69.5,False,45.434999999999995,Low
CUST02464,Price_Sensitive,79,29,0.3670886075949367,1453.42,18.397721518987343,66.1,True,45.43479430379747,Low
CUST04659,Price_Sensitive,87,29,0.3333333333333333,1788.4,20.55632183908046,65.6,True,45.43208333333333,Low
CUST06005,Price_Sensitive,86,28,0.3255813953488372,2372.74,27.589999999999996,66.9,True,45.43200581395349,Low
CUST03733,Routine_Commuter,93,24,0.2580645161290322,3088.85,33.21344086021505,70.2,False,45.4288306451613,Low
CUST07171,Convenience_First,89,27,0.3033707865168539,2165.23,24.328426966292135,67.6,True,45.427331460674154,Low
CUST02213,Convenience_First,88,28,0.3181818181818182,2492.64,28.325454545454544,66.6,True,45.42727272727273,Low
CUST05527,Routine_Commuter,85,32,0.3764705882352941,1888.94,22.22282352941177,62.3,True,45.42257352941177,Low
CUST05815,Routine_Commuter,88,30,0.3409090909090909,3003.16,34.12681818181818,64.3,True,45.416363636363634,Low
CUST06721,Price_Sensitive,88,27,0.3068181818181818,1917.74,21.7925,67.7,True,45.41272727272728,Low
CUST01979,Convenience_First,86,32,0.3720930232558139,1796.76,20.892558139534884,62.2,True,45.41247093023256,Low
CUST04387,Convenience_First,89,29,0.3258426966292135,2519.64,28.310561797752808,65.3,True,45.40620786516854,Low
CUST03762,Price_Sensitive,81,34,0.419753086419753,1294.76,15.98469135802469,59.8,False,45.40387345679013,Low
CUST04951,Convenience_First,96,22,0.2291666666666666,2324.76,24.21625,71.5,False,45.401666666666664,Low
CUST01798,Convenience_First,93,27,0.2903225806451613,2535.11,27.25924731182796,66.9,False,45.39915322580646,Low
CUST07053,Price_Sensitive,89,24,0.2696629213483146,1645.17,18.48505617977528,70.9,False,45.39901685393259,Low
CUST05137,Price_Sensitive,88,26,0.2954545454545454,1940.04,22.045909090909092,68.8,False,45.39818181818182,Low
CUST02841,Routine_Commuter,89,28,0.3146067415730337,1897.87,21.32438202247191,66.4,True,45.39676966292135,Low
CUST00877,Routine_Commuter,94,23,0.2446808510638297,2676.16,28.469787234042553,70.9,False,45.394734042553196,Low
CUST04210,Routine_Commuter,87,27,0.3103448275862069,2461.26,28.29034482758621,67.8,True,45.392543103448276,Low
CUST07327,Price_Sensitive,87,31,0.3563218390804598,1766.12,20.300229885057473,63.2,True,45.391623563218396,Low
CUST07927,Routine_Commuter,86,31,0.3604651162790697,1933.28,22.48,63.3,True,45.38735465116279,Low
CUST01931,Price_Sensitive,88,28,0.3181818181818182,1148.29,13.04875,66.5,True,45.38727272727273,Low
CUST06122,Convenience_First,91,27,0.2967032967032967,1730.52,19.016703296703295,67.2,False,45.385631868131874,Low
CUST06006,Convenience_First,83,30,0.3614457831325301,2237.08,26.95277108433735,64.6,True,45.381581325301205,Low
CUST05357,Convenience_First,94,24,0.2553191489361702,2917.48,31.037021276595745,69.8,False,45.38026595744681,Low
CUST04229,Price_Sensitive,93,25,0.2688172043010752,1511.16,16.249032258064517,69.0,False,45.37893817204301,Low
CUST05083,Routine_Commuter,92,24,0.2608695652173913,2263.03,24.598152173913046,70.3,False,45.37103260869566,Low
CUST04998,Convenience_First,89,25,0.2808988764044944,3238.49,36.38752808988764,69.7,False,45.368455056179776,Low
CUST02954,Convenience_First,88,29,0.3295454545454545,1262.88,14.350909090909092,65.3,True,45.36181818181818,Low
CUST06929,Price_Sensitive,85,30,0.3529411764705882,1893.77,22.279647058823528,64.5,True,45.361397058823535,Low
CUST06520,Convenience_First,84,28,0.3333333333333333,2850.55,33.93511904761905,66.9,True,45.35958333333333,Low
CUST01625,Price_Sensitive,92,27,0.2934782608695652,2598.5,28.244565217391305,67.0,False,45.35538043478261,Low
CUST04076,Routine_Commuter,89,32,0.3595505617977528,2231.51,25.07314606741573,61.8,True,45.35452247191011,Low
CUST05531,Convenience_First,91,24,0.2637362637362637,1838.84,20.20703296703297,70.4,False,45.346950549450554,Low
CUST01230,Price_Sensitive,91,25,0.2747252747252747,2185.64,24.018021978021977,69.3,False,45.346510989010994,Low
CUST07450,Convenience_First,91,27,0.2967032967032967,2716.43,29.850879120879117,67.1,False,45.345631868131875,Low
CUST04756,Routine_Commuter,83,32,0.3855421686746988,1903.51,22.933855421686747,62.1,True,45.34543674698796,Low
CUST03429,Routine_Commuter,92,29,0.3152173913043478,1902.44,20.67869565217391,64.8,True,45.34494565217392,Low
CUST04470,Routine_Commuter,84,32,0.3809523809523809,2220.97,26.44011904761905,62.1,True,45.34434523809524,Low
CUST01805,Routine_Commuter,83,31,0.3734939759036144,1882.72,22.683373493975903,63.3,True,45.34350903614458,Low
CUST03222,Convenience_First,83,30,0.3614457831325301,1625.51,19.584457831325302,64.5,True,45.34158132530121,Low
CUST05844,Routine_Commuter,94,24,0.2553191489361702,2671.17,28.416702127659576,69.7,False,45.34026595744682,Low
CUST02999,Routine_Commuter,88,33,0.375,2453.2,27.877272727272725,60.7,True,45.34,Low
CUST00185,Price_Sensitive,96,23,0.2395833333333333,1767.33,18.4096875,70.3,False,45.33833333333333,Low
CUST03475,Convenience_First,87,28,0.3218390804597701,2905.12,33.39218390804598,66.5,True,45.33231321839081,Low
CUST01372,Convenience_First,87,30,0.3448275862068966,2271.4,26.108045977011496,64.2,True,45.331853448275865,Low
CUST03336,Price_Sensitive,93,26,0.2795698924731182,2259.27,24.293225806451613,67.8,False,45.32904569892473,Low
CUST07660,Convenience_First,90,29,0.3222222222222222,3024.24,33.60266666666667,65.0,True,45.32888888888888,Low
CUST00471,Routine_Commuter,86,27,0.313953488372093,1546.21,17.97918604651163,67.8,True,45.326889534883726,Low
CUST07845,Convenience_First,88,26,0.2954545454545454,2066.24,23.479999999999997,68.6,False,45.31818181818181,Low
CUST06370,Price_Sensitive,96,24,0.25,1520.61,15.839687499999998,69.2,False,45.315000000000005,Low
CUST06597,Routine_Commuter,93,24,0.2580645161290322,2437.39,26.208494623655913,69.9,False,45.308830645161294,Low
CUST07772,Price_Sensitive,88,28,0.3181818181818182,1765.49,20.062386363636364,66.3,True,45.30727272727273,Low
CUST00738,Convenience_First,83,31,0.3734939759036144,1645.89,19.83,63.2,True,45.30350903614458,Low
CUST02360,Convenience_First,85,32,0.3764705882352941,2393.05,28.15352941176471,62.0,True,45.30257352941177,Low
CUST01662,Price_Sensitive,92,30,0.3260869565217391,2191.08,23.816086956521737,63.6,True,45.299728260869564,Low
CUST02295,Convenience_First,90,29,0.3222222222222222,2345.38,26.05977777777778,64.9,True,45.28888888888889,Low
CUST02306,Price_Sensitive,92,26,0.2826086956521739,1834.66,19.941956521739133,67.9,False,45.28059782608697,Low
CUST02781,Routine_Commuter,88,26,0.2954545454545454,2232.22,25.36613636363636,68.5,False,45.27818181818182,Low
CUST02972,Price_Sensitive,80,31,0.3875,1574.18,19.67725,63.2,True,45.27375,Low
CUST05722,Convenience_First,95,28,0.2947368421052631,2800.4,29.477894736842103,65.1,False,45.27197368421053,Low
CUST04714,Convenience_First,84,30,0.3571428571428571,1188.96,14.154285714285717,64.3,True,45.27196428571428,Low
CUST02120,Price_Sensitive,90,25,0.2777777777777778,1692.16,18.80177777777778,69.3,False,45.27111111111111,Low
CUST00445,Price_Sensitive,90,24,0.2666666666666666,1596.51,17.739,70.4,False,45.266666666666666,Low
CUST07685,Routine_Commuter,91,28,0.3076923076923077,1429.8,15.712087912087911,65.8,True,45.26519230769231,Low
CUST00809,Convenience_First,91,29,0.3186813186813186,2495.85,27.426923076923075,64.7,True,45.26475274725275,Low
CUST07804,Routine_Commuter,83,31,0.3734939759036144,2052.3,24.726506024096388,63.1,True,45.26350903614458,Low
CUST04580,Price_Sensitive,98,22,0.2244897959183673,1520.01,15.51030612244898,70.6,False,45.258341836734694,Low
CUST06183,Price_Sensitive,96,23,0.2395833333333333,3018.86,31.446458333333336,70.1,False,45.25833333333333,Low
CUST07943,Price_Sensitive,88,30,0.3409090909090909,2289.63,26.018522727272728,63.9,True,45.25636363636364,Low
CUST06628,Convenience_First,90,30,0.3333333333333333,1822.64,20.251555555555555,63.7,True,45.25333333333333,Low
CUST04567,Convenience_First,88,29,0.3295454545454545,2494.93,28.35147727272727,65.0,True,45.24181818181818,Low
CUST02997,Routine_Commuter,102,22,0.2156862745098039,2143.97,21.019313725490193,69.6,False,45.23995098039216,Low
CUST03074,Convenience_First,93,27,0.2903225806451613,1927.78,20.728817204301073,66.5,False,45.23915322580646,Low
CUST02271,Routine_Commuter,96,24,0.25,2216.21,23.085520833333337,69.0,False,45.235,Low
CUST01313,Price_Sensitive,87,29,0.3333333333333333,1691.72,19.445057471264366,65.1,True,45.232083333333335,Low
CUST01063,Convenience_First,86,28,0.3255813953488372,1643.47,19.110116279069768,66.4,True,45.232005813953485,Low
CUST03462,Price_Sensitive,95,24,0.2526315789473684,2266.96,23.862736842105264,69.2,False,45.22776315789474,Low
CUST07948,Price_Sensitive,89,27,0.3033707865168539,2389.34,26.846516853932584,67.1,True,45.22733146067415,Low
CUST05874,Price_Sensitive,82,31,0.3780487804878049,1363.19,16.624268292682927,63.0,True,45.2132012195122,Low
CUST03515,Price_Sensitive,88,27,0.3068181818181818,2918.98,33.170227272727274,67.2,True,45.21272727272728,Low
CUST03765,Convenience_First,78,36,0.4615384615384615,3099.75,39.74038461538461,56.5,False,45.20528846153846,Low
CUST05450,Price_Sensitive,90,28,0.3111111111111111,1796.84,19.964888888888886,65.8,True,45.20444444444445,Low
CUST04972,Convenience_First,92,26,0.2826086956521739,1950.53,21.20141304347826,67.7,False,45.20059782608696,Low
CUST03441,Routine_Commuter,93,27,0.2903225806451613,2757.9,29.65483870967742,66.4,False,45.199153225806455,Low
CUST04821,Routine_Commuter,92,27,0.2934782608695652,2350.55,25.54945652173913,66.6,False,45.195380434782614,Low
CUST06857,Convenience_First,87,31,0.3563218390804598,2607.65,29.97298850574713,62.7,True,45.1916235632184,Low
CUST03695,Routine_Commuter,91,26,0.2857142857142857,3700.73,40.66736263736264,67.8,False,45.18607142857143,Low
CUST02817,Convenience_First,91,28,0.3076923076923077,1805.46,19.84021978021978,65.6,True,45.18519230769231,Low
CUST05695,Price_Sensitive,93,21,0.2258064516129032,2645.71,28.448494623655915,72.8,False,45.17850806451614,Low
CUST00793,Price_Sensitive,96,23,0.2395833333333333,2145.8,22.352083333333336,69.9,False,45.178333333333335,Low
CUST02907,Routine_Commuter,80,32,0.4,3239.99,40.499875,61.7,True,45.173750000000005,Low
CUST02112,Price_Sensitive,88,27,0.3068181818181818,2403.27,27.30988636363636,67.1,True,45.17272727272727,Low
CUST04280,Routine_Commuter,88,27,0.3068181818181818,2307.28,26.219090909090912,67.1,True,45.17272727272727,Low
CUST07783,Convenience_First,88,27,0.3068181818181818,1746.33,19.84465909090909,67.1,True,45.17272727272727,Low
CUST07296,Convenience_First,90,29,0.3222222222222222,2424.38,26.937555555555555,64.6,True,45.16888888888889,Low
CUST07451,Convenience_First,86,27,0.313953488372093,1325.5,15.41279069767442,67.4,True,45.16688953488373,Low
CUST03809,Price_Sensitive,90,26,0.2888888888888888,1822.3,20.247777777777777,67.9,False,45.15555555555555,Low
CUST06185,Price_Sensitive,94,26,0.2765957446808511,3484.24,37.06638297872341,67.1,False,45.15132978723405,Low
CUST01329,Convenience_First,88,28,0.3181818181818182,1981.52,22.51727272727273,65.9,True,45.147272727272735,Low
CUST02983,Price_Sensitive,86,26,0.3023255813953488,1501.72,17.461860465116278,68.5,True,45.14177325581395,Low
CUST02992,Routine_Commuter,82,31,0.3780487804878049,2924.88,35.66926829268293,62.8,True,45.133201219512195,Low
CUST00486,Price_Sensitive,92,24,0.2608695652173913,2929.5,31.842391304347824,69.7,False,45.131032608695655,Low
CUST05841,Convenience_First,85,29,0.3411764705882353,2780.25,32.70882352941177,65.1,True,45.130808823529414,Low
CUST02428,Convenience_First,86,27,0.313953488372093,1777.69,20.670813953488373,67.3,True,45.12688953488372,Low
CUST07767,Convenience_First,93,27,0.2903225806451613,2436.15,26.19516129032258,66.2,False,45.11915322580646,Low
CUST02950,Price_Sensitive,89,24,0.2696629213483146,1766.63,19.84977528089888,70.2,False,45.119016853932585,Low
CUST06960,Price_Sensitive,90,26,0.2888888888888888,2861.41,31.793444444444443,67.8,False,45.11555555555556,Low
CUST05359,Routine_Commuter,99,21,0.2121212121212121,2161.61,21.834444444444447,71.0,False,45.113598484848495,Low
CUST00498,Routine_Commuter,87,27,0.3103448275862069,1921.62,22.08758620689655,67.1,True,45.112543103448274,Low
CUST00230,Price_Sensitive,93,24,0.2580645161290322,1965.19,21.13107526881721,69.4,False,45.10883064516129,Low
CUST00367,Routine_Commuter,91,25,0.2747252747252747,3390.3,37.25604395604396,68.7,False,45.106510989011,Low
CUST02021,Routine_Commuter,91,26,0.2857142857142857,1934.76,21.2610989010989,67.6,False,45.10607142857143,Low
CUST04890,Price_Sensitive,91,29,0.3186813186813186,1543.3,16.959340659340658,64.3,True,45.104752747252746,Low
CUST05949,Routine_Commuter,91,29,0.3186813186813186,2058.59,22.621868131868133,64.3,True,45.104752747252746,Low
CUST06357,Convenience_First,85,28,0.3294117647058823,1658.31,19.509529411764703,66.2,True,45.100220588235295,Low
CUST07542,Price_Sensitive,87,28,0.3218390804597701,2502.48,28.764137931034483,65.9,True,45.092313218390814,Low
CUST05039,Convenience_First,89,33,0.3707865168539326,2992.09,33.61898876404494,60.0,True,45.083960674157304,Low
CUST00279,Routine_Commuter,88,29,0.3295454545454545,1731.14,19.672045454545454,64.6,True,45.08181818181818,Low
CUST00387,Convenience_First,80,33,0.4125,1483.36,18.542,60.2,True,45.07375,Low
CUST01715,Convenience_First,85,31,0.3647058823529411,1825.1,21.47176470588235,62.6,True,45.071985294117646,Low
CUST04123,Price_Sensitive,86,31,0.3604651162790697,1924.28,22.3753488372093,62.5,True,45.06735465116279,Low
CUST02940,Price_Sensitive,91,24,0.2637362637362637,2228.94,24.493846153846153,69.7,False,45.06695054945055,Low
CUST03759,Price_Sensitive,91,27,0.2967032967032967,1967.73,21.623406593406592,66.4,False,45.065631868131874,Low
CUST07636,Convenience_First,91,28,0.3076923076923077,1958.4,21.520879120879123,65.3,True,45.065192307692314,Low
CUST02401,Price_Sensitive,94,24,0.2553191489361702,2530.15,26.91648936170213,69.0,False,45.060265957446816,Low
CUST03993,Price_Sensitive,81,32,0.3950617283950617,1356.5,16.746913580246915,61.4,True,45.05621913580247,Low
CUST01374,Price_Sensitive,87,26,0.2988505747126437,1699.66,19.53632183908046,68.1,False,45.05277298850575,Low
CUST07802,Price_Sensitive,95,25,0.2631578947368421,1898.75,19.98684210526316,67.7,False,45.048815789473686,Low
CUST05212,Price_Sensitive,93,22,0.2365591397849462,1299.09,13.968709677419351,71.4,False,45.04861559139785,Low
CUST04205,Routine_Commuter,85,25,0.2941176470588235,2236.21,26.30835294117647,69.6,False,45.04845588235294,Low
CUST01466,Routine_Commuter,92,25,0.2717391304347826,1690.17,18.371413043478263,68.4,False,45.045815217391315,Low
CUST07582,Convenience_First,88,32,0.3636363636363636,868.88,9.873636363636365,61.1,True,45.04545454545455,Low
CUST00904,Convenience_First,86,30,0.3488372093023256,2533.34,29.457441860465117,63.6,True,45.042238372093024,Low
CUST07851,Routine_Commuter,94,23,0.2446808510638297,2180.08,23.192340425531913,70.0,False,45.03473404255319,Low
CUST06661,Price_Sensitive,87,25,0.2873563218390804,2906.89,33.41252873563218,69.2,False,45.03300287356322,Low
CUST06305,Convenience_First,88,28,0.3181818181818182,2538.28,28.844090909090912,65.6,True,45.02727272727273,Low
CUST05895,Convenience_First,90,24,0.2666666666666666,2305.39,25.61544444444444,69.8,False,45.02666666666667,Low
CUST07329,Price_Sensitive,91,26,0.2857142857142857,2005.04,22.033406593406593,67.4,False,45.026071428571434,Low
CUST05464,Routine_Commuter,94,24,0.2553191489361702,2104.55,22.388829787234044,68.9,False,45.02026595744681,Low
CUST05545,Convenience_First,83,29,0.3493975903614458,1961.14,23.62819277108434,64.9,True,45.01965361445784,Low
CUST06565,Convenience_First,81,32,0.3950617283950617,3171.24,39.15111111111111,61.3,True,45.016219135802466,Low
CUST02309,Convenience_First,87,26,0.2988505747126437,2775.41,31.90126436781609,68.0,False,45.01277298850575,Low
CUST06531,Routine_Commuter,85,29,0.3411764705882353,1752.52,20.617882352941177,64.8,True,45.010808823529416,Low
CUST03694,Price_Sensitive,84,26,0.3095238095238095,2228.81,26.53345238095238,68.4,True,45.00720238095238,Low
CUST05280,Routine_Commuter,82,30,0.3658536585365853,2508.8,30.595121951219515,63.7,True,45.00539634146342,Low
CUST00631,Routine_Commuter,88,29,0.3295454545454545,2052.64,23.325454545454544,64.4,True,45.00181818181819,Low
CUST02658,Routine_Commuter,92,26,0.2826086956521739,1492.47,16.2225,67.2,False,45.00059782608697,Low
CUST04720,Routine_Commuter,90,26,0.2888888888888888,1627.1,18.078888888888887,67.5,False,44.995555555555555,Low
CUST06997,Convenience_First,90,26,0.2888888888888888,1757.77,19.53077777777778,67.5,False,44.995555555555555,Low
CUST01363,Price_Sensitive,80,29,0.3625,1645.33,20.566625,65.0,True,44.99375,Low
CUST03468,Convenience_First,85,27,0.3176470588235294,2353.66,27.690117647058823,67.1,True,44.98963235294118,Low
CUST07597,Convenience_First,84,31,0.369047619047619,1866.43,22.21940476190476,62.4,True,44.98815476190476,Low
CUST03017,Routine_Commuter,89,27,0.3033707865168539,3143.65,35.321910112359554,66.5,True,44.987331460674156,Low
CUST05553,Convenience_First,88,28,0.3181818181818182,2223.0,25.261363636363637,65.5,True,44.98727272727273,Low
CUST00949,Convenience_First,94,24,0.2553191489361702,1872.04,19.91531914893617,68.8,False,44.98026595744681,Low
CUST03597,Routine_Commuter,93,25,0.2688172043010752,1949.24,20.95956989247312,68.0,False,44.978938172043016,Low
CUST04784,Convenience_First,88,30,0.3409090909090909,2587.43,29.402613636363636,63.2,True,44.97636363636364,Low
CUST04225,Routine_Commuter,87,26,0.2988505747126437,2011.56,23.121379310344828,67.9,False,44.97277298850575,Low
CUST02966,Price_Sensitive,88,27,0.3068181818181818,2417.4,27.470454545454547,66.6,True,44.972727272727276,Low
CUST07886,Convenience_First,89,29,0.3258426966292135,1950.09,21.911123595505615,64.2,True,44.96620786516854,Low
CUST05047,Price_Sensitive,92,25,0.2717391304347826,2558.07,27.805108695652176,68.2,False,44.96581521739131,Low
CUST00369,Convenience_First,86,30,0.3488372093023256,2276.99,26.47662790697674,63.4,True,44.96223837209302,Low
CUST05456,Convenience_First,86,30,0.3488372093023256,2957.96,34.39488372093023,63.4,True,44.96223837209302,Low
CUST00217,Convenience_First,90,27,0.3,1277.66,14.196222222222223,66.3,True,44.959999999999994,Low
CUST04386,Convenience_First,84,29,0.3452380952380952,2091.16,24.894761904761904,64.7,True,44.95577380952381,Low
CUST03804,Price_Sensitive,98,19,0.1938775510204081,2130.42,21.738979591836735,72.9,False,44.95385204081633,Low
CUST06177,Price_Sensitive,85,28,0.3294117647058823,1697.15,19.966470588235296,65.8,True,44.9402205882353,Low
CUST05234,Convenience_First,83,29,0.3493975903614458,2496.64,30.08,64.7,True,44.93965361445784,Low
CUST07107,Convenience_First,74,31,0.4189189189189189,1288.02,17.405675675675674,61.8,True,44.93800675675676,Low
CUST01239,Routine_Commuter,89,26,0.2921348314606741,2213.27,24.86820224719101,67.5,False,44.93789325842696,Low
CUST07786,Routine_Commuter,81,29,0.3580246913580246,1635.47,20.19098765432099,64.8,True,44.93473765432099,Low
CUST00614,Price_Sensitive,81,29,0.3580246913580246,2040.27,25.188518518518517,64.8,True,44.93473765432099,Low
CUST03890,Price_Sensitive,80,30,0.375,2778.09,34.726125,63.6,True,44.933749999999996,Low
CUST00795,Price_Sensitive,88,27,0.3068181818181818,1655.46,18.812045454545455,66.5,True,44.93272727272728,Low
CUST03740,Convenience_First,86,32,0.3720930232558139,2215.99,25.767325581395347,61.0,True,44.93247093023256,Low
CUST03878,Convenience_First,87,28,0.3218390804597701,2906.48,33.407816091954025,65.5,True,44.93231321839081,Low
CUST02318,Price_Sensitive,101,22,0.2178217821782178,3396.59,33.62960396039604,69.1,False,44.93162128712871,Low
CUST00523,Routine_Commuter,85,29,0.3411764705882353,1259.87,14.822,64.6,True,44.93080882352941,Low
CUST06815,Price_Sensitive,88,24,0.2727272727272727,1406.16,15.97909090909091,69.9,False,44.92909090909092,Low
CUST01050,Routine_Commuter,86,27,0.313953488372093,1458.5,16.959302325581394,66.8,True,44.92688953488372,Low
CUST06666,Convenience_First,76,32,0.4210526315789473,1761.51,23.177763157894734,60.7,True,44.92085526315789,Low
CUST07986,Convenience_First,84,31,0.369047619047619,1615.33,19.23011904761905,62.2,True,44.90815476190476,Low
CUST00697,Price_Sensitive,86,31,0.3604651162790697,1766.69,20.542906976744188,62.1,True,44.90735465116279,Low
CUST01855,Routine_Commuter,88,28,0.3181818181818182,1323.03,15.034431818181815,65.3,True,44.907272727272726,Low
CUST00161,Price_Sensitive,90,24,0.2666666666666666,1024.4,11.382222222222223,69.5,False,44.906666666666666,Low
CUST06334,Convenience_First,86,26,0.3023255813953488,2931.01,34.08151162790698,67.9,True,44.90177325581396,Low
CUST02541,Price_Sensitive,83,30,0.3614457831325301,2271.21,27.36397590361446,63.4,True,44.90158132530121,Low
CUST06359,Routine_Commuter,93,25,0.2688172043010752,2646.57,28.45774193548387,67.8,False,44.89893817204302,Low
CUST05708,Convenience_First,83,28,0.3373493975903614,2145.47,25.84903614457831,65.8,True,44.897725903614464,Low
CUST07526,Convenience_First,86,29,0.3372093023255814,2453.94,28.53418604651163,64.4,True,44.89712209302326,Low
CUST04081,Price_Sensitive,82,26,0.3170731707317073,1768.94,21.57243902439025,68.3,True,44.89417682926829,Low
CUST02524,Routine_Commuter,87,30,0.3448275862068966,1944.94,22.35563218390805,63.1,True,44.89185344827587,Low
CUST03019,Price_Sensitive,88,24,0.2727272727272727,1554.25,17.661931818181817,69.8,False,44.88909090909091,Low
CUST03044,Routine_Commuter,89,25,0.2808988764044944,1995.75,22.424157303370787,68.5,False,44.88845505617978,Low
CUST07391,Convenience_First,79,31,0.3924050632911392,1712.33,21.67506329113924,62.2,True,44.88745253164557,Low
CUST07703,Price_Sensitive,92,25,0.2717391304347826,1599.01,17.38054347826087,68.0,False,44.88581521739131,Low
CUST01616,Routine_Commuter,94,25,0.2659574468085106,2734.57,29.09117021276596,67.5,False,44.885797872340426,Low
CUST04461,Routine_Commuter,90,28,0.3111111111111111,2058.59,22.873222222222225,65.0,True,44.88444444444444,Low
CUST02710,Price_Sensitive,81,31,0.382716049382716,1903.99,23.50604938271605,62.2,True,44.88239197530864,Low
CUST06386,Routine_Commuter,85,30,0.3529411764705882,1879.37,22.110235294117647,63.3,True,44.88139705882353,Low
CUST02583,Price_Sensitive,81,28,0.345679012345679,1868.29,23.065308641975307,65.9,True,44.880910493827166,Low
CUST05055,Price_Sensitive,93,23,0.2473118279569892,2404.08,25.85032258064516,69.9,False,44.87872311827958,Low
CUST03688,Price_Sensitive,88,26,0.2954545454545454,1514.95,17.21534090909091,67.5,False,44.878181818181815,Low
CUST03550,Convenience_First,77,28,0.3636363636363636,2200.54,28.57844155844156,65.9,True,44.87795454545454,Low
CUST02669,Price_Sensitive,99,22,0.2222222222222222,1663.31,16.801111111111112,69.4,False,44.877638888888896,Low
CUST07462,Convenience_First,77,31,0.4025974025974026,2043.08,26.533506493506493,62.0,True,44.8763961038961,Low
CUST06239,Routine_Commuter,90,26,0.2888888888888888,2284.06,25.378444444444444,67.2,False,44.87555555555555,Low
CUST04140,Convenience_First,92,27,0.2934782608695652,2167.96,23.56478260869565,65.8,False,44.87538043478261,Low
CUST04363,Convenience_First,86,28,0.3255813953488372,2562.17,29.79267441860465,65.5,True,44.872005813953486,Low
CUST00823,Convenience_First,92,28,0.3043478260869565,2042.5,22.20108695652174,64.7,True,44.870163043478264,Low
CUST07264,Routine_Commuter,88,28,0.3181818181818182,2808.88,31.91909090909091,65.2,True,44.867272727272734,Low
CUST05497,Price_Sensitive,91,24,0.2637362637362637,1895.57,20.83043956043956,69.2,False,44.86695054945055,Low
CUST05879,Convenience_First,91,26,0.2857142857142857,2964.64,32.57846153846154,67.0,False,44.86607142857143,Low
CUST01892,Price_Sensitive,88,25,0.2840909090909091,1555.19,17.672613636363636,68.6,False,44.86363636363637,Low
CUST01219,Convenience_First,90,23,0.2555555555555555,1713.87,19.043,70.5,False,44.86222222222223,Low
CUST00070,Price_Sensitive,90,23,0.2555555555555555,934.72,10.385777777777776,70.5,False,44.86222222222223,Low
CUST00673,Convenience_First,85,28,0.3294117647058823,2048.86,24.10423529411765,65.6,True,44.86022058823529,Low
CUST00826,Routine_Commuter,83,29,0.3493975903614458,1438.56,17.332048192771083,64.5,True,44.859653614457834,Low
CUST05330,Convenience_First,96,23,0.2395833333333333,2126.71,22.153229166666662,69.1,False,44.85833333333333,Low
CUST05634,Price_Sensitive,83,26,0.3132530120481928,1283.57,15.464698795180722,68.1,True,44.853870481927714,Low
CUST02140,Routine_Commuter,90,30,0.3333333333333333,1779.12,19.768,62.7,True,44.85333333333334,Low
CUST04572,Convenience_First,88,27,0.3068181818181818,1664.38,18.91340909090909,66.3,True,44.85272727272728,Low
CUST02691,Convenience_First,85,29,0.3411764705882353,1680.47,19.770235294117647,64.4,True,44.85080882352942,Low
CUST02768,Price_Sensitive,93,22,0.2365591397849462,2010.71,21.620537634408603,70.9,False,44.84861559139786,Low
CUST06408,Convenience_First,85,25,0.2941176470588235,2351.64,27.66635294117647,69.1,False,44.848455882352944,Low
CUST04577,Convenience_First,86,27,0.313953488372093,2991.94,34.79,66.6,True,44.84688953488372,Low
CUST06850,Price_Sensitive,76,32,0.4210526315789473,1376.83,18.116184210526313,60.5,True,44.84085526315789,Low
CUST03121,Price_Sensitive,88,26,0.2954545454545454,1602.17,18.206477272727273,67.4,False,44.83818181818182,Low
CUST07911,Routine_Commuter,82,29,0.3536585365853658,2331.86,28.437317073170732,64.5,True,44.83759146341463,Low
CUST03156,Convenience_First,86,25,0.2906976744186046,1458.98,16.96488372093023,68.9,False,44.83665697674419,Low
CUST03481,Convenience_First,87,29,0.3333333333333333,2729.63,31.37505747126437,64.1,True,44.83208333333333,Low
CUST03437,Convenience_First,91,27,0.2967032967032967,2937.46,32.27978021978022,65.8,False,44.82563186813187,Low
CUST04442,Convenience_First,83,29,0.3493975903614458,1924.33,23.18469879518072,64.4,True,44.81965361445784,Low
CUST07412,Convenience_First,76,34,0.4473684210526316,1679.71,22.101447368421052,57.8,False,44.81348684210526,Low
CUST00885,Convenience_First,82,31,0.3780487804878049,1277.07,15.5740243902439,62.0,True,44.813201219512194,Low
CUST01970,Routine_Commuter,87,30,0.3448275862068966,1519.34,17.46367816091954,62.9,True,44.81185344827587,Low
CUST03502,Routine_Commuter,93,26,0.2795698924731182,2234.22,24.023870967741935,66.5,False,44.809045698924734,Low
CUST03852,Price_Sensitive,84,26,0.3095238095238095,2045.61,24.3525,67.9,True,44.80720238095238,Low
CUST01649,Convenience_First,86,27,0.313953488372093,2235.88,25.998604651162793,66.5,True,44.80688953488372,Low
CUST01196,Price_Sensitive,82,30,0.3658536585365853,1606.68,19.59365853658537,63.2,True,44.805396341463414,Low
CUST02815,Price_Sensitive,81,28,0.345679012345679,2271.27,28.04037037037037,65.7,True,44.80091049382716,Low
CUST06191,Price_Sensitive,92,26,0.2826086956521739,1955.63,21.25684782608695,66.7,False,44.800597826086964,Low
CUST00962,Convenience_First,89,28,0.3146067415730337,2709.92,30.4485393258427,64.9,True,44.79676966292135,Low
CUST01795,Price_Sensitive,91,25,0.2747252747252747,2202.2,24.2,67.9,False,44.78651098901099,Low
CUST01614,Convenience_First,91,30,0.3296703296703296,2451.58,26.94043956043956,62.4,True,44.78431318681319,Low
CUST01133,Convenience_First,82,22,0.2682926829268293,1892.01,23.07329268292683,72.9,False,44.782957317073176,Low
CUST05793,Price_Sensitive,90,23,0.2555555555555555,2068.59,22.984333333333336,70.3,False,44.78222222222222,Low
CUST03062,Routine_Commuter,83,28,0.3373493975903614,1607.88,19.37204819277109,65.5,True,44.77772590361446,Low
CUST07891,Price_Sensitive,83,27,0.3253012048192771,2454.2,29.568674698795174,66.7,True,44.77579819277109,Low
CUST02411,Price_Sensitive,88,27,0.3068181818181818,2034.17,23.115568181818183,66.1,True,44.77272727272727,Low
CUST07879,Price_Sensitive,88,27,0.3068181818181818,1544.5,17.551136363636363,66.1,True,44.77272727272727,Low
CUST02258,Price_Sensitive,94,22,0.2340425531914893,2263.66,24.08148936170213,70.4,False,44.76920212765958,Low
CUST05962,Price_Sensitive,88,24,0.2727272727272727,2538.59,28.847613636363636,69.5,False,44.76909090909091,Low
CUST00166,Routine_Commuter,78,30,0.3846153846153846,1869.27,23.965,63.1,True,44.768365384615386,Low
CUST06692,Convenience_First,84,26,0.3095238095238095,2171.43,25.850357142857145,67.8,True,44.767202380952384,Low
CUST01647,Convenience_First,88,29,0.3295454545454545,2286.83,25.986704545454543,63.8,True,44.761818181818185,Low
CUST05056,Convenience_First,85,26,0.3058823529411765,3095.01,36.41188235294118,67.7,True,44.759044117647065,Low
CUST04870,Convenience_First,93,23,0.2473118279569892,1589.96,17.096344086021507,69.6,False,44.758723118279576,Low
CUST04357,Convenience_First,82,29,0.3536585365853658,2546.45,31.054268292682924,64.3,True,44.75759146341463,Low
CUST04072,Price_Sensitive,79,26,0.3291139240506329,1673.27,21.180632911392404,68.2,True,44.75580696202532,Low
CUST00388,Convenience_First,84,29,0.3452380952380952,3332.0,39.666666666666664,64.2,True,44.75577380952381,Low
CUST05412,Price_Sensitive,94,23,0.2446808510638297,1790.62,19.049148936170212,69.3,False,44.75473404255319,Low
CUST00386,Convenience_First,76,31,0.4078947368421052,2065.8,27.181578947368426,61.6,True,44.754539473684204,Low
CUST04735,Price_Sensitive,93,24,0.2580645161290322,1723.45,18.531720430107526,68.5,False,44.74883064516129,Low
CUST07919,Convenience_First,89,27,0.3033707865168539,2147.75,24.132022471910112,65.9,True,44.74733146067416,Low
CUST02698,Convenience_First,95,22,0.231578947368421,1761.9,18.546315789473685,70.1,False,44.745657894736844,Low
CUST01245,Routine_Commuter,83,31,0.3734939759036144,1951.47,23.51168674698795,61.8,True,44.74350903614458,Low
CUST01674,Price_Sensitive,89,22,0.247191011235955,2401.11,26.978764044943823,71.5,False,44.7401404494382,Low
CUST03711,Routine_Commuter,83,28,0.3373493975903614,2489.06,29.98867469879518,65.4,True,44.73772590361447,Low
CUST01849,Price_Sensitive,86,29,0.3372093023255814,1801.45,20.947093023255817,64.0,True,44.73712209302326,Low
CUST04640,Routine_Commuter,94,27,0.2872340425531915,2841.48,30.228510638297873,65.0,False,44.73686170212766,Low
CUST06545,Price_Sensitive,83,27,0.3253012048192771,1449.43,17.463012048192773,66.6,True,44.735798192771085,Low
CUST06358,Routine_Commuter,90,29,0.3222222222222222,2533.07,28.145222222222223,63.5,True,44.72888888888889,Low
CUST02072,Price_Sensitive,78,25,0.3205128205128205,1775.07,22.75730769230769,69.4,True,44.72426282051282,Low
CUST01690,Routine_Commuter,98,25,0.2551020408163265,1698.94,17.33612244897959,66.2,False,44.72283163265306,Low
CUST00281,Price_Sensitive,86,30,0.3488372093023256,2354.04,27.372558139534885,62.8,True,44.722238372093024,Low
CUST00833,Convenience_First,88,29,0.3295454545454545,3087.82,35.08886363636364,63.7,True,44.721818181818186,Low
CUST05880,Convenience_First,77,30,0.3896103896103896,2844.21,36.93779220779221,62.9,True,44.71691558441559,Low
CUST01621,Routine_Commuter,90,26,0.2888888888888888,2454.12,27.267999999999997,66.8,False,44.715555555555554,Low
CUST05786,Price_Sensitive,94,23,0.2446808510638297,1988.41,21.153297872340428,69.2,False,44.71473404255319,Low
CUST07544,Routine_Commuter,88,31,0.3522727272727273,1363.65,15.49602272727273,61.4,True,44.7109090909091,Low
CUST04559,Price_Sensitive,76,30,0.3947368421052631,1723.48,22.67736842105263,62.8,True,44.70822368421052,Low
CUST06101,Convenience_First,83,33,0.3975903614457831,2211.52,26.644819277108432,59.3,False,44.707364457831325,Low
CUST00923,Convenience_First,72,31,0.4305555555555556,1900.79,26.39986111111111,60.8,True,44.70722222222222,Low
CUST00300,Convenience_First,86,26,0.3023255813953488,2235.97,25.999651162790695,67.4,True,44.701773255813954,Low
CUST03033,Price_Sensitive,80,26,0.325,1862.38,23.27975,68.0,True,44.69375,Low
CUST07769,Price_Sensitive,87,28,0.3218390804597701,2319.9,26.665517241379312,64.9,True,44.69231321839081,Low
CUST02550,Convenience_First,84,25,0.2976190476190476,2781.07,33.107976190476194,68.8,False,44.69101190476191,Low
CUST03542,Price_Sensitive,88,24,0.2727272727272727,2080.5,23.642045454545453,69.3,False,44.68909090909091,Low
CUST02853,Convenience_First,78,30,0.3846153846153846,2233.6,28.635897435897434,62.9,True,44.68836538461538,Low
CUST02894,Convenience_First,94,25,0.2659574468085106,2319.73,24.677978723404255,67.0,False,44.68579787234043,Low
CUST05132,Price_Sensitive,86,30,0.3488372093023256,2498.98,29.057906976744185,62.7,True,44.682238372093025,Low
CUST02483,Convenience_First,85,30,0.3529411764705882,1893.76,22.279529411764702,62.8,True,44.68139705882353,Low
CUST07498,Convenience_First,82,29,0.3536585365853658,1741.1,21.23292682926829,64.1,True,44.67759146341463,Low
CUST06096,Routine_Commuter,89,28,0.3146067415730337,1596.46,17.937752808988765,64.6,True,44.676769662921345,Low
CUST06768,Convenience_First,82,28,0.3414634146341463,2346.16,28.61170731707317,65.3,True,44.669786585365856,Low
CUST07474,Convenience_First,82,28,0.3414634146341463,2216.32,27.028292682926832,65.3,True,44.669786585365856,Low
CUST01008,Price_Sensitive,88,28,0.3181818181818182,2265.65,25.746022727272727,64.7,True,44.66727272727273,Low
CUST00242,Convenience_First,85,28,0.3294117647058823,2512.36,29.557176470588235,65.1,True,44.6602205882353,Low
CUST03591,Convenience_First,80,32,0.4,2051.86,25.64825,60.4,True,44.653749999999995,Low
CUST06802,Convenience_First,87,28,0.3218390804597701,1883.94,21.65448275862069,64.8,True,44.65231321839081,Low
CUST05414,Convenience_First,87,28,0.3218390804597701,2110.53,24.258965517241386,64.8,True,44.65231321839081,Low
CUST01775,Price_Sensitive,84,25,0.2976190476190476,1722.62,20.507380952380952,68.7,False,44.65101190476191,Low
CUST05967,Convenience_First,84,27,0.3214285714285714,3449.88,41.07,66.3,True,44.64339285714286,Low
CUST02590,Price_Sensitive,82,29,0.3536585365853658,1543.3,18.820731707317073,64.0,True,44.63759146341464,Low
CUST05878,Convenience_First,90,26,0.2888888888888888,3413.56,37.928444444444445,66.6,False,44.635555555555555,Low
CUST04239,Convenience_First,79,32,0.4050632911392405,2310.07,29.241392405063294,60.3,True,44.63378164556963,Low
CUST04242,Price_Sensitive,80,33,0.4125,2148.99,26.862374999999997,59.1,False,44.63375,Low
CUST02177,Routine_Commuter,86,31,0.3604651162790697,2119.47,24.644999999999996,61.4,True,44.62735465116279,Low
CUST07097,Convenience_First,89,27,0.3033707865168539,1631.52,18.331685393258425,65.6,True,44.62733146067416,Low
CUST03563,Routine_Commuter,96,21,0.21875,1809.11,18.844895833333332,70.6,False,44.62499999999999,Low
CUST02425,Routine_Commuter,83,31,0.3734939759036144,1374.82,16.564096385542168,61.5,True,44.62350903614458,Low
CUST07223,Convenience_First,75,30,0.4,3152.07,42.0276,62.5,True,44.6225,Low
CUST02081,Convenience_First,79,30,0.379746835443038,2828.37,35.802151898734174,62.8,True,44.62112341772152,Low
CUST03264,Convenience_First,81,29,0.3580246913580246,2237.65,27.62530864197531,64.0,True,44.61473765432099,Low
CUST06079,Routine_Commuter,81,29,0.3580246913580246,1578.92,19.49283950617284,64.0,True,44.61473765432099,Low
CUST04497,Convenience_First,80,30,0.375,2220.57,27.757125,62.8,True,44.61375,Low
CUST01946,Convenience_First,88,29,0.3295454545454545,1818.67,20.666704545454547,63.4,True,44.60181818181818,Low
CUST01498,Price_Sensitive,86,22,0.2558139534883721,1642.9,19.103488372093025,71.8,False,44.601308139534886,Low
CUST04475,Price_Sensitive,89,20,0.2247191011235955,1560.02,17.528314606741574,73.4,False,44.60126404494382,Low
CUST06324,Price_Sensitive,81,28,0.345679012345679,1941.42,23.96814814814815,65.2,True,44.600910493827165,Low
CUST06346,Convenience_First,90,26,0.2888888888888888,3163.54,35.150444444444446,66.5,False,44.59555555555555,Low
CUST02858,Routine_Commuter,80,27,0.3375,1871.11,23.388875,66.5,True,44.59375,Low
CUST00112,Routine_Commuter,93,24,0.2580645161290322,1328.31,14.282903225806452,68.1,False,44.588830645161295,Low
CUST07339,Routine_Commuter,83,30,0.3614457831325301,1937.27,23.340602409638553,62.6,True,44.58158132530121,Low
CUST06312,Price_Sensitive,83,28,0.3373493975903614,1643.84,19.805301204819276,65.0,True,44.57772590361446,Low
CUST05021,Price_Sensitive,84,24,0.2857142857142857,1671.82,19.902619047619048,69.7,False,44.57482142857143,Low
CUST07620,Price_Sensitive,82,25,0.3048780487804878,998.74,12.179756097560976,68.7,True,44.566371951219516,Low
CUST01794,Price_Sensitive,84,27,0.3214285714285714,1144.25,13.62202380952381,66.1,True,44.56339285714285,Low
CUST00455,Convenience_First,84,28,0.3333333333333333,2002.93,23.84440476190476,64.9,True,44.559583333333336,Low
CUST06620,Price_Sensitive,81,30,0.3703703703703703,2344.42,28.94345679012346,62.6,True,44.54856481481482,Low
CUST00395,Price_Sensitive,70,32,0.4571428571428571,1882.99,26.899857142857144,58.5,False,44.54821428571428,Low
CUST00703,Convenience_First,84,31,0.369047619047619,1972.25,23.479166666666668,61.3,True,44.548154761904755,Low
CUST04316,Price_Sensitive,90,24,0.2666666666666666,2035.96,22.62177777777778,68.6,False,44.54666666666667,Low
CUST07648,Convenience_First,95,22,0.231578947368421,1805.51,19.00536842105263,69.6,False,44.54565789473684,Low
CUST02325,Price_Sensitive,94,21,0.2234042553191489,2728.54,29.027021276595743,70.9,False,44.54367021276596,Low
CUST00055,Routine_Commuter,83,29,0.3493975903614458,1530.84,18.443855421686745,63.7,True,44.53965361445784,Low
CUST07863,Price_Sensitive,84,23,0.2738095238095238,2352.16,28.00190476190476,70.8,False,44.538630952380956,Low
CUST07047,Routine_Commuter,85,24,0.2823529411764706,1701.16,20.01364705882353,69.5,False,44.537867647058825,Low
CUST05542,Convenience_First,78,29,0.3717948717948718,1556.51,19.95525641025641,63.8,True,44.53554487179487,Low
CUST06729,Price_Sensitive,83,25,0.3012048192771084,932.08,11.22987951807229,68.5,True,44.53194277108434,Low
CUST04677,Price_Sensitive,85,25,0.2941176470588235,2247.63,26.442705882352943,68.3,False,44.528455882352944,Low
CUST01553,Convenience_First,92,25,0.2717391304347826,1471.13,15.990543478260872,67.1,False,44.525815217391305,Low
CUST03432,Routine_Commuter,84,27,0.3214285714285714,1634.38,19.45690476190476,66.0,True,44.52339285714286,Low
CUST00600,Price_Sensitive,84,28,0.3333333333333333,2084.65,24.817261904761907,64.8,True,44.51958333333333,Low
CUST00678,Price_Sensitive,89,24,0.2696629213483146,1620.47,18.20752808988764,68.7,False,44.519016853932584,Low
CUST05587,Price_Sensitive,80,29,0.3625,1222.91,15.286375,63.8,True,44.513749999999995,Low
CUST06253,Convenience_First,91,25,0.2747252747252747,3608.9,39.65824175824176,67.2,False,44.50651098901099,Low
CUST00256,Price_Sensitive,92,22,0.2391304347826087,2089.48,22.711739130434783,70.3,False,44.50146739130435,Low
CUST05451,Convenience_First,74,31,0.4189189189189189,1181.79,15.970135135135134,60.7,True,44.49800675675676,Low
CUST07321,Price_Sensitive,81,29,0.3580246913580246,1987.72,24.53975308641975,63.7,True,44.49473765432099,Low
CUST06577,Price_Sensitive,80,30,0.375,1147.5,14.34375,62.5,True,44.49375,Low
CUST01904,Routine_Commuter,80,24,0.3,1351.54,16.89425,70.0,True,44.49375,Low
CUST05817,Routine_Commuter,87,22,0.2528735632183908,1628.74,18.72114942528736,71.3,False,44.493692528735636,Low
CUST02391,Convenience_First,92,24,0.2608695652173913,2007.96,21.82565217391305,68.1,False,44.491032608695654,Low
CUST02163,Price_Sensitive,84,26,0.3095238095238095,1610.62,19.174047619047617,67.1,True,44.48720238095238,Low
CUST01347,Routine_Commuter,84,29,0.3452380952380952,1901.87,22.64130952380952,63.5,True,44.47577380952381,Low
CUST03575,Routine_Commuter,78,27,0.3461538461538461,1910.48,24.493333333333332,66.2,True,44.46990384615384,Low
CUST01401,Price_Sensitive,90,24,0.2666666666666666,1410.18,15.668666666666669,68.4,False,44.46666666666667,Low
CUST04041,Price_Sensitive,93,21,0.2258064516129032,2141.07,23.02225806451613,71.0,False,44.45850806451614,Low
CUST04893,Convenience_First,81,29,0.3580246913580246,3193.39,39.42456790123457,63.6,True,44.45473765432099,Low
CUST05283,Convenience_First,93,26,0.2795698924731182,2340.2,25.16344086021505,65.6,False,44.449045698924735,Low
CUST07030,Price_Sensitive,90,20,0.2222222222222222,1638.09,18.201,72.8,False,44.44888888888889,Low
CUST03040,Price_Sensitive,85,25,0.2941176470588235,1628.31,19.156588235294116,68.1,False,44.44845588235294,Low
CUST07110,Convenience_First,76,32,0.4210526315789473,2474.97,32.5653947368421,59.5,False,44.440855263157886,Low
CUST00108,Convenience_First,76,32,0.4210526315789473,2082.48,27.40105263157895,59.5,False,44.440855263157886,Low
CUST03224,Price_Sensitive,93,23,0.2473118279569892,1460.62,15.705591397849462,68.8,False,44.43872311827957,Low
CUST00204,Price_Sensitive,78,26,0.3333333333333333,1868.66,23.957179487179488,67.4,True,44.437083333333334,Low
CUST00097,Price_Sensitive,80,27,0.3375,1889.79,23.622375,66.1,True,44.433749999999996,Low
CUST01743,Convenience_First,86,28,0.3255813953488372,2970.86,34.54488372093024,64.4,True,44.43200581395349,Low
CUST02420,Routine_Commuter,85,31,0.3647058823529411,1546.88,18.19858823529412,61.0,True,44.431985294117645,Low
CUST03798,Price_Sensitive,82,28,0.3414634146341463,1815.18,22.13634146341463,64.7,True,44.429786585365854,Low
CUST05242,Convenience_First,85,27,0.3176470588235294,2400.33,28.239176470588234,65.7,True,44.42963235294118,Low
CUST01045,Convenience_First,90,24,0.2666666666666666,2477.37,27.526333333333337,68.3,False,44.42666666666666,Low
CUST07559,Price_Sensitive,90,23,0.2555555555555555,1776.22,19.735777777777777,69.4,False,44.42222222222223,Low
CUST01417,Price_Sensitive,90,23,0.2555555555555555,2572.61,28.584555555555557,69.4,False,44.42222222222223,Low
CUST02586,Price_Sensitive,85,28,0.3294117647058823,1823.16,21.44894117647059,64.5,True,44.420220588235296,Low
CUST00844,Price_Sensitive,81,29,0.3580246913580246,2293.85,28.319135802469138,63.5,True,44.41473765432099,Low
CUST05900,Price_Sensitive,83,26,0.3132530120481928,2110.06,25.422409638554218,67.0,True,44.41387048192772,Low
CUST07058,Convenience_First,82,31,0.3780487804878049,2499.85,30.485975609756096,61.0,True,44.413201219512196,Low
CUST05939,Convenience_First,87,30,0.3448275862068966,3403.61,39.121954022988504,61.9,True,44.41185344827586,Low
CUST02783,Convenience_First,83,24,0.2891566265060241,1559.13,18.784698795180724,69.4,False,44.41001506024097,Low
CUST00961,Routine_Commuter,78,30,0.3846153846153846,2599.04,33.32102564102564,62.2,True,44.40836538461539,Low
CUST04302,Price_Sensitive,77,26,0.3376623376623376,1794.73,23.30818181818182,67.3,True,44.39899350649351,Low
CUST02746,Convenience_First,77,28,0.3636363636363636,2201.59,28.592077922077923,64.7,True,44.39795454545455,Low
CUST01384,Price_Sensitive,71,31,0.4366197183098591,953.13,13.4243661971831,59.8,False,44.396038732394366,Low
CUST05227,Convenience_First,75,31,0.4133333333333333,3064.33,40.857733333333336,60.6,True,44.395833333333336,Low
CUST04449,Routine_Commuter,87,25,0.2873563218390804,2963.92,34.068045977011494,67.6,False,44.39300287356322,Low
CUST06292,Convenience_First,82,28,0.3414634146341463,1410.92,17.206341463414635,64.6,True,44.389786585365854,Low
CUST03369,Routine_Commuter,81,30,0.3703703703703703,2276.98,28.110864197530866,62.2,True,44.38856481481482,Low
CUST05328,Convenience_First,81,30,0.3703703703703703,1831.62,22.61259259259259,62.2,True,44.38856481481482,Low
CUST00604,Price_Sensitive,84,31,0.369047619047619,1452.55,17.292261904761904,60.9,True,44.38815476190476,Low
CUST04759,Routine_Commuter,91,22,0.2417582417582417,1853.55,20.36868131868132,70.2,False,44.38782967032967,Low
CUST03535,Routine_Commuter,91,28,0.3076923076923077,1682.04,18.483956043956045,63.6,True,44.385192307692314,Low
CUST01830,Convenience_First,73,31,0.4246575342465753,2257.92,30.930410958904112,60.2,True,44.38130136986301,Low
CUST06492,Convenience_First,74,33,0.4459459459459459,1245.26,16.827837837837837,57.7,False,44.37908783783784,Low
CUST05668,Price_Sensitive,89,26,0.2921348314606741,1669.58,18.75932584269663,66.1,False,44.37789325842696,Low
CUST04906,Price_Sensitive,83,28,0.3373493975903614,1638.91,19.74590361445783,64.5,True,44.37772590361446,Low
CUST03421,Price_Sensitive,83,25,0.3012048192771084,1315.9,15.85421686746988,68.1,True,44.37194277108434,Low
CUST06634,Convenience_First,85,29,0.3411764705882353,2279.74,26.820470588235292,63.2,True,44.370808823529416,Low
CUST01142,Price_Sensitive,83,24,0.2891566265060241,1949.36,23.486265060240964,69.3,False,44.370015060240966,Low
CUST01825,Price_Sensitive,85,25,0.2941176470588235,1219.73,14.349764705882354,67.9,False,44.36845588235295,Low
CUST01283,Price_Sensitive,92,18,0.1956521739130435,1488.04,16.174347826086954,74.3,False,44.362336956521744,Low
CUST04764,Routine_Commuter,78,26,0.3333333333333333,2420.65,31.03397435897436,67.2,True,44.357083333333335,Low
CUST04715,Price_Sensitive,86,25,0.2906976744186046,1694.75,19.70639534883721,67.7,False,44.35665697674418,Low
CUST06071,Convenience_First,84,29,0.3452380952380952,1709.44,20.35047619047619,63.2,True,44.35577380952381,Low
CUST02221,Convenience_First,76,31,0.4078947368421052,1351.94,17.788684210526316,60.6,True,44.35453947368421,Low
CUST07770,Convenience_First,87,27,0.3103448275862069,1612.01,18.52885057471264,65.2,True,44.35254310344828,Low
CUST03865,Routine_Commuter,94,26,0.2765957446808511,1553.36,16.525106382978723,65.1,False,44.35132978723404,Low
CUST00705,Convenience_First,78,27,0.3461538461538461,1557.44,19.96717948717949,65.9,True,44.34990384615384,Low
CUST02020,Convenience_First,81,27,0.3333333333333333,2112.98,26.086172839506172,65.8,True,44.34708333333334,Low
CUST00442,Convenience_First,91,24,0.2637362637362637,2311.8,25.404395604395607,67.9,False,44.346950549450554,Low
CUST01969,Price_Sensitive,95,22,0.231578947368421,1846.88,19.44084210526316,69.1,False,44.345657894736846,Low
CUST05370,Convenience_First,78,28,0.358974358974359,2054.33,26.3375641025641,64.6,True,44.34272435897436,Low
CUST05557,Convenience_First,79,30,0.379746835443038,2479.12,31.38126582278481,62.1,True,44.341123417721526,Low
CUST06552,Routine_Commuter,85,28,0.3294117647058823,1468.92,17.281411764705883,64.3,True,44.34022058823529,Low
CUST03700,Routine_Commuter,85,28,0.3294117647058823,2036.54,23.959294117647055,64.3,True,44.34022058823529,Low
CUST07750,Convenience_First,83,28,0.3373493975903614,1121.26,13.509156626506025,64.4,True,44.33772590361446,Low
CUST05468,Convenience_First,81,29,0.3580246913580246,1928.01,23.802592592592593,63.3,True,44.33473765432099,Low
CUST02685,Convenience_First,87,24,0.2758620689655172,2507.08,28.81701149425287,68.6,False,44.33323275862069,Low
CUST01618,Price_Sensitive,75,26,0.3466666666666667,1636.91,21.825466666666667,67.1,True,44.32916666666667,Low
CUST07017,Routine_Commuter,86,27,0.313953488372093,1997.07,23.22174418604651,65.3,True,44.326889534883726,Low
CUST03880,Price_Sensitive,77,27,0.3506493506493506,1748.58,22.708831168831168,65.8,True,44.31847402597403,Low
CUST02927,Convenience_First,88,26,0.2954545454545454,2141.14,24.33113636363636,66.1,False,44.31818181818181,Low
CUST04897,Price_Sensitive,77,28,0.3636363636363636,1064.48,13.824415584415584,64.5,True,44.31795454545454,Low
CUST05829,Price_Sensitive,77,28,0.3636363636363636,1278.69,16.606363636363636,64.5,True,44.31795454545454,Low
CUST03518,Convenience_First,75,28,0.3733333333333333,1354.88,18.065066666666667,64.4,True,44.31583333333334,Low
CUST05868,Convenience_First,75,31,0.4133333333333333,1663.15,22.175333333333334,60.4,True,44.31583333333333,Low
CUST01664,Convenience_First,79,26,0.3291139240506329,2175.05,27.53227848101266,67.1,True,44.31580696202532,Low
CUST06582,Routine_Commuter,91,22,0.2417582417582417,2091.63,22.984945054945054,70.0,False,44.307829670329674,Low
CUST01591,Price_Sensitive,88,28,0.3181818181818182,1354.74,15.394772727272729,63.8,True,44.30727272727273,Low
CUST02648,Routine_Commuter,95,22,0.231578947368421,1808.62,19.038105263157895,69.0,False,44.30565789473685,Low
CUST06430,Price_Sensitive,86,26,0.3023255813953488,1651.52,19.203720930232556,66.4,True,44.301773255813956,Low
CUST06625,Convenience_First,83,29,0.3493975903614458,1074.04,12.94024096385542,63.1,True,44.29965361445784,Low
CUST06254,Convenience_First,82,26,0.3170731707317073,2513.75,30.65548780487805,66.8,True,44.294176829268295,Low
CUST04991,Routine_Commuter,83,26,0.3132530120481928,1856.23,22.36421686746988,66.7,True,44.29387048192772,Low
CUST06213,Price_Sensitive,87,22,0.2528735632183908,2967.17,34.10540229885058,70.8,False,44.29369252873563,Low
CUST01920,Convenience_First,87,26,0.2988505747126437,1529.97,17.58586206896552,66.2,False,44.29277298850575,Low
CUST05461,Price_Sensitive,94,19,0.202127659574468,1872.75,19.92287234042553,72.4,False,44.292606382978725,Low
CUST05682,Convenience_First,73,32,0.4383561643835616,1558.02,21.342739726027396,58.6,False,44.28924657534246,Low
CUST05998,Price_Sensitive,85,26,0.3058823529411765,2341.34,27.54517647058824,66.5,True,44.27904411764706,Low
CUST00310,Price_Sensitive,77,29,0.3766233766233766,1067.0,13.857142857142858,63.1,True,44.27743506493506,Low
CUST01309,Convenience_First,79,29,0.3670886075949367,3104.93,39.30291139240506,63.2,True,44.27479430379747,Low
CUST07777,Convenience_First,76,31,0.4078947368421052,1802.92,23.722631578947368,60.4,True,44.27453947368421,Low
CUST06798,Convenience_First,87,29,0.3333333333333333,2237.94,25.72344827586207,62.7,True,44.272083333333335,Low
CUST03190,Price_Sensitive,92,20,0.217391304347826,2905.67,31.583369565217392,71.9,False,44.27190217391305,Low
CUST02274,Convenience_First,82,28,0.3414634146341463,2652.77,32.350853658536586,64.3,True,44.26978658536585,Low
CUST06123,Price_Sensitive,93,21,0.2258064516129032,2338.68,25.147096774193543,70.5,False,44.258508064516136,Low
CUST05861,Convenience_First,76,28,0.3684210526315789,2758.99,36.3025,64.3,True,44.255592105263155,Low
CUST05333,Convenience_First,81,29,0.3580246913580246,2227.52,27.500246913580245,63.1,True,44.25473765432099,Low
CUST05696,Convenience_First,87,28,0.3218390804597701,2277.0,26.17241379310345,63.8,True,44.25231321839081,Low
CUST02044,Price_Sensitive,86,24,0.2790697674418604,1844.93,21.45267441860465,68.6,False,44.251540697674415,Low
CUST02337,Convenience_First,86,24,0.2790697674418604,1721.82,20.021162790697673,68.6,False,44.251540697674415,Low
CUST06664,Price_Sensitive,84,25,0.2976190476190476,1697.46,20.207857142857144,67.7,False,44.25101190476191,Low
CUST01600,Convenience_First,82,30,0.3658536585365853,1572.23,19.173536585365852,61.8,True,44.24539634146341,Low
CUST07267,Convenience_First,84,27,0.3214285714285714,2504.63,29.81702380952381,65.3,True,44.24339285714286,Low
CUST05492,Price_Sensitive,88,29,0.3295454545454545,2555.94,29.04477272727273,62.5,True,44.24181818181818,Low
CUST04800,Price_Sensitive,94,20,0.2127659574468085,1359.48,14.46255319148936,71.2,False,44.23813829787235,Low
CUST06995,Convenience_First,86,25,0.2906976744186046,2445.47,28.4356976744186,67.4,False,44.23665697674419,Low
CUST07805,Routine_Commuter,86,25,0.2906976744186046,1905.39,22.155697674418604,67.4,False,44.23665697674419,Low
CUST02383,Convenience_First,74,28,0.3783783783783784,1697.71,22.942027027027027,64.1,True,44.23638513513514,Low
CUST04722,Routine_Commuter,87,27,0.3103448275862069,1607.44,18.47632183908046,64.9,True,44.23254310344828,Low
CUST04050,Convenience_First,89,27,0.3033707865168539,2591.12,29.11370786516854,64.6,True,44.22733146067415,Low
CUST00293,Convenience_First,88,27,0.3068181818181818,2308.27,26.23034090909091,64.7,True,44.21272727272728,Low
CUST07378,Price_Sensitive,90,20,0.2222222222222222,1408.64,15.651555555555555,72.2,False,44.20888888888889,Low
CUST00106,Convenience_First,84,26,0.3095238095238095,2895.37,34.468690476190474,66.4,True,44.20720238095238,Low
CUST03882,Convenience_First,82,25,0.3048780487804878,1858.37,22.6630487804878,67.8,True,44.20637195121951,Low
CUST04736,Price_Sensitive,75,28,0.3733333333333333,1687.12,22.494933333333332,64.1,True,44.19583333333333,Low
CUST03166,Price_Sensitive,93,20,0.2150537634408602,2009.6,21.608602150537635,71.4,False,44.18840053763441,Low
CUST06551,Price_Sensitive,88,22,0.25,2364.51,26.86943181818182,70.3,False,44.18000000000001,Low
CUST06235,Convenience_First,83,28,0.3373493975903614,1796.3,21.64216867469879,64.0,True,44.177725903614466,Low
CUST05750,Routine_Commuter,87,22,0.2528735632183908,2609.61,29.99551724137931,70.5,False,44.173692528735636,Low
CUST04721,Price_Sensitive,90,21,0.2333333333333333,1991.79,22.131,71.0,False,44.17333333333333,Low
CUST04182,Convenience_First,75,28,0.3733333333333333,2939.32,39.190933333333334,64.0,True,44.155833333333334,Low
CUST05715,Convenience_First,81,30,0.3703703703703703,2829.8,34.93580246913581,61.6,True,44.14856481481481,Low
CUST07131,Price_Sensitive,90,24,0.2666666666666666,1409.38,15.659777777777778,67.6,False,44.14666666666666,Low
CUST04655,Price_Sensitive,86,23,0.2674418604651162,1469.42,17.086279069767443,69.5,False,44.146424418604646,Low
CUST07140,Convenience_First,89,22,0.247191011235955,2577.8,28.964044943820227,70.0,False,44.1401404494382,Low
CUST06993,Price_Sensitive,86,21,0.2441860465116279,1715.11,19.94313953488372,71.8,False,44.13619186046511,Low
CUST01318,Convenience_First,81,29,0.3580246913580246,2682.85,33.1216049382716,62.8,True,44.134737654320986,Low
CUST00296,Convenience_First,92,24,0.2608695652173913,1560.48,16.961739130434783,67.2,False,44.131032608695655,Low
CUST06441,Convenience_First,78,30,0.3846153846153846,2658.43,34.08243589743589,61.5,True,44.128365384615385,Low
CUST06207,Price_Sensitive,83,23,0.2771084337349397,1442.15,17.375301204819277,69.9,False,44.128087349397596,Low
CUST04389,Convenience_First,79,31,0.3924050632911392,2692.44,34.081518987341774,60.3,True,44.127452531645574,Low
CUST05221,Convenience_First,84,27,0.3214285714285714,2438.52,29.03,65.0,True,44.12339285714285,Low
CUST05339,Price_Sensitive,81,28,0.345679012345679,2317.63,28.61271604938272,64.0,True,44.12091049382716,Low
CUST07464,Convenience_First,77,29,0.3766233766233766,1816.74,23.594025974025975,62.7,True,44.117435064935066,Low
CUST02465,Price_Sensitive,80,23,0.2875,1732.1,21.651249999999997,70.3,False,44.11375,Low
CUST01744,Convenience_First,85,31,0.3647058823529411,2239.89,26.351647058823527,60.2,True,44.11198529411765,Low
CUST06971,Convenience_First,82,27,0.3292682926829268,2512.25,30.63719512195122,65.1,True,44.10198170731707,Low
CUST01290,Convenience_First,82,27,0.3292682926829268,1783.4,21.74878048780488,65.1,True,44.10198170731707,Low
CUST04689,Convenience_First,86,26,0.3023255813953488,2564.42,29.818837209302327,65.9,True,44.10177325581396,Low
CUST05753,Price_Sensitive,86,26,0.3023255813953488,1562.95,18.173837209302327,65.9,True,44.10177325581396,Low
CUST04373,Price_Sensitive,72,25,0.3472222222222222,1217.85,16.914583333333333,67.6,True,44.09388888888889,Low
CUST07995,Price_Sensitive,80,26,0.325,1658.57,20.732125,66.5,True,44.09375,Low
CUST05619,Price_Sensitive,80,24,0.3,1889.02,23.61275,69.0,True,44.09375,Low
CUST00969,Convenience_First,88,24,0.2727272727272727,1956.06,22.227954545454544,67.8,False,44.08909090909091,Low
CUST02714,Convenience_First,92,26,0.2826086956521739,1949.58,21.191086956521737,64.9,False,44.080597826086965,Low
CUST07962,Routine_Commuter,86,25,0.2906976744186046,1477.08,17.175348837209302,67.0,False,44.07665697674418,Low
CUST04271,Routine_Commuter,94,23,0.2446808510638297,1900.38,20.216808510638295,67.6,False,44.07473404255319,Low
CUST04061,Routine_Commuter,87,27,0.3103448275862069,1432.01,16.459885057471265,64.5,True,44.07254310344828,Low
CUST01253,Convenience_First,82,28,0.3414634146341463,1835.71,22.38670731707317,63.8,True,44.06978658536585,Low
CUST00830,Convenience_First,71,29,0.4084507042253521,1731.06,24.38112676056338,61.8,True,44.06927816901408,Low
CUST02989,Price_Sensitive,81,30,0.3703703703703703,1962.33,24.226296296296297,61.4,True,44.06856481481481,Low
CUST02961,Price_Sensitive,81,27,0.3333333333333333,1510.04,18.642469135802468,65.1,True,44.067083333333336,Low
CUST05712,Price_Sensitive,81,24,0.2962962962962963,2413.45,29.795679012345676,68.8,False,44.06560185185185,Low
CUST07042,Price_Sensitive,75,27,0.36,1189.59,15.861199999999998,65.1,True,44.0625,Low
CUST04160,Price_Sensitive,90,23,0.2555555555555555,2173.82,24.153555555555556,68.5,False,44.06222222222222,Low
CUST04301,Convenience_First,89,22,0.247191011235955,2870.08,32.24808988764045,69.8,False,44.0601404494382,Low
CUST05493,Convenience_First,83,29,0.3493975903614458,1260.12,15.182168674698794,62.5,True,44.05965361445784,Low
CUST05870,Price_Sensitive,83,29,0.3493975903614458,2153.04,25.94024096385542,62.5,True,44.05965361445784,Low
CUST06852,Price_Sensitive,80,22,0.275,1112.67,13.908375,71.4,False,44.05375,Low
CUST01416,Price_Sensitive,90,21,0.2333333333333333,1080.7,12.00777777777778,70.7,False,44.05333333333334,Low
CUST00137,Routine_Commuter,79,28,0.3544303797468354,1824.7,23.09746835443038,63.9,True,44.04846518987342,Low
CUST01994,Price_Sensitive,85,25,0.2941176470588235,1317.12,15.495529411764704,67.1,False,44.04845588235294,Low
CUST06260,Convenience_First,72,27,0.375,1676.84,23.28944444444444,64.7,True,44.045,Low
CUST00504,Convenience_First,81,28,0.345679012345679,2279.86,28.14641975308642,63.8,True,44.04091049382716,Low
CUST02820,Price_Sensitive,84,28,0.3333333333333333,1660.56,19.768571428571427,63.6,True,44.03958333333333,Low
CUST07601,Convenience_First,85,26,0.3058823529411765,1582.98,18.62329411764706,65.9,True,44.039044117647066,Low
CUST04169,Convenience_First,86,25,0.2906976744186046,3504.08,40.74511627906977,66.9,False,44.03665697674419,Low
CUST00456,Routine_Commuter,79,29,0.3670886075949367,1123.15,14.217088607594938,62.6,True,44.034794303797476,Low
CUST06905,Convenience_First,86,28,0.3255813953488372,1470.67,17.100813953488373,63.4,True,44.03200581395348,Low
CUST00376,Routine_Commuter,93,24,0.2580645161290322,1555.65,16.72741935483871,66.7,False,44.02883064516129,Low
CUST07300,Routine_Commuter,90,24,0.2666666666666666,2934.13,32.601444444444446,67.3,False,44.02666666666667,Low
CUST00813,Price_Sensitive,88,25,0.2840909090909091,2009.35,22.83352272727273,66.5,False,44.02363636363637,Low
CUST00669,Price_Sensitive,82,22,0.2682926829268293,1508.65,18.398170731707317,71.0,False,44.02295731707318,Low
CUST03004,Price_Sensitive,82,22,0.2682926829268293,2288.42,27.90756097560976,71.0,False,44.02295731707318,Low
CUST01963,Price_Sensitive,75,30,0.4,1495.57,19.940933333333337,61.0,True,44.02250000000001,Low
CUST05032,Convenience_First,85,24,0.2823529411764706,2783.39,32.74576470588235,68.2,False,44.01786764705883,Low
CUST01661,Convenience_First,83,28,0.3373493975903614,2622.72,31.59903614457831,63.6,True,44.01772590361446,Low
CUST07553,Price_Sensitive,81,23,0.2839506172839506,2022.22,24.96567901234568,69.9,False,44.011774691358035,Low
CUST03600,Price_Sensitive,81,23,0.2839506172839506,1718.69,21.21839506172839,69.9,False,44.011774691358035,Low
CUST02666,Price_Sensitive,75,29,0.3866666666666666,1646.74,21.956533333333333,62.3,True,44.009166666666665,Low
CUST07456,Convenience_First,88,24,0.2727272727272727,2759.9,31.3625,67.6,False,44.00909090909091,Low
CUST06172,Price_Sensitive,86,22,0.2558139534883721,1692.34,19.678372093023256,70.3,False,44.001308139534885,Low
CUST05343,Convenience_First,86,22,0.2558139534883721,2564.7,29.82209302325581,70.3,False,44.001308139534885,Low
CUST04801,Routine_Commuter,81,25,0.3086419753086419,2170.37,26.79469135802469,67.4,True,43.99942901234568,Low
CUST03616,Routine_Commuter,89,24,0.2696629213483146,3915.99,43.99988764044944,67.4,False,43.99901685393259,Low
CUST01438,Price_Sensitive,77,28,0.3636363636363636,1197.87,15.556753246753246,63.7,True,43.99795454545455,Low
CUST00718,Price_Sensitive,79,23,0.2911392405063291,1998.42,25.296455696202532,70.1,False,43.99681962025316,Low
CUST00073,Convenience_First,75,31,0.4133333333333333,2540.02,33.866933333333336,59.6,False,43.99583333333334,Low
CUST07756,Convenience_First,85,31,0.3647058823529411,2769.87,32.58670588235294,59.9,False,43.99198529411765,Low
CUST00822,Price_Sensitive,82,28,0.3414634146341463,1764.96,21.52390243902439,63.6,True,43.98978658536585,Low
CUST02336,Routine_Commuter,85,27,0.3176470588235294,2139.23,25.16741176470588,64.6,True,43.98963235294118,Low
CUST04285,Routine_Commuter,92,22,0.2391304347826087,1874.11,20.370760869565217,69.0,False,43.981467391304356,Low
CUST00733,Convenience_First,81,32,0.3950617283950617,2529.69,31.230740740740742,58.7,False,43.976219135802474,Low
CUST03983,Price_Sensitive,74,25,0.3378378378378378,1331.01,17.986621621621623,67.5,True,43.97476351351351,Low
CUST03868,Convenience_First,86,24,0.2790697674418604,1882.48,21.889302325581397,67.9,False,43.97154069767442,Low
CUST01704,Convenience_First,86,27,0.313953488372093,3237.5499999999997,37.645930232558136,64.4,True,43.96688953488373,Low
CUST06764,Convenience_First,76,32,0.4210526315789473,2546.4,33.50526315789474,58.3,False,43.96085526315789,Low
CUST06204,Convenience_First,84,29,0.3452380952380952,2150.58,25.602142857142855,62.2,True,43.95577380952381,Low
CUST05323,Routine_Commuter,80,25,0.3125,1847.15,23.089375,67.4,True,43.95375000000001,Low
CUST07248,Convenience_First,82,28,0.3414634146341463,1604.23,19.563780487804877,63.5,True,43.94978658536586,Low
CUST04165,Price_Sensitive,85,23,0.2705882352941176,1616.12,19.01317647058824,69.2,False,43.947279411764704,Low
CUST01024,Convenience_First,85,23,0.2705882352941176,2198.86,25.86894117647059,69.2,False,43.947279411764704,Low
CUST03817,Convenience_First,84,22,0.2619047619047619,1215.35,14.46845238095238,70.5,False,43.942440476190484,Low
CUST02169,Routine_Commuter,90,22,0.2444444444444444,1585.16,17.61288888888889,69.3,False,43.93777777777778,Low
CUST00597,Price_Sensitive,83,28,0.3373493975903614,1951.36,23.510361445783133,63.4,True,43.93772590361446,Low
CUST03987,Routine_Commuter,80,26,0.325,1764.9,22.06125,66.1,True,43.933749999999996,Low
CUST05316,Price_Sensitive,80,26,0.325,1582.48,19.781,66.1,True,43.933749999999996,Low
CUST06918,Price_Sensitive,87,26,0.2988505747126437,1477.74,16.98551724137931,65.3,False,43.93277298850575,Low
CUST05823,Price_Sensitive,81,23,0.2839506172839506,2539.41,31.35074074074074,69.7,False,43.93177469135803,Low
CUST06851,Price_Sensitive,84,25,0.2976190476190476,1625.79,19.354642857142856,66.9,False,43.93101190476191,Low
CUST02252,Price_Sensitive,84,25,0.2976190476190476,1895.55,22.566071428571423,66.9,False,43.93101190476191,Low
CUST07151,Convenience_First,84,25,0.2976190476190476,1698.4,20.219047619047625,66.9,False,43.93101190476191,Low
CUST00687,Price_Sensitive,76,27,0.3552631578947368,1567.24,20.62157894736842,64.8,True,43.92927631578947,Low
CUST03969,Routine_Commuter,88,24,0.2727272727272727,2257.51,25.65352272727273,67.4,False,43.92909090909092,Low
CUST06602,Routine_Commuter,89,25,0.2808988764044944,2067.53,23.230674157303373,66.1,False,43.92845505617977,Low
CUST06733,Routine_Commuter,89,28,0.3146067415730337,1937.14,21.76561797752809,62.7,True,43.91676966292135,Low
CUST04504,Convenience_First,80,25,0.3125,3121.84,39.023,67.3,True,43.91375,Low
CUST01822,Price_Sensitive,87,25,0.2873563218390804,1918.5,22.051724137931036,66.4,False,43.913002873563215,Low
CUST00618,Convenience_First,73,27,0.3698630136986301,2184.82,29.929041095890412,64.5,True,43.909520547945206,Low
CUST06667,Routine_Commuter,84,24,0.2857142857142857,1238.06,14.738809523809524,68.0,False,43.89482142857143,Low
CUST06910,Routine_Commuter,83,25,0.3012048192771084,1828.97,22.03578313253012,66.9,True,43.891942771084345,Low
CUST03030,Routine_Commuter,84,25,0.2976190476190476,2294.27,27.312738095238096,66.8,False,43.8910119047619,Low
CUST07470,Price_Sensitive,76,26,0.3421052631578947,1482.12,19.501578947368422,66.0,True,43.882960526315784,Low
CUST03619,Convenience_First,77,25,0.3246753246753247,2089.41,27.135194805194804,67.3,True,43.87951298701299,Low
CUST05599,Convenience_First,88,26,0.2954545454545454,3595.7,40.86022727272727,65.0,False,43.878181818181815,Low
CUST01548,Convenience_First,82,29,0.3536585365853658,2416.11,29.464756097560976,62.1,True,43.87759146341463,Low
CUST07834,Routine_Commuter,86,25,0.2906976744186046,1528.68,17.775348837209304,66.5,False,43.87665697674419,Low
CUST02930,Convenience_First,79,26,0.3291139240506329,2041.44,25.84101265822785,66.0,True,43.87580696202532,Low
CUST02827,Routine_Commuter,90,26,0.2888888888888888,994.41,11.049,64.7,False,43.87555555555555,Low
CUST04901,Convenience_First,64,30,0.46875,2685.51,41.96109375,57.7,False,43.875,Low
CUST07236,Price_Sensitive,80,29,0.3625,1600.03,20.000375,62.2,True,43.87375,Low
CUST07679,Convenience_First,66,31,0.4696969696969697,2138.88,32.407272727272726,56.9,False,43.86037878787879,Low
CUST02068,Price_Sensitive,86,21,0.2441860465116279,2083.24,24.223720930232556,71.1,False,43.85619186046511,Low
CUST05416,Price_Sensitive,83,26,0.3132530120481928,1630.54,19.645060240963858,65.6,True,43.853870481927714,Low
CUST04847,Price_Sensitive,89,17,0.1910112359550561,1833.65,20.60280898876405,74.9,False,43.852949438202245,Low
CUST07947,Routine_Commuter,86,24,0.2790697674418604,1866.64,21.70511627906977,67.6,False,43.851540697674416,Low
CUST00674,Convenience_First,75,29,0.3866666666666666,1728.48,23.0464,61.9,True,43.84916666666667,Low
CUST03856,Convenience_First,79,28,0.3544303797468354,1966.32,24.89012658227848,63.4,True,43.848465189873416,Low
CUST00336,Routine_Commuter,89,25,0.2808988764044944,1992.36,22.386067415730334,65.9,False,43.84845505617977,Low
CUST04399,Convenience_First,72,27,0.375,2005.78,27.858055555555556,64.2,True,43.845000000000006,Low
CUST03051,Convenience_First,78,31,0.3974358974358974,2114.5,27.10897435897436,59.5,False,43.84118589743589,Low
CUST06129,Price_Sensitive,70,26,0.3714285714285714,1707.98,24.399714285714285,65.3,True,43.839642857142856,Low
CUST05915,Price_Sensitive,77,25,0.3246753246753247,1604.93,20.843246753246753,67.2,True,43.839512987012995,Low
CUST01255,Convenience_First,85,26,0.3058823529411765,2626.24,30.896941176470584,65.4,True,43.83904411764706,Low
CUST04110,Convenience_First,89,24,0.2696629213483146,1675.37,18.82438202247191,67.0,False,43.839016853932584,Low
CUST06255,Convenience_First,77,28,0.3636363636363636,2583.85,33.5564935064935,63.3,True,43.83795454545455,Low
CUST06367,Price_Sensitive,78,26,0.3333333333333333,1352.05,17.33397435897436,65.9,True,43.83708333333333,Low
CUST07179,Convenience_First,86,25,0.2906976744186046,2052.33,23.864302325581395,66.4,False,43.83665697674419,Low
CUST05957,Price_Sensitive,76,25,0.3289473684210526,2037.3,26.806578947368426,67.2,True,43.8366447368421,Low
CUST02775,Convenience_First,74,24,0.3243243243243243,1541.36,20.829189189189183,68.5,True,43.834222972972974,Low
CUST05179,Price_Sensitive,89,19,0.2134831460674157,1038.77,11.671573033707864,72.6,False,43.831825842696624,Low
CUST04600,Price_Sensitive,79,24,0.3037974683544304,2145.14,27.153670886075947,68.4,True,43.823148734177224,Low
CUST04215,Price_Sensitive,84,22,0.2619047619047619,2163.36,25.75428571428571,70.2,False,43.82244047619048,Low
CUST06586,Convenience_First,82,26,0.3170731707317073,1463.58,17.848536585365853,65.6,True,43.81417682926829,Low
CUST03362,Convenience_First,79,25,0.3164556962025316,1835.82,23.238227848101264,67.1,True,43.80947784810127,Low
CUST06504,Convenience_First,72,26,0.3611111111111111,2394.99,33.263749999999995,65.5,True,43.809444444444445,Low
CUST07758,Price_Sensitive,83,21,0.253012048192771,1043.95,12.577710843373495,71.5,False,43.804231927710845,Low
CUST01033,Price_Sensitive,89,20,0.2247191011235955,781.28,8.778426966292134,71.4,False,43.80126404494382,Low
CUST02497,Price_Sensitive,77,25,0.3246753246753247,1354.58,17.59194805194805,67.1,True,43.79951298701299,Low
CUST07091,Price_Sensitive,92,19,0.2065217391304347,2029.32,22.05782608695652,71.8,False,43.79711956521739,Low
CUST00535,Routine_Commuter,71,31,0.4366197183098591,2196.74,30.94,58.3,False,43.79603873239436,Low
CUST04157,Convenience_First,75,28,0.3733333333333333,1472.83,19.637733333333333,63.1,True,43.795833333333334,Low
CUST02722,Convenience_First,60,30,0.5,1515.06,25.251,55.6,False,43.795,Low
CUST05812,Convenience_First,91,21,0.2307692307692307,1927.42,21.180439560439563,69.8,False,43.78826923076923,Low
CUST00422,Price_Sensitive,84,21,0.25,1868.88,22.248571428571427,71.3,False,43.786249999999995,Low
CUST00627,Price_Sensitive,83,31,0.3734939759036144,1619.86,19.51638554216867,59.4,False,43.78350903614458,Low
CUST07622,Price_Sensitive,85,24,0.2823529411764706,1980.53,23.30035294117647,67.6,False,43.77786764705883,Low
CUST04413,Price_Sensitive,80,26,0.325,1638.49,20.481125,65.7,True,43.77375,Low
CUST07132,Routine_Commuter,87,22,0.2528735632183908,2413.05,27.736206896551725,69.5,False,43.77369252873564,Low
CUST00114,Price_Sensitive,86,24,0.2790697674418604,2231.99,25.953372093023255,67.4,False,43.77154069767442,Low
CUST03877,Convenience_First,67,29,0.4328358208955223,1164.39,17.3789552238806,60.0,True,43.770932835820894,Low
CUST01982,Convenience_First,84,26,0.3095238095238095,2085.76,24.83047619047619,65.3,True,43.767202380952384,Low
CUST01178,Routine_Commuter,77,27,0.3506493506493506,2299.26,29.86051948051948,64.4,True,43.758474025974024,Low
CUST06187,Routine_Commuter,79,26,0.3291139240506329,1437.74,18.199240506329115,65.7,True,43.75580696202532,Low
CUST06942,Price_Sensitive,79,26,0.3291139240506329,2116.38,26.789620253164557,65.7,True,43.75580696202532,Low
CUST03807,Convenience_First,84,29,0.3452380952380952,1454.68,17.317619047619047,61.7,True,43.75577380952381,Low
CUST06838,Convenience_First,88,23,0.2613636363636363,2688.38,30.549772727272728,68.1,False,43.75454545454545,Low
CUST06349,Routine_Commuter,80,27,0.3375,2119.16,26.4895,64.4,True,43.753750000000004,Low
CUST05621,Routine_Commuter,86,20,0.2325581395348837,2617.65,30.43779069767442,72.0,False,43.75107558139535,Low
CUST05555,Convenience_First,78,27,0.3461538461538461,1897.59,24.32807692307692,64.4,True,43.74990384615384,Low
CUST03414,Convenience_First,85,23,0.2705882352941176,1492.12,17.554352941176468,68.7,False,43.74727941176471,Low
CUST00071,Convenience_First,91,25,0.2747252747252747,1855.41,20.38912087912088,65.3,False,43.74651098901099,Low
CUST03023,Convenience_First,85,19,0.2235294117647059,1887.78,22.209176470588236,73.4,False,43.74492647058824,Low
CUST06252,Convenience_First,78,28,0.358974358974359,1252.69,16.060128205128205,63.1,True,43.74272435897436,Low
CUST06981,Convenience_First,79,27,0.3417721518987341,2732.05,34.582911392405066,64.4,True,43.74213607594937,Low
CUST04599,Price_Sensitive,73,28,0.3835616438356164,1358.23,18.605890410958903,62.7,True,43.73746575342466,Low
CUST05721,Convenience_First,76,28,0.3684210526315789,1580.97,20.802236842105263,63.0,True,43.73559210526316,Low
CUST06853,Price_Sensitive,83,26,0.3132530120481928,2256.74,27.18963855421687,65.3,True,43.73387048192772,Low
CUST02752,Convenience_First,80,28,0.35,2993.93,37.424125,63.1,True,43.73375,Low
CUST04672,Price_Sensitive,83,22,0.2650602409638554,2166.84,26.106506024096387,70.1,False,43.726159638554215,Low
CUST00060,Convenience_First,77,27,0.3506493506493506,2740.05,35.585064935064935,64.3,True,43.71847402597402,Low
CUST01523,Convenience_First,82,29,0.3536585365853658,1755.69,21.410853658536585,61.7,True,43.717591463414635,Low
CUST01906,Convenience_First,73,33,0.4520547945205479,1857.53,25.445616438356165,55.8,False,43.71719178082191,Low
CUST05287,Price_Sensitive,72,29,0.4027777777777778,1591.14,22.09916666666667,61.1,True,43.71611111111111,Low
CUST04329,Price_Sensitive,72,29,0.4027777777777778,1662.29,23.08736111111111,61.1,True,43.71611111111111,Low
CUST02690,Price_Sensitive,79,26,0.3291139240506329,1382.88,17.50481012658228,65.6,True,43.71580696202531,Low
CUST05690,Convenience_First,80,25,0.3125,2018.55,25.231875,66.8,True,43.71375,Low
CUST04306,Routine_Commuter,85,27,0.3176470588235294,1449.56,17.05364705882353,63.9,True,43.70963235294118,Low
CUST03712,Price_Sensitive,78,29,0.3717948717948718,2819.33,36.14525641025641,61.7,True,43.69554487179487,Low
CUST06261,Price_Sensitive,83,26,0.3132530120481928,1759.97,21.2044578313253,65.2,True,43.69387048192772,Low
CUST05473,Routine_Commuter,80,30,0.375,2177.13,27.214125000000003,60.5,True,43.69375,Low
CUST06710,Price_Sensitive,83,25,0.3012048192771084,2419.24,29.14746987951807,66.4,True,43.69194277108434,Low
CUST02236,Convenience_First,79,28,0.3544303797468354,1567.42,19.840759493670888,63.0,True,43.68846518987342,Low
CUST02043,Convenience_First,83,23,0.2771084337349397,1991.26,23.9910843373494,68.8,False,43.68808734939759,Low
CUST07902,Convenience_First,73,26,0.3561643835616438,2928.33,40.11410958904109,65.3,True,43.68157534246575,Low
CUST05240,Convenience_First,86,22,0.2558139534883721,2744.5,31.912790697674417,69.5,False,43.681308139534885,Low
CUST03016,Convenience_First,81,28,0.345679012345679,1510.85,18.65246913580247,62.9,True,43.68091049382716,Low
CUST04477,Price_Sensitive,85,26,0.3058823529411765,1776.44,20.89929411764706,65.0,True,43.67904411764706,Low
CUST02008,Price_Sensitive,84,19,0.2261904761904762,2388.21,28.43107142857143,73.4,False,43.67386904761905,Low
CUST05013,Price_Sensitive,84,19,0.2261904761904762,2417.66,28.781666666666663,73.4,False,43.67386904761905,Low
CUST06272,Price_Sensitive,81,24,0.2962962962962963,1789.27,22.08975308641975,67.8,False,43.665601851851854,Low
CUST03589,Price_Sensitive,79,24,0.3037974683544304,1752.67,22.185696202531645,68.0,True,43.66314873417722,Low
CUST00067,Convenience_First,83,29,0.3493975903614458,2477.08,29.84433734939759,61.5,True,43.65965361445784,Low
CUST00997,Convenience_First,73,28,0.3835616438356164,1668.29,22.853287671232877,62.5,True,43.65746575342465,Low
CUST01244,Price_Sensitive,86,21,0.2441860465116279,1017.14,11.82720930232558,70.6,False,43.656191860465114,Low
CUST00027,Convenience_First,74,27,0.3648648648648648,1551.98,20.9727027027027,64.0,True,43.65584459459459,Low
CUST05865,Convenience_First,83,26,0.3132530120481928,2469.26,29.750120481927713,65.1,True,43.65387048192771,Low
CUST04828,Routine_Commuter,80,26,0.325,1951.12,24.389,65.4,True,43.65375,Low
CUST03869,Convenience_First,75,29,0.3866666666666666,1990.75,26.543333333333333,61.4,True,43.649166666666666,Low
CUST01455,Routine_Commuter,90,19,0.2111111111111111,2129.62,23.662444444444443,71.9,False,43.644444444444446,Low
CUST07820,Routine_Commuter,86,22,0.2558139534883721,1699.51,19.76174418604651,69.4,False,43.64130813953489,Low
CUST07258,Price_Sensitive,82,24,0.2926829268292683,2496.89,30.449878048780487,67.6,False,43.638567073170734,Low
CUST02674,Price_Sensitive,64,28,0.4375,2306.87,36.04484375,60.2,True,43.625,Low
CUST05082,Convenience_First,83,26,0.3132530120481928,1646.81,19.841084337349397,65.0,True,43.61387048192771,Low
CUST02715,Routine_Commuter,90,21,0.2333333333333333,1707.04,18.967111111111112,69.6,False,43.61333333333333,Low
CUST06417,Convenience_First,81,26,0.3209876543209876,1535.37,18.955185185185183,65.2,True,43.613256172839506,Low
CUST03691,Convenience_First,83,25,0.3012048192771084,1628.4,19.619277108433735,66.2,True,43.611942771084344,Low
CUST00882,Convenience_First,81,23,0.2839506172839506,3033.98,37.45654320987654,68.9,False,43.61177469135803,Low
CUST05135,Price_Sensitive,78,24,0.3076923076923077,2072.23,26.56705128205128,67.9,True,43.61144230769231,Low
CUST00680,Routine_Commuter,85,25,0.2941176470588235,2136.44,25.134588235294117,66.0,False,43.60845588235294,Low
CUST07591,Convenience_First,77,29,0.3766233766233766,1953.98,25.376363636363635,61.4,True,43.59743506493507,Low
CUST02353,Convenience_First,75,31,0.4133333333333333,2378.61,31.7148,58.6,False,43.59583333333333,Low
CUST02530,Convenience_First,79,29,0.3670886075949367,2845.3,36.016455696202534,61.5,True,43.59479430379747,Low
CUST07487,Convenience_First,87,23,0.264367816091954,2601.57,29.903103448275864,67.9,False,43.593462643678166,Low
CUST07106,Convenience_First,66,26,0.3939393939393939,1709.28,25.89818181818182,63.8,True,43.59007575757576,Low
CUST06064,Routine_Commuter,86,23,0.2674418604651162,1756.0,20.41860465116279,68.1,False,43.58642441860464,Low
CUST00362,Convenience_First,81,24,0.2962962962962963,2606.48,32.178765432098764,67.6,False,43.585601851851855,Low
CUST07806,Price_Sensitive,98,13,0.1326530612244898,2330.38,23.779387755102043,75.6,False,43.58487244897959,Low
CUST02013,Convenience_First,78,28,0.358974358974359,1131.88,14.51128205128205,62.7,True,43.58272435897436,Low
CUST01571,Convenience_First,76,29,0.3815789473684211,3375.36,44.41263157894737,61.3,True,43.581907894736844,Low
CUST06212,Convenience_First,66,30,0.4545454545454545,1589.07,24.07681818181818,57.7,False,43.574318181818185,Low
CUST02005,Price_Sensitive,82,26,0.3170731707317073,2424.75,29.570121951219512,65.0,True,43.574176829268296,Low
CUST01040,Price_Sensitive,80,24,0.3,1452.47,18.155875,67.7,True,43.57375,Low
CUST01887,Price_Sensitive,81,26,0.3209876543209876,1594.4,19.68395061728395,65.1,True,43.57325617283951,Low
CUST07056,Price_Sensitive,75,26,0.3466666666666667,1736.17,23.148933333333336,65.2,True,43.569166666666675,Low
CUST05983,Price_Sensitive,82,20,0.2439024390243902,1527.39,18.626707317073173,72.3,False,43.56734756097561,Low
CUST00579,Convenience_First,82,25,0.3048780487804878,1860.84,22.693170731707315,66.2,True,43.566371951219516,Low
CUST02402,Price_Sensitive,79,26,0.3291139240506329,1619.73,20.502911392405064,65.2,True,43.555806962025315,Low
CUST01537,Convenience_First,79,26,0.3291139240506329,1921.8,24.326582278481013,65.2,True,43.555806962025315,Low
CUST07379,Price_Sensitive,80,27,0.3375,1210.87,15.135875000000002,63.9,True,43.55375,Low
CUST07032,Price_Sensitive,87,23,0.264367816091954,1511.58,17.37448275862069,67.8,False,43.55346264367816,Low
CUST00912,Routine_Commuter,86,20,0.2325581395348837,1516.92,17.63860465116279,71.5,False,43.55107558139535,Low
CUST07960,Price_Sensitive,78,27,0.3461538461538461,1778.73,22.80423076923077,63.9,True,43.54990384615384,Low
CUST05666,Convenience_First,78,27,0.3461538461538461,2226.47,28.544487179487177,63.9,True,43.54990384615384,Low
CUST07434,Price_Sensitive,84,21,0.25,1696.63,20.19797619047619,70.7,False,43.54625,Low
CUST06753,Price_Sensitive,76,23,0.3026315789473684,2752.7,36.21973684210526,69.1,True,43.54401315789474,Low
CUST03426,Price_Sensitive,79,24,0.3037974683544304,1357.01,17.177341772151898,67.7,True,43.54314873417722,Low
CUST01939,Convenience_First,79,27,0.3417721518987341,1313.74,16.629620253164557,63.9,True,43.542136075949365,Low
CUST03706,Convenience_First,83,26,0.3132530120481928,2826.58,34.05518072289156,64.8,True,43.533870481927714,Low
CUST07144,Convenience_First,83,26,0.3132530120481928,2109.36,25.41397590361446,64.8,True,43.533870481927714,Low
CUST01929,Price_Sensitive,80,22,0.275,1866.35,23.329375,70.1,False,43.53375,Low
CUST07830,Price_Sensitive,89,17,0.1910112359550561,3146.25,35.35112359550562,74.1,False,43.532949438202245,Low
CUST03469,Convenience_First,75,29,0.3866666666666666,1009.63,13.461733333333331,61.1,True,43.52916666666667,Low
CUST00821,Convenience_First,82,25,0.3048780487804878,1716.64,20.934634146341462,66.1,True,43.52637195121951,Low
CUST03896,Price_Sensitive,78,25,0.3205128205128205,2315.21,29.68217948717949,66.4,True,43.52426282051282,Low
CUST03431,Convenience_First,79,26,0.3291139240506329,2436.45,30.84113924050633,65.1,True,43.515806962025316,Low
CUST05956,Price_Sensitive,84,23,0.2738095238095238,1791.63,21.328928571428573,68.2,False,43.49863095238095,Low
CUST02064,Price_Sensitive,69,28,0.4057971014492754,1169.18,16.94463768115942,61.3,True,43.49438405797101,Low
CUST03505,Price_Sensitive,80,24,0.3,2234.08,27.926,67.5,True,43.49375,Low
CUST02923,Convenience_First,83,24,0.2891566265060241,1166.09,14.049277108433731,67.1,False,43.490015060240964,Low
CUST04699,Convenience_First,79,25,0.3164556962025316,2154.97,27.278101265822784,66.3,True,43.48947784810127,Low
CUST05301,Convenience_First,79,25,0.3164556962025316,1263.68,15.995949367088608,66.3,True,43.48947784810127,Low
CUST01445,Price_Sensitive,75,23,0.3066666666666666,2681.08,35.74773333333333,69.0,True,43.48916666666667,Low
CUST07452,Convenience_First,85,25,0.2941176470588235,2705.1,31.82470588235294,65.7,False,43.488455882352945,Low
CUST06862,Convenience_First,82,25,0.3048780487804878,1479.54,18.043170731707317,66.0,True,43.48637195121951,Low
CUST06152,Convenience_First,76,26,0.3421052631578947,1342.67,17.66671052631579,65.0,True,43.482960526315786,Low
CUST03681,Price_Sensitive,77,24,0.3116883116883117,1929.95,25.064285714285713,67.6,True,43.48003246753247,Low
CUST05206,Convenience_First,77,26,0.3376623376623376,2043.26,26.535844155844156,65.0,True,43.47899350649351,Low
CUST05149,Convenience_First,79,26,0.3291139240506329,1153.59,14.60240506329114,65.0,True,43.47580696202532,Low
CUST02453,Price_Sensitive,87,25,0.2873563218390804,2473.68,28.433103448275865,65.3,False,43.47300287356322,Low
CUST02375,Convenience_First,92,20,0.217391304347826,3206.73,34.855760869565216,69.9,False,43.471902173913044,Low
CUST00979,Price_Sensitive,86,21,0.2441860465116279,1880.71,21.86872093023256,70.1,False,43.45619186046512,Low
CUST01134,Routine_Commuter,80,26,0.325,2284.74,28.55925,64.9,True,43.45375000000001,Low
CUST07357,Price_Sensitive,89,21,0.2359550561797752,2235.5,25.117977528089888,69.4,False,43.45070224719101,Low
CUST07908,Price_Sensitive,83,24,0.2891566265060241,1763.61,21.248313253012046,67.0,False,43.450015060240965,Low
CUST06147,Convenience_First,79,25,0.3164556962025316,1320.95,16.720886075949366,66.2,True,43.44947784810127,Low
CUST05394,Convenience_First,66,29,0.4393939393939394,672.8,10.193939393939392,58.9,False,43.44825757575758,Low
CUST03035,Convenience_First,63,30,0.4761904761904761,1647.74,26.154603174603174,56.2,False,43.44511904761905,Low
CUST03548,Convenience_First,90,19,0.2111111111111111,1733.0,19.255555555555556,71.4,False,43.44444444444444,Low
CUST04340,Convenience_First,82,24,0.2926829268292683,3010.01,36.70743902439025,67.1,False,43.43856707317073,Low
CUST01831,Price_Sensitive,82,24,0.2926829268292683,1480.04,18.049268292682925,67.1,False,43.43856707317073,Low
CUST01758,Routine_Commuter,82,29,0.3536585365853658,1553.43,18.944268292682928,61.0,True,43.437591463414634,Low
CUST00975,Convenience_First,79,23,0.2911392405063291,2052.78,25.98455696202532,68.7,False,43.43681962025317,Low
CUST04894,Price_Sensitive,87,19,0.2183908045977011,1481.38,17.027356321839083,72.1,False,43.43438218390804,Low
CUST04929,Price_Sensitive,80,25,0.3125,2043.23,25.540375,66.1,True,43.433749999999996,Low
CUST03666,Price_Sensitive,73,27,0.3698630136986301,1404.86,19.244657534246578,63.3,True,43.4295205479452,Low
CUST03528,Routine_Commuter,81,24,0.2962962962962963,2248.43,27.758395061728393,67.2,False,43.42560185185186,Low
CUST06228,Convenience_First,75,27,0.36,2191.05,29.214,63.5,True,43.42250000000001,Low
CUST01173,Convenience_First,72,24,0.3333333333333333,1483.02,20.5975,67.3,True,43.41833333333333,Low
CUST06640,Convenience_First,86,21,0.2441860465116279,1968.51,22.8896511627907,70.0,False,43.41619186046511,Low
CUST02734,Routine_Commuter,82,26,0.3170731707317073,2477.35,30.211585365853654,64.6,True,43.41417682926829,Low
CUST03383,Convenience_First,75,29,0.3866666666666666,2167.39,28.898533333333333,60.8,True,43.409166666666664,Low
CUST03068,Convenience_First,88,26,0.2954545454545454,2433.91,27.65806818181818,63.8,False,43.39818181818182,Low
CUST01056,Price_Sensitive,74,28,0.3783783783783784,807.92,10.917837837837835,62.0,True,43.39638513513514,Low
CUST04947,Convenience_First,82,23,0.2804878048780488,3982.83,48.57109756097561,68.2,False,43.39076219512195,Low
CUST07407,Convenience_First,63,25,0.3968253968253968,1451.47,23.03920634920635,64.0,True,43.39051587301587,Low
CUST03766,Price_Sensitive,76,24,0.3157894736842105,1489.39,19.597236842105264,67.4,True,43.390328947368424,Low
CUST01073,Price_Sensitive,91,20,0.2197802197802197,1595.57,17.533736263736262,69.9,False,43.3887087912088,Low
CUST03784,Routine_Commuter,96,16,0.1666666666666666,2516.12,26.20958333333333,72.7,False,43.38166666666667,Low
CUST00965,Convenience_First,86,21,0.2441860465116279,1400.07,16.279883720930233,69.9,False,43.37619186046512,Low
CUST05022,Price_Sensitive,82,21,0.2560975609756097,1329.48,16.21317073170732,70.6,False,43.37515243902439,Low
CUST05502,Price_Sensitive,78,24,0.3076923076923077,1256.59,16.110128205128206,67.3,True,43.371442307692305,Low
CUST05544,Convenience_First,79,25,0.3164556962025316,2530.38,32.030126582278484,66.0,True,43.36947784810127,Low
CUST04179,Convenience_First,78,25,0.3205128205128205,2272.06,29.128974358974357,66.0,True,43.36426282051282,Low
CUST02881,Convenience_First,82,24,0.2926829268292683,2293.18,27.96560975609756,66.9,False,43.35856707317073,Low
CUST00895,Price_Sensitive,54,26,0.4814814814814814,1402.2,25.96666666666667,57.8,False,43.358009259259255,Low
CUST00898,Convenience_First,77,28,0.3636363636363636,1909.14,24.794025974025978,62.1,True,43.35795454545455,Low
CUST05480,Routine_Commuter,81,22,0.2716049382716049,1496.06,18.469876543209875,69.5,False,43.3579475308642,Low
CUST02416,Convenience_First,80,29,0.3625,2648.78,33.109750000000005,60.9,True,43.35375,Low
CUST04317,Convenience_First,80,23,0.2875,1897.54,23.71925,68.4,False,43.35375,Low
CUST06284,Convenience_First,71,30,0.4225352112676056,1271.99,17.915352112676057,58.6,False,43.35265845070422,Low
CUST04414,Convenience_First,88,20,0.2272727272727272,2109.13,23.967386363636365,70.5,False,43.35090909090909,Low
CUST02683,Price_Sensitive,85,23,0.2705882352941176,2292.72,26.973176470588232,67.7,False,43.34727941176471,Low
CUST01341,Price_Sensitive,79,30,0.379746835443038,1577.2,19.964556962025316,59.6,False,43.341123417721526,Low
CUST00501,Price_Sensitive,78,23,0.2948717948717949,1524.69,19.547307692307697,68.5,False,43.3386217948718,Low
CUST03513,Convenience_First,86,21,0.2441860465116279,1636.74,19.03186046511628,69.8,False,43.336191860465114,Low
CUST06271,Convenience_First,68,27,0.3970588235294117,1980.8,29.12941176470588,62.1,True,43.33610294117647,Low
CUST01376,Convenience_First,83,27,0.3253012048192771,1314.0,15.83132530120482,63.1,True,43.33579819277109,Low
CUST01031,Price_Sensitive,83,22,0.2650602409638554,1307.7,15.755421686746988,69.1,False,43.326159638554216,Low
CUST05472,Price_Sensitive,78,25,0.3205128205128205,1521.94,19.51205128205128,65.9,True,43.32426282051282,Low
CUST07504,Convenience_First,77,27,0.3506493506493506,1838.04,23.87064935064935,63.3,True,43.31847402597403,Low
CUST03471,Convenience_First,77,28,0.3636363636363636,2424.78,31.490649350649353,62.0,True,43.31795454545454,Low
CUST07595,Convenience_First,74,26,0.3513513513513513,1694.27,22.89554054054054,64.5,True,43.31530405405405,Low
CUST03080,Convenience_First,69,25,0.3623188405797101,2252.02,32.637971014492756,65.2,True,43.315253623188404,Low
CUST01287,Convenience_First,80,25,0.3125,2644.07,33.050875000000005,65.8,True,43.31375,Low
CUST05141,Convenience_First,80,25,0.3125,1740.72,21.759,65.8,True,43.31375,Low
CUST00641,Price_Sensitive,86,20,0.2325581395348837,2277.78,26.485813953488375,70.9,False,43.31107558139535,Low
CUST02740,Convenience_First,82,23,0.2804878048780488,2322.16,28.3190243902439,68.0,False,43.31076219512195,Low
CUST04857,Price_Sensitive,86,23,0.2674418604651162,1815.88,21.114883720930234,67.4,False,43.30642441860466,Low
CUST04673,Price_Sensitive,78,22,0.282051282051282,856.46,10.98025641025641,69.7,False,43.30580128205128,Low
CUST05167,Convenience_First,73,24,0.3287671232876712,2180.75,29.873287671232877,67.1,True,43.305684931506846,Low
CUST02647,Price_Sensitive,72,23,0.3194444444444444,1488.97,20.68013888888889,68.4,True,43.302777777777784,Low
CUST07196,Routine_Commuter,90,22,0.2444444444444444,2118.92,23.543555555555557,67.7,False,43.29777777777778,Low
CUST07940,Price_Sensitive,86,21,0.2441860465116279,2194.92,25.52232558139535,69.7,False,43.29619186046512,Low
CUST06066,Convenience_First,82,26,0.3170731707317073,1571.6,19.165853658536584,64.3,True,43.294176829268295,Low
CUST01102,Price_Sensitive,80,18,0.225,1798.63,22.482875,74.5,False,43.293749999999996,Low
CUST01803,Convenience_First,80,24,0.3,2328.33,29.104125,67.0,True,43.293749999999996,Low
CUST07532,Price_Sensitive,73,25,0.3424657534246575,2290.61,31.37821917808219,65.7,True,43.2936301369863,Low
CUST01248,Convenience_First,81,23,0.2839506172839506,1202.68,14.8479012345679,68.1,False,43.29177469135802,Low
CUST04347,Convenience_First,81,23,0.2839506172839506,3066.16,37.85382716049383,68.1,False,43.29177469135802,Low
CUST05151,Convenience_First,78,24,0.3076923076923077,2057.43,26.37730769230769,67.1,True,43.29144230769231,Low
CUST05660,Convenience_First,88,24,0.2727272727272727,1263.21,14.354659090909092,65.8,False,43.28909090909091,Low
CUST06273,Price_Sensitive,82,25,0.3048780487804878,1694.99,20.67060975609756,65.5,True,43.286371951219515,Low
CUST05997,Convenience_First,83,22,0.2650602409638554,2789.6,33.609638554216865,69.0,False,43.28615963855422,Low
CUST04881,Convenience_First,77,24,0.3116883116883117,2258.11,29.3261038961039,67.1,True,43.280032467532465,Low
CUST00409,Convenience_First,81,25,0.3086419753086419,2012.73,24.848518518518517,65.6,True,43.27942901234568,Low
CUST01675,Price_Sensitive,84,19,0.2261904761904762,2000.38,23.81404761904762,72.4,False,43.27386904761905,Low
CUST02730,Convenience_First,66,26,0.3939393939393939,1984.98,30.075454545454544,63.0,True,43.27007575757576,Low
CUST02066,Routine_Commuter,73,27,0.3698630136986301,2879.56,39.44602739726027,62.9,True,43.269520547945206,Low
CUST04669,Convenience_First,76,29,0.3815789473684211,2092.93,27.538552631578945,60.5,True,43.261907894736844,Low
CUST07550,Price_Sensitive,78,23,0.2948717948717949,2690.9,34.49871794871795,68.3,False,43.25862179487179,Low
CUST03389,Price_Sensitive,76,28,0.3684210526315789,2729.02,35.90815789473684,61.8,True,43.255592105263155,Low
CUST07085,Convenience_First,80,22,0.275,2222.53,27.781625,69.4,False,43.253750000000004,Low
CUST01271,Convenience_First,80,24,0.3,2656.3,33.20375,66.9,True,43.253750000000004,Low
CUST03375,Routine_Commuter,87,22,0.2528735632183908,2843.18,32.68022988505747,68.2,False,43.253692528735634,Low
CUST02050,Price_Sensitive,78,24,0.3076923076923077,2096.7,26.88076923076923,67.0,True,43.25144230769231,Low
CUST07468,Convenience_First,72,28,0.3888888888888889,1828.1,25.39027777777778,61.3,True,43.24055555555555,Low
CUST02662,Convenience_First,70,26,0.3714285714285714,1720.17,24.573857142857143,63.8,True,43.239642857142854,Low
CUST03828,Price_Sensitive,80,21,0.2625,1817.26,22.71575,70.6,False,43.23374999999999,Low
CUST02502,Price_Sensitive,62,27,0.4354838709677419,1337.66,21.575161290322583,60.0,True,43.23185483870968,Low
CUST05609,Convenience_First,82,23,0.2804878048780488,1800.23,21.9540243902439,67.8,False,43.230762195121955,Low
CUST05361,Routine_Commuter,76,24,0.3157894736842105,1634.76,21.51,67.0,True,43.23032894736842,Low
CUST06881,Price_Sensitive,67,24,0.3582089552238806,1602.04,23.911044776119404,66.1,True,43.22585820895522,Low
CUST01987,Convenience_First,71,27,0.380281690140845,2123.69,29.91112676056338,62.5,True,43.2225176056338,Low
CUST01066,Convenience_First,90,22,0.2444444444444444,928.0,10.311111111111112,67.5,False,43.21777777777778,Low
CUST02478,Convenience_First,74,29,0.3918918918918919,1918.24,25.922162162162163,60.2,True,43.216925675675675,Low
CUST00725,Price_Sensitive,86,21,0.2441860465116279,1132.24,13.165581395348838,69.5,False,43.216191860465116,Low
CUST03286,Convenience_First,80,24,0.3,1778.73,22.234125,66.8,True,43.21375,Low
CUST01713,Price_Sensitive,80,24,0.3,1849.41,23.117625,66.8,True,43.21375,Low
CUST05610,Convenience_First,87,24,0.2758620689655172,2490.92,28.631264367816097,65.8,False,43.21323275862069,Low
CUST04587,Convenience_First,72,27,0.375,1902.49,26.423472222222223,62.6,True,43.205000000000005,Low
CUST03266,Price_Sensitive,81,25,0.3086419753086419,1845.62,22.78543209876543,65.4,True,43.19942901234568,Low
CUST02023,Price_Sensitive,77,26,0.3376623376623376,989.79,12.854415584415584,64.3,True,43.19899350649351,Low
CUST00922,Price_Sensitive,77,26,0.3376623376623376,2356.1,30.598701298701297,64.3,True,43.19899350649351,Low
CUST03779,Convenience_First,74,26,0.3513513513513513,2507.79,33.88905405405406,64.2,True,43.195304054054056,Low
CUST05136,Convenience_First,80,25,0.3125,2013.53,25.169125,65.5,True,43.19375,Low
CUST02157,Price_Sensitive,74,22,0.2972972972972973,1971.14,26.637027027027024,69.6,False,43.19314189189189,Low
CUST01869,Convenience_First,88,20,0.2272727272727272,1545.99,17.56806818181818,70.1,False,43.19090909090909,Low
CUST03627,Convenience_First,47,22,0.4680851063829787,1167.16,24.833191489361703,60.1,True,43.190904255319154,Low
CUST05589,Convenience_First,59,28,0.4745762711864407,2141.21,36.29169491525424,56.9,False,43.18680084745763,Low
CUST07331,Price_Sensitive,84,23,0.2738095238095238,1494.82,17.79547619047619,67.4,False,43.178630952380956,Low
CUST01944,Convenience_First,74,27,0.3648648648648648,2356.38,31.842972972972973,62.8,True,43.175844594594594,Low
CUST02675,Convenience_First,86,22,0.2558139534883721,1890.69,21.984767441860463,68.2,False,43.16130813953489,Low
CUST02316,Convenience_First,70,26,0.3714285714285714,1347.54,19.25057142857143,63.6,True,43.159642857142856,Low
CUST02834,Price_Sensitive,77,26,0.3376623376623376,1374.85,17.855194805194802,64.2,True,43.1589935064935,Low
CUST06511,Price_Sensitive,75,25,0.3333333333333333,1999.54,26.660533333333333,65.5,True,43.155833333333334,Low
CUST00138,Price_Sensitive,87,21,0.2413793103448276,1671.37,19.211149425287356,69.1,False,43.153922413793104,Low
CUST01874,Routine_Commuter,73,30,0.410958904109589,2016.58,27.624383561643835,58.5,False,43.15335616438356,Low
CUST06263,Price_Sensitive,73,27,0.3698630136986301,1373.91,18.82068493150685,62.6,True,43.14952054794521,Low
CUST02269,Price_Sensitive,78,22,0.282051282051282,1204.09,15.43705128205128,69.3,False,43.14580128205128,Low
CUST07473,Convenience_First,59,29,0.4915254237288136,843.25,14.292372881355933,55.1,False,43.14476694915255,Low
CUST05903,Convenience_First,66,25,0.3787878787878788,1216.94,18.438484848484848,64.2,True,43.144015151515156,Low
CUST03270,Convenience_First,79,24,0.3037974683544304,1981.72,25.08506329113924,66.7,True,43.14314873417722,Low
CUST05613,Price_Sensitive,80,24,0.3,1747.03,21.837875,66.6,True,43.13375,Low
CUST05270,Price_Sensitive,80,24,0.3,1927.56,24.0945,66.6,True,43.13375,Low
CUST06348,Price_Sensitive,80,22,0.275,2066.1,25.82625,69.1,False,43.13375,Low
CUST06243,Price_Sensitive,79,28,0.3544303797468354,1959.51,24.80392405063291,61.6,True,43.12846518987342,Low
CUST03455,Price_Sensitive,77,25,0.3246753246753247,1180.55,15.331818181818182,65.4,True,43.119512987012996,Low
CUST02962,Convenience_First,78,26,0.3333333333333333,2052.36,26.312307692307694,64.1,True,43.117083333333326,Low
CUST06816,Price_Sensitive,79,23,0.2911392405063291,844.95,10.695569620253163,67.9,False,43.11681962025317,Low
CUST02739,Price_Sensitive,75,25,0.3333333333333333,1855.43,24.739066666666663,65.4,True,43.11583333333334,Low
CUST06814,Price_Sensitive,80,25,0.3125,1876.45,23.455625,65.3,True,43.11375,Low
CUST02101,Convenience_First,82,23,0.2804878048780488,2100.81,25.61963414634146,67.5,False,43.11076219512195,Low
CUST01263,Price_Sensitive,82,23,0.2804878048780488,1884.09,22.97670731707317,67.5,False,43.11076219512195,Low
CUST04244,Price_Sensitive,86,23,0.2674418604651162,2088.67,24.28686046511628,66.9,False,43.106424418604654,Low
CUST01809,Price_Sensitive,82,22,0.2682926829268293,1526.95,18.62134146341463,68.7,False,43.10295731707318,Low
CUST00457,Price_Sensitive,75,24,0.32,1251.39,16.685200000000002,66.7,True,43.102500000000006,Low
CUST07124,Price_Sensitive,67,27,0.4029850746268656,1448.0,21.611940298507463,61.3,True,43.09690298507463,Low
CUST05890,Routine_Commuter,86,21,0.2441860465116279,903.87,10.510116279069768,69.2,False,43.09619186046512,Low
CUST02104,Routine_Commuter,86,21,0.2441860465116279,2149.14,24.99,69.2,False,43.09619186046512,Low
CUST00244,Price_Sensitive,81,23,0.2839506172839506,1734.81,21.417407407407406,67.6,False,43.091774691358026,Low
CUST01622,Convenience_First,68,24,0.3529411764705882,1750.55,25.743382352941175,65.9,True,43.09139705882354,Low
CUST05724,Convenience_First,85,21,0.2470588235294117,1376.0,16.188235294117646,69.4,False,43.08610294117648,Low
CUST01284,Price_Sensitive,75,25,0.3333333333333333,1827.8,24.370666666666665,65.3,True,43.075833333333335,Low
CUST01119,Convenience_First,74,24,0.3243243243243243,1388.86,18.768378378378376,66.6,True,43.07422297297297,Low
CUST06771,Routine_Commuter,85,23,0.2705882352941176,1863.58,21.924470588235295,67.0,False,43.06727941176471,Low
CUST04994,Convenience_First,85,23,0.2705882352941176,2147.27,25.262,67.0,False,43.06727941176471,Low
CUST06935,Convenience_First,84,21,0.25,2073.65,24.686309523809523,69.5,False,43.06625,Low
CUST07457,Price_Sensitive,74,27,0.3648648648648648,2522.86,34.0927027027027,62.5,True,43.05584459459459,Low
CUST06133,Price_Sensitive,85,20,0.2352941176470588,2609.06,30.694823529411764,70.5,False,43.05551470588236,Low
CUST06697,Convenience_First,74,25,0.3378378378378378,1819.89,24.593108108108105,65.2,True,43.054763513513514,Low
CUST01609,Routine_Commuter,87,20,0.2298850574712643,2558.37,29.40655172413793,70.0,False,43.054152298850575,Low
CUST05947,Routine_Commuter,73,25,0.3424657534246575,1649.82,22.60027397260274,65.1,True,43.0536301369863,Low
CUST01387,Convenience_First,81,23,0.2839506172839506,3000.5,37.04320987654321,67.5,False,43.05177469135803,Low
CUST03824,Convenience_First,78,24,0.3076923076923077,1891.04,24.244102564102565,66.5,True,43.051442307692305,Low
CUST00043,Convenience_First,70,27,0.3857142857142857,1577.69,22.53842857142857,61.9,True,43.051071428571426,Low
CUST02501,Price_Sensitive,84,25,0.2976190476190476,1199.98,14.28547619047619,64.7,False,43.05101190476191,Low
CUST00752,Convenience_First,79,25,0.3164556962025316,1749.36,22.14379746835443,65.2,True,43.04947784810127,Low
CUST06682,Convenience_First,72,26,0.3611111111111111,1438.17,19.974583333333335,63.6,True,43.04944444444444,Low
CUST03248,Routine_Commuter,78,25,0.3205128205128205,1321.84,16.946666666666665,65.2,True,43.04426282051282,Low
CUST02753,Price_Sensitive,77,23,0.2987012987012987,1031.74,13.39922077922078,67.8,False,43.04055194805194,Low
CUST05084,Routine_Commuter,81,25,0.3086419753086419,1746.41,21.56061728395062,65.0,True,43.03942901234568,Low
CUST07265,Price_Sensitive,82,24,0.2926829268292683,1565.37,19.089878048780488,66.1,False,43.038567073170725,Low
CUST04494,Convenience_First,81,22,0.2716049382716049,1926.79,23.78753086419753,68.7,False,43.0379475308642,Low
CUST07639,Routine_Commuter,85,22,0.2588235294117647,1545.17,18.178470588235296,68.1,False,43.03669117647059,Low
CUST02716,Convenience_First,75,31,0.4133333333333333,2352.63,31.3684,57.2,False,43.035833333333336,Low
CUST06077,Price_Sensitive,82,23,0.2804878048780488,2397.31,29.235487804878048,67.3,False,43.03076219512195,Low
CUST00731,Convenience_First,84,21,0.25,1302.04,15.50047619047619,69.4,False,43.026250000000005,Low
CUST05612,Convenience_First,63,26,0.4126984126984127,872.84,13.854603174603175,61.5,True,43.025436507936504,Low
CUST00611,Price_Sensitive,78,18,0.2307692307692307,1133.87,14.53679487179487,74.1,False,43.014519230769224,Low
CUST04309,Convenience_First,90,21,0.2333333333333333,2070.36,23.004,68.1,False,43.013333333333335,Low
CUST04833,Price_Sensitive,78,24,0.3076923076923077,1464.33,18.773461538461536,66.4,True,43.011442307692306,Low
CUST06497,Routine_Commuter,84,25,0.2976190476190476,2610.82,31.08119047619048,64.6,False,43.0110119047619,Low
CUST06469,Price_Sensitive,75,26,0.3466666666666667,1379.14,18.388533333333335,63.8,True,43.00916666666667,Low
CUST01054,Convenience_First,60,29,0.4833333333333333,1745.67,29.0945,55.3,False,43.00833333333333,Low
CUST02419,Convenience_First,67,30,0.4477611940298507,1334.04,19.911044776119404,56.6,False,43.00794776119404,Low
CUST00319,Price_Sensitive,71,22,0.3098591549295774,1030.88,14.519436619718308,69.0,True,43.005616197183095,Low
CUST01816,Convenience_First,83,20,0.2409638554216867,2265.35,27.293373493975903,70.7,False,43.00230421686747,Low
CUST04305,Convenience_First,77,22,0.2857142857142857,2283.98,29.662077922077923,69.0,False,43.001071428571436,Low
CUST07615,Convenience_First,77,23,0.2987012987012987,990.53,12.864025974025974,67.7,False,43.00055194805195,Low
CUST03289,Price_Sensitive,68,25,0.3676470588235294,809.58,11.905588235294118,64.2,True,42.999632352941184,Low
CUST03596,Convenience_First,77,27,0.3506493506493506,2018.15,26.20974025974026,62.5,True,42.99847402597402,Low
CUST07276,Convenience_First,80,25,0.3125,2501.5,31.26875,65.0,True,42.99375,Low
CUST04886,Routine_Commuter,80,21,0.2625,2186.05,27.325625,70.0,False,42.99375,Low
CUST00497,Convenience_First,74,22,0.2972972972972973,1266.38,17.113243243243243,69.1,False,42.993141891891895,Low
CUST03501,Routine_Commuter,84,23,0.2738095238095238,1883.13,22.41821428571429,66.9,False,42.97863095238095,Low
CUST06487,Price_Sensitive,78,23,0.2948717948717949,2705.56,34.68666666666667,67.6,False,42.97862179487179,Low
CUST04560,Convenience_First,86,21,0.2441860465116279,1480.72,17.217674418604652,68.9,False,42.976191860465114,Low
CUST06104,Convenience_First,87,20,0.2298850574712643,2483.22,28.542758620689657,69.8,False,42.974152298850576,Low
CUST02261,Routine_Commuter,80,26,0.325,2056.41,25.705125,63.7,True,42.97375,Low
CUST03602,Convenience_First,83,23,0.2771084337349397,1284.12,15.471325301204818,67.0,False,42.96808734939759,Low
CUST00304,Price_Sensitive,78,21,0.2692307692307692,1666.79,21.369102564102565,70.1,False,42.95298076923076,Low
CUST01975,Convenience_First,76,24,0.3157894736842105,1705.33,22.438552631578947,66.3,True,42.95032894736842,Low
CUST01538,Price_Sensitive,84,20,0.238095238095238,1180.54,14.05404761904762,70.4,False,42.95005952380952,Low
CUST06236,Convenience_First,71,28,0.3943661971830985,1335.74,18.81323943661972,60.4,True,42.94589788732394,Low
CUST07311,Price_Sensitive,76,23,0.3026315789473684,2448.08,32.21157894736842,67.6,True,42.94401315789474,Low
CUST06283,Convenience_First,84,23,0.2738095238095238,2071.08,24.65571428571429,66.8,False,42.93863095238095,Low
CUST01588,Price_Sensitive,74,27,0.3648648648648648,2165.76,29.26702702702703,62.2,True,42.93584459459459,Low
CUST04255,Convenience_First,81,23,0.2839506172839506,1018.05,12.568518518518518,67.2,False,42.93177469135803,Low
CUST02033,Convenience_First,84,25,0.2976190476190476,2148.45,25.576785714285712,64.4,False,42.93101190476191,Low
CUST07354,Price_Sensitive,79,25,0.3164556962025316,1769.53,22.39911392405063,64.9,True,42.92947784810127,Low
CUST01447,Routine_Commuter,82,25,0.3048780487804878,1649.32,20.11365853658537,64.6,True,42.92637195121951,Low
CUST07083,Convenience_First,79,20,0.2531645569620253,2688.12,34.026835443037974,71.2,False,42.917832278481015,Low
CUST06159,Price_Sensitive,66,27,0.4090909090909091,2142.21,32.457727272727276,60.6,True,42.91613636363637,Low
CUST06251,Convenience_First,61,30,0.4918032786885246,1401.99,22.983442622950815,53.9,False,42.915881147540986,Low
CUST04349,Convenience_First,80,21,0.2625,1297.05,16.213124999999998,69.8,False,42.91375,Low
CUST04807,Price_Sensitive,67,22,0.3283582089552239,1609.08,24.016119402985073,68.3,True,42.91182835820896,Low
CUST03339,Price_Sensitive,91,18,0.1978021978021978,1950.81,21.43747252747253,70.9,False,42.909587912087915,Low
CUST03214,Convenience_First,82,22,0.2682926829268293,2405.28,29.33268292682927,68.2,False,42.902957317073174,Low
CUST00792,Convenience_First,71,26,0.3661971830985915,1631.58,22.98,63.1,True,42.89913732394366,Low
CUST01439,Convenience_First,78,23,0.2948717948717949,1697.91,21.76807692307693,67.4,False,42.8986217948718,Low
CUST07291,Convenience_First,72,24,0.3333333333333333,1627.25,22.600694444444443,66.0,True,42.89833333333333,Low
CUST03959,Convenience_First,58,24,0.4137931034482758,1324.07,22.828793103448273,62.5,True,42.89797413793103,Low
CUST07122,Convenience_First,76,22,0.2894736842105263,2461.91,32.39355263157895,68.8,False,42.89769736842105,Low
CUST07978,Routine_Commuter,73,28,0.3835616438356164,1815.26,24.866575342465755,60.6,True,42.897465753424655,Low
CUST01461,Price_Sensitive,70,24,0.3428571428571428,2427.66,34.68085714285714,65.8,True,42.89678571428571,Low
CUST02432,Price_Sensitive,80,20,0.25,2604.78,32.55975,71.0,False,42.893750000000004,Low
CUST05012,Routine_Commuter,80,24,0.3,2200.64,27.508,66.0,True,42.893750000000004,Low
CUST07271,Convenience_First,79,22,0.2784810126582278,1349.99,17.088481012658228,68.6,False,42.89049050632911,Low
CUST01535,Convenience_First,60,29,0.4833333333333333,1407.74,23.462333333333333,55.0,False,42.88833333333333,Low
CUST01413,Routine_Commuter,83,22,0.2650602409638554,2356.05,28.386144578313257,68.0,False,42.88615963855422,Low
CUST03883,Convenience_First,86,22,0.2558139534883721,1972.25,22.93313953488372,67.5,False,42.88130813953489,Low
CUST04042,Price_Sensitive,77,22,0.2857142857142857,1836.48,23.85038961038961,68.7,False,42.88107142857143,Low
CUST07529,Routine_Commuter,78,20,0.2564102564102564,1672.54,21.44282051282051,71.2,False,42.88016025641026,Low
CUST00323,Price_Sensitive,82,19,0.2317073170731707,1513.8,18.460975609756098,71.8,False,42.879542682926825,Low
CUST02787,Price_Sensitive,73,23,0.3150684931506849,1993.45,27.307534246575344,67.4,True,42.8777397260274,Low
CUST07588,Routine_Commuter,85,22,0.2588235294117647,1261.89,14.845764705882354,67.7,False,42.876691176470594,Low
CUST00663,Routine_Commuter,81,19,0.2345679012345679,2174.07,26.840370370370373,72.0,False,42.87646604938272,Low
CUST03579,Convenience_First,74,28,0.3783783783783784,1553.13,20.988243243243243,60.7,True,42.87638513513514,Low
CUST06409,Price_Sensitive,75,22,0.2933333333333333,1430.02,19.066933333333335,68.8,False,42.87583333333333,Low
CUST00739,Price_Sensitive,89,15,0.1685393258426966,2197.05,24.68595505617978,74.7,False,42.874073033707866,Low
CUST07512,Price_Sensitive,79,21,0.2658227848101265,1919.35,24.295569620253165,69.8,False,42.864161392405066,Low
CUST05190,Convenience_First,70,28,0.4,1824.59,26.065571428571428,60.0,True,42.8625,Low
CUST07358,Convenience_First,72,24,0.3333333333333333,2146.78,29.81638888888889,65.9,True,42.858333333333334,Low
CUST00314,Price_Sensitive,74,23,0.3108108108108108,1523.56,20.588648648648647,67.4,True,42.853682432432436,Low
CUST01433,Convenience_First,61,26,0.4262295081967213,1541.11,25.264098360655737,60.3,True,42.85293032786885,Low
CUST00916,Routine_Commuter,83,25,0.3012048192771084,2222.08,26.772048192771084,64.3,True,42.85194277108434,Low
CUST06951,Routine_Commuter,84,25,0.2976190476190476,1821.9,21.689285714285717,64.2,False,42.851011904761904,Low
CUST02107,Price_Sensitive,73,22,0.3013698630136986,2154.88,29.51890410958904,68.7,True,42.849794520547945,Low
CUST06193,Convenience_First,66,29,0.4393939393939394,2267.59,34.357424242424244,57.4,False,42.84825757575757,Low
CUST00872,Convenience_First,82,20,0.2439024390243902,1894.3,23.10121951219512,70.5,False,42.847347560975614,Low
CUST02226,Price_Sensitive,77,25,0.3246753246753247,2201.37,28.589220779220778,64.7,True,42.839512987012995,Low
CUST01303,Convenience_First,82,24,0.2926829268292683,2040.18,24.880243902439027,65.6,False,42.83856707317073,Low
CUST05917,Routine_Commuter,85,22,0.2588235294117647,1784.63,20.99564705882353,67.6,False,42.83669117647059,Low
CUST04011,Convenience_First,80,27,0.3375,2095.86,26.19825,62.1,True,42.83375,Low
CUST04035,Price_Sensitive,78,21,0.2692307692307692,1409.04,18.064615384615383,69.8,False,42.83298076923077,Low
CUST02582,Price_Sensitive,76,22,0.2894736842105263,892.0,11.736842105263158,68.6,False,42.81769736842105,Low
CUST00335,Price_Sensitive,71,25,0.352112676056338,1848.84,26.04,64.3,True,42.815757042253516,Low
CUST03637,Convenience_First,69,24,0.3478260869565217,2271.87,32.92565217391304,65.4,True,42.81554347826087,Low
CUST02190,Price_Sensitive,87,18,0.2068965517241379,954.65,10.972988505747129,71.7,False,42.814612068965516,Low
CUST00228,Price_Sensitive,80,20,0.25,906.92,11.3365,70.8,False,42.81375,Low
CUST07380,Convenience_First,80,26,0.325,1814.08,22.676,63.3,True,42.81375,Low
CUST06028,Price_Sensitive,81,23,0.2839506172839506,1599.83,19.750987654320987,66.9,False,42.81177469135803,Low
CUST03472,Convenience_First,75,26,0.3466666666666667,2146.33,28.617733333333337,63.3,True,42.80916666666667,Low
CUST02986,Price_Sensitive,86,19,0.2209302325581395,1518.11,17.652441860465114,70.8,False,42.80595930232558,Low
CUST07425,Routine_Commuter,75,22,0.2933333333333333,1564.31,20.857466666666667,68.6,False,42.795833333333334,Low
CUST01740,Price_Sensitive,63,24,0.3809523809523809,2106.74,33.44031746031746,64.1,True,42.79559523809523,Low
CUST07570,Convenience_First,68,26,0.3823529411764705,2849.97,41.91132352941176,62.2,True,42.787867647058825,Low
CUST04920,Price_Sensitive,81,24,0.2962962962962963,2244.8,27.713580246913583,65.6,False,42.78560185185185,Low
CUST05312,Convenience_First,60,25,0.4166666666666667,1492.16,24.869333333333337,61.4,True,42.78166666666667,Low
CUST01030,Convenience_First,71,26,0.3661971830985915,2704.58,38.09267605633803,62.8,True,42.77913732394366,Low
CUST06059,Price_Sensitive,78,23,0.2948717948717949,1484.39,19.030641025641028,67.1,False,42.778621794871796,Low
CUST02933,Price_Sensitive,65,23,0.3538461538461538,1627.97,25.04569230769231,66.1,True,42.777596153846154,Low
CUST00519,Price_Sensitive,80,22,0.275,1039.42,12.99275,68.2,False,42.77375,Low
CUST04064,Convenience_First,72,26,0.3611111111111111,1119.9,15.554166666666667,62.9,True,42.76944444444444,Low
CUST00012,Price_Sensitive,86,19,0.2209302325581395,2184.4,25.4,70.7,False,42.765959302325584,Low
CUST04632,Price_Sensitive,76,26,0.3421052631578947,1672.33,22.004342105263156,63.2,True,42.76296052631579,Low
CUST06999,Routine_Commuter,88,18,0.2045454545454545,2332.52,26.50590909090909,71.3,False,42.761818181818185,Low
CUST01472,Price_Sensitive,84,17,0.2023809523809523,1403.03,16.702738095238097,73.5,False,42.76148809523809,Low
CUST01057,Convenience_First,81,22,0.2716049382716049,1446.68,17.860246913580248,68.0,False,42.7579475308642,Low
CUST03612,Price_Sensitive,81,19,0.2345679012345679,1650.02,20.37061728395062,71.7,False,42.756466049382716,Low
CUST04132,Price_Sensitive,76,24,0.3157894736842105,1199.25,15.779605263157896,65.8,True,42.750328947368416,Low
CUST07364,Convenience_First,61,27,0.4426229508196721,1273.41,20.875573770491805,58.4,False,42.74866803278688,Low
CUST05673,Convenience_First,72,22,0.3055555555555556,2117.69,29.41236111111111,68.4,True,42.74722222222223,Low
CUST04831,Price_Sensitive,81,21,0.2592592592592592,2242.91,27.690246913580246,69.2,False,42.744120370370375,Low
CUST05386,Convenience_First,76,23,0.3026315789473684,1786.88,23.511578947368424,67.1,True,42.744013157894734,Low
CUST00890,Price_Sensitive,75,24,0.32,1759.68,23.4624,65.8,True,42.74250000000001,Low
CUST05076,Price_Sensitive,75,21,0.28,2002.35,26.698,69.8,False,42.74250000000001,Low
CUST07318,Price_Sensitive,78,23,0.2948717948717949,1339.99,17.179358974358973,67.0,False,42.73862179487179,Low
CUST02485,Price_Sensitive,78,23,0.2948717948717949,1878.05,24.077564102564104,67.0,False,42.73862179487179,Low
CUST05763,Convenience_First,72,24,0.3333333333333333,1750.51,24.312638888888888,65.6,True,42.73833333333333,Low
CUST02405,Convenience_First,86,21,0.2441860465116279,1978.43,23.005,68.3,False,42.73619186046512,Low
CUST07347,Convenience_First,82,21,0.2560975609756097,1968.4,24.00487804878049,69.0,False,42.73515243902439,Low
CUST04415,Convenience_First,69,28,0.4057971014492754,1695.62,24.574202898550723,59.4,False,42.73438405797102,Low
CUST03986,Price_Sensitive,71,24,0.3380281690140845,1896.46,26.710704225352114,65.5,True,42.732376760563376,Low
CUST04048,Price_Sensitive,70,27,0.3857142857142857,1013.08,14.47257142857143,61.1,True,42.731071428571425,Low
CUST01407,Convenience_First,79,22,0.2784810126582278,1409.44,17.84101265822785,68.2,False,42.73049050632911,Low
CUST05006,Price_Sensitive,72,19,0.2638888888888889,2186.52,30.368333333333332,72.5,False,42.720555555555556,Low
CUST02988,Convenience_First,77,24,0.3116883116883117,2194.54,28.50051948051948,65.7,True,42.72003246753246,Low
CUST03005,Price_Sensitive,68,25,0.3676470588235294,1413.08,20.78058823529412,63.5,True,42.71963235294118,Low
CUST04361,Convenience_First,68,25,0.3676470588235294,1749.71,25.731029411764705,63.5,True,42.71963235294118,Low
CUST07757,Price_Sensitive,75,25,0.3333333333333333,1449.37,19.32493333333333,64.4,True,42.715833333333336,Low
CUST00651,Convenience_First,87,21,0.2413793103448276,2939.16,33.783448275862064,68.0,False,42.71392241379311,Low
CUST00937,Routine_Commuter,80,27,0.3375,1329.85,16.623124999999998,61.8,True,42.71375,Low
CUST01710,Routine_Commuter,84,20,0.238095238095238,2185.39,26.016547619047618,69.8,False,42.71005952380952,Low
CUST01934,Price_Sensitive,81,21,0.2592592592592592,1429.17,17.644074074074076,69.1,False,42.70412037037037,Low
CUST03831,Price_Sensitive,75,21,0.28,2004.48,26.7264,69.7,False,42.70250000000001,Low
CUST06217,Routine_Commuter,78,23,0.2948717948717949,1295.21,16.60525641025641,66.9,False,42.6986217948718,Low
CUST05170,Price_Sensitive,70,24,0.3428571428571428,1453.44,20.763428571428573,65.3,True,42.69678571428571,Low
CUST02209,Convenience_First,74,23,0.3108108108108108,1270.92,17.174594594594595,67.0,True,42.69368243243243,Low
CUST03002,Price_Sensitive,79,22,0.2784810126582278,2091.18,26.470632911392403,68.1,False,42.69049050632911,Low
CUST07645,Price_Sensitive,86,19,0.2209302325581395,1220.84,14.19581395348837,70.5,False,42.685959302325585,Low
CUST06637,Convenience_First,64,24,0.375,1444.51,22.57046875,64.1,True,42.685,Low
CUST00665,Convenience_First,77,25,0.3246753246753247,1675.33,21.757532467532467,64.3,True,42.679512987012984,Low
CUST03267,Price_Sensitive,77,25,0.3246753246753247,1328.22,17.24961038961039,64.3,True,42.679512987012984,Low
CUST07067,Price_Sensitive,75,19,0.2533333333333333,1281.29,17.083866666666665,72.3,False,42.67583333333334,Low
CUST02952,Convenience_First,78,21,0.2692307692307692,2208.62,28.315641025641025,69.4,False,42.672980769230776,Low
CUST00934,Convenience_First,76,23,0.3026315789473684,1771.29,23.30644736842105,66.9,True,42.66401315789474,Low
CUST06546,Price_Sensitive,68,23,0.3382352941176471,1283.73,18.878382352941177,66.3,True,42.66316176470588,Low
CUST01781,Convenience_First,67,27,0.4029850746268656,1697.05,25.32910447761194,60.2,True,42.65690298507463,Low
CUST03811,Convenience_First,72,25,0.3472222222222222,2389.38,33.185833333333335,64.0,True,42.65388888888889,Low
CUST00689,Convenience_First,83,21,0.253012048192771,2792.67,33.6466265060241,68.6,False,42.64423192771084,Low
CUST06513,Price_Sensitive,77,21,0.2727272727272727,2471.68,32.09974025974026,69.4,False,42.64159090909091,Low
CUST00320,Price_Sensitive,77,21,0.2727272727272727,1766.41,22.940389610389612,69.4,False,42.64159090909091,Low
CUST01565,Price_Sensitive,77,22,0.2857142857142857,2530.5299999999997,32.86402597402597,68.1,False,42.64107142857142,Low
CUST05826,Price_Sensitive,70,26,0.3714285714285714,1720.14,24.57342857142857,62.3,True,42.63964285714285,Low
CUST00311,Routine_Commuter,82,24,0.2926829268292683,1921.25,23.429878048780488,65.1,False,42.638567073170734,Low
CUST03879,Price_Sensitive,67,23,0.3432835820895522,2500.47,37.320447761194025,66.1,True,42.628843283582086,Low
CUST04713,Convenience_First,68,26,0.3823529411764705,2015.41,29.63838235294118,61.8,True,42.62786764705882,Low
CUST06594,Price_Sensitive,79,21,0.2658227848101265,1207.55,15.285443037974684,69.2,False,42.624161392405064,Low
CUST01549,Price_Sensitive,55,21,0.3818181818181818,1276.68,23.212363636363637,65.7,True,42.62022727272728,Low
CUST03498,Convenience_First,71,26,0.3661971830985915,1963.92,27.660845070422535,62.4,True,42.61913732394366,Low
CUST03899,Price_Sensitive,67,27,0.4029850746268656,2208.57,32.963731343283584,60.1,True,42.61690298507463,Low
CUST03433,Price_Sensitive,70,24,0.3428571428571428,980.6,14.008571428571427,65.1,True,42.61678571428571,Low
CUST03522,Convenience_First,76,28,0.3684210526315789,1657.05,21.80328947368421,60.2,True,42.61559210526316,Low
CUST00113,Price_Sensitive,80,24,0.3,1421.45,17.768125,65.3,True,42.61375,Low
CUST00245,Price_Sensitive,80,24,0.3,1144.38,14.304750000000002,65.3,True,42.61375,Low
CUST05239,Price_Sensitive,68,24,0.3529411764705882,1091.82,16.056176470588234,64.7,True,42.611397058823535,Low
CUST03086,Price_Sensitive,79,22,0.2784810126582278,888.73,11.249746835443036,67.9,False,42.610490506329114,Low
CUST05837,Price_Sensitive,66,27,0.4090909090909091,1653.34,25.05060606060606,59.8,False,42.59613636363637,Low
CUST02028,Convenience_First,80,23,0.2875,2239.86,27.99825,66.5,False,42.59375,Low
CUST00358,Routine_Commuter,76,24,0.3157894736842105,2152.36,28.320526315789476,65.4,True,42.59032894736842,Low
CUST04575,Convenience_First,59,27,0.4576271186440678,1587.18,26.90135593220339,57.1,False,42.58883474576272,Low
CUST03155,Convenience_First,70,25,0.3571428571428571,1736.02,24.80028571428571,63.6,True,42.58821428571429,Low
CUST07490,Convenience_First,81,21,0.2592592592592592,2601.99,32.12333333333333,68.8,False,42.58412037037037,Low
CUST02704,Convenience_First,69,22,0.3188405797101449,1117.59,16.19695652173913,67.7,True,42.576123188405795,Low
CUST02113,Price_Sensitive,85,20,0.2352941176470588,2320.11,27.29541176470588,69.3,False,42.575514705882355,Low
CUST06693,Price_Sensitive,87,18,0.2068965517241379,1236.08,14.207816091954022,71.1,False,42.574612068965514,Low
CUST07313,Price_Sensitive,87,20,0.2298850574712643,1873.94,21.53954022988506,68.8,False,42.57415229885057,Low
CUST07184,Routine_Commuter,80,22,0.275,1691.41,21.142625,67.7,False,42.573750000000004,Low
CUST06587,Convenience_First,63,22,0.3492063492063492,1015.15,16.113492063492064,66.7,True,42.565753968253965,Low
CUST01945,Price_Sensitive,84,17,0.2023809523809523,1286.41,15.314404761904765,73.0,False,42.5614880952381,Low
CUST03568,Price_Sensitive,77,23,0.2987012987012987,986.0,12.805194805194803,66.6,False,42.56055194805195,Low
CUST02449,Convenience_First,76,25,0.3289473684210526,1313.22,17.27921052631579,64.0,True,42.5566447368421,Low
CUST02620,Price_Sensitive,75,22,0.2933333333333333,2488.82,33.184266666666666,68.0,False,42.55583333333334,Low
CUST01294,Price_Sensitive,74,22,0.2972972972972973,1936.94,26.174864864864865,68.0,False,42.5531418918919,Low
CUST01223,Price_Sensitive,82,18,0.2195121951219512,1896.82,23.131951219512196,72.2,False,42.55173780487805,Low
CUST00048,Price_Sensitive,84,20,0.238095238095238,2350.64,27.983809523809523,69.4,False,42.55005952380952,Low
CUST01943,Price_Sensitive,67,24,0.3582089552238806,1568.47,23.41,64.4,True,42.54585820895523,Low
CUST05046,Price_Sensitive,79,18,0.2278481012658227,1713.85,21.69430379746835,72.8,False,42.54517405063291,Low
CUST05897,Price_Sensitive,72,23,0.3194444444444444,1609.45,22.353472222222223,66.5,True,42.54277777777778,Low
CUST02813,Price_Sensitive,70,21,0.3,1476.84,21.09771428571429,69.2,True,42.542500000000004,Low
CUST04532,Convenience_First,71,26,0.3661971830985915,1344.09,18.930845070422535,62.2,True,42.53913732394366,Low
CUST02494,Convenience_First,50,22,0.44,1481.17,29.6234,60.8,True,42.53625,Low
CUST06574,Price_Sensitive,80,22,0.275,1563.74,19.54675,67.6,False,42.53375,Low
CUST07510,Convenience_First,73,25,0.3424657534246575,1916.63,26.25520547945205,63.8,True,42.533630136986304,Low
CUST03629,Price_Sensitive,81,20,0.2469135802469135,2131.69,26.31716049382716,69.9,False,42.53029320987655,Low
CUST05260,Price_Sensitive,75,23,0.3066666666666666,1109.58,14.7944,66.6,True,42.52916666666667,Low
CUST06336,Price_Sensitive,65,22,0.3384615384615385,1050.83,16.166615384615383,67.0,True,42.52221153846155,Low
CUST04604,Convenience_First,73,26,0.3561643835616438,2116.57,28.9941095890411,62.4,True,42.52157534246575,Low
CUST07371,Price_Sensitive,78,20,0.2564102564102564,2000.29,25.64474358974359,70.3,False,42.52016025641025,Low
CUST00249,Price_Sensitive,82,19,0.2317073170731707,2103.32,25.650243902439023,70.9,False,42.519542682926826,Low
CUST04700,Price_Sensitive,79,23,0.2911392405063291,1412.59,17.880886075949366,66.4,False,42.516819620253166,Low
CUST03934,Convenience_First,76,25,0.3289473684210526,3023.41,39.781710526315784,63.9,True,42.5166447368421,Low
CUST05714,Convenience_First,76,24,0.3157894736842105,2620.75,34.483552631578945,65.2,True,42.51032894736842,Low
CUST06226,Price_Sensitive,70,25,0.3571428571428571,962.33,13.74757142857143,63.4,True,42.50821428571428,Low
CUST00887,Price_Sensitive,70,24,0.3428571428571428,1881.45,26.877857142857145,64.8,True,42.49678571428571,Low
CUST05479,Price_Sensitive,71,25,0.352112676056338,1954.73,27.531408450704227,63.5,True,42.49575704225352,Low
CUST03735,Convenience_First,64,26,0.40625,1709.74,26.7146875,60.5,True,42.495000000000005,Low
CUST07253,Convenience_First,57,26,0.4561403508771929,1488.17,26.108245614035088,57.5,False,42.485614035087714,Low
CUST01644,Price_Sensitive,71,21,0.2957746478873239,1504.73,21.193380281690143,69.1,False,42.48223591549296,Low
CUST00213,Price_Sensitive,77,23,0.2987012987012987,1210.0,15.714285714285714,66.4,False,42.480551948051954,Low
CUST00902,Convenience_First,83,19,0.2289156626506024,2413.95,29.083734939759033,70.6,False,42.48037650602409,Low
CUST04236,Convenience_First,75,22,0.2933333333333333,1920.64,25.608533333333337,67.8,False,42.475833333333334,Low
CUST05303,Routine_Commuter,84,19,0.2261904761904762,2811.39,33.46892857142857,70.4,False,42.473869047619054,Low
CUST07976,Routine_Commuter,78,21,0.2692307692307692,1926.72,24.701538461538465,68.9,False,42.47298076923077,Low
CUST07246,Convenience_First,76,24,0.3157894736842105,1638.97,21.565394736842105,65.1,True,42.470328947368415,Low
CUST06654,Price_Sensitive,67,23,0.3432835820895522,1168.14,17.43492537313433,65.7,True,42.46884328358209,Low
CUST07374,Convenience_First,61,27,0.4426229508196721,2197.06,36.017377049180325,57.7,False,42.468668032786894,Low
CUST04275,Convenience_First,85,23,0.2705882352941176,2325.33,27.356823529411763,65.5,False,42.46727941176471,Low
CUST07910,Convenience_First,73,24,0.3287671232876712,1123.19,15.386164383561644,65.0,True,42.46568493150684,Low
CUST01323,Price_Sensitive,82,22,0.2682926829268293,2199.73,26.8259756097561,67.1,False,42.462957317073176,Low
CUST07189,Convenience_First,75,21,0.28,2281.03,30.413733333333337,69.1,False,42.462500000000006,Low
CUST06019,Price_Sensitive,63,19,0.3015873015873015,1039.53,16.50047619047619,71.2,True,42.460992063492064,Low
CUST05371,Convenience_First,55,21,0.3818181818181818,1901.14,34.56618181818182,65.3,True,42.46022727272727,Low
CUST04007,Convenience_First,80,22,0.275,2015.82,25.19775,67.4,False,42.45375000000001,Low
CUST02578,Price_Sensitive,74,21,0.2837837837837837,1221.62,16.508378378378378,69.1,False,42.45260135135135,Low
CUST02046,Price_Sensitive,73,22,0.3013698630136986,1647.11,22.563150684931504,67.7,True,42.44979452054795,Low
CUST01377,Price_Sensitive,82,20,0.2439024390243902,1595.1,19.452439024390245,69.5,False,42.44734756097561,Low
CUST00078,Convenience_First,72,27,0.375,1811.93,25.165694444444444,60.7,True,42.445,Low
CUST03925,Price_Sensitive,71,21,0.2957746478873239,1743.09,24.550563380281687,69.0,False,42.44223591549295,Low
CUST06542,Convenience_First,88,18,0.2045454545454545,2301.62,26.154772727272725,70.5,False,42.441818181818185,Low
CUST02660,Price_Sensitive,82,19,0.2317073170731707,1954.01,23.82939024390244,70.7,False,42.43954268292683,Low
CUST01500,Convenience_First,81,22,0.2716049382716049,1291.18,15.940493827160497,67.2,False,42.4379475308642,Low
CUST02551,Convenience_First,73,24,0.3287671232876712,1595.34,21.853972602739724,64.9,True,42.42568493150685,Low
CUST00954,Convenience_First,67,26,0.3880597014925373,1262.91,18.84940298507463,61.1,True,42.4198880597015,Low
CUST02765,Price_Sensitive,66,24,0.3636363636363636,1087.72,16.48060606060606,63.9,True,42.41795454545455,Low
CUST06227,Price_Sensitive,76,22,0.2894736842105263,1675.79,22.049868421052633,67.6,False,42.41769736842105,Low
CUST07201,Convenience_First,70,24,0.3428571428571428,1658.55,23.693571428571428,64.6,True,42.41678571428571,Low
CUST03584,Convenience_First,70,24,0.3428571428571428,2917.34,41.67628571428572,64.6,True,42.41678571428571,Low
CUST05620,Routine_Commuter,69,22,0.3188405797101449,1828.66,26.50231884057971,67.3,True,42.4161231884058,Low
CUST06329,Convenience_First,85,20,0.2352941176470588,2405.85,28.304117647058824,68.9,False,42.41551470588236,Low
CUST05791,Convenience_First,80,24,0.3,1731.92,21.649,64.8,True,42.41375,Low
CUST01596,Convenience_First,80,22,0.275,2423.89,30.298625,67.3,False,42.41375,Low
CUST01316,Price_Sensitive,78,24,0.3076923076923077,1664.53,21.34012820512821,64.9,True,42.41144230769231,Low
CUST03864,Price_Sensitive,73,22,0.3013698630136986,1578.54,21.623835616438356,67.6,True,42.40979452054794,Low
CUST05921,Routine_Commuter,75,20,0.2666666666666666,2456.56,32.754133333333336,70.3,False,42.409166666666664,Low
CUST05327,Convenience_First,71,23,0.323943661971831,1439.01,20.26774647887324,66.1,True,42.408996478873235,Low
CUST04716,Routine_Commuter,71,23,0.323943661971831,1799.62,25.34676056338028,66.1,True,42.408996478873235,Low
CUST01124,Price_Sensitive,83,23,0.2771084337349397,1539.06,18.54289156626506,65.6,False,42.40808734939759,Low
CUST04866,Convenience_First,78,25,0.3205128205128205,2070.62,26.546410256410255,63.6,True,42.40426282051282,Low
CUST06930,Convenience_First,83,20,0.2409638554216867,2617.8,31.53975903614458,69.2,False,42.40230421686747,Low
CUST03749,Price_Sensitive,85,22,0.2588235294117647,1439.5,16.935294117647057,66.5,False,42.39669117647059,Low
CUST01091,Convenience_First,75,22,0.2933333333333333,2036.87,27.15826666666667,67.6,False,42.395833333333336,Low
CUST02136,Convenience_First,68,22,0.3235294117647059,1641.45,24.138970588235296,67.1,True,42.39492647058824,Low
CUST01802,Price_Sensitive,74,22,0.2972972972972973,2024.66,27.36027027027027,67.6,False,42.393141891891894,Low
CUST01683,Price_Sensitive,79,18,0.2278481012658227,2218.59,28.083417721518988,72.4,False,42.38517405063291,Low
CUST02280,Convenience_First,65,26,0.4,1334.57,20.531846153846153,60.5,True,42.383750000000006,Low
CUST03961,Price_Sensitive,75,24,0.32,615.62,8.208266666666667,64.9,True,42.38250000000001,Low
CUST06845,Convenience_First,63,27,0.4285714285714285,1345.92,21.363809523809525,58.3,False,42.380357142857136,Low
CUST06689,Convenience_First,57,23,0.4035087719298245,1053.78,18.487368421052633,62.5,True,42.38035087719299,Low
CUST02385,Convenience_First,70,24,0.3428571428571428,2629.78,37.568285714285715,64.5,True,42.37678571428571,Low
CUST03797,Routine_Commuter,80,24,0.3,1988.17,24.852125,64.7,True,42.37375,Low
CUST05655,Convenience_First,68,24,0.3529411764705882,1816.66,26.71558823529412,64.1,True,42.37139705882353,Low
CUST07522,Convenience_First,56,25,0.4464285714285714,773.31,13.809107142857142,58.4,False,42.36339285714286,Low
CUST03921,Convenience_First,71,21,0.2957746478873239,2006.42,28.25943661971831,68.8,False,42.36223591549295,Low
CUST05066,Convenience_First,77,21,0.2727272727272727,2328.49,30.240129870129863,68.7,False,42.36159090909091,Low
CUST03947,Routine_Commuter,77,25,0.3246753246753247,1681.11,21.8325974025974,63.5,True,42.35951298701299,Low
CUST00032,Convenience_First,75,25,0.3333333333333333,1693.49,22.579866666666668,63.5,True,42.35583333333334,Low
CUST02181,Price_Sensitive,82,23,0.2804878048780488,2105.34,25.67487804878049,65.6,False,42.35076219512195,Low
CUST00214,Price_Sensitive,66,26,0.3939393939393939,2060.06,31.2130303030303,60.7,True,42.35007575757576,Low
CUST04201,Price_Sensitive,82,17,0.2073170731707317,2026.3,24.710975609756098,72.9,False,42.34393292682927,Low
CUST04616,Convenience_First,65,26,0.4,1591.9,24.49076923076923,60.4,True,42.34375,Low
CUST04223,Convenience_First,73,21,0.2876712328767123,2117.08,29.00109589041096,68.8,False,42.34184931506849,Low
CUST01679,Price_Sensitive,68,20,0.2941176470588235,1813.08,26.662941176470586,69.9,False,42.338455882352946,Low
CUST06524,Convenience_First,76,22,0.2894736842105263,1774.43,23.347763157894736,67.4,False,42.33769736842106,Low
CUST02457,Convenience_First,68,27,0.3970588235294117,2036.07,29.94220588235294,59.6,False,42.33610294117647,Low
CUST03927,Convenience_First,68,24,0.3529411764705882,1625.18,23.899705882352944,64.0,True,42.33139705882353,Low
CUST03076,Convenience_First,62,23,0.3709677419354839,2443.9,39.417741935483875,64.2,True,42.33120967741936,Low
CUST01619,Convenience_First,81,20,0.2469135802469135,1508.47,18.623086419753086,69.4,False,42.33029320987655,Low
CUST07558,Convenience_First,72,26,0.3611111111111111,1834.19,25.47486111111111,61.8,True,42.32944444444444,Low
CUST04695,Convenience_First,67,30,0.4477611940298507,2250.41,33.58820895522388,54.9,False,42.32794776119403,Low
CUST03935,Convenience_First,70,23,0.3285714285714285,3246.5,46.378571428571426,65.8,True,42.32535714285714,Low
CUST04687,Price_Sensitive,77,21,0.2727272727272727,1998.5,25.954545454545453,68.6,False,42.3215909090909,Low
CUST03292,Convenience_First,84,17,0.2023809523809523,1660.32,19.765714285714285,72.4,False,42.321488095238095,Low
CUST02915,Convenience_First,68,25,0.3676470588235294,1671.55,24.581617647058824,62.5,True,42.31963235294118,Low
CUST06457,Price_Sensitive,82,19,0.2317073170731707,2750.97,33.54841463414634,70.4,False,42.31954268292683,Low
CUST06607,Price_Sensitive,81,22,0.2716049382716049,1091.11,13.470493827160492,66.9,False,42.3179475308642,Low
CUST02282,Convenience_First,80,21,0.2625,1632.7,20.40875,68.3,False,42.31375,Low
CUST02358,Convenience_First,68,26,0.3823529411764705,1600.14,23.531470588235297,61.0,True,42.30786764705883,Low
CUST07183,Convenience_First,68,23,0.3382352941176471,1950.15,28.678676470588236,65.4,True,42.30316176470589,Low
CUST02780,Convenience_First,76,22,0.2894736842105263,1127.4,14.834210526315792,67.3,False,42.297697368421055,Low
CUST07427,Price_Sensitive,62,24,0.3870967741935484,1061.18,17.115806451612904,62.5,True,42.296370967741936,Low
CUST01698,Convenience_First,71,25,0.352112676056338,1870.1,26.33943661971831,63.0,True,42.29575704225352,Low
CUST04185,Convenience_First,53,21,0.3962264150943396,1879.09,35.45452830188679,63.9,True,42.29530660377358,Low
CUST03813,Convenience_First,72,25,0.3472222222222222,1556.5,21.618055555555557,63.1,True,42.293888888888894,Low
CUST06589,Convenience_First,66,23,0.3484848484848485,1885.31,28.565303030303028,65.1,True,42.291893939393944,Low
CUST07657,Convenience_First,68,24,0.3529411764705882,1711.57,25.170147058823527,63.9,True,42.291397058823534,Low
CUST04246,Convenience_First,75,23,0.3066666666666666,1542.91,20.572133333333333,66.0,True,42.28916666666667,Low
CUST07844,Price_Sensitive,71,23,0.323943661971831,1423.94,20.05549295774648,65.8,True,42.28899647887324,Low
CUST00348,Convenience_First,82,20,0.2439024390243902,1925.79,23.485243902439024,69.1,False,42.28734756097561,Low
CUST00258,Price_Sensitive,76,24,0.3157894736842105,1801.36,23.702105263157897,64.6,True,42.27032894736842,Low
CUST04596,Price_Sensitive,66,26,0.3939393939393939,1467.59,22.23621212121212,60.5,True,42.27007575757576,Low
CUST00344,Convenience_First,62,26,0.4193548387096774,2382.93,38.43435483870967,59.2,False,42.266693548387096,Low
CUST02607,Price_Sensitive,67,24,0.3582089552238806,949.18,14.16686567164179,63.7,True,42.26585820895523,Low
CUST04665,Convenience_First,75,21,0.28,2592.24,34.5632,68.6,False,42.2625,Low
CUST06446,Routine_Commuter,78,23,0.2948717948717949,2927.53,37.5324358974359,65.8,False,42.25862179487179,Low
CUST00391,Price_Sensitive,74,21,0.2837837837837837,1220.34,16.49108108108108,68.6,False,42.252601351351345,Low
CUST02231,Price_Sensitive,74,19,0.2567567567567567,1356.78,18.334864864864866,71.3,False,42.25152027027027,Low
CUST03517,Convenience_First,75,26,0.3466666666666667,3178.14,42.3752,61.9,True,42.249166666666675,Low
CUST04365,Price_Sensitive,81,17,0.2098765432098765,1950.52,24.080493827160495,72.9,False,42.24881172839507,Low
CUST05138,Price_Sensitive,81,17,0.2098765432098765,909.12,11.223703703703704,72.9,False,42.24881172839507,Low
CUST03496,Convenience_First,66,22,0.3333333333333333,1289.83,19.542878787878788,66.5,True,42.24583333333334,Low
CUST03438,Convenience_First,71,22,0.3098591549295774,1796.48,25.302535211267607,67.1,True,42.24561619718309,Low
CUST00672,Convenience_First,71,22,0.3098591549295774,1968.13,27.72014084507042,67.1,True,42.24561619718309,Low
CUST07394,Convenience_First,64,24,0.375,1715.35,26.80234375,63.0,True,42.245000000000005,Low
CUST02727,Convenience_First,79,20,0.2531645569620253,2323.09,29.406202531645572,69.5,False,42.237832278481015,Low
CUST06803,Price_Sensitive,80,19,0.2375,1220.24,15.253,70.6,False,42.23374999999999,Low
CUST06168,Convenience_First,74,22,0.2972972972972973,2309.81,31.213648648648647,67.2,False,42.2331418918919,Low
CUST06738,Convenience_First,74,20,0.2702702702702703,1730.13,23.380135135135134,69.9,False,42.232060810810815,Low
CUST01897,Convenience_First,67,23,0.3432835820895522,1887.15,28.166417910447763,65.1,True,42.22884328358209,Low
CUST00488,Convenience_First,74,25,0.3378378378378378,2035.9,27.512162162162163,63.1,True,42.21476351351351,Low
CUST04250,Convenience_First,86,16,0.1860465116279069,2250.02,26.16302325581395,72.8,False,42.210610465116275,Low
CUST04628,Convenience_First,79,22,0.2784810126582278,1651.41,20.903924050632913,66.9,False,42.210490506329116,Low
CUST05267,Price_Sensitive,72,26,0.3611111111111111,1429.01,19.847361111111113,61.5,True,42.20944444444444,Low
CUST02074,Convenience_First,60,23,0.3833333333333333,1949.49,32.4915,63.3,True,42.208333333333336,Low
CUST07822,Price_Sensitive,71,22,0.3098591549295774,1421.86,20.026197183098592,67.0,True,42.2056161971831,Low
CUST07335,Price_Sensitive,76,20,0.2631578947368421,1347.0,17.723684210526315,69.7,False,42.205065789473686,Low
CUST07157,Convenience_First,83,21,0.253012048192771,2426.28,29.232289156626507,67.5,False,42.20423192771084,Low
CUST01187,Price_Sensitive,78,20,0.2564102564102564,1957.23,25.092692307692307,69.5,False,42.20016025641026,Low
CUST06082,Convenience_First,77,25,0.3246753246753247,1455.53,18.902987012987012,63.1,True,42.199512987012994,Low
CUST01067,Price_Sensitive,69,21,0.3043478260869565,1221.83,17.70768115942029,68.2,True,42.19641304347826,Low
CUST06276,Price_Sensitive,81,16,0.1975308641975308,1753.46,21.647654320987655,74.0,False,42.19498456790124,Low
CUST03151,Routine_Commuter,74,22,0.2972972972972973,1637.11,22.123108108108102,67.1,False,42.19314189189189,Low
CUST04354,Price_Sensitive,78,21,0.2692307692307692,1516.17,19.438076923076924,68.2,False,42.19298076923077,Low
CUST03799,Price_Sensitive,74,20,0.2702702702702703,1175.06,15.879189189189187,69.8,False,42.192060810810815,Low
CUST05671,Convenience_First,66,26,0.3939393939393939,1330.86,20.164545454545458,60.3,True,42.190075757575755,Low
CUST02633,Convenience_First,58,21,0.3620689655172414,1594.34,27.48862068965517,65.9,True,42.189008620689656,Low
CUST00021,Convenience_First,72,22,0.3055555555555556,1809.83,25.136527777777776,67.0,True,42.187222222222225,Low
CUST00013,Price_Sensitive,79,18,0.2278481012658227,2067.9,26.17594936708861,71.9,False,42.18517405063292,Low
CUST01613,Convenience_First,81,21,0.2592592592592592,1384.67,17.094691358024694,67.8,False,42.18412037037037,Low
CUST06847,Convenience_First,61,24,0.3934426229508196,1389.93,22.78573770491803,61.9,True,42.181454918032784,Low
CUST02175,Price_Sensitive,71,25,0.352112676056338,1727.21,24.326901408450706,62.7,True,42.175757042253515,Low
CUST06491,Routine_Commuter,71,21,0.2957746478873239,1039.5,14.640845070422536,68.3,False,42.16223591549295,Low
CUST04671,Price_Sensitive,52,19,0.3653846153846153,1096.92,21.094615384615388,66.9,True,42.160384615384615,Low
CUST00476,Price_Sensitive,78,20,0.2564102564102564,1500.93,19.24269230769231,69.4,False,42.16016025641026,Low
CUST04795,Convenience_First,77,24,0.3116883116883117,2214.05,28.753896103896107,64.3,True,42.16003246753246,Low
CUST03555,Convenience_First,79,20,0.2531645569620253,1670.0,21.139240506329113,69.3,False,42.15783227848101,Low
CUST07572,Routine_Commuter,74,28,0.3783783783783784,1361.73,18.401756756756757,58.9,False,42.15638513513514,Low
CUST03843,Price_Sensitive,66,20,0.303030303030303,1031.67,15.631363636363638,69.3,True,42.153712121212116,Low
CUST03686,Convenience_First,74,22,0.2972972972972973,2726.93,36.85040540540541,67.0,False,42.15314189189189,Low
CUST00881,Price_Sensitive,78,21,0.2692307692307692,1390.16,17.822564102564105,68.1,False,42.152980769230766,Low
CUST06846,Convenience_First,76,23,0.3026315789473684,1484.4,19.531578947368423,65.6,True,42.14401315789473,Low
CUST00430,Convenience_First,67,26,0.3880597014925373,1441.0,21.507462686567163,60.4,True,42.1398880597015,Low
CUST00950,Convenience_First,82,21,0.2560975609756097,2158.86,26.327560975609757,67.5,False,42.13515243902439,Low
CUST01587,Convenience_First,78,24,0.3076923076923077,2023.85,25.946794871794875,64.2,True,42.13144230769231,Low
CUST04397,Convenience_First,64,21,0.328125,1136.88,17.76375,67.4,True,42.13000000000001,Low
CUST02063,Price_Sensitive,66,22,0.3333333333333333,2237.09,33.89530303030303,66.2,True,42.12583333333333,Low
CUST04708,Convenience_First,78,25,0.3205128205128205,2032.13,26.052948717948716,62.9,True,42.12426282051282,Low
CUST04338,Convenience_First,84,17,0.2023809523809523,2443.67,29.091309523809525,71.9,False,42.1214880952381,Low
CUST06791,Price_Sensitive,53,24,0.4528301886792453,1572.2,29.664150943396223,57.8,False,42.11945754716981,Low
CUST06257,Convenience_First,64,22,0.34375,1339.08,20.923125,65.8,True,42.115,Low
CUST01146,Price_Sensitive,76,24,0.3157894736842105,1489.19,19.594605263157895,64.2,True,42.11032894736842,Low
CUST06072,Convenience_First,66,25,0.3787878787878788,1640.07,24.849545454545453,61.6,True,42.10401515151515,Low
CUST00963,Convenience_First,76,23,0.3026315789473684,1938.12,25.50157894736842,65.5,True,42.10401315789474,Low
CUST07688,Routine_Commuter,76,23,0.3026315789473684,1658.23,21.818815789473685,65.5,True,42.10401315789474,Low
CUST01915,Convenience_First,65,23,0.3538461538461538,1771.53,27.25430769230769,64.4,True,42.09759615384616,Low
CUST02410,Convenience_First,71,25,0.352112676056338,1759.82,24.78619718309859,62.5,True,42.09575704225352,Low
CUST02709,Convenience_First,72,25,0.3472222222222222,1537.53,21.354583333333338,62.6,True,42.09388888888889,Low
CUST04192,Convenience_First,74,23,0.3108108108108108,2642.16,35.70486486486486,65.5,True,42.09368243243244,Low
CUST00732,Convenience_First,62,23,0.3709677419354839,1284.62,20.71967741935484,63.6,True,42.09120967741936,Low
CUST03205,Price_Sensitive,79,22,0.2784810126582278,1404.7,17.781012658227848,66.6,False,42.09049050632911,Low
CUST03549,Convenience_First,60,26,0.4333333333333333,1600.01,26.666833333333333,58.0,False,42.08833333333333,Low
CUST02344,Convenience_First,70,23,0.3285714285714285,1424.67,20.35242857142857,65.2,True,42.08535714285714,Low
CUST07037,Price_Sensitive,68,18,0.2647058823529412,743.82,10.938529411764708,72.2,False,42.08198529411765,Low
CUST01131,Convenience_First,77,24,0.3116883116883117,2094.98,27.207532467532467,64.1,True,42.08003246753246,Low
CUST01727,Convenience_First,68,25,0.3676470588235294,1553.15,22.84044117647059,61.9,True,42.07963235294118,Low
CUST02908,Convenience_First,58,22,0.3793103448275862,1070.89,18.463620689655173,63.9,True,42.078663793103445,Low
CUST06206,Routine_Commuter,77,28,0.3636363636363636,1996.65,25.93051948051948,58.9,False,42.077954545454546,Low
CUST05182,Convenience_First,60,24,0.4,1332.23,22.203833333333332,61.3,True,42.074999999999996,Low
CUST03708,Convenience_First,70,22,0.3142857142857143,2847.89,40.68414285714285,66.6,True,42.07392857142857,Low
CUST05017,Price_Sensitive,80,21,0.2625,1935.68,24.196,67.7,False,42.07375,Low
CUST04359,Price_Sensitive,82,18,0.2195121951219512,2182.08,26.610731707317072,71.0,False,42.07173780487805,Low
CUST04105,Convenience_First,73,24,0.3287671232876712,1468.99,20.123150684931502,64.0,True,42.06568493150685,Low
CUST07652,Routine_Commuter,76,23,0.3026315789473684,1721.78,22.655,65.4,True,42.06401315789474,Low
CUST05052,Convenience_First,68,23,0.3382352941176471,2183.7,32.11323529411764,64.8,True,42.06316176470589,Low
CUST06496,Convenience_First,75,24,0.32,1299.42,17.3256,64.1,True,42.0625,Low
CUST03775,Convenience_First,71,26,0.3661971830985915,1956.62,27.558028169014086,61.0,True,42.05913732394366,Low
CUST01663,Convenience_First,66,24,0.3636363636363636,1464.79,22.193787878787877,63.0,True,42.05795454545455,Low
CUST04916,Price_Sensitive,62,24,0.3870967741935484,1024.68,16.52709677419355,61.9,True,42.05637096774194,Low
CUST01552,Convenience_First,71,25,0.352112676056338,1250.14,17.60760563380282,62.4,True,42.05575704225352,Low
CUST07893,Convenience_First,64,26,0.40625,1956.47,30.56984375,59.4,False,42.05500000000001,Low
CUST07670,Price_Sensitive,78,18,0.2307692307692307,1309.68,16.790769230769232,71.7,False,42.05451923076923,Low
CUST06362,Price_Sensitive,74,21,0.2837837837837837,1905.55,25.750675675675677,68.1,False,42.05260135135135,Low
CUST05005,Convenience_First,78,24,0.3076923076923077,1520.29,19.49089743589743,64.0,True,42.051442307692305,Low
CUST07678,Convenience_First,73,22,0.3013698630136986,2021.72,27.694794520547944,66.7,True,42.04979452054795,Low
CUST02096,Convenience_First,75,26,0.3466666666666667,2850.01,38.00013333333334,61.4,True,42.04916666666667,Low
CUST05832,Convenience_First,71,22,0.3098591549295774,1866.63,26.290563380281693,66.6,True,42.045616197183094,Low
CUST05490,Price_Sensitive,77,20,0.2597402597402597,1557.12,20.22233766233766,69.2,False,42.042110389610386,Low
CUST05970,Price_Sensitive,63,23,0.365079365079365,1533.35,24.33888888888889,63.8,True,42.0406746031746,Low
CUST03720,Convenience_First,63,23,0.365079365079365,1690.9,26.839682539682546,63.8,True,42.0406746031746,Low
CUST04621,Convenience_First,82,19,0.2317073170731707,2936.11,35.80621951219512,69.7,False,42.03954268292683,Low
CUST03995,Convenience_First,73,23,0.3150684931506849,2027.95,27.780136986301372,65.3,True,42.0377397260274,Low
CUST01072,Price_Sensitive,80,19,0.2375,3323.48,41.5435,70.1,False,42.03375,Low
CUST01179,Price_Sensitive,76,18,0.2368421052631578,1701.82,22.39236842105263,71.9,False,42.03243421052632,Low
CUST04952,Convenience_First,70,25,0.3571428571428571,1603.07,22.901,62.2,True,42.028214285714284,Low
CUST03095,Convenience_First,70,25,0.3571428571428571,1286.54,18.379142857142856,62.2,True,42.028214285714284,Low
CUST01611,Convenience_First,73,24,0.3287671232876712,1053.18,14.427123287671234,63.9,True,42.025684931506845,Low
CUST04323,Price_Sensitive,73,24,0.3287671232876712,969.52,13.281095890410958,63.9,True,42.025684931506845,Low
CUST04198,Convenience_First,51,22,0.4313725490196078,1048.49,20.558627450980392,60.2,True,42.02490196078431,Low
CUST07568,Convenience_First,65,23,0.3538461538461538,1815.45,27.93,64.2,True,42.017596153846156,Low
CUST04432,Price_Sensitive,70,24,0.3428571428571428,1080.27,15.432428571428572,63.6,True,42.01678571428571,Low
CUST04944,Convenience_First,67,28,0.417910447761194,1437.25,21.45149253731343,57.1,False,42.013917910447766,Low
CUST05699,Convenience_First,72,25,0.3472222222222222,2151.9,29.887500000000003,62.4,True,42.01388888888889,Low
CUST02472,Price_Sensitive,80,18,0.225,3010.05,37.625625,71.3,False,42.013749999999995,Low
CUST05640,Price_Sensitive,74,19,0.2567567567567567,2032.51,27.466351351351353,70.7,False,42.01152027027027,Low
CUST05562,Price_Sensitive,64,21,0.328125,2122.19,33.15921875,67.1,True,42.010000000000005,Low
CUST00864,Price_Sensitive,75,20,0.2666666666666666,1386.69,18.4892,69.3,False,42.009166666666665,Low
CUST01569,Convenience_First,60,20,0.3333333333333333,1315.95,21.9325,67.8,True,42.00833333333333,Low
CUST06208,Convenience_First,61,23,0.3770491803278688,1665.11,27.29688524590164,63.1,True,42.005717213114764,Low
CUST05971,Convenience_First,61,23,0.3770491803278688,1357.83,22.25950819672131,63.1,True,42.005717213114764,Low
CUST06988,Convenience_First,68,28,0.4117647058823529,1214.26,17.85676470588235,57.3,False,42.00433823529412,Low
CUST07393,Convenience_First,77,22,0.2857142857142857,2423.59,31.475194805194807,66.5,False,42.001071428571436,Low
CUST02426,Convenience_First,77,24,0.3116883116883117,2083.3,27.05584415584416,63.9,True,42.00003246753246,Low
CUST04858,Convenience_First,67,20,0.2985074626865671,3401.97,50.77567164179104,69.0,False,41.99779850746269,Low
CUST01087,Convenience_First,63,24,0.3809523809523809,1524.72,24.201904761904764,62.1,True,41.995595238095234,Low
CUST07722,Convenience_First,64,22,0.34375,1620.97,25.32765625,65.5,True,41.995000000000005,Low
CUST00322,Convenience_First,67,21,0.3134328358208955,2005.78,29.937014925373138,67.5,True,41.99481343283582,Low
CUST02854,Price_Sensitive,67,22,0.3283582089552239,1949.36,29.09492537313433,66.0,True,41.99182835820896,Low
CUST02217,Price_Sensitive,72,21,0.2916666666666667,1450.52,20.14611111111111,67.9,False,41.99166666666667,Low
CUST06624,Convenience_First,61,22,0.360655737704918,1307.89,21.44081967213115,64.7,True,41.989979508196726,Low
CUST05489,Price_Sensitive,70,18,0.2571428571428571,1829.9,26.141428571428573,72.1,False,41.98821428571428,Low
CUST05566,Convenience_First,79,21,0.2658227848101265,1491.13,18.87506329113924,67.6,False,41.98416139240506,Low
CUST05335,Convenience_First,78,28,0.358974358974359,2678.4,34.33846153846154,58.7,False,41.98272435897436,Low
CUST01606,Convenience_First,52,21,0.4038461538461538,1019.56,19.60692307692308,62.6,True,41.97884615384615,Low
CUST04912,Convenience_First,78,23,0.2948717948717949,1693.23,21.708076923076923,65.1,False,41.97862179487179,Low
CUST07999,Price_Sensitive,72,24,0.3333333333333333,2235.16,31.043888888888887,63.7,True,41.97833333333333,Low
CUST06996,Price_Sensitive,69,20,0.2898550724637681,1423.69,20.633188405797103,69.1,False,41.97670289855073,Low
CUST01998,Routine_Commuter,86,21,0.2441860465116279,1766.17,20.53686046511628,66.4,False,41.976191860465114,Low
CUST03717,Convenience_First,66,23,0.3484848484848485,1703.31,25.807727272727274,64.3,True,41.97189393939394,Low
CUST06653,Convenience_First,78,24,0.3076923076923077,1154.78,14.804871794871795,63.8,True,41.97144230769231,Low
CUST07141,Price_Sensitive,71,23,0.323943661971831,1865.52,26.27492957746479,65.0,True,41.96899647887324,Low
CUST00764,Convenience_First,64,24,0.375,1233.59,19.27484375,62.3,True,41.965,Low
CUST05517,Convenience_First,77,21,0.2727272727272727,2189.41,28.433896103896103,67.7,False,41.961590909090916,Low
CUST01415,Convenience_First,64,27,0.421875,2199.31,34.36421875,57.6,False,41.96000000000001,Low
CUST06401,Convenience_First,67,20,0.2985074626865671,1876.41,28.006119402985075,68.9,False,41.95779850746269,Low
CUST03029,Convenience_First,67,20,0.2985074626865671,1729.08,25.807164179104475,68.9,False,41.95779850746269,Low
CUST02277,Convenience_First,59,23,0.3898305084745763,1441.71,24.43576271186441,62.3,True,41.956970338983055,Low
CUST02200,Convenience_First,75,25,0.3333333333333333,1434.58,19.12773333333333,62.5,True,41.95583333333333,Low
CUST06604,Convenience_First,54,22,0.4074074074074074,854.69,15.827592592592593,61.7,True,41.955046296296295,Low
CUST00552,Convenience_First,74,24,0.3243243243243243,914.27,12.355,63.8,True,41.95422297297297,Low
CUST04555,Convenience_First,72,22,0.3055555555555556,1838.28,25.531666666666663,66.4,True,41.94722222222222,Low
CUST01696,Convenience_First,67,24,0.3582089552238806,2014.79,30.071492537313432,62.9,True,41.94585820895522,Low
CUST00867,Routine_Commuter,72,23,0.3194444444444444,2136.95,29.67986111111111,65.0,True,41.94277777777778,Low
CUST05961,Convenience_First,53,20,0.3773584905660377,1109.34,20.930943396226414,64.9,True,41.94058962264151,Low
CUST01556,Convenience_First,78,23,0.2948717948717949,2259.96,28.973846153846154,65.0,False,41.93862179487179,Low
CUST04294,Convenience_First,65,23,0.3538461538461538,1906.18,29.32584615384615,64.0,True,41.93759615384616,Low
CUST00223,Convenience_First,62,24,0.3870967741935484,1559.1,25.146774193548385,61.6,True,41.93637096774194,Low
CUST07884,Routine_Commuter,80,20,0.25,3969.32,49.6165,68.6,False,41.933749999999996,Low
CUST05871,Routine_Commuter,68,24,0.3529411764705882,1718.79,25.27632352941177,63.0,True,41.931397058823535,Low
CUST06712,Price_Sensitive,71,22,0.3098591549295774,1228.48,17.302535211267607,66.3,True,41.925616197183096,Low
CUST05049,Convenience_First,70,23,0.3285714285714285,2166.81,30.954428571428572,64.8,True,41.92535714285714,Low
CUST06972,Price_Sensitive,66,21,0.3181818181818182,1865.29,28.261969696969697,67.2,True,41.91977272727273,Low
CUST04928,Convenience_First,80,21,0.2625,2153.88,26.9235,67.3,False,41.91375,Low
CUST04702,Price_Sensitive,74,22,0.2972972972972973,1650.57,22.305,66.4,False,41.9131418918919,Low
CUST04278,Price_Sensitive,74,22,0.2972972972972973,1612.03,21.78418918918919,66.4,False,41.9131418918919,Low
CUST01765,Price_Sensitive,78,21,0.2692307692307692,1235.34,15.837692307692306,67.5,False,41.91298076923077,Low
CUST01359,Convenience_First,78,22,0.282051282051282,1918.48,24.59589743589743,66.2,False,41.905801282051286,Low
CUST07909,Price_Sensitive,64,20,0.3125,1267.27,19.80109375,68.4,True,41.905,Low
CUST06476,Convenience_First,63,27,0.4285714285714285,1323.31,21.004920634920634,57.1,False,41.90035714285714,Low
CUST07297,Convenience_First,65,23,0.3538461538461538,2056.88,31.644307692307695,63.9,True,41.89759615384616,Low
CUST05828,Price_Sensitive,74,21,0.2837837837837837,1264.26,17.084594594594595,67.7,False,41.89260135135135,Low
CUST02702,Convenience_First,76,20,0.2631578947368421,1234.41,16.242236842105264,68.9,False,41.885065789473686,Low
CUST01686,Convenience_First,76,26,0.3421052631578947,2352.8,30.957894736842107,61.0,True,41.882960526315784,Low
CUST01520,Routine_Commuter,76,19,0.25,1377.89,18.13013157894737,70.2,False,41.87875,Low
CUST07747,Price_Sensitive,73,20,0.273972602739726,2108.63,28.885342465753425,69.0,False,41.87390410958904,Low
CUST00045,Routine_Commuter,74,22,0.2972972972972973,1273.76,17.212972972972974,66.3,False,41.87314189189189,Low
CUST07177,Convenience_First,76,24,0.3157894736842105,1892.7,24.903947368421058,63.6,True,41.87032894736842,Low
CUST05447,Price_Sensitive,73,21,0.2876712328767123,1429.19,19.577945205479452,67.6,False,41.86184931506849,Low
CUST00122,Convenience_First,66,24,0.3636363636363636,1876.82,28.436666666666667,62.5,True,41.85795454545455,Low
CUST07782,Convenience_First,76,22,0.2894736842105263,2148.69,28.272236842105265,66.2,False,41.85769736842106,Low
CUST07479,Price_Sensitive,74,19,0.2567567567567567,2240.88,30.28216216216216,70.3,False,41.85152027027027,Low
CUST05159,Price_Sensitive,70,20,0.2857142857142857,1438.9,20.555714285714288,68.9,False,41.85107142857143,Low
CUST07843,Convenience_First,75,23,0.3066666666666666,2187.21,29.1628,64.9,True,41.84916666666667,Low
CUST00041,Convenience_First,61,23,0.3770491803278688,1599.78,26.22590163934426,62.7,True,41.84571721311475,Low
CUST01232,Price_Sensitive,53,24,0.4528301886792453,1223.44,23.08377358490566,57.1,False,41.839457547169815,Low
CUST05186,Routine_Commuter,76,19,0.25,1851.68,24.36421052631579,70.1,False,41.83875,Low
CUST04549,Price_Sensitive,76,19,0.25,1838.64,24.19263157894737,70.1,False,41.83875,Low
CUST05368,Convenience_First,73,23,0.3150684931506849,1939.36,26.56657534246575,64.8,True,41.837739726027394,Low
CUST07463,Convenience_First,81,19,0.2345679012345679,1871.93,23.110246913580248,69.4,False,41.83646604938272,Low
CUST01692,Convenience_First,59,24,0.4067796610169492,1945.98,32.98271186440678,60.3,True,41.83493644067797,Low
CUST01608,Convenience_First,67,22,0.3283582089552239,2124.32,31.70626865671642,65.6,True,41.83182835820896,Low
CUST02703,Convenience_First,67,22,0.3283582089552239,1495.69,22.323731343283583,65.6,True,41.83182835820896,Low
CUST03957,Convenience_First,49,19,0.3877551020408163,1558.6,31.80816326530612,64.4,True,41.83020408163266,Low
CUST05302,Price_Sensitive,61,24,0.3934426229508196,1017.8,16.685245901639345,61.0,True,41.821454918032785,Low
CUST00586,Price_Sensitive,68,20,0.2941176470588235,814.35,11.975735294117648,68.6,False,41.81845588235294,Low
CUST07446,Convenience_First,69,24,0.3478260869565217,1795.83,26.02652173913043,62.9,True,41.81554347826087,Low
CUST03138,Price_Sensitive,63,21,0.3333333333333333,1454.29,23.083968253968255,66.4,True,41.81083333333333,Low
CUST02944,Price_Sensitive,71,22,0.3098591549295774,1642.22,23.129859154929576,66.0,True,41.80561619718309,Low
CUST07950,Convenience_First,77,18,0.2337662337662337,2258.74,29.334285714285716,71.2,False,41.80314935064935,Low
CUST04222,Convenience_First,71,21,0.2957746478873239,2685.48,37.82366197183099,67.4,False,41.80223591549296,Low
CUST04746,Convenience_First,77,20,0.2597402597402597,1551.97,20.155454545454543,68.6,False,41.80211038961039,Low
CUST00509,Convenience_First,63,23,0.365079365079365,1983.75,31.488095238095237,63.2,True,41.8006746031746,Low
CUST07447,Convenience_First,71,20,0.2816901408450704,1152.08,16.226478873239436,68.8,False,41.79885563380281,Low
CUST01378,Price_Sensitive,76,19,0.25,1410.52,18.559473684210527,70.0,False,41.79875,Low
CUST03777,Price_Sensitive,81,19,0.2345679012345679,2263.86,27.94888888888889,69.3,False,41.796466049382715,Low
CUST05767,Price_Sensitive,57,20,0.3508771929824561,1248.94,21.91122807017544,66.3,True,41.795087719298245,Low
CUST06824,Convenience_First,54,22,0.4074074074074074,1590.06,29.44555555555555,61.3,True,41.7950462962963,Low
CUST01469,Price_Sensitive,66,20,0.303030303030303,1145.06,17.349393939393938,68.4,True,41.793712121212124,Low
CUST01096,Price_Sensitive,76,24,0.3157894736842105,2239.92,29.472631578947368,63.4,True,41.79032894736842,Low
CUST03059,Convenience_First,73,21,0.2876712328767123,1603.13,21.960684931506847,67.4,False,41.7818493150685,Low
CUST04608,Convenience_First,61,24,0.3934426229508196,1272.87,20.86672131147541,60.9,True,41.78145491803278,Low
CUST06580,Price_Sensitive,72,16,0.2222222222222222,1191.16,16.54388888888889,74.3,False,41.773888888888884,Low
CUST03805,Price_Sensitive,74,21,0.2837837837837837,1128.32,15.247567567567566,67.4,False,41.772601351351355,Low
CUST05129,Convenience_First,66,23,0.3484848484848485,1278.5,19.37121212121212,63.8,True,41.77189393939394,Low
CUST04368,Price_Sensitive,73,22,0.3013698630136986,1940.37,26.58041095890411,66.0,True,41.76979452054795,Low
CUST04131,Convenience_First,62,22,0.3548387096774194,1584.07,25.549516129032256,64.4,True,41.76604838709678,Low
CUST05143,Price_Sensitive,63,22,0.3492063492063492,927.6,14.723809523809525,64.7,True,41.76575396825397,Low
CUST04564,Convenience_First,70,23,0.3285714285714285,962.64,13.752,64.4,True,41.76535714285714,Low
CUST01120,Convenience_First,38,18,0.4736842105263157,998.09,26.265526315789476,56.9,False,41.76111842105263,Low
CUST02182,Convenience_First,70,26,0.3714285714285714,1615.98,23.085428571428572,60.1,True,41.75964285714286,Low
CUST00426,Convenience_First,79,20,0.2531645569620253,1262.26,15.977974683544304,68.3,False,41.75783227848101,Low
CUST07983,Price_Sensitive,75,22,0.2933333333333333,2446.55,32.62066666666667,66.0,False,41.755833333333335,Low
CUST03227,Price_Sensitive,59,24,0.4067796610169492,1237.86,20.980677966101695,60.1,True,41.75493644067797,Low
CUST04405,Convenience_First,59,26,0.4406779661016949,1272.87,21.57406779661017,56.7,False,41.7508686440678,Low
CUST04986,Convenience_First,56,21,0.375,1398.52,24.97357142857143,64.0,True,41.74625,Low
CUST07957,Convenience_First,81,18,0.2222222222222222,1743.81,21.528518518518517,70.4,False,41.7426388888889,Low
CUST03150,Routine_Commuter,75,21,0.28,1346.92,17.958933333333334,67.3,False,41.74250000000001,Low
CUST04658,Convenience_First,73,21,0.2876712328767123,2319.29,31.77109589041096,67.3,False,41.74184931506849,Low
CUST03338,Price_Sensitive,68,20,0.2941176470588235,1701.75,25.02573529411765,68.4,False,41.738455882352945,Low
CUST07013,Convenience_First,74,25,0.3378378378378378,1219.89,16.485,61.9,True,41.73476351351351,Low
CUST06029,Convenience_First,58,19,0.3275862068965517,1246.59,21.49293103448276,68.2,True,41.72969827586207,Low
CUST05001,Routine_Commuter,77,22,0.2857142857142857,2227.23,28.925064935064935,65.8,False,41.721071428571435,Low
CUST05202,Convenience_First,71,20,0.2816901408450704,1792.35,25.244366197183098,68.6,False,41.71885563380281,Low
CUST01532,Convenience_First,76,19,0.25,1012.8,13.326315789473684,69.8,False,41.71875,Low
CUST06211,Convenience_First,84,18,0.2142857142857142,2532.74,30.151666666666664,69.7,False,41.71767857142857,Low
CUST04181,Convenience_First,61,25,0.4098360655737705,1718.17,28.16672131147541,59.1,False,41.71719262295082,Low
CUST02733,Convenience_First,83,17,0.2048192771084337,2257.33,27.196746987951805,71.1,False,41.71652108433735,Low
CUST03020,Convenience_First,68,22,0.3235294117647059,1361.57,20.02308823529412,65.4,True,41.714926470588246,Low
CUST04556,Convenience_First,70,22,0.3142857142857143,1572.43,22.46328571428571,65.7,True,41.71392857142857,Low
CUST06068,Price_Sensitive,63,25,0.3968253968253968,1072.46,17.023174603174603,59.8,False,41.71051587301587,Low
CUST01213,Convenience_First,76,24,0.3157894736842105,1557.82,20.497631578947367,63.2,True,41.710328947368424,Low
CUST03587,Routine_Commuter,72,22,0.3055555555555556,1693.72,23.52388888888889,65.8,True,41.70722222222222,Low
CUST02758,Price_Sensitive,68,16,0.2352941176470588,2040.97,30.01426470588235,74.2,False,41.70551470588236,Low
CUST02545,Convenience_First,69,26,0.3768115942028985,2104.1,30.494202898550725,59.7,False,41.69496376811595,Low
CUST00157,Convenience_First,65,20,0.3076923076923077,1396.93,21.49123076923077,68.0,True,41.69144230769231,Low
CUST01643,Convenience_First,68,24,0.3529411764705882,1427.68,20.99529411764706,62.4,True,41.69139705882353,Low
CUST02905,Price_Sensitive,76,21,0.2763157894736842,2314.71,30.45671052631579,67.1,False,41.691381578947365,Low
CUST06893,Convenience_First,53,22,0.4150943396226415,1198.18,22.607169811320755,60.5,True,41.69002358490566,Low
CUST04552,Convenience_First,75,17,0.2266666666666666,1752.38,23.365066666666667,72.5,False,41.689166666666665,Low
CUST07702,Price_Sensitive,77,16,0.2077922077922078,1254.73,16.295194805194804,73.5,False,41.68418831168832,Low
CUST02486,Price_Sensitive,64,19,0.296875,2205.96,34.468125,69.4,False,41.68000000000001,Low
CUST00353,Price_Sensitive,70,19,0.2714285714285714,1217.02,17.386,69.9,False,41.67964285714286,Low
CUST04974,Convenience_First,68,25,0.3676470588235294,1572.69,23.12779411764706,60.9,True,41.67963235294118,Low
CUST00464,Price_Sensitive,69,21,0.3043478260869565,1136.33,16.46855072463768,66.9,True,41.67641304347826,Low
CUST07173,Routine_Commuter,72,20,0.2777777777777778,2417.19,33.57208333333333,68.5,False,41.67611111111111,Low
CUST06192,Price_Sensitive,69,23,0.3333333333333333,1266.72,18.358260869565218,64.0,True,41.67583333333334,Low
CUST01974,Price_Sensitive,70,22,0.3142857142857143,2012.79,28.754142857142856,65.6,True,41.67392857142857,Low
CUST02725,Price_Sensitive,72,21,0.2916666666666667,1875.11,26.043194444444445,67.1,False,41.67166666666667,Low
CUST04978,Convenience_First,72,22,0.3055555555555556,1709.04,23.736666666666665,65.7,True,41.66722222222222,Low
CUST03158,Convenience_First,67,24,0.3582089552238806,1771.82,26.445074626865672,62.2,True,41.66585820895523,Low
CUST02103,Price_Sensitive,75,18,0.24,1042.68,13.9024,71.1,False,41.6625,Low
CUST03509,Convenience_First,64,23,0.359375,1394.75,21.79296875,63.1,True,41.660000000000004,Low
CUST01769,Routine_Commuter,73,22,0.3013698630136986,1213.71,16.626164383561644,65.7,True,41.64979452054794,Low
CUST02625,Convenience_First,60,23,0.3833333333333333,2127.44,35.45733333333333,61.9,True,41.64833333333333,Low
CUST05987,Convenience_First,62,22,0.3548387096774194,1807.53,29.153709677419354,64.1,True,41.646048387096776,Low
CUST00853,Convenience_First,66,22,0.3333333333333333,1001.63,15.17621212121212,65.0,True,41.64583333333333,Low
CUST03678,Convenience_First,70,23,0.3285714285714285,2252.89,32.18414285714285,64.1,True,41.64535714285714,Low
CUST05859,Convenience_First,71,21,0.2957746478873239,2057.6,28.98028169014085,67.0,False,41.642235915492954,Low
CUST07424,Routine_Commuter,77,22,0.2857142857142857,1546.55,20.085064935064935,65.6,False,41.64107142857142,Low
CUST05454,Convenience_First,72,19,0.2638888888888889,2795.33,38.82402777777778,69.8,False,41.64055555555556,Low
CUST00248,Convenience_First,66,21,0.3181818181818182,2390.44,36.21878787878788,66.5,True,41.63977272727273,Low
CUST03098,Convenience_First,73,23,0.3150684931506849,1537.48,21.0613698630137,64.3,True,41.63773972602739,Low
CUST02240,Convenience_First,52,23,0.4423076923076923,1417.7,27.263461538461534,57.9,False,41.63730769230769,Low
CUST00098,Convenience_First,72,20,0.2777777777777778,1433.12,19.904444444444444,68.4,False,41.63611111111111,Low
CUST04355,Convenience_First,69,23,0.3333333333333333,1387.71,20.111739130434785,63.9,True,41.63583333333333,Low
CUST04039,Convenience_First,64,22,0.34375,1261.04,19.70375,64.6,True,41.635000000000005,Low
CUST02110,Convenience_First,72,21,0.2916666666666667,2570.26,35.698055555555555,67.0,False,41.63166666666667,Low
CUST07346,Price_Sensitive,62,19,0.3064516129032258,1534.93,24.75693548387097,68.9,True,41.630564516129034,Low
CUST06439,Price_Sensitive,61,19,0.3114754098360656,1023.36,16.77639344262295,68.7,True,41.62276639344263,Low
CUST03928,Convenience_First,75,21,0.28,1704.53,22.727066666666666,67.0,False,41.6225,Low
CUST04138,Convenience_First,70,21,0.3,2062.71,29.467285714285715,66.9,True,41.6225,Low
CUST02193,Convenience_First,57,23,0.4035087719298245,938.73,16.468947368421052,60.6,True,41.62035087719298,Low
CUST02879,Price_Sensitive,73,18,0.2465753424657534,1078.01,14.767260273972605,71.1,False,41.618013698630136,Low
CUST03660,Price_Sensitive,54,23,0.4259259259259259,872.82,16.163333333333334,59.0,False,41.61578703703703,Low
CUST04091,Price_Sensitive,70,20,0.2857142857142857,1779.55,25.422142857142855,68.3,False,41.61107142857143,Low
CUST06062,Convenience_First,71,23,0.323943661971831,1609.27,22.665774647887325,64.1,True,41.60899647887324,Low
CUST05537,Convenience_First,60,23,0.3833333333333333,1399.79,23.329833333333333,61.8,True,41.60833333333333,Low
CUST02511,Convenience_First,68,21,0.3088235294117647,2005.93,29.498970588235295,66.6,True,41.60669117647059,Low
CUST01999,Convenience_First,70,23,0.3285714285714285,1653.0,23.61428571428571,64.0,True,41.605357142857144,Low
CUST04765,Price_Sensitive,77,20,0.2597402597402597,940.82,12.218441558441558,68.1,False,41.60211038961039,Low
CUST05088,Price_Sensitive,70,19,0.2714285714285714,1060.68,15.152571428571427,69.7,False,41.599642857142854,Low
CUST02461,Convenience_First,53,24,0.4528301886792453,1392.55,26.274528301886793,56.5,False,41.59945754716981,Low
CUST02902,Convenience_First,57,22,0.3859649122807017,2030.45,35.621929824561406,62.3,True,41.59859649122807,Low
CUST04860,Convenience_First,57,22,0.3859649122807017,1047.2,18.37192982456141,62.3,True,41.59859649122807,Low
CUST01681,Price_Sensitive,80,15,0.1875,2443.68,30.546,74.0,False,41.59375,Low
CUST01992,Price_Sensitive,71,18,0.2535211267605634,1443.11,20.325492957746476,71.1,False,41.59209507042253,Low
CUST02557,Routine_Commuter,74,20,0.2702702702702703,1087.96,14.702162162162162,68.3,False,41.592060810810814,Low
CUST04885,Price_Sensitive,61,22,0.360655737704918,983.21,16.118196721311477,63.7,True,41.58997950819672,Low
CUST00459,Convenience_First,67,23,0.3432835820895522,1444.84,21.564776119402985,63.5,True,41.588843283582094,Low
CUST05071,Price_Sensitive,66,19,0.2878787878787879,1502.06,22.758484848484848,69.4,False,41.58765151515152,Low
CUST01655,Convenience_First,67,24,0.3582089552238806,1427.28,21.30268656716418,62.0,True,41.58585820895522,Low
CUST04949,Convenience_First,68,23,0.3382352941176471,2310.39,33.976323529411765,63.6,True,41.583161764705885,Low
CUST02906,Price_Sensitive,68,23,0.3382352941176471,1307.68,19.23058823529412,63.6,True,41.583161764705885,Low
CUST05305,Convenience_First,67,25,0.373134328358209,2084.69,31.114776119402983,60.5,True,41.582873134328366,Low
CUST03539,Convenience_First,64,23,0.359375,1449.88,22.654375,62.9,True,41.58,Low
CUST01604,Convenience_First,65,23,0.3538461538461538,1604.24,24.680615384615383,63.1,True,41.57759615384616,Low
CUST01555,Convenience_First,63,20,0.3174603174603174,1620.41,25.720793650793652,67.4,True,41.5759126984127,Low
CUST04342,Convenience_First,71,24,0.3380281690140845,1357.96,19.126197183098594,62.6,True,41.57237676056338,Low
CUST00160,Convenience_First,79,19,0.240506329113924,1989.52,25.18379746835443,69.1,False,41.57150316455696,Low
CUST04921,Convenience_First,62,23,0.3709677419354839,1174.99,18.951451612903227,62.3,True,41.571209677419354,Low
CUST05131,Convenience_First,62,23,0.3709677419354839,1548.29,24.97241935483871,62.3,True,41.571209677419354,Low
CUST01561,Convenience_First,60,23,0.3833333333333333,1309.07,21.817833333333333,61.7,True,41.568333333333335,Low
CUST05406,Convenience_First,82,20,0.2439024390243902,1194.4,14.565853658536586,67.3,False,41.56734756097561,Low
CUST04606,Price_Sensitive,77,18,0.2337662337662337,2121.33,27.549740259740258,70.6,False,41.56314935064934,Low
CUST06472,Price_Sensitive,77,22,0.2857142857142857,2306.66,29.956623376623376,65.4,False,41.56107142857144,Low
CUST06009,Routine_Commuter,82,14,0.1707317073170731,1549.09,18.891341463414633,74.6,False,41.56051829268292,Low
CUST04570,Convenience_First,73,23,0.3150684931506849,2974.31,40.74397260273973,64.1,True,41.55773972602739,Low
CUST07832,Price_Sensitive,75,16,0.2133333333333333,1595.46,21.2728,73.5,False,41.55583333333334,Low
CUST00480,Convenience_First,71,19,0.2676056338028169,2529.59,35.62802816901409,69.6,False,41.55547535211267,Low
CUST06792,Price_Sensitive,54,20,0.3703703703703703,849.24,15.726666666666668,64.4,True,41.55356481481481,Low
CUST07262,Convenience_First,63,25,0.3968253968253968,1924.96,30.55492063492063,59.4,False,41.550515873015875,Low
CUST05698,Price_Sensitive,83,13,0.1566265060240964,2328.7,28.056626506024095,75.5,False,41.54881024096386,Low
CUST00640,Convenience_First,46,20,0.4347826086956521,1042.9,22.671739130434784,59.5,False,41.54755434782609,Low
CUST04783,Convenience_First,63,26,0.4126984126984127,939.12,14.906666666666666,57.8,False,41.54543650793651,Low
CUST07696,Convenience_First,64,23,0.359375,1285.44,20.085,62.8,True,41.540000000000006,Low
CUST05777,Convenience_First,64,23,0.359375,1339.48,20.929375,62.8,True,41.540000000000006,Low
CUST03406,Convenience_First,52,21,0.4038461538461538,1512.05,29.077884615384615,61.5,True,41.53884615384615,Low
CUST04931,Convenience_First,76,22,0.2894736842105263,1851.93,24.3675,65.4,False,41.53769736842106,Low
CUST04970,Convenience_First,76,22,0.2894736842105263,1525.7,20.075,65.4,False,41.53769736842106,Low
CUST07418,Price_Sensitive,71,23,0.323943661971831,1749.38,24.63915492957746,63.9,True,41.52899647887324,Low
CUST00989,Convenience_First,65,22,0.3384615384615385,1915.93,29.475846153846156,64.5,True,41.52221153846155,Low
CUST07996,Price_Sensitive,52,19,0.3653846153846153,1301.42,25.027307692307694,65.3,True,41.520384615384614,Low
CUST06564,Convenience_First,46,19,0.4130434782608695,1301.7,28.297826086956523,61.6,True,41.517989130434785,Low
CUST06065,Price_Sensitive,69,21,0.3043478260869565,2005.87,29.07057971014493,66.5,True,41.51641304347826,Low
CUST06779,Convenience_First,68,22,0.3235294117647059,1756.81,25.83544117647059,64.9,True,41.51492647058824,Low
CUST01340,Price_Sensitive,70,22,0.3142857142857143,1532.37,21.891,65.2,True,41.51392857142857,Low
CUST07578,Price_Sensitive,80,17,0.2125,2159.49,26.993625,71.3,False,41.513749999999995,Low
CUST04426,Convenience_First,61,22,0.360655737704918,1653.23,27.102131147540984,63.5,True,41.50997950819672,Low
CUST00609,Routine_Commuter,67,23,0.3432835820895522,1138.8,16.997014925373133,63.3,True,41.50884328358209,Low
CUST03300,Price_Sensitive,67,23,0.3432835820895522,1782.99,26.61179104477612,63.3,True,41.50884328358209,Low
CUST04836,Convenience_First,72,22,0.3055555555555556,2042.59,28.369305555555556,65.3,True,41.507222222222225,Low
CUST04887,Convenience_First,47,18,0.3829787234042553,939.15,19.98191489361702,64.4,True,41.50664893617022,Low
CUST01742,Convenience_First,75,27,0.36,2761.49,36.81986666666666,58.7,False,41.502500000000005,Low
CUST01406,Routine_Commuter,73,21,0.2876712328767123,2097.9,28.738356164383564,66.7,False,41.5018493150685,Low
CUST03903,Price_Sensitive,63,20,0.3174603174603174,1758.21,27.90809523809524,67.2,True,41.495912698412695,Low
CUST02278,Convenience_First,71,25,0.352112676056338,1222.25,17.214788732394368,61.0,True,41.49575704225352,Low
CUST03819,Convenience_First,65,20,0.3076923076923077,1575.31,24.23553846153846,67.5,True,41.49144230769231,Low
CUST04352,Convenience_First,81,17,0.2098765432098765,2332.62,28.797777777777775,71.0,False,41.48881172839506,Low
CUST01011,Convenience_First,47,20,0.425531914893617,1423.91,30.29595744680851,60.1,True,41.48877659574469,Low
CUST06154,Price_Sensitive,81,14,0.1728395061728395,1733.38,21.39975308641975,74.7,False,41.48733024691359,Low
CUST02387,Convenience_First,70,23,0.3285714285714285,1782.73,25.46757142857143,63.7,True,41.48535714285714,Low
CUST00014,Price_Sensitive,70,23,0.3285714285714285,1372.6,19.608571428571427,63.7,True,41.48535714285714,Low
CUST07207,Price_Sensitive,59,19,0.3220338983050847,1375.53,23.314067796610168,67.9,True,41.485105932203396,Low
CUST00983,Convenience_First,64,24,0.375,1548.99,24.20296875,61.1,True,41.485,Low
CUST07402,Convenience_First,51,21,0.4117647058823529,1290.8,25.309803921568623,60.8,True,41.480588235294114,Low
CUST03953,Convenience_First,69,21,0.3043478260869565,1682.04,24.377391304347825,66.4,True,41.47641304347826,Low
CUST00506,Convenience_First,60,21,0.35,2057.99,34.29983333333333,64.8,True,41.475,Low
CUST05155,Price_Sensitive,60,18,0.3,1308.74,21.812333333333335,69.8,True,41.475,Low
CUST03215,Convenience_First,73,20,0.273972602739726,1825.3,25.004109589041096,68.0,False,41.47390410958904,Low
CUST04209,Price_Sensitive,65,21,0.3230769230769231,1683.26,25.89630769230769,65.9,True,41.46682692307693,Low
CUST02084,Routine_Commuter,72,24,0.3333333333333333,1861.14,25.849166666666665,62.4,True,41.458333333333336,Low
CUST06471,Price_Sensitive,73,18,0.2465753424657534,1748.52,23.952328767123287,70.7,False,41.45801369863014,Low
CUST05754,Convenience_First,69,20,0.2898550724637681,1658.17,24.03144927536232,67.8,False,41.45670289855072,Low
CUST02657,Convenience_First,73,22,0.3013698630136986,1829.77,25.065342465753425,65.2,True,41.44979452054795,Low
CUST04523,Price_Sensitive,77,19,0.2467532467532467,2069.05,26.870779220779223,69.0,False,41.44262987012986,Low
CUST04597,Convenience_First,72,19,0.2638888888888889,1353.56,18.799444444444443,69.3,False,41.440555555555555,Low
CUST01793,Price_Sensitive,67,20,0.2985074626865671,1779.33,26.557164179104475,67.6,False,41.43779850746269,Low
CUST02319,Convenience_First,69,19,0.2753623188405797,1473.0,21.347826086956523,69.2,False,41.436992753623194,Low
CUST01785,Convenience_First,54,24,0.4444444444444444,1279.57,23.69574074074074,56.7,False,41.436527777777776,Low
CUST03618,Convenience_First,69,21,0.3043478260869565,2470.15,35.799275362318845,66.3,True,41.43641304347826,Low
CUST07284,Convenience_First,69,23,0.3333333333333333,973.94,14.115072463768117,63.4,True,41.43583333333333,Low
CUST05104,Convenience_First,70,22,0.3142857142857143,1342.99,19.18557142857143,65.0,True,41.43392857142857,Low
CUST00941,Price_Sensitive,73,20,0.273972602739726,1989.45,27.252739726027396,67.9,False,41.433904109589044,Low
CUST06245,Convenience_First,81,18,0.2222222222222222,2269.24,28.015308641975302,69.6,False,41.42263888888889,Low
CUST03256,Convenience_First,85,15,0.1764705882352941,1628.3,19.156470588235297,72.3,False,41.42257352941177,Low
CUST01151,Convenience_First,58,24,0.4137931034482758,2635.52,45.44,58.8,False,41.417974137931026,Low
CUST04531,Convenience_First,57,19,0.3333333333333333,1724.17,30.24859649122807,67.1,True,41.413333333333334,Low
CUST00700,Convenience_First,74,21,0.2837837837837837,1765.32,23.855675675675673,66.5,False,41.41260135135135,Low
CUST05199,Convenience_First,73,22,0.3013698630136986,1030.32,14.113972602739723,65.1,True,41.40979452054794,Low
CUST00313,Convenience_First,59,18,0.3050847457627119,2246.18,38.07084745762712,69.4,True,41.407139830508484,Low
CUST05298,Convenience_First,71,20,0.2816901408450704,2006.27,28.257323943661973,67.8,False,41.39885563380282,Low
CUST01468,Price_Sensitive,64,22,0.34375,1537.83,24.02859375,64.0,True,41.395,Low
CUST02846,Convenience_First,64,22,0.34375,1343.51,20.99234375,64.0,True,41.395,Low
CUST07742,Convenience_First,68,22,0.3235294117647059,1542.82,22.688529411764705,64.6,True,41.39492647058824,Low
CUST02363,Convenience_First,67,21,0.3134328358208955,1888.35,28.184328358208955,66.0,True,41.394813432835825,Low
CUST03902,Price_Sensitive,55,17,0.3090909090909091,898.21,16.33109090909091,69.9,True,41.39113636363637,Low
CUST06374,Convenience_First,52,22,0.4230769230769231,722.1,13.886538461538462,59.2,False,41.38807692307692,Low
CUST03872,Convenience_First,52,22,0.4230769230769231,1191.34,22.910384615384615,59.2,False,41.38807692307692,Low
CUST06728,Convenience_First,62,18,0.2903225806451613,1665.71,26.86629032258065,69.9,False,41.385403225806456,Low
CUST05902,Price_Sensitive,78,17,0.2179487179487179,1449.3,18.58076923076923,71.3,False,41.38169871794871,Low
CUST06603,Price_Sensitive,58,19,0.3275862068965517,1261.14,21.743793103448276,67.3,True,41.36969827586207,Low
CUST04852,Convenience_First,75,20,0.2666666666666666,2674.25,35.656666666666666,67.7,False,41.36916666666667,Low
CUST07432,Convenience_First,78,19,0.2435897435897435,1585.01,20.320641025641027,68.7,False,41.36733974358974,Low
CUST05966,Price_Sensitive,61,18,0.2950819672131147,1308.25,21.44672131147541,69.7,False,41.3670286885246,Low
CUST03693,Convenience_First,78,20,0.2564102564102564,1460.67,18.726538461538464,67.4,False,41.36016025641025,Low
CUST04231,Convenience_First,66,21,0.3181818181818182,1750.99,26.530151515151516,65.8,True,41.35977272727273,Low
CUST00059,Price_Sensitive,71,20,0.2816901408450704,1880.81,26.490281690140844,67.7,False,41.35885563380281,Low
CUST03488,Convenience_First,61,20,0.3278688524590163,1444.69,23.68344262295082,66.4,True,41.358504098360655,Low
CUST03311,Price_Sensitive,54,22,0.4074074074074074,1095.32,20.283703703703704,60.2,True,41.3550462962963,Low
CUST00328,Convenience_First,74,22,0.2972972972972973,1093.0,14.77027027027027,65.0,False,41.353141891891894,Low
CUST02837,Convenience_First,68,19,0.2794117647058823,2317.9,34.08676470588235,68.9,False,41.350220588235295,Low
CUST02891,Price_Sensitive,76,17,0.2236842105263158,2244.58,29.533947368421053,71.5,False,41.34611842105263,Low
CUST02628,Price_Sensitive,63,18,0.2857142857142857,2531.39,40.180793650793646,70.0,False,41.34607142857143,Low
CUST01888,Convenience_First,79,18,0.2278481012658227,2565.4,32.47341772151899,69.8,False,41.34517405063291,Low
CUST05795,Convenience_First,64,20,0.3125,1290.38,20.1621875,67.0,True,41.345,Low
CUST06718,Convenience_First,70,21,0.3,1887.96,26.97085714285714,66.2,True,41.3425,Low
CUST07894,Routine_Commuter,72,24,0.3333333333333333,1106.45,15.367361111111112,62.1,True,41.33833333333333,Low
CUST02115,Convenience_First,65,23,0.3538461538461538,1241.88,19.10584615384615,62.5,True,41.33759615384616,Low
CUST01231,Convenience_First,69,24,0.3478260869565217,1811.3,26.25072463768116,61.7,True,41.33554347826087,Low
CUST05093,Convenience_First,53,22,0.4150943396226415,891.21,16.815283018867927,59.6,False,41.33002358490566,Low
CUST07937,Convenience_First,60,23,0.3833333333333333,1522.8,25.38,61.1,True,41.32833333333333,Low
CUST02293,Convenience_First,62,22,0.3548387096774194,1220.91,19.69209677419355,63.3,True,41.326048387096776,Low
CUST00136,Price_Sensitive,61,23,0.3770491803278688,1578.24,25.8727868852459,61.4,True,41.32571721311476,Low
CUST05348,Routine_Commuter,76,20,0.2631578947368421,2049.26,26.963947368421056,67.5,False,41.32506578947368,Low
CUST02147,Price_Sensitive,71,21,0.2957746478873239,1326.55,18.68380281690141,66.2,False,41.32223591549296,Low
CUST04249,Routine_Commuter,77,21,0.2727272727272727,1624.83,21.10168831168831,66.1,False,41.3215909090909,Low
CUST02493,Price_Sensitive,65,19,0.2923076923076923,756.98,11.645846153846154,68.6,False,41.316057692307695,Low
CUST06601,Convenience_First,60,21,0.35,1864.49,31.074833333333338,64.4,True,41.315000000000005,Low
CUST04334,Convenience_First,59,24,0.4067796610169492,1323.13,22.42593220338983,59.0,False,41.314936440677975,Low
CUST01705,Convenience_First,65,21,0.3230769230769231,1906.21,29.326307692307697,65.5,True,41.306826923076926,Low
CUST00425,Convenience_First,65,21,0.3230769230769231,1550.26,23.850153846153844,65.5,True,41.306826923076926,Low
CUST03608,Convenience_First,37,16,0.4324324324324324,1078.33,29.144054054054052,59.9,False,41.2972972972973,Low
CUST00096,Convenience_First,69,24,0.3478260869565217,2370.87,34.36043478260869,61.6,True,41.29554347826087,Low
CUST06556,Price_Sensitive,61,21,0.3442622950819672,1489.03,24.41032786885246,64.6,True,41.294241803278695,Low
CUST01853,Convenience_First,68,24,0.3529411764705882,1227.86,18.05676470588235,61.4,True,41.291397058823534,Low
CUST07069,Price_Sensitive,75,17,0.2266666666666666,1665.29,22.203866666666663,71.5,False,41.28916666666667,Low
CUST07225,Convenience_First,63,23,0.365079365079365,1789.34,28.40222222222222,61.9,True,41.280674603174596,Low
CUST04705,Price_Sensitive,66,21,0.3181818181818182,2261.94,34.27181818181818,65.6,True,41.27977272727273,Low
CUST04639,Price_Sensitive,66,21,0.3181818181818182,2208.32,33.45939393939394,65.6,True,41.27977272727273,Low
CUST00034,Price_Sensitive,72,20,0.2777777777777778,748.74,10.399166666666666,67.5,False,41.27611111111111,Low
CUST04330,Convenience_First,72,20,0.2777777777777778,1810.44,25.145,67.5,False,41.27611111111111,Low
CUST07953,Price_Sensitive,66,20,0.303030303030303,792.2,12.003030303030304,67.1,True,41.27371212121212,Low
CUST06225,Convenience_First,65,21,0.3230769230769231,2213.41,34.052461538461536,65.4,True,41.266826923076934,Low
CUST07762,Convenience_First,73,21,0.2876712328767123,2120.27,29.044794520547946,66.1,False,41.26184931506849,Low
CUST01446,Convenience_First,64,23,0.359375,1494.01,23.34390625,62.1,True,41.260000000000005,Low
CUST04611,Convenience_First,58,24,0.4137931034482758,1102.11,19.001896551724137,58.4,False,41.25797413793103,Low
CUST07370,Convenience_First,69,20,0.2898550724637681,2137.02,30.971304347826088,67.3,False,41.25670289855073,Low
CUST07287,Convenience_First,50,21,0.42,1419.66,28.3932,59.6,False,41.25625,Low
CUST02155,Price_Sensitive,63,20,0.3174603174603174,1914.32,30.386031746031744,66.6,True,41.25591269841269,Low
CUST04868,Convenience_First,80,16,0.2,2072.24,25.903,71.9,False,41.253750000000004,Low
CUST00103,Price_Sensitive,77,17,0.2207792207792207,1631.71,21.191038961038963,71.1,False,41.24366883116882,Low
CUST00531,Convenience_First,72,19,0.2638888888888889,1986.99,27.597083333333337,68.8,False,41.24055555555555,Low
CUST05349,Convenience_First,73,23,0.3150684931506849,1866.34,25.566301369863012,63.3,True,41.2377397260274,Low
CUST01473,Convenience_First,69,19,0.2753623188405797,1514.25,21.945652173913043,68.7,False,41.23699275362319,Low
CUST05883,Convenience_First,64,22,0.34375,1294.89,20.23265625,63.6,True,41.235,Low
CUST02634,Convenience_First,72,21,0.2916666666666667,1696.73,23.565694444444446,66.0,False,41.23166666666667,Low
CUST07898,Price_Sensitive,68,19,0.2794117647058823,1752.9,25.77794117647059,68.6,False,41.23022058823529,Low
CUST02255,Convenience_First,72,23,0.3194444444444444,1613.58,22.410833333333333,63.2,True,41.22277777777778,Low
CUST04568,Convenience_First,57,23,0.4035087719298245,1213.54,21.290175438596492,59.6,False,41.22035087719299,Low
CUST02717,Price_Sensitive,69,22,0.3188405797101449,1572.5,22.78985507246377,64.3,True,41.216123188405795,Low
CUST00499,Price_Sensitive,63,20,0.3174603174603174,1465.1,23.255555555555553,66.5,True,41.215912698412694,Low
CUST04454,Price_Sensitive,73,15,0.2054794520547945,1528.44,20.937534246575343,74.2,False,41.21417808219178,Low
CUST07825,Convenience_First,74,19,0.2567567567567567,1759.73,23.780135135135136,68.7,False,41.21152027027027,Low
CUST01985,Price_Sensitive,70,20,0.2857142857142857,1665.52,23.793142857142858,67.3,False,41.21107142857143,Low
CUST00996,Price_Sensitive,58,19,0.3275862068965517,1550.87,26.73913793103448,66.9,True,41.209698275862074,Low
CUST01919,Price_Sensitive,60,20,0.3333333333333333,1368.65,22.810833333333335,65.8,True,41.208333333333336,Low
CUST01257,Convenience_First,60,23,0.3833333333333333,1141.06,19.017666666666667,60.8,True,41.208333333333336,Low
CUST04948,Price_Sensitive,68,21,0.3088235294117647,1796.09,26.413088235294115,65.6,True,41.20669117647059,Low
CUST07386,Convenience_First,49,20,0.4081632653061224,1191.05,24.307142857142857,60.8,True,41.2065306122449,Low
CUST00379,Convenience_First,66,22,0.3333333333333333,1972.49,29.88621212121212,63.9,True,41.20583333333333,Low
CUST04516,Convenience_First,66,22,0.3333333333333333,2507.48,37.99212121212121,63.9,True,41.20583333333333,Low
CUST06274,Convenience_First,76,20,0.2631578947368421,2506.46,32.97973684210526,67.2,False,41.205065789473686,Low
CUST05110,Routine_Commuter,62,21,0.3387096774193548,1906.67,30.752741935483872,64.6,True,41.200887096774196,Low
CUST00756,Convenience_First,67,20,0.2985074626865671,2158.94,32.22298507462687,67.0,False,41.197798507462686,Low
CUST07865,Convenience_First,65,19,0.2923076923076923,1505.93,23.16815384615385,68.3,False,41.1960576923077,Low
CUST07005,Convenience_First,65,24,0.3692307692307692,2150.83,33.0896923076923,60.6,True,41.19298076923077,Low
CUST06024,Convenience_First,56,21,0.375,1286.91,22.980535714285715,62.6,True,41.18625000000001,Low
CUST06684,Routine_Commuter,79,15,0.189873417721519,1377.44,17.435949367088607,73.2,False,41.18618670886076,Low
CUST02847,Price_Sensitive,72,23,0.3194444444444444,988.2,13.725,63.1,True,41.18277777777778,Low
CUST02320,Convenience_First,58,20,0.3448275862068966,1908.4,32.90344827586207,65.1,True,41.17935344827586,Low
CUST07848,Convenience_First,43,19,0.4418604651162791,1127.06,26.210697674418604,58.3,False,41.17816860465116,Low
CUST02773,Convenience_First,50,21,0.42,1227.01,24.5402,59.4,False,41.17625,Low
CUST01843,Convenience_First,68,21,0.3088235294117647,1536.62,22.597352941176467,65.5,True,41.16669117647059,Low
CUST03753,Convenience_First,62,22,0.3548387096774194,773.7,12.479032258064516,62.9,True,41.16604838709678,Low
CUST00769,Convenience_First,51,21,0.4117647058823529,1302.28,25.53490196078431,60.0,True,41.160588235294114,Low
CUST06899,Convenience_First,52,19,0.3653846153846153,1295.57,24.91480769230769,64.4,True,41.160384615384615,Low
CUST05048,Convenience_First,71,20,0.2816901408450704,1118.52,15.753802816901407,67.2,False,41.158855633802816,Low
CUST02007,Price_Sensitive,75,16,0.2133333333333333,1495.34,19.937866666666665,72.5,False,41.155833333333334,Low
CUST03208,Price_Sensitive,60,21,0.35,1317.38,21.95633333333333,64.0,True,41.155,Low
CUST07899,Routine_Commuter,83,16,0.1927710843373494,2151.31,25.919397590361445,70.9,False,41.15459337349398,Low
CUST06175,Convenience_First,48,22,0.4583333333333333,1217.66,25.36791666666667,55.8,False,41.15083333333334,Low
CUST04717,Price_Sensitive,62,19,0.3064516129032258,1254.88,20.24,67.7,True,41.15056451612904,Low
CUST02936,Convenience_First,51,17,0.3333333333333333,1617.87,31.722941176470584,67.8,True,41.14333333333333,Low
CUST03364,Convenience_First,58,24,0.4137931034482758,1539.31,26.539827586206897,58.1,False,41.13797413793103,Low
CUST07524,Convenience_First,65,23,0.3538461538461538,1338.38,20.59046153846154,62.0,True,41.13759615384616,Low
CUST07389,Price_Sensitive,75,20,0.2666666666666666,2505.11,33.40146666666667,67.1,False,41.12916666666666,Low
CUST04164,Convenience_First,78,19,0.2435897435897435,1981.66,25.405897435897437,68.1,False,41.12733974358974,Low
CUST05318,Price_Sensitive,72,19,0.2638888888888889,1681.56,23.355,68.5,False,41.12055555555556,Low
CUST07174,Price_Sensitive,72,19,0.2638888888888889,1705.51,23.687638888888888,68.5,False,41.12055555555556,Low
CUST02688,Convenience_First,64,22,0.34375,1204.9,18.8265625,63.3,True,41.115,Low
CUST05103,Price_Sensitive,67,21,0.3134328358208955,1532.2,22.86865671641791,65.3,True,41.114813432835824,Low
CUST01269,Convenience_First,48,22,0.4583333333333333,1294.77,26.974375,55.7,False,41.11083333333333,Low
CUST02517,Convenience_First,66,26,0.3939393939393939,2424.4,36.733333333333334,57.6,False,41.11007575757576,Low
CUST03416,Price_Sensitive,61,21,0.3442622950819672,1339.11,21.95262295081967,64.1,True,41.09424180327869,Low
CUST06635,Convenience_First,74,21,0.2837837837837837,1214.26,16.408918918918918,65.7,False,41.09260135135135,Low
CUST02315,Convenience_First,71,24,0.3380281690140845,1633.04,23.00056338028169,61.4,True,41.092376760563376,Low
CUST02165,Price_Sensitive,67,18,0.2686567164179104,1389.01,20.731492537313432,69.7,False,41.08376865671642,Low
CUST00615,Price_Sensitive,70,19,0.2714285714285714,1961.93,28.02757142857143,68.4,False,41.07964285714286,Low
CUST02156,Convenience_First,65,19,0.2923076923076923,1671.18,25.71046153846154,68.0,False,41.0760576923077,Low
CUST01307,Convenience_First,82,18,0.2195121951219512,1531.01,18.670853658536583,68.5,False,41.07173780487805,Low
CUST00955,Routine_Commuter,72,21,0.2916666666666667,1247.68,17.32888888888889,65.6,False,41.071666666666665,Low
CUST03063,Convenience_First,75,21,0.28,2046.23,27.283066666666667,65.6,False,41.0625,Low
CUST02230,Convenience_First,50,19,0.38,1335.62,26.7124,63.1,True,41.056250000000006,Low
CUST03722,Convenience_First,70,20,0.2857142857142857,1011.02,14.443142857142856,66.9,False,41.05107142857143,Low
CUST02600,Price_Sensitive,73,19,0.2602739726027397,2086.51,28.58232876712329,68.3,False,41.04595890410959,Low
CUST03038,Convenience_First,70,23,0.3285714285714285,1506.54,21.522,62.6,True,41.04535714285714,Low
CUST00799,Routine_Commuter,62,21,0.3387096774193548,1331.34,21.473225806451612,64.2,True,41.0408870967742,Low
CUST00521,Routine_Commuter,78,20,0.2564102564102564,2222.2,28.489743589743583,66.6,False,41.04016025641025,Low
CUST05008,Convenience_First,47,19,0.4042553191489361,1264.12,26.896170212765956,61.1,True,41.037712765957444,Low
CUST07073,Convenience_First,70,22,0.3142857142857143,1829.73,26.139,64.0,True,41.03392857142857,Low
CUST01035,Convenience_First,76,18,0.2368421052631578,1457.09,19.172236842105264,69.4,False,41.03243421052632,Low
CUST04725,Routine_Commuter,71,18,0.2535211267605634,1346.5,18.964788732394368,69.7,False,41.032095070422535,Low
CUST06945,Price_Sensitive,64,15,0.234375,1178.03,18.40671875,74.0,False,41.02,Low
CUST06259,Convenience_First,50,23,0.46,780.45,15.609000000000002,55.0,False,41.01625000000001,Low
CUST01304,Routine_Commuter,79,19,0.240506329113924,1659.89,21.01126582278481,67.7,False,41.01150316455696,Low
CUST05928,Price_Sensitive,65,20,0.3076923076923077,1465.17,22.541076923076925,66.3,True,41.01144230769231,Low
CUST07710,Convenience_First,51,18,0.3529411764705882,1000.08,19.60941176470588,65.5,True,41.00764705882353,Low
CUST01859,Price_Sensitive,55,19,0.3454545454545454,709.45,12.89909090909091,65.3,True,41.00568181818182,Low
CUST05701,Price_Sensitive,77,18,0.2337662337662337,2331.55,30.279870129870133,69.2,False,41.00314935064935,Low
CUST03022,Price_Sensitive,64,19,0.296875,1442.62,22.5409375,67.7,False,41.0,Low
CUST03511,Convenience_First,44,17,0.3863636363636363,703.13,15.980227272727271,63.3,True,40.99704545454545,Low
CUST01097,Routine_Commuter,64,22,0.34375,1175.19,18.36234375,63.0,True,40.995000000000005,Low
CUST02127,Price_Sensitive,60,18,0.3,863.02,14.383666666666668,68.6,True,40.995,Low
CUST04704,Price_Sensitive,68,22,0.3235294117647059,1334.03,19.618088235294117,63.6,True,40.99492647058824,Low
CUST07215,Price_Sensitive,76,18,0.2368421052631578,1854.98,24.40763157894737,69.3,False,40.99243421052631,Low
CUST04462,Price_Sensitive,65,16,0.2461538461538461,2162.04,33.26215384615384,72.4,False,40.98990384615385,Low
CUST07793,Price_Sensitive,66,18,0.2727272727272727,1581.79,23.96651515151515,69.4,False,40.98159090909091,Low
CUST02359,Convenience_First,62,25,0.4032258064516129,1672.06,26.968709677419355,57.6,False,40.98153225806452,Low
CUST02089,Convenience_First,53,20,0.3773584905660377,1136.8,21.449056603773585,62.5,True,40.9805896226415,Low
CUST07043,Price_Sensitive,64,23,0.359375,1242.69,19.41703125,61.4,True,40.980000000000004,Low
CUST05372,Convenience_First,56,23,0.4107142857142857,1310.93,23.40946428571429,58.5,False,40.97482142857143,Low
CUST07143,Convenience_First,57,19,0.3333333333333333,1747.15,30.651754385964914,66.0,True,40.973333333333336,Low
CUST04024,Convenience_First,54,19,0.3518518518518518,1078.03,19.96351851851852,64.8,True,40.972824074074076,Low
CUST07972,Convenience_First,58,19,0.3275862068965517,1702.48,29.353103448275863,66.3,True,40.96969827586207,Low
CUST00316,Price_Sensitive,60,23,0.3833333333333333,1460.87,24.34783333333333,60.2,True,40.968333333333334,Low
CUST07562,Convenience_First,65,19,0.2923076923076923,1299.99,19.999846153846153,67.7,False,40.956057692307695,Low
CUST02679,Convenience_First,66,20,0.303030303030303,1477.73,22.38984848484849,66.3,True,40.95371212121212,Low
CUST03715,Convenience_First,72,22,0.3055555555555556,2119.21,29.43347222222222,63.9,True,40.94722222222222,Low
CUST07716,Convenience_First,64,20,0.3125,1547.85,24.18515625,66.0,True,40.94500000000001,Low
CUST04538,Price_Sensitive,68,20,0.2941176470588235,1396.83,20.54161764705882,66.4,False,40.93845588235295,Low
CUST06047,Convenience_First,68,17,0.25,1974.57,29.037794117647056,70.8,False,40.93375,Low
CUST06189,Convenience_First,75,23,0.3066666666666666,1981.23,26.4164,62.6,True,40.92916666666667,Low
CUST01989,Convenience_First,73,19,0.2602739726027397,1757.89,24.080684931506852,68.0,False,40.92595890410959,Low
CUST07974,Convenience_First,73,19,0.2602739726027397,1759.45,24.102054794520548,68.0,False,40.92595890410959,Low
CUST04627,Price_Sensitive,67,19,0.2835820895522388,1812.52,27.052537313432836,67.8,False,40.920783582089555,Low
CUST02508,Price_Sensitive,58,18,0.3103448275862069,1046.47,18.04258620689655,67.9,True,40.92004310344828,Low
CUST03326,Convenience_First,76,19,0.25,1580.29,20.79328947368421,67.8,False,40.91875,Low
CUST02106,Convenience_First,67,21,0.3134328358208955,1540.3,22.98955223880597,64.8,True,40.91481343283582,Low
CUST05755,Convenience_First,65,24,0.3692307692307692,1668.24,25.66523076923077,59.9,False,40.91298076923077,Low
CUST00207,Price_Sensitive,71,17,0.2394366197183098,1925.61,27.1212676056338,70.8,False,40.90871478873239,Low
CUST05011,Convenience_First,57,16,0.2807017543859649,1744.94,30.61298245614035,71.1,False,40.908070175438596,Low
CUST07491,Convenience_First,53,19,0.3584905660377358,902.15,17.021698113207545,64.2,True,40.90587264150943,Low
CUST01741,Convenience_First,56,22,0.3928571428571428,1746.54,31.188214285714285,60.1,True,40.900535714285716,Low
CUST00564,Price_Sensitive,81,12,0.1481481481481481,1965.56,24.266172839506172,75.7,False,40.899675925925926,Low
CUST04797,Price_Sensitive,69,20,0.2898550724637681,1431.49,20.74623188405797,66.4,False,40.89670289855073,Low
CUST04486,Convenience_First,69,22,0.3188405797101449,1397.97,20.260434782608694,63.5,True,40.8961231884058,Low
CUST03043,Convenience_First,42,18,0.4285714285714285,1465.5,34.892857142857146,59.0,False,40.89410714285714,Low
CUST05657,Price_Sensitive,57,19,0.3333333333333333,1123.1,19.703508771929823,65.8,True,40.89333333333334,Low
CUST01327,Convenience_First,66,23,0.3484848484848485,1047.96,15.87818181818182,61.6,True,40.89189393939394,Low
CUST00929,Convenience_First,59,20,0.3389830508474576,1738.51,29.46627118644068,64.7,True,40.88307203389831,Low
CUST04018,Price_Sensitive,73,16,0.2191780821917808,1061.92,14.546849315068494,72.0,False,40.882123287671234,Low
CUST05259,Price_Sensitive,71,20,0.2816901408450704,1555.58,21.909577464788732,66.5,False,40.878855633802814,Low
CUST01278,Convenience_First,61,20,0.3278688524590163,1560.01,25.573934426229503,65.2,True,40.87850409836065,Low
CUST01012,Price_Sensitive,72,20,0.2777777777777778,1233.25,17.12847222222222,66.5,False,40.876111111111115,Low
CUST02922,Convenience_First,60,18,0.3,1625.78,27.096333333333337,68.3,True,40.875,Low
CUST06555,Convenience_First,74,22,0.2972972972972973,1746.36,23.599459459459457,63.8,False,40.87314189189189,Low
CUST02338,Price_Sensitive,82,13,0.1585365853658536,1629.99,19.877926829268297,74.1,False,40.87271341463415,Low
CUST02406,Price_Sensitive,67,22,0.3283582089552239,1165.93,17.401940298507462,63.2,True,40.87182835820896,Low
CUST00038,Convenience_First,34,15,0.4411764705882353,518.99,15.264411764705883,58.0,False,40.86580882352941,Low
CUST00261,Convenience_First,62,17,0.2741935483870967,1717.3,27.69838709677419,70.2,False,40.86024193548387,Low
CUST00970,Convenience_First,71,22,0.3098591549295774,1199.26,16.89098591549296,63.6,True,40.8456161971831,Low
CUST00023,Convenience_First,59,19,0.3220338983050847,1517.21,25.71542372881356,66.3,True,40.84510593220339,Low
CUST05113,Price_Sensitive,68,18,0.2647058823529412,1873.75,27.55514705882353,69.1,False,40.841985294117656,Low
CUST02621,Price_Sensitive,69,19,0.2753623188405797,1350.87,19.57782608695652,67.7,False,40.83699275362319,Low
CUST00587,Price_Sensitive,68,22,0.3235294117647059,1475.13,21.69308823529412,63.2,True,40.834926470588236,Low
CUST03713,Convenience_First,73,20,0.273972602739726,1959.76,26.846027397260272,66.4,False,40.83390410958904,Low
CUST04634,Convenience_First,62,19,0.3064516129032258,1671.64,26.96193548387097,66.9,True,40.83056451612904,Low
CUST07785,Price_Sensitive,52,17,0.3269230769230769,920.22,17.696538461538463,67.4,True,40.82192307692308,Low
CUST00958,Convenience_First,66,18,0.2727272727272727,2044.65,30.979545454545455,69.0,False,40.82159090909091,Low
CUST02887,Convenience_First,55,21,0.3818181818181818,1883.64,34.248,61.2,True,40.82022727272728,Low
CUST06074,Price_Sensitive,73,18,0.2465753424657534,2319.4,31.77260273972603,69.1,False,40.81801369863014,Low
CUST06095,Convenience_First,53,21,0.3962264150943396,1239.71,23.39075471698113,60.2,True,40.815306603773585,Low
CUST02219,Convenience_First,61,21,0.3442622950819672,1782.86,29.227213114754097,63.4,True,40.81424180327869,Low
CUST01521,Convenience_First,74,21,0.2837837837837837,1487.53,20.101756756756757,65.0,False,40.81260135135135,Low
CUST01996,Price_Sensitive,62,21,0.3387096774193548,1341.33,21.634354838709676,63.6,True,40.80088709677419,Low
CUST06055,Convenience_First,72,19,0.2638888888888889,1566.37,21.755138888888887,67.7,False,40.800555555555555,Low
CUST03912,Price_Sensitive,76,19,0.25,1695.06,22.303421052631577,67.5,False,40.79875,Low
CUST03495,Convenience_First,53,17,0.320754716981132,1461.08,27.56754716981132,67.7,True,40.79643867924528,Low
CUST03871,Price_Sensitive,57,20,0.3508771929824561,908.37,15.936315789473683,63.8,True,40.795087719298245,Low
CUST04269,Convenience_First,66,20,0.303030303030303,1867.01,28.288030303030304,65.9,True,40.793712121212124,Low
CUST04899,Convenience_First,45,17,0.3777777777777777,923.14,20.514222222222223,63.5,True,40.79236111111111,Low
CUST07061,Price_Sensitive,65,21,0.3230769230769231,1533.57,23.593384615384615,64.2,True,40.78682692307693,Low
CUST00683,Convenience_First,66,18,0.2727272727272727,2127.79,32.23924242424243,68.9,False,40.78159090909091,Low
CUST07096,Convenience_First,63,19,0.3015873015873015,1058.03,16.794126984126983,67.0,True,40.78099206349206,Low
CUST07638,Convenience_First,69,20,0.2898550724637681,1635.36,23.70086956521739,66.1,False,40.776702898550724,Low
CUST02809,Price_Sensitive,62,24,0.3870967741935484,1217.77,19.641451612903225,58.7,False,40.77637096774194,Low
CUST03154,Price_Sensitive,68,17,0.25,1156.83,17.01220588235294,70.4,False,40.77375000000001,Low
CUST00190,Price_Sensitive,54,19,0.3518518518518518,1051.45,19.4712962962963,64.3,True,40.77282407407407,Low
CUST06229,Convenience_First,64,21,0.328125,1180.41,18.44390625,64.0,True,40.77,Low
CUST04709,Price_Sensitive,72,17,0.2361111111111111,1440.04,20.00055555555555,70.4,False,40.769444444444446,Low
CUST06518,Price_Sensitive,67,17,0.2537313432835821,1519.89,22.68492537313433,70.4,False,40.76675373134329,Low
CUST02125,Convenience_First,45,18,0.4,1192.27,26.494888888888887,61.2,True,40.761250000000004,Low
CUST02667,Price_Sensitive,59,21,0.3559322033898305,1433.08,24.289491525423728,62.7,True,40.761038135593225,Low
CUST06700,Price_Sensitive,67,20,0.2985074626865671,1569.9,23.43134328358209,65.9,False,40.75779850746269,Low
CUST05130,Convenience_First,66,20,0.303030303030303,1325.04,20.07636363636363,65.8,True,40.75371212121212,Low
CUST05024,Routine_Commuter,76,18,0.2368421052631578,1820.63,23.955657894736845,68.7,False,40.75243421052632,Low
CUST03449,Price_Sensitive,68,19,0.2794117647058823,1343.38,19.75558823529412,67.4,False,40.7502205882353,Low
CUST02285,Convenience_First,57,21,0.3684210526315789,1335.48,23.429473684210528,61.9,True,40.73684210526316,Low
CUST02605,Convenience_First,74,21,0.2837837837837837,2066.08,27.92,64.8,False,40.73260135135135,Low
CUST03445,Price_Sensitive,74,19,0.2567567567567567,1476.86,19.957567567567565,67.5,False,40.731520270270266,Low
CUST03801,Convenience_First,65,20,0.3076923076923077,1368.4,21.052307692307693,65.6,True,40.73144230769231,Low
CUST06157,Routine_Commuter,81,17,0.2098765432098765,1908.65,23.56358024691358,69.1,False,40.728811728395065,Low
CUST05981,Convenience_First,59,19,0.3220338983050847,1974.63,33.46830508474576,66.0,True,40.72510593220339,Low
CUST05166,Convenience_First,68,18,0.2647058823529412,1752.37,25.770147058823532,68.8,False,40.72198529411765,Low
CUST06649,Convenience_First,62,19,0.3064516129032258,1238.23,19.971451612903227,66.6,True,40.71056451612903,Low
CUST04004,Convenience_First,47,18,0.3829787234042553,723.0,15.382978723404255,62.4,True,40.70664893617022,Low
CUST00606,Convenience_First,64,20,0.3125,1604.85,25.07578125,65.4,True,40.705000000000005,Low
CUST02119,Convenience_First,70,21,0.3,1531.61,21.880142857142857,64.6,True,40.7025,Low
CUST06473,Convenience_First,57,19,0.3333333333333333,1682.82,29.52315789473684,65.3,True,40.693333333333335,Low
CUST01509,Convenience_First,57,19,0.3333333333333333,1140.32,20.005614035087717,65.3,True,40.693333333333335,Low
CUST04557,Convenience_First,74,19,0.2567567567567567,1244.68,16.82,67.4,False,40.691520270270274,Low
CUST01089,Routine_Commuter,62,23,0.3709677419354839,1714.47,27.65274193548387,60.1,True,40.69120967741936,Low
CUST06762,Price_Sensitive,62,21,0.3387096774193548,1982.11,31.969516129032257,63.3,True,40.68088709677419,Low
CUST06142,Convenience_First,69,17,0.2463768115942029,1540.35,22.32391304347826,70.2,False,40.67757246376812,Low
CUST01930,Price_Sensitive,69,17,0.2463768115942029,853.36,12.367536231884058,70.2,False,40.67757246376812,Low
CUST03024,Convenience_First,66,20,0.303030303030303,1087.29,16.474090909090908,65.6,True,40.67371212121212,Low
CUST04984,Convenience_First,67,22,0.3283582089552239,1297.79,19.37,62.7,True,40.67182835820896,Low
CUST03913,Price_Sensitive,74,18,0.2432432432432432,1094.94,14.796486486486486,68.7,False,40.67097972972973,Low
CUST05015,Convenience_First,64,17,0.265625,1403.47,21.92921875,70.0,False,40.67,Low
CUST06848,Convenience_First,51,17,0.3333333333333333,891.24,17.47529411764706,66.6,True,40.66333333333333,Low
CUST03242,Convenience_First,56,22,0.3928571428571428,1856.07,33.144107142857145,59.5,False,40.660535714285714,Low
CUST05127,Convenience_First,69,16,0.2318840579710145,1807.93,26.201884057971014,71.6,False,40.65786231884058,Low
CUST05060,Convenience_First,65,23,0.3538461538461538,1827.25,28.111538461538466,60.8,True,40.65759615384616,Low
CUST03988,Price_Sensitive,57,21,0.3684210526315789,1275.68,22.380350877192985,61.7,True,40.65684210526316,Low
CUST03116,Price_Sensitive,65,20,0.3076923076923077,1157.28,17.80430769230769,65.4,True,40.651442307692314,Low
CUST04224,Convenience_First,53,22,0.4150943396226415,1750.32,33.02490566037736,57.9,False,40.65002358490566,Low
CUST07192,Convenience_First,66,16,0.2424242424242424,1534.96,23.256969696969698,71.6,False,40.649469696969696,Low
CUST02438,Price_Sensitive,59,17,0.288135593220339,1095.98,18.57593220338983,69.2,False,40.649173728813565,Low
CUST02921,Price_Sensitive,68,21,0.3088235294117647,1750.87,25.748088235294116,64.2,True,40.6466911764706,Low
CUST05706,Price_Sensitive,64,16,0.25,2485.72,38.839375,71.5,False,40.645,Low
CUST07334,Convenience_First,32,15,0.46875,429.67,13.4271875,54.7,False,40.64,Low
CUST06156,Convenience_First,64,19,0.296875,620.49,9.69515625,66.8,False,40.64,Low
CUST04099,Price_Sensitive,64,19,0.296875,946.83,14.79421875,66.8,False,40.64,Low
CUST07755,Convenience_First,67,20,0.2985074626865671,1196.02,17.8510447761194,65.6,False,40.63779850746268,Low
CUST05200,Price_Sensitive,63,16,0.2539682539682539,1948.93,30.935396825396825,71.4,False,40.63623015873016,Low
CUST04291,Convenience_First,66,20,0.303030303030303,1347.95,20.42348484848485,65.5,True,40.63371212121212,Low
CUST03679,Convenience_First,74,18,0.2432432432432432,1902.15,25.70472972972973,68.6,False,40.630979729729724,Low
CUST05770,Convenience_First,68,19,0.2794117647058823,1899.33,27.931323529411763,67.1,False,40.6302205882353,Low
CUST00090,Price_Sensitive,58,21,0.3620689655172414,1564.95,26.981896551724137,62.0,True,40.62900862068965,Low
CUST02622,Convenience_First,67,23,0.3432835820895522,1608.38,24.005671641791047,61.1,True,40.62884328358209,Low
CUST02154,Price_Sensitive,64,20,0.3125,1344.66,21.0103125,65.2,True,40.625,Low
CUST04194,Convenience_First,55,21,0.3818181818181818,1299.65,23.630000000000003,60.7,True,40.62022727272728,Low
CUST00788,Price_Sensitive,72,15,0.2083333333333333,1678.0,23.305555555555557,72.8,False,40.61833333333333,Low
CUST04540,Price_Sensitive,69,18,0.2608695652173913,1526.35,22.121014492753623,68.6,False,40.61728260869565,Low
CUST02514,Convenience_First,70,17,0.2428571428571428,1644.87,23.498142857142856,70.1,False,40.61678571428571,Low
CUST03332,Price_Sensitive,63,20,0.3174603174603174,1612.76,25.59936507936508,65.0,True,40.61591269841269,Low
CUST02575,Convenience_First,47,17,0.3617021276595745,1535.29,32.66574468085106,64.3,True,40.61558510638298,Low
CUST04038,Price_Sensitive,76,15,0.1973684210526315,1788.74,23.536052631578947,72.3,False,40.61348684210526,Low
CUST05614,Convenience_First,57,19,0.3333333333333333,1003.09,17.598070175438597,65.1,True,40.61333333333334,Low
CUST00559,Price_Sensitive,74,15,0.2027027027027027,1598.73,21.60445945945946,72.6,False,40.609358108108104,Low
CUST07194,Price_Sensitive,67,19,0.2835820895522388,692.81,10.34044776119403,67.0,False,40.600783582089555,Low
CUST07574,Convenience_First,72,19,0.2638888888888889,1227.18,17.04416666666667,67.2,False,40.60055555555556,Low
CUST00658,Convenience_First,69,21,0.3043478260869565,1776.85,25.75144927536232,64.2,True,40.596413043478265,Low
CUST03458,Convenience_First,64,23,0.359375,1596.82,24.9503125,60.4,True,40.58,Low
CUST01834,Convenience_First,64,18,0.28125,1059.12,16.54875,68.2,False,40.575,Low
CUST06537,Price_Sensitive,72,16,0.2222222222222222,1566.19,21.75263888888889,71.3,False,40.57388888888889,Low
CUST02874,Convenience_First,70,20,0.2857142857142857,814.09,11.629857142857142,65.7,False,40.57107142857143,Low
CUST00317,Price_Sensitive,70,20,0.2857142857142857,1789.46,25.563714285714287,65.7,False,40.57107142857143,Low
CUST07912,Convenience_First,64,21,0.328125,1084.73,16.94890625,63.5,True,40.57000000000001,Low
CUST01757,Price_Sensitive,59,20,0.3389830508474576,1502.22,25.46135593220339,63.9,True,40.56307203389831,Low
CUST06674,Convenience_First,71,20,0.2816901408450704,2281.25,32.13028169014085,65.7,False,40.558855633802814,Low
CUST03456,Convenience_First,76,19,0.25,2650.94,34.88078947368421,66.9,False,40.55875,Low
CUST01891,Price_Sensitive,61,20,0.3278688524590163,1746.7,28.634426229508197,64.4,True,40.55850409836066,Low
CUST02330,Convenience_First,73,20,0.273972602739726,3586.52,49.13041095890411,65.7,False,40.55390410958904,Low
CUST07590,Convenience_First,64,17,0.265625,1534.59,23.97796875,69.7,False,40.550000000000004,Low
CUST07381,Price_Sensitive,70,18,0.2571428571428571,2050.62,29.294571428571427,68.5,False,40.54821428571428,Low
CUST02754,Convenience_First,70,21,0.3,1572.92,22.470285714285716,64.2,True,40.542500000000004,Low
CUST04635,Convenience_First,68,20,0.2941176470588235,1950.33,28.681323529411763,65.4,False,40.53845588235295,Low
CUST00692,Convenience_First,36,15,0.4166666666666667,821.68,22.82444444444444,59.6,False,40.536666666666676,Low
CUST03702,Convenience_First,57,19,0.3333333333333333,1498.77,26.29421052631579,64.9,True,40.53333333333334,Low
CUST05140,Convenience_First,85,16,0.188235294117647,2970.76,34.950117647058825,68.9,False,40.53316176470589,Low
CUST00170,Convenience_First,68,21,0.3088235294117647,1363.16,20.046470588235294,63.9,True,40.52669117647059,Low
CUST01013,Price_Sensitive,65,17,0.2615384615384615,2002.99,30.81523076923077,69.7,False,40.525288461538466,Low
CUST01442,Convenience_First,64,19,0.296875,2384.27,37.25421875,66.5,False,40.52,Low
CUST02735,Price_Sensitive,70,19,0.2714285714285714,1810.38,25.862571428571428,67.0,False,40.519642857142856,Low
CUST04028,Convenience_First,31,14,0.4516129032258064,1036.08,33.42193548387097,56.1,False,40.50951612903226,Low
CUST03664,Convenience_First,63,19,0.3015873015873015,2185.26,34.68666666666667,66.3,True,40.500992063492056,Low
CUST07719,Convenience_First,68,20,0.2941176470588235,1007.31,14.813382352941176,65.3,False,40.49845588235294,Low
CUST02356,Convenience_First,45,19,0.4222222222222222,1073.51,23.855777777777774,58.3,False,40.49013888888889,Low
CUST07495,Convenience_First,64,21,0.328125,1805.06,28.2040625,63.3,True,40.49,Low
CUST07040,Price_Sensitive,60,20,0.3333333333333333,1258.6,20.976666666666667,64.0,True,40.48833333333334,Low
CUST06339,Price_Sensitive,74,13,0.1756756756756756,1390.93,18.79635135135135,75.0,False,40.488277027027024,Low
CUST07399,Price_Sensitive,77,16,0.2077922077922078,1432.35,18.60194805194805,70.5,False,40.484188311688314,Low
CUST00595,Convenience_First,51,21,0.4117647058823529,1402.54,27.50078431372549,58.3,False,40.480588235294114,Low
CUST05622,Price_Sensitive,68,15,0.2205882352941176,678.19,9.973382352941178,72.6,False,40.477279411764705,Low
CUST07062,Convenience_First,62,19,0.3064516129032258,1344.04,21.67806451612903,66.0,True,40.47056451612903,Low
CUST06731,Convenience_First,46,16,0.3478260869565217,961.78,20.90826086956522,65.5,True,40.46929347826087,Low
CUST06778,Convenience_First,65,21,0.3230769230769231,1366.33,21.020461538461536,63.4,True,40.46682692307692,Low
CUST02495,Routine_Commuter,75,18,0.24,2373.68,31.649066666666663,68.1,False,40.462500000000006,Low
CUST05297,Convenience_First,48,18,0.375,1340.65,27.930208333333336,62.4,True,40.4575,Low
CUST03834,Convenience_First,57,19,0.3333333333333333,1618.83,28.40052631578947,64.7,True,40.45333333333334,Low
CUST05561,Convenience_First,55,20,0.3636363636363636,1527.45,27.771818181818183,62.1,True,40.45295454545455,Low
CUST06735,Convenience_First,68,21,0.3088235294117647,2121.2,31.19411764705882,63.7,True,40.446691176470594,Low
CUST07280,Convenience_First,49,22,0.4489795918367347,1149.58,23.46081632653061,54.8,False,40.439183673469394,Low
CUST06017,Convenience_First,66,20,0.303030303030303,1781.22,26.98818181818182,65.0,True,40.43371212121212,Low
CUST03322,Price_Sensitive,66,19,0.2878787878787879,1328.2,20.124242424242425,66.5,False,40.42765151515152,Low
CUST04851,Price_Sensitive,56,21,0.375,1204.5,21.508928571428573,60.7,True,40.42625,Low
CUST01243,Price_Sensitive,62,17,0.2741935483870967,1142.9,18.433870967741935,69.1,False,40.42024193548387,Low
CUST05350,Price_Sensitive,73,18,0.2465753424657534,1582.32,21.67561643835616,68.1,False,40.41801369863013,Low
CUST01882,Convenience_First,50,20,0.4,1079.95,21.599,59.5,False,40.41625,Low
CUST03476,Convenience_First,61,21,0.3442622950819672,1681.4,27.56393442622951,62.4,True,40.414241803278685,Low
CUST07120,Convenience_First,59,16,0.2711864406779661,1672.73,28.35135593220339,70.3,False,40.41120762711865,Low
CUST02875,Convenience_First,68,21,0.3088235294117647,1945.63,28.612205882352946,63.6,True,40.406691176470595,Low
CUST04562,Price_Sensitive,67,19,0.2835820895522388,2167.28,32.34746268656717,66.5,False,40.40078358208956,Low
CUST04299,Convenience_First,72,19,0.2638888888888889,2345.38,32.57472222222222,66.7,False,40.40055555555556,Low
CUST02350,Price_Sensitive,54,18,0.3333333333333333,1087.4,20.13703703703704,65.2,True,40.39208333333333,Low
CUST04409,Price_Sensitive,75,18,0.24,1381.55,18.420666666666666,67.9,False,40.38250000000001,Low
CUST07029,Convenience_First,60,19,0.3166666666666666,1090.83,18.1805,65.4,True,40.38166666666667,Low
CUST07281,Convenience_First,65,18,0.2769230769230769,1060.11,16.309384615384612,67.8,False,40.38067307692308,Low
CUST07695,Convenience_First,63,20,0.3174603174603174,1338.57,21.247142857142855,64.4,True,40.3759126984127,Low
CUST00225,Convenience_First,74,19,0.2567567567567567,2635.97,35.62121621621621,66.6,False,40.37152027027027,Low
CUST01381,Convenience_First,75,17,0.2266666666666666,2000.48,26.673066666666667,69.2,False,40.36916666666667,Low
CUST04809,Convenience_First,59,18,0.3050847457627119,1407.22,23.851186440677967,66.8,True,40.36713983050848,Low
CUST03942,Convenience_First,67,20,0.2985074626865671,1320.57,19.709999999999997,64.9,False,40.35779850746269,Low
CUST04371,Convenience_First,71,19,0.2676056338028169,2180.39,30.709718309859152,66.6,False,40.35547535211267,Low
CUST03647,Convenience_First,56,20,0.3571428571428571,1837.34,32.809642857142855,62.3,True,40.35196428571429,Low
CUST05649,Convenience_First,68,19,0.2794117647058823,2327.21,34.22367647058824,66.4,False,40.350220588235295,Low
CUST02288,Price_Sensitive,62,18,0.2903225806451613,1719.99,27.741774193548387,67.3,False,40.34540322580646,Low
CUST00767,Price_Sensitive,71,15,0.2112676056338028,963.6,13.571830985915494,72.2,False,40.34195422535211,Low
CUST02205,Convenience_First,60,19,0.3166666666666666,1622.75,27.045833333333334,65.3,True,40.34166666666666,Low
CUST03721,Price_Sensitive,50,16,0.32,713.43,14.2686,67.3,True,40.33625,Low
CUST01251,Convenience_First,77,13,0.1688311688311688,1885.27,24.484025974025975,74.0,False,40.32574675324675,Low
CUST06106,Convenience_First,67,19,0.2835820895522388,1426.85,21.296268656716418,66.3,False,40.320783582089554,Low
CUST02286,Convenience_First,57,18,0.3157894736842105,1531.79,26.873508771929824,66.1,True,40.311578947368425,Low
CUST05573,Price_Sensitive,52,18,0.3461538461538461,1165.48,22.41307692307692,64.2,True,40.31115384615384,Low
CUST04933,Convenience_First,38,14,0.3684210526315789,1073.26,28.243684210526315,63.8,True,40.31059210526316,Low
CUST05157,Price_Sensitive,71,16,0.2253521126760563,1174.28,16.539154929577464,70.7,False,40.305334507042254,Low
CUST07967,Convenience_First,63,19,0.3015873015873015,1184.4,18.8,65.8,True,40.30099206349206,Low
CUST03247,Price_Sensitive,64,18,0.28125,1727.19,26.98734375,67.5,False,40.295,Low
CUST07206,Convenience_First,54,17,0.3148148148148148,1518.14,28.113703703703703,66.8,True,40.29134259259259,Low
CUST05457,Price_Sensitive,67,18,0.2686567164179104,1170.09,17.464029850746268,67.7,False,40.283768656716425,Low
CUST02848,Convenience_First,67,18,0.2686567164179104,1420.78,21.20567164179105,67.7,False,40.283768656716425,Low
CUST06562,Convenience_First,67,19,0.2835820895522388,2665.58,39.784776119402984,66.2,False,40.28078358208956,Low
CUST04862,Convenience_First,52,19,0.3653846153846153,922.45,17.739423076923078,62.2,True,40.28038461538461,Low
CUST03919,Convenience_First,79,14,0.1772151898734177,1259.6,15.944303797468354,72.2,False,40.279857594936715,Low
CUST00468,Convenience_First,44,17,0.3863636363636363,712.86,16.201363636363638,61.5,True,40.27704545454545,Low
CUST02700,Price_Sensitive,69,19,0.2753623188405797,635.88,9.215652173913044,66.3,False,40.27699275362319,Low
CUST00327,Price_Sensitive,61,17,0.2786885245901639,1055.4,17.301639344262295,68.6,False,40.27129098360656,Low
CUST05539,Price_Sensitive,62,18,0.2903225806451613,1644.18,26.519032258064517,67.1,False,40.26540322580645,Low
CUST03785,Convenience_First,64,20,0.3125,1683.08,26.298125,64.3,True,40.265,Low
CUST05018,Convenience_First,53,20,0.3773584905660377,1504.49,28.386603773584905,60.7,True,40.260589622641504,Low
CUST06888,Price_Sensitive,70,17,0.2428571428571428,1518.83,21.69757142857143,69.2,False,40.25678571428571,Low
CUST05686,Convenience_First,69,20,0.2898550724637681,1596.82,23.14231884057971,64.8,False,40.25670289855073,Low
CUST05567,Convenience_First,49,18,0.3673469387755102,1307.9,26.69183673469388,62.5,True,40.25387755102041,Low
CUST05990,Convenience_First,61,20,0.3278688524590163,1936.16,31.74032786885246,63.6,True,40.23850409836065,Low
CUST06611,Convenience_First,66,20,0.303030303030303,1410.9,21.37727272727273,64.5,True,40.23371212121212,Low
CUST00349,Convenience_First,61,17,0.2786885245901639,1623.32,26.611803278688523,68.5,False,40.231290983606556,Low
CUST03938,Convenience_First,55,17,0.3090909090909091,1093.53,19.882363636363635,67.0,True,40.23113636363637,Low
CUST06179,Convenience_First,66,17,0.2575757575757575,1712.98,25.954242424242423,69.0,False,40.215530303030306,Low
CUST00584,Convenience_First,66,16,0.2424242424242424,1869.75,28.329545454545453,70.5,False,40.2094696969697,Low
CUST04623,Convenience_First,55,19,0.3454545454545454,1204.42,21.898545454545456,63.3,True,40.20568181818182,Low
CUST06110,Convenience_First,70,23,0.3285714285714285,2008.87,28.698142857142855,60.5,True,40.20535714285714,Low
CUST00848,Convenience_First,45,18,0.4,951.88,21.15288888888889,59.8,False,40.20125,Low
CUST04328,Convenience_First,51,16,0.3137254901960784,1556.37,30.51705882352941,67.4,True,40.19901960784314,Low
CUST05279,Convenience_First,58,22,0.3793103448275862,1112.45,19.180172413793105,59.2,False,40.19866379310345,Low
CUST03371,Convenience_First,44,17,0.3863636363636363,1270.06,28.865,61.3,True,40.197045454545446,Low
CUST04436,Convenience_First,64,22,0.34375,1411.61,22.05640625,61.0,True,40.19500000000001,Low
CUST02526,Convenience_First,48,16,0.3333333333333333,1147.13,23.89854166666667,65.9,True,40.19083333333334,Low
CUST05061,Price_Sensitive,70,18,0.2571428571428571,2272.38,32.46257142857143,67.6,False,40.18821428571428,Low
CUST00357,Price_Sensitive,53,19,0.3584905660377358,1325.28,25.005283018867924,62.4,True,40.185872641509434,Low
CUST06396,Convenience_First,62,18,0.2903225806451613,1843.45,29.733064516129033,66.9,False,40.18540322580646,Low
CUST01281,Convenience_First,65,18,0.2769230769230769,1872.17,28.802615384615383,67.3,False,40.180673076923085,Low
CUST00811,Convenience_First,72,15,0.2083333333333333,2181.25,30.29513888888889,71.7,False,40.178333333333335,Low
CUST07798,Price_Sensitive,67,17,0.2537313432835821,1209.46,18.051641791044776,68.9,False,40.16675373134329,Low
CUST03454,Convenience_First,64,16,0.25,1310.27,20.47296875,70.3,False,40.165000000000006,Low
CUST02038,Convenience_First,49,15,0.3061224489795918,1361.25,27.78061224489796,68.4,True,40.164897959183676,Low
CUST02630,Routine_Commuter,59,20,0.3389830508474576,1801.81,30.53915254237288,62.9,True,40.16307203389831,Low
CUST03293,Convenience_First,52,19,0.3653846153846153,1296.67,24.93596153846154,61.9,True,40.160384615384615,Low
CUST05881,Convenience_First,58,18,0.3103448275862069,980.56,16.906206896551726,66.0,True,40.160043103448274,Low
CUST00102,Convenience_First,64,19,0.296875,1998.13,31.22078125,65.6,False,40.16,Low
CUST02396,Convenience_First,56,19,0.3392857142857143,1494.43,26.68625,63.6,True,40.157678571428576,Low
CUST00470,Price_Sensitive,49,17,0.3469387755102041,1272.37,25.966734693877548,64.3,True,40.157551020408164,Low
CUST02299,Price_Sensitive,60,16,0.2666666666666666,1669.72,27.828666666666667,69.8,False,40.141666666666666,Low
CUST04561,Convenience_First,53,20,0.3773584905660377,1162.48,21.93358490566038,60.4,True,40.14058962264151,Low
CUST01123,Convenience_First,64,18,0.28125,1543.17,24.11203125,67.1,False,40.135000000000005,Low
CUST05511,Convenience_First,54,21,0.3888888888888889,1265.02,23.426296296296297,59.0,False,40.13430555555556,Low
CUST00765,Price_Sensitive,49,18,0.3673469387755102,1071.96,21.87673469387755,62.2,True,40.13387755102042,Low
CUST05435,Price_Sensitive,57,19,0.3333333333333333,1158.84,20.330526315789474,63.9,True,40.13333333333333,Low
CUST01003,Convenience_First,46,18,0.391304347826087,989.99,21.521521739130435,60.3,True,40.128423913043484,Low
CUST04427,Convenience_First,46,18,0.391304347826087,1212.2,26.35217391304348,60.3,True,40.128423913043484,Low
CUST01435,Convenience_First,64,19,0.296875,1759.41,27.49078125,65.5,False,40.120000000000005,Low
CUST02220,Convenience_First,61,15,0.2459016393442623,1683.94,27.605573770491805,71.5,False,40.119815573770495,Low
CUST04288,Price_Sensitive,66,21,0.3181818181818182,1417.82,21.48212121212121,62.7,True,40.11977272727273,Low
CUST07294,Convenience_First,70,19,0.2714285714285714,1385.09,19.787,66.0,False,40.11964285714286,Low
CUST06866,Price_Sensitive,68,15,0.2205882352941176,1735.56,25.52294117647059,71.7,False,40.11727941176471,Low
CUST01152,Convenience_First,60,21,0.35,1728.73,28.812166666666663,61.4,True,40.115,Low
CUST05863,Convenience_First,51,14,0.2745098039215686,891.1,17.472549019607843,71.1,False,40.110392156862744,Low
CUST01098,Convenience_First,61,19,0.3114754098360656,1283.69,21.044098360655735,64.9,True,40.102766393442636,Low
CUST07158,Price_Sensitive,61,19,0.3114754098360656,1222.5,20.040983606557376,64.9,True,40.102766393442636,Low
CUST06885,Convenience_First,61,16,0.2622950819672131,1491.5,24.450819672131143,69.8,False,40.09555327868853,Low
CUST05147,Price_Sensitive,49,18,0.3673469387755102,970.72,19.81061224489796,62.1,True,40.09387755102041,Low
CUST07611,Routine_Commuter,61,18,0.2950819672131147,1135.33,18.611967213114752,66.5,False,40.0870286885246,Low
CUST02235,Price_Sensitive,65,17,0.2615384615384615,1497.17,23.033384615384616,68.6,False,40.08528846153846,Low
CUST06403,Convenience_First,59,21,0.3559322033898305,1102.91,18.693389830508476,61.0,True,40.081038135593225,Low
CUST06355,Convenience_First,51,16,0.3137254901960784,1227.74,24.073333333333338,67.1,True,40.079019607843136,Low
CUST02048,Price_Sensitive,71,19,0.2676056338028169,1718.48,24.20394366197183,65.9,False,40.075475352112676,Low
CUST05161,Convenience_First,68,19,0.2794117647058823,1323.53,19.463676470588236,65.7,False,40.070220588235294,Low
CUST06031,Convenience_First,63,18,0.2857142857142857,1413.56,22.437460317460317,66.8,False,40.066071428571426,Low
CUST06698,Convenience_First,62,18,0.2903225806451613,2057.51,33.185645161290324,66.6,False,40.065403225806456,Low
CUST06535,Convenience_First,61,19,0.3114754098360656,1891.93,31.015245901639343,64.8,True,40.06276639344263,Low
CUST00782,Convenience_First,46,17,0.3695652173913043,826.3,17.963043478260868,62.3,True,40.05885869565218,Low
CUST03661,Price_Sensitive,69,20,0.2898550724637681,1264.76,18.32985507246377,64.3,False,40.056702898550725,Low
CUST05887,Price_Sensitive,61,16,0.2622950819672131,693.32,11.365901639344264,69.7,False,40.05555327868852,Low
CUST03503,Price_Sensitive,62,16,0.2580645161290322,1734.98,27.983548387096775,69.8,False,40.05508064516129,Low
CUST00033,Price_Sensitive,68,17,0.25,1428.62,21.009117647058822,68.6,False,40.05375,Low
CUST01665,Price_Sensitive,59,17,0.288135593220339,843.62,14.29864406779661,67.7,False,40.049173728813564,Low
CUST07211,Convenience_First,60,17,0.2833333333333333,1732.77,28.8795,67.9,False,40.04833333333334,Low
CUST02777,Convenience_First,59,18,0.3050847457627119,1139.41,19.312033898305085,66.0,True,40.04713983050848,Low
CUST02413,Price_Sensitive,61,18,0.2950819672131147,1626.13,26.657868852459018,66.4,False,40.04702868852459,Low
CUST03499,Convenience_First,67,17,0.2537313432835821,1655.95,24.715671641791044,68.6,False,40.04675373134329,Low
CUST05759,Convenience_First,73,16,0.2191780821917808,1453.68,19.913424657534247,69.9,False,40.04212328767123,Low
CUST07819,Price_Sensitive,51,16,0.3137254901960784,1981.42,38.85137254901961,67.0,True,40.03901960784314,Low
CUST02027,Convenience_First,42,15,0.3571428571428571,812.86,19.353809523809524,64.0,True,40.036964285714284,Low
CUST05681,Convenience_First,51,19,0.3725490196078431,955.25,18.730392156862745,61.1,True,40.031960784313725,Low
CUST04983,Convenience_First,61,22,0.360655737704918,1400.44,22.958032786885248,59.8,False,40.02997950819672,Low
CUST00399,Convenience_First,61,19,0.3114754098360656,768.0,12.59016393442623,64.7,True,40.02276639344262,Low
CUST02342,Price_Sensitive,58,16,0.2758620689655172,1080.55,18.6301724137931,69.1,False,40.02073275862069,Low
CUST02534,Price_Sensitive,71,14,0.1971830985915492,1399.72,19.7143661971831,72.8,False,40.01857394366197,Low
CUST04464,Convenience_First,53,21,0.3962264150943396,1987.27,37.49566037735849,58.2,False,40.01530660377358,Low
CUST03895,Price_Sensitive,64,18,0.28125,1158.21,18.09703125,66.8,False,40.015,Low
CUST04510,Convenience_First,57,17,0.2982456140350877,1443.05,25.316666666666663,67.1,False,40.00982456140351,Low
CUST01877,Convenience_First,60,17,0.2833333333333333,1602.95,26.715833333333332,67.8,False,40.00833333333333,Low
CUST02866,Convenience_First,65,17,0.2615384615384615,2560.36,39.39015384615385,68.4,False,40.00528846153847,Low
CUST02129,Convenience_First,67,19,0.2835820895522388,1642.56,24.51582089552239,65.5,False,40.00078358208956,Low
CUST01837,Convenience_First,55,18,0.3272727272727272,1162.13,21.129636363636365,64.6,True,39.99840909090909,Low
CUST00377,Price_Sensitive,54,18,0.3333333333333333,1429.5,26.47222222222222,64.2,True,39.99208333333333,Low
CUST00165,Price_Sensitive,52,18,0.3461538461538461,1131.58,21.76115384615385,63.4,True,39.991153846153836,Low
CUST02832,Convenience_First,65,16,0.2461538461538461,1910.46,29.39169230769231,69.9,False,39.98990384615385,Low
CUST02389,Convenience_First,47,21,0.4468085106382978,1564.38,33.28468085106383,54.2,False,39.97984042553192,Low
CUST04757,Convenience_First,48,18,0.375,1087.09,22.64770833333333,61.2,True,39.977500000000006,Low
CUST03931,Convenience_First,50,19,0.38,1718.59,34.3718,60.4,True,39.97625,Low
CUST03409,Price_Sensitive,66,17,0.2575757575757575,2132.97,32.31772727272727,68.4,False,39.975530303030304,Low
CUST07019,Price_Sensitive,54,19,0.3518518518518518,1291.23,23.911666666666665,62.3,True,39.972824074074076,Low
CUST01199,Convenience_First,58,19,0.3275862068965517,1540.24,26.555862068965517,63.8,True,39.96969827586207,Low
CUST06502,Price_Sensitive,59,18,0.3050847457627119,1479.31,25.073050847457623,65.8,True,39.96713983050848,Low
CUST03851,Convenience_First,64,16,0.25,2033.87,31.77921875,69.8,False,39.965,Low
CUST06507,Convenience_First,67,18,0.2686567164179104,2058.68,30.7265671641791,66.9,False,39.963768656716425,Low
CUST00174,Price_Sensitive,46,15,0.3260869565217391,680.41,14.791521739130436,66.4,True,39.95972826086957,Low
CUST02035,Price_Sensitive,66,14,0.2121212121212121,765.16,11.593333333333334,72.9,False,39.95734848484849,Low
CUST05801,Convenience_First,55,20,0.3636363636363636,1687.1,30.674545454545456,60.8,True,39.93295454545455,Low
CUST03598,Price_Sensitive,57,17,0.2982456140350877,1279.43,22.446140350877194,66.9,False,39.929824561403514,Low
CUST05532,Convenience_First,58,18,0.3103448275862069,1948.75,33.599137931034484,65.4,True,39.92004310344828,Low
CUST06281,Convenience_First,56,19,0.3392857142857143,1138.33,20.327321428571427,63.0,True,39.917678571428574,Low
CUST04977,Convenience_First,51,19,0.3725490196078431,1118.56,21.93254901960784,60.8,True,39.91196078431372,Low
CUST01342,Price_Sensitive,61,17,0.2786885245901639,1211.27,19.85688524590164,67.7,False,39.91129098360656,Low
CUST00481,Convenience_First,43,16,0.3720930232558139,1124.46,26.150232558139535,62.1,True,39.90747093023256,Low
CUST04390,Price_Sensitive,68,16,0.2352941176470588,1101.82,16.203235294117647,69.7,False,39.90551470588236,Low
CUST03560,Convenience_First,62,18,0.2903225806451613,2243.93,36.192419354838705,66.2,False,39.90540322580646,Low
CUST05979,Convenience_First,60,19,0.3166666666666666,1921.55,32.02583333333333,64.2,True,39.901666666666664,Low
CUST07100,Convenience_First,39,15,0.3846153846153846,1141.4,29.26666666666667,61.1,True,39.900865384615386,Low
CUST05716,Convenience_First,58,16,0.2758620689655172,1382.55,23.83706896551724,68.8,False,39.900732758620684,Low
CUST05580,Convenience_First,53,20,0.3773584905660377,1109.69,20.93754716981132,59.8,False,39.900589622641505,Low
CUST07895,Convenience_First,52,20,0.3846153846153846,1708.1,32.848076923076924,59.3,False,39.88961538461538,Low
CUST05189,Convenience_First,47,16,0.3404255319148936,916.5,19.5,64.6,True,39.88452127659575,Low
CUST04723,Price_Sensitive,58,18,0.3103448275862069,1017.26,17.53896551724138,65.3,True,39.88004310344827,Low
CUST05866,Price_Sensitive,67,20,0.2985074626865671,1361.37,20.318955223880597,63.7,False,39.87779850746269,Low
CUST01959,Convenience_First,66,14,0.2121212121212121,2204.36,33.39939393939394,72.7,False,39.87734848484848,Low
CUST02202,Convenience_First,55,17,0.3090909090909091,827.83,15.051454545454549,66.1,True,39.87113636363636,Low
CUST03143,Convenience_First,48,16,0.3333333333333333,1413.8,29.454166666666666,65.1,True,39.87083333333334,Low
CUST02268,Convenience_First,61,19,0.3114754098360656,1829.71,29.995245901639343,64.3,True,39.86276639344263,Low
CUST06197,Convenience_First,52,17,0.3269230769230769,893.37,17.18019230769231,65.0,True,39.86192307692308,Low
CUST06672,Convenience_First,58,20,0.3448275862068966,1535.8,26.479310344827585,61.8,True,39.85935344827586,Low
CUST01414,Convenience_First,76,15,0.1973684210526315,1890.74,24.87815789473684,70.4,False,39.85348684210526,Low
CUST00148,Price_Sensitive,57,19,0.3333333333333333,1869.49,32.798070175438596,63.2,True,39.85333333333333,Low
CUST05925,Convenience_First,59,15,0.2542372881355932,2273.19,38.52864406779661,70.6,False,39.85324152542373,Low
CUST01881,Convenience_First,55,20,0.3636363636363636,1265.49,23.008909090909093,60.6,True,39.85295454545455,Low
CUST07133,Convenience_First,64,21,0.328125,1046.87,16.35734375,61.7,True,39.85000000000001,Low
CUST00667,Convenience_First,56,17,0.3035714285714285,1724.18,30.788928571428578,66.4,True,39.84910714285714,Low
CUST06174,Convenience_First,57,15,0.2631578947368421,1843.37,32.33982456140351,70.2,False,39.846315789473685,Low
CUST05478,Convenience_First,71,21,0.2957746478873239,1939.31,27.314225352112675,62.5,False,39.84223591549296,Low
CUST04418,Price_Sensitive,53,16,0.3018867924528302,1354.59,25.558301886792453,67.2,True,39.84172169811321,Low
CUST06606,Convenience_First,60,21,0.35,1510.48,25.174666666666667,60.7,True,39.835,Low
CUST03323,Convenience_First,62,17,0.2741935483870967,1488.0,24.0,67.6,False,39.820241935483864,Low
CUST02637,Price_Sensitive,55,15,0.2727272727272727,1319.8,23.996363636363636,69.6,False,39.81659090909091,Low
CUST04961,Price_Sensitive,66,17,0.2575757575757575,1376.66,20.85848484848485,68.0,False,39.8155303030303,Low
CUST04208,Convenience_First,58,14,0.2413793103448276,976.11,16.82948275862069,72.0,False,39.801422413793105,Low
CUST04484,Convenience_First,55,18,0.3272727272727272,1385.95,25.19909090909091,64.1,True,39.79840909090909,Low
CUST02643,Price_Sensitive,53,17,0.320754716981132,1421.35,26.817924528301884,65.2,True,39.79643867924528,Low
CUST06691,Convenience_First,45,17,0.3777777777777777,576.04,12.800888888888888,61.0,True,39.79236111111111,Low
CUST02819,Price_Sensitive,57,18,0.3157894736842105,1494.25,26.214912280701753,64.8,True,39.79157894736843,Low
CUST02333,Convenience_First,57,17,0.2982456140350877,1080.43,18.954912280701755,66.5,False,39.76982456140351,Low
CUST03500,Convenience_First,67,16,0.2388059701492537,1822.05,27.194776119402984,69.4,False,39.76973880597016,Low
CUST05247,Convenience_First,53,18,0.3396226415094339,558.19,10.53188679245283,63.2,True,39.75115566037736,Low
CUST02563,Convenience_First,57,14,0.2456140350877192,1152.11,20.212456140350877,71.7,False,39.744561403508776,Low
CUST07286,Convenience_First,60,16,0.2666666666666666,1612.48,26.874666666666663,68.8,False,39.74166666666667,Low
CUST00201,Convenience_First,55,21,0.3818181818181818,1248.25,22.695454545454545,58.5,False,39.740227272727275,Low
CUST04043,Convenience_First,48,18,0.375,1694.44,35.30083333333334,60.6,True,39.737500000000004,Low
CUST00441,Convenience_First,52,16,0.3076923076923077,1581.63,30.41596153846154,66.6,True,39.732692307692304,Low
CUST01666,Convenience_First,42,14,0.3333333333333333,1192.52,28.393333333333334,65.6,True,39.72458333333333,Low
CUST07659,Routine_Commuter,67,18,0.2686567164179104,1991.01,29.716567164179104,66.3,False,39.72376865671642,Low
CUST07361,Convenience_First,38,15,0.3947368421052631,1170.3,30.79736842105263,59.7,False,39.72322368421053,Low
CUST03162,Price_Sensitive,64,14,0.21875,2107.63,32.93171875,72.3,False,39.715,Low
CUST06669,Routine_Commuter,60,18,0.3,1898.71,31.645166666666668,65.4,True,39.715,Low
CUST01402,Price_Sensitive,57,18,0.3157894736842105,1657.43,29.077719298245615,64.6,True,39.71157894736842,Low
CUST02484,Price_Sensitive,65,16,0.2461538461538461,1329.43,20.45276923076923,69.2,False,39.70990384615385,Low
CUST03736,Convenience_First,60,16,0.2666666666666666,1328.14,22.13566666666667,68.7,False,39.70166666666667,Low
CUST05204,Convenience_First,54,15,0.2777777777777778,996.69,18.457222222222224,69.0,False,39.689861111111114,Low
CUST00972,Convenience_First,57,17,0.2982456140350877,1534.56,26.922105263157892,66.3,False,39.68982456140351,Low
CUST05463,Price_Sensitive,57,17,0.2982456140350877,1219.79,21.39982456140351,66.3,False,39.68982456140351,Low
CUST01291,Convenience_First,58,19,0.3275862068965517,1367.65,23.580172413793104,63.1,True,39.68969827586207,Low
CUST07674,Convenience_First,59,17,0.288135593220339,2486.64,42.1464406779661,66.8,False,39.689173728813564,Low
CUST01436,Convenience_First,74,13,0.1756756756756756,2516.44,34.005945945945946,73.0,False,39.68827702702703,Low
CUST02211,Convenience_First,61,18,0.2950819672131147,1163.53,19.074262295081965,65.5,False,39.68702868852459,Low
CUST02856,Convenience_First,53,17,0.320754716981132,1911.65,36.068867924528305,64.9,True,39.67643867924528,Low
CUST06297,Convenience_First,39,14,0.358974358974359,1240.62,31.810769230769235,63.1,True,39.67522435897436,Low
CUST00801,Price_Sensitive,61,12,0.1967213114754098,623.88,10.227540983606556,75.3,False,39.67260245901639,Low
CUST01585,Convenience_First,54,18,0.3333333333333333,1817.74,33.66185185185185,63.4,True,39.672083333333326,Low
CUST05994,Price_Sensitive,65,16,0.2461538461538461,1821.54,28.023692307692308,69.1,False,39.66990384615385,Low
CUST05697,Convenience_First,44,15,0.3409090909090909,938.75,21.335227272727273,64.5,True,39.658863636363634,Low
CUST04063,Convenience_First,69,16,0.2318840579710145,2050.38,29.71565217391305,69.1,False,39.65786231884058,Low
CUST04610,Price_Sensitive,67,14,0.208955223880597,985.92,14.715223880597016,72.1,False,39.65570895522388,Low
CUST04739,Convenience_First,45,15,0.3333333333333333,1648.87,36.64155555555555,65.1,True,39.654583333333335,Low
CUST05148,Price_Sensitive,59,16,0.2711864406779661,948.5,16.076271186440678,68.4,False,39.651207627118644,Low
CUST06970,Convenience_First,56,19,0.3392857142857143,1024.16,18.28857142857143,62.3,True,39.63767857142857,Low
CUST00393,Convenience_First,56,19,0.3392857142857143,947.46,16.918928571428573,62.3,True,39.63767857142857,Low
CUST02087,Convenience_First,53,17,0.320754716981132,1052.04,19.84981132075472,64.8,True,39.63643867924528,Low
CUST06180,Convenience_First,63,16,0.2539682539682539,1763.47,27.991587301587305,68.9,False,39.63623015873016,Low
CUST04324,Convenience_First,58,16,0.2758620689655172,1378.0,23.75862068965517,68.1,False,39.62073275862068,Low
CUST03106,Convenience_First,68,14,0.2058823529411764,2093.63,30.788676470588236,71.9,False,39.609044117647066,Low
CUST06538,Convenience_First,55,19,0.3454545454545454,1707.34,31.042545454545458,61.8,True,39.605681818181814,Low
CUST07449,Convenience_First,62,19,0.3064516129032258,1287.41,20.76467741935484,63.8,True,39.590564516129035,Low
CUST03820,Price_Sensitive,55,16,0.2909090909090909,1046.68,19.030545454545457,67.2,False,39.58386363636364,Low
CUST01819,Convenience_First,48,18,0.375,1143.65,23.82604166666667,60.2,True,39.5775,Low
CUST02105,Convenience_First,50,17,0.34,848.02,16.9604,63.4,True,39.57625,Low
CUST04435,Price_Sensitive,66,17,0.2575757575757575,1207.64,18.297575757575757,67.4,False,39.575530303030305,Low
CUST01752,Convenience_First,62,16,0.2580645161290322,1367.3,22.05322580645161,68.6,False,39.575080645161286,Low
CUST02212,Routine_Commuter,60,17,0.2833333333333333,1803.65,30.060833333333335,66.7,False,39.568333333333335,Low
CUST07481,Convenience_First,49,17,0.3469387755102041,1526.09,31.14469387755102,62.8,True,39.55755102040817,Low
CUST07443,Convenience_First,53,17,0.320754716981132,1312.44,24.76301886792453,64.6,True,39.556438679245275,Low
CUST07213,Convenience_First,60,18,0.3,1942.4,32.373333333333335,65.0,True,39.555,Low
CUST00410,Convenience_First,54,20,0.3703703703703703,2073.65,38.400925925925925,59.4,False,39.55356481481481,Low
CUST06630,Convenience_First,44,15,0.3409090909090909,1263.21,28.709318181818183,64.2,True,39.53886363636364,Low
CUST06416,Convenience_First,40,14,0.35,1057.23,26.43075,63.6,True,39.53875,Low
CUST07251,Convenience_First,50,17,0.34,846.55,16.930999999999997,63.3,True,39.53625,Low
CUST01308,Convenience_First,58,15,0.2586206896551724,1147.24,19.78,69.6,False,39.53107758620689,Low
CUST05842,Convenience_First,55,18,0.3272727272727272,1601.05,29.11,63.4,True,39.51840909090909,Low
CUST06974,Price_Sensitive,60,15,0.25,1160.46,19.341,69.9,False,39.51500000000001,Low
CUST03392,Convenience_First,71,18,0.2535211267605634,1763.23,24.834225352112675,65.9,False,39.51209507042254,Low
CUST01806,Convenience_First,54,16,0.2962962962962963,1613.75,29.88425925925926,66.7,False,39.51060185185185,Low
CUST03949,Convenience_First,46,16,0.3478260869565217,1607.49,34.94543478260869,63.1,True,39.50929347826087,Low
CUST03397,Convenience_First,57,16,0.2807017543859649,1415.66,24.83614035087719,67.6,False,39.5080701754386,Low
CUST01669,Convenience_First,51,17,0.3333333333333333,1187.67,23.28764705882353,63.7,True,39.50333333333333,Low
CUST00287,Price_Sensitive,60,13,0.2166666666666666,1613.98,26.89966666666667,73.2,False,39.501666666666665,Low
CUST06927,Convenience_First,55,20,0.3636363636363636,1267.41,23.04381818181818,59.7,False,39.49295454545455,Low
CUST00932,Convenience_First,58,15,0.2586206896551724,1820.56,31.388965517241378,69.5,False,39.4910775862069,Low
CUST03200,Price_Sensitive,55,14,0.2545454545454545,843.96,15.344727272727273,70.6,False,39.489318181818184,Low
CUST03100,Convenience_First,55,18,0.3272727272727272,1314.22,23.894909090909092,63.3,True,39.47840909090909,Low
CUST00800,Convenience_First,49,16,0.3265306122448979,950.12,19.390204081632653,64.6,True,39.46122448979592,Low
CUST02505,Price_Sensitive,61,16,0.2622950819672131,828.5,13.581967213114757,68.2,False,39.45555327868853,Low
CUST03703,Price_Sensitive,55,18,0.3272727272727272,676.23,12.29509090909091,63.2,True,39.43840909090909,Low
CUST01832,Convenience_First,42,15,0.3571428571428571,673.52,16.036190476190477,62.5,True,39.43696428571428,Low
CUST03223,Price_Sensitive,61,17,0.2786885245901639,1086.06,17.804262295081966,66.5,False,39.43129098360656,Low
CUST04905,Convenience_First,49,19,0.3877551020408163,823.18,16.79959183673469,58.4,False,39.43020408163265,Low
CUST05806,Convenience_First,46,16,0.3478260869565217,831.62,18.078695652173913,62.9,True,39.429293478260874,Low
CUST00276,Convenience_First,49,14,0.2857142857142857,1093.41,22.31448979591837,68.6,False,39.42857142857143,Low
CUST07430,Convenience_First,50,17,0.34,1613.61,32.2722,63.0,True,39.416250000000005,Low
CUST05856,Price_Sensitive,59,15,0.2542372881355932,1179.13,19.985254237288135,69.5,False,39.413241525423736,Low
CUST00195,Price_Sensitive,60,15,0.25,895.52,14.925333333333333,69.6,False,39.395,Low
CUST06463,Convenience_First,62,12,0.1935483870967742,1761.01,28.403387096774193,74.6,False,39.394435483870964,Low
CUST06380,Convenience_First,44,14,0.3181818181818182,925.07,21.024318181818185,66.1,True,39.38977272727272,Low
CUST05191,Convenience_First,44,14,0.3181818181818182,763.64,17.355454545454545,66.1,True,39.38977272727272,Low
CUST07764,Convenience_First,62,18,0.2903225806451613,1836.06,29.613870967741935,64.9,False,39.385403225806456,Low
CUST06921,Convenience_First,66,17,0.2575757575757575,1417.39,21.47560606060606,66.9,False,39.3755303030303,Low
CUST07221,Convenience_First,51,15,0.2941176470588235,1188.27,23.299411764705884,67.3,False,39.37470588235294,Low
CUST05745,Convenience_First,72,16,0.2222222222222222,1125.72,15.635,68.3,False,39.37388888888889,Low
CUST00657,Price_Sensitive,42,13,0.3095238095238095,722.45,17.201190476190476,67.1,True,39.37220238095238,Low
CUST06094,Routine_Commuter,55,14,0.2545454545454545,1061.34,19.297090909090908,70.3,False,39.36931818181819,Low
CUST04337,Convenience_First,60,17,0.2833333333333333,1323.39,22.056500000000003,66.2,False,39.36833333333334,Low
CUST01977,Convenience_First,64,16,0.25,1198.71,18.72984375,68.3,False,39.365,Low
CUST03484,Convenience_First,64,16,0.25,2005.97,31.34328125,68.3,False,39.365,Low
CUST04798,Convenience_First,49,17,0.3469387755102041,854.37,17.436122448979592,62.3,True,39.35755102040817,Low
CUST03558,Convenience_First,41,15,0.3658536585365853,1019.77,24.872439024390243,61.5,True,39.35664634146342,Low
CUST03378,Convenience_First,63,16,0.2539682539682539,2175.3,34.52857142857143,68.2,False,39.356230158730156,Low
CUST00621,Convenience_First,61,17,0.2786885245901639,2170.9,35.588524590163935,66.3,False,39.35129098360656,Low
CUST04745,Convenience_First,63,18,0.2857142857142857,1967.61,31.23190476190476,65.0,False,39.34607142857143,Low
CUST06641,Price_Sensitive,65,13,0.2,934.44,14.376,72.9,False,39.34375000000001,Low
CUST07024,Convenience_First,62,17,0.2741935483870967,1963.96,31.676774193548383,66.4,False,39.340241935483874,Low
CUST04154,Price_Sensitive,64,15,0.234375,1075.35,16.80234375,69.8,False,39.34,Low
CUST03009,Price_Sensitive,63,12,0.1904761904761904,1156.38,18.355238095238096,74.5,False,39.336547619047614,Low
CUST06467,Convenience_First,50,15,0.3,1373.43,27.4686,66.8,True,39.33625,Low
CUST05665,Price_Sensitive,68,15,0.2205882352941176,1501.45,22.08014705882353,69.7,False,39.31727941176471,Low
CUST06831,Convenience_First,39,14,0.358974358974359,880.96,22.58871794871795,62.2,True,39.31522435897436,Low
CUST02433,Convenience_First,60,16,0.2666666666666666,1327.57,22.126166666666663,67.7,False,39.30166666666667,Low
CUST02665,Convenience_First,58,16,0.2758620689655172,1264.8,21.806896551724137,67.3,False,39.30073275862069,Low
CUST01356,Convenience_First,62,17,0.2741935483870967,1897.74,30.608709677419355,66.3,False,39.30024193548387,Low
CUST00222,Price_Sensitive,50,15,0.3,1441.5,28.83,66.7,True,39.29625000000001,Low
CUST06991,Convenience_First,59,16,0.2711864406779661,2007.83,34.031016949152544,67.5,False,39.291207627118645,Low
CUST01046,Price_Sensitive,52,15,0.2884615384615384,731.46,14.066538461538462,67.4,False,39.28346153846154,Low
CUST04641,Price_Sensitive,61,15,0.2459016393442623,1125.91,18.45754098360656,69.4,False,39.27981557377049,Low
CUST07752,Price_Sensitive,63,17,0.2698412698412698,917.33,14.56079365079365,66.4,False,39.2711507936508,Low
CUST02814,Convenience_First,63,17,0.2698412698412698,1110.79,17.631587301587302,66.4,False,39.2711507936508,Low
CUST04279,Convenience_First,46,16,0.3478260869565217,1284.75,27.929347826086957,62.5,True,39.26929347826087,Low
CUST03946,Convenience_First,51,17,0.3333333333333333,1115.35,21.869607843137253,63.1,True,39.263333333333335,Low
CUST06134,Convenience_First,51,15,0.2941176470588235,1089.88,21.370196078431373,67.0,False,39.25470588235294,Low
CUST01722,Price_Sensitive,59,17,0.288135593220339,1737.74,29.45322033898305,65.7,False,39.24917372881357,Low
CUST00794,Price_Sensitive,45,14,0.3111111111111111,1007.29,22.38422222222222,66.3,True,39.245694444444446,Low
CUST07090,Price_Sensitive,52,15,0.2884615384615384,1235.22,23.75423076923077,67.3,False,39.24346153846153,Low
CUST02886,Convenience_First,46,15,0.3260869565217391,1529.56,33.251304347826085,64.6,True,39.23972826086957,Low
CUST01848,Convenience_First,42,15,0.3571428571428571,921.94,21.95095238095238,62.0,True,39.236964285714286,Low
CUST06953,Price_Sensitive,54,14,0.2592592592592592,834.35,15.450925925925926,69.7,False,39.22912037037037,Low
CUST07093,Price_Sensitive,60,16,0.2666666666666666,1736.9,28.94833333333333,67.5,False,39.221666666666664,Low
CUST06038,Convenience_First,62,17,0.2741935483870967,2539.5,40.95967741935484,66.1,False,39.22024193548387,Low
CUST01350,Convenience_First,47,17,0.3617021276595745,1627.73,34.632553191489365,60.8,True,39.21558510638298,Low
CUST01311,Convenience_First,56,16,0.2857142857142857,1514.68,27.047857142857143,66.6,False,39.21482142857143,Low
CUST06659,Convenience_First,45,15,0.3333333333333333,1394.05,30.97888888888889,64.0,True,39.21458333333334,Low
CUST03875,Price_Sensitive,57,15,0.2631578947368421,1305.27,22.899473684210527,68.6,False,39.206315789473685,Low
CUST07035,Convenience_First,65,17,0.2615384615384615,2178.03,33.508153846153846,66.4,False,39.205288461538466,Low
CUST02884,Convenience_First,48,15,0.3125,972.7,20.264583333333334,65.5,True,39.197500000000005,Low
CUST03459,Convenience_First,41,15,0.3658536585365853,1183.15,28.857317073170737,61.1,True,39.19664634146342,Low
CUST04520,Convenience_First,64,17,0.265625,1659.22,25.9253125,66.3,False,39.19,Low
CUST06860,Convenience_First,52,13,0.25,1005.59,19.33826923076923,71.0,False,39.185,Low
CUST01648,Convenience_First,56,15,0.2678571428571428,2195.5,39.205357142857146,68.3,False,39.18053571428572,Low
CUST01389,Price_Sensitive,52,12,0.2307692307692307,1316.17,25.31096153846154,72.9,False,39.17576923076923,Low
CUST05719,Convenience_First,45,15,0.3333333333333333,1090.2,24.226666666666667,63.9,True,39.17458333333333,Low
CUST07021,Routine_Commuter,65,15,0.2307692307692307,1137.24,17.496,69.4,False,39.174519230769235,Low
CUST01143,Convenience_First,36,11,0.3055555555555556,956.9,26.580555555555556,67.3,True,39.172222222222224,Low
CUST01202,Convenience_First,64,16,0.25,2312.46,36.1321875,67.8,False,39.165000000000006,Low
CUST04987,Price_Sensitive,51,14,0.2745098039215686,1642.19,32.19980392156863,68.7,False,39.15039215686275,Low
CUST02376,Convenience_First,61,16,0.2622950819672131,2028.0,33.24590163934426,67.4,False,39.13555327868853,Low
CUST07729,Price_Sensitive,48,13,0.2708333333333333,794.17,16.54520833333333,69.5,False,39.130833333333335,Low
CUST00318,Price_Sensitive,68,14,0.2058823529411764,1537.37,22.608382352941177,70.7,False,39.12904411764706,Low
CUST02436,Price_Sensitive,51,18,0.3529411764705882,1445.8,28.349019607843136,60.8,True,39.12764705882353,Low
CUST07099,Convenience_First,51,17,0.3333333333333333,1485.3,29.123529411764704,62.7,True,39.10333333333333,Low
CUST03194,Convenience_First,64,15,0.234375,2035.32,31.801875,69.2,False,39.10000000000001,Low
CUST06352,Convenience_First,52,16,0.3076923076923077,964.16,18.54153846153846,65.0,True,39.0926923076923,Low
CUST02377,Convenience_First,62,15,0.2419354838709677,1424.34,22.973225806451612,69.0,False,39.08991935483871,Low
CUST00085,Price_Sensitive,61,17,0.2786885245901639,1435.57,23.533934426229507,65.6,False,39.07129098360656,Low
CUST06528,Convenience_First,65,16,0.2461538461538461,1328.43,20.437384615384616,67.6,False,39.06990384615385,Low
CUST03886,Convenience_First,65,18,0.2769230769230769,1428.05,21.97,64.5,False,39.06067307692308,Low
CUST07082,Convenience_First,51,15,0.2941176470588235,1564.82,30.682745098039213,66.5,False,39.05470588235294,Low
CUST00414,Convenience_First,67,17,0.2537313432835821,1414.09,21.10582089552239,66.1,False,39.04675373134329,Low
CUST02058,Price_Sensitive,55,13,0.2363636363636363,1312.03,23.855090909090908,71.3,False,39.04204545454545,Low
CUST05181,Convenience_First,38,14,0.3684210526315789,765.72,20.15052631578947,60.6,True,39.03059210526316,Low
CUST00619,Price_Sensitive,54,14,0.2592592592592592,1172.62,21.715185185185184,69.2,False,39.02912037037037,Low
CUST04096,Convenience_First,56,14,0.25,1139.85,20.354464285714283,69.7,False,39.026250000000005,Low
CUST01229,Convenience_First,62,18,0.2903225806451613,1485.83,23.965,64.0,False,39.02540322580646,Low
CUST01602,Convenience_First,46,13,0.2826086956521739,1265.15,27.50326086956522,68.4,False,39.02059782608696,Low
CUST05796,Price_Sensitive,53,13,0.2452830188679245,636.5,12.00943396226415,70.8,False,39.01757075471698,Low
CUST04919,Price_Sensitive,59,13,0.2203389830508474,1420.11,24.06966101694915,71.9,False,39.0173093220339,Low
CUST06481,Convenience_First,61,16,0.2622950819672131,1852.8,30.37377049180328,67.1,False,39.01555327868853,Low
CUST04883,Price_Sensitive,56,16,0.2857142857142857,1246.12,22.25214285714286,66.1,False,39.01482142857143,Low
CUST02162,Convenience_First,45,15,0.3333333333333333,838.58,18.63511111111111,63.5,True,39.014583333333334,Low
CUST02877,Convenience_First,32,12,0.375,963.39,30.1059375,60.0,True,39.01,Low
CUST05635,Routine_Commuter,75,17,0.2266666666666666,1495.83,19.9444,65.8,False,39.009166666666665,Low
CUST03897,Price_Sensitive,68,14,0.2058823529411764,1428.36,21.005294117647058,70.4,False,39.009044117647065,Low
CUST02865,Price_Sensitive,61,15,0.2459016393442623,1346.03,22.06606557377049,68.7,False,38.99981557377049,Low
CUST00015,Convenience_First,39,11,0.282051282051282,985.91,25.27974358974359,69.1,False,38.99830128205129,Low
CUST04143,Convenience_First,45,13,0.2888888888888888,813.68,18.081777777777777,67.9,False,38.996805555555554,Low
CUST02208,Convenience_First,48,16,0.3333333333333333,1543.23,32.150625,62.9,True,38.990833333333335,Low
CUST02540,Price_Sensitive,58,17,0.293103448275862,1345.74,23.20241379310345,64.8,False,38.990387931034476,Low
CUST00900,Convenience_First,49,17,0.3469387755102041,1287.49,26.27530612244898,61.3,True,38.95755102040816,Low
CUST07655,Price_Sensitive,53,11,0.2075471698113207,1251.87,23.62018867924528,74.4,False,38.94813679245283,Low
CUST01838,Convenience_First,49,16,0.3265306122448979,1154.9,23.56938775510204,63.3,True,38.94122448979592,Low
CUST01734,Price_Sensitive,60,14,0.2333333333333333,1056.3,17.605,70.1,False,38.928333333333335,Low
CUST04755,Convenience_First,48,14,0.2916666666666667,1411.83,29.413124999999997,66.9,False,38.92416666666668,Low
CUST01736,Convenience_First,46,15,0.3260869565217391,1239.03,26.935434782608695,63.8,True,38.91972826086956,Low
CUST05963,Convenience_First,53,17,0.320754716981132,872.39,16.460188679245285,63.0,True,38.91643867924528,Low
CUST05662,Convenience_First,70,11,0.1571428571428571,1514.58,21.636857142857146,74.4,False,38.90821428571429,Low
CUST01299,Convenience_First,47,13,0.2765957446808511,1367.37,29.092978723404254,68.5,False,38.89132978723405,Low
CUST03191,Price_Sensitive,56,14,0.25,1210.88,21.622857142857143,69.3,False,38.86625,Low
CUST01421,Convenience_First,38,13,0.3421052631578947,883.32,23.245263157894737,62.8,True,38.857960526315786,Low
CUST01371,Price_Sensitive,55,15,0.2727272727272727,1239.32,22.53309090909091,67.2,False,38.85659090909091,Low
CUST07949,Price_Sensitive,59,14,0.2372881355932203,2002.29,33.937118644067795,69.8,False,38.85527542372881,Low
CUST02455,Convenience_First,61,13,0.2131147540983606,1719.58,28.18983606557377,71.6,False,38.848340163934424,Low
CUST02900,Convenience_First,53,16,0.3018867924528302,1343.46,25.348301886792452,64.7,True,38.84172169811321,Low
CUST00786,Convenience_First,53,17,0.320754716981132,974.32,18.383396226415098,62.8,True,38.836438679245276,Low
CUST03273,Convenience_First,62,17,0.2741935483870967,1656.1,26.711290322580645,65.1,False,38.820241935483864,Low
CUST01966,Price_Sensitive,39,10,0.2564102564102564,753.41,19.31820512820513,71.2,False,38.81266025641026,Low
CUST07278,Price_Sensitive,49,13,0.2653061224489796,691.56,14.1134693877551,69.1,False,38.81224489795919,Low
CUST03055,Convenience_First,55,14,0.2545454545454545,1425.45,25.917272727272728,68.9,False,38.809318181818185,Low
CUST07812,Convenience_First,47,16,0.3404255319148936,884.12,18.811063829787233,61.9,True,38.80452127659575,Low
CUST05976,Convenience_First,48,14,0.2916666666666667,973.94,20.29041666666667,66.6,False,38.804166666666674,Low
CUST06567,Convenience_First,53,16,0.3018867924528302,1872.4,35.32830188679245,64.6,True,38.801721698113205,Low
CUST05198,Convenience_First,53,13,0.2452830188679245,1798.19,33.92811320754717,70.2,False,38.77757075471698,Low
CUST04303,Convenience_First,46,14,0.3043478260869565,1135.49,24.684565217391302,65.6,True,38.77016304347826,Low
CUST02091,Convenience_First,54,15,0.2777777777777778,1102.13,20.409814814814816,66.7,False,38.76986111111111,Low
CUST01499,Convenience_First,59,17,0.288135593220339,1446.12,24.51050847457627,64.5,False,38.76917372881356,Low
CUST05230,Convenience_First,41,13,0.3170731707317073,1131.64,27.6009756097561,64.9,True,38.7654268292683,Low
CUST07387,Price_Sensitive,46,12,0.2608695652173913,969.63,21.07891304347826,69.9,False,38.75103260869566,Low
CUST03113,Convenience_First,54,16,0.2962962962962963,1923.08,35.61259259259259,64.8,False,38.75060185185185,Low
CUST07000,Convenience_First,59,11,0.1864406779661017,793.7,13.452542372881355,74.6,False,38.74137711864407,Low
CUST06982,Convenience_First,56,15,0.2678571428571428,1203.63,21.493392857142855,67.2,False,38.74053571428572,Low
CUST07525,Convenience_First,50,15,0.3,1324.62,26.492399999999996,65.3,True,38.736250000000005,Low
CUST06954,Price_Sensitive,50,14,0.28,800.23,16.0046,67.3,False,38.736250000000005,Low
CUST03370,Convenience_First,50,13,0.26,997.61,19.9522,69.3,False,38.73625,Low
CUST02676,Convenience_First,57,15,0.2631578947368421,1258.96,22.08701754385965,67.4,False,38.726315789473695,Low
CUST03159,Convenience_First,55,13,0.2363636363636363,1807.84,32.86981818181818,70.5,False,38.72204545454546,Low
CUST02092,Convenience_First,53,16,0.3018867924528302,1581.29,29.83566037735849,64.4,True,38.72172169811321,Low
CUST00109,Convenience_First,48,15,0.3125,1039.68,21.66,64.3,True,38.7175,Low
CUST04115,Convenience_First,60,18,0.3,2104.61,35.07683333333333,62.9,True,38.714999999999996,Low
CUST07613,Convenience_First,52,14,0.2692307692307692,1086.68,20.89769230769231,67.9,False,38.71423076923077,Low
CUST06835,Convenience_First,54,14,0.2592592592592592,1355.43,25.100555555555555,68.4,False,38.70912037037037,Low
CUST06136,Convenience_First,57,16,0.2807017543859649,1774.84,31.13754385964912,65.6,False,38.7080701754386,Low
CUST05407,Price_Sensitive,56,15,0.2678571428571428,946.4,16.9,67.1,False,38.700535714285714,Low
CUST01857,Convenience_First,40,11,0.275,1113.92,27.848000000000003,69.0,False,38.698750000000004,Low
CUST06057,Convenience_First,64,18,0.28125,1959.68,30.62,63.5,False,38.69500000000001,Low
CUST06989,Convenience_First,45,15,0.3333333333333333,1167.4,25.942222222222224,62.7,True,38.694583333333334,Low
CUST04566,Price_Sensitive,65,15,0.2307692307692307,1389.49,21.37676923076923,68.2,False,38.69451923076923,Low
CUST03402,Convenience_First,56,18,0.3214285714285714,1526.41,27.25732142857143,61.7,True,38.68339285714286,Low
CUST03653,Convenience_First,44,13,0.2954545454545454,1456.91,33.111590909090914,66.6,False,38.68068181818181,Low
CUST00208,Price_Sensitive,45,13,0.2888888888888888,1569.26,34.87244444444445,67.1,False,38.67680555555555,Low
CUST04402,Convenience_First,47,15,0.3191489361702128,1652.83,35.16659574468085,63.7,True,38.67345744680852,Low
CUST06453,Convenience_First,54,16,0.2962962962962963,789.29,14.61648148148148,64.6,False,38.67060185185185,Low
CUST07607,Convenience_First,60,16,0.2666666666666666,1702.4,28.373333333333335,66.1,False,38.66166666666666,Low
CUST06482,Convenience_First,50,15,0.3,910.99,18.2198,65.1,True,38.65625,Low
CUST00355,Convenience_First,59,14,0.2372881355932203,1249.57,21.17915254237288,69.3,False,38.65527542372881,Low
CUST03404,Convenience_First,56,16,0.2857142857142857,2307.71,41.20910714285714,65.2,False,38.65482142857143,Low
CUST05004,Price_Sensitive,42,13,0.3095238095238095,1177.16,28.027619047619048,65.3,True,38.65220238095238,Low
CUST05641,Price_Sensitive,48,15,0.3125,1437.69,29.951875,64.1,True,38.6375,Low
CUST05222,Convenience_First,40,12,0.3,1078.41,26.96025,66.3,True,38.61875,Low
CUST01634,Convenience_First,55,15,0.2727272727272727,1347.37,24.49763636363636,66.6,False,38.61659090909091,Low
CUST03327,Convenience_First,58,15,0.2586206896551724,1531.94,26.412758620689655,67.3,False,38.611077586206896,Low
CUST05288,Price_Sensitive,62,13,0.2096774193548387,2052.06,33.09774193548387,71.0,False,38.59959677419355,Low
CUST00420,Price_Sensitive,68,12,0.1764705882352941,926.39,13.623382352941176,72.3,False,38.59257352941177,Low
CUST01099,Price_Sensitive,64,10,0.15625,1167.66,18.2446875,75.7,False,38.575,Low
CUST06310,Convenience_First,47,13,0.2765957446808511,1281.13,27.258085106382985,67.7,False,38.57132978723405,Low
CUST06335,Convenience_First,58,15,0.2586206896551724,1534.28,26.45310344827586,67.2,False,38.5710775862069,Low
CUST07130,Convenience_First,46,14,0.3043478260869565,954.92,20.75913043478261,65.1,True,38.57016304347826,Low
CUST05781,Convenience_First,62,14,0.2258064516129032,1837.68,29.64,69.3,False,38.56475806451613,Low
CUST01322,Price_Sensitive,61,12,0.1967213114754098,1419.69,23.27360655737705,72.5,False,38.5526024590164,Low
CUST02656,Convenience_First,51,14,0.2745098039215686,1051.46,20.61686274509804,67.2,False,38.55039215686274,Low
CUST05926,Convenience_First,45,15,0.3333333333333333,1523.46,33.85466666666667,62.3,True,38.53458333333333,Low
CUST00517,Convenience_First,59,16,0.2711864406779661,2048.56,34.72135593220339,65.6,False,38.53120762711864,Low
CUST06433,Convenience_First,46,14,0.3043478260869565,805.32,17.50695652173913,65.0,True,38.53016304347826,Low
CUST05700,Convenience_First,52,11,0.2115384615384615,1236.16,23.772307692307695,73.2,False,38.52653846153846,Low
CUST02305,Price_Sensitive,57,15,0.2631578947368421,1191.01,20.894912280701753,66.9,False,38.52631578947369,Low
CUST00842,Convenience_First,36,12,0.3333333333333333,739.01,20.528055555555554,62.9,True,38.52333333333333,Low
CUST07170,Convenience_First,43,13,0.3023255813953488,841.65,19.573255813953487,65.6,True,38.51677325581396,Low
CUST00485,Price_Sensitive,60,18,0.3,769.62,12.827,62.4,True,38.515,Low
CUST04128,Convenience_First,61,16,0.2622950819672131,886.9200000000001,14.539672131147542,65.8,False,38.49555327868852,Low
CUST05727,Convenience_First,51,15,0.2941176470588235,1300.25,25.495098039215687,65.1,False,38.49470588235294,Low
CUST05984,Convenience_First,57,17,0.2982456140350877,1504.66,26.39754385964913,63.3,False,38.48982456140351,Low
CUST00284,Convenience_First,44,16,0.3636363636363636,791.58,17.990454545454547,59.3,False,38.48795454545454,Low
CUST05901,Price_Sensitive,49,15,0.3061224489795918,921.29,18.801836734693875,64.2,True,38.48489795918368,Low
CUST02487,Convenience_First,53,16,0.3018867924528302,1500.84,28.317735849056604,63.8,True,38.481721698113205,Low
CUST04819,Convenience_First,52,14,0.2692307692307692,1406.49,27.047884615384618,67.3,False,38.47423076923077,Low
CUST01852,Convenience_First,54,14,0.2592592592592592,817.25,15.13425925925926,67.8,False,38.46912037037037,Low
CUST02975,Price_Sensitive,63,10,0.1587301587301587,816.03,12.952857142857145,75.5,False,38.46670634920635,Low
CUST00151,Convenience_First,53,12,0.2264150943396226,1320.88,24.9222641509434,71.3,False,38.462853773584904,Low
CUST00412,Convenience_First,40,12,0.3,495.41,12.38525,65.9,True,38.45875,Low
CUST03316,Convenience_First,68,11,0.1617647058823529,1819.0,26.75,73.4,False,38.44433823529412,Low
CUST00575,Price_Sensitive,58,14,0.2413793103448276,1716.27,29.590862068965517,68.6,False,38.4414224137931,Low
CUST06744,Price_Sensitive,61,15,0.2459016393442623,1860.42,30.498688524590165,67.3,False,38.43981557377049,Low
CUST05428,Convenience_First,52,14,0.2692307692307692,1617.03,31.096730769230767,67.2,False,38.434230769230766,Low
CUST06426,Price_Sensitive,48,10,0.2083333333333333,1414.7,29.472916666666663,74.0,False,38.43083333333334,Low
CUST05784,Convenience_First,51,14,0.2745098039215686,1783.05,34.96176470588235,66.9,False,38.43039215686275,Low
CUST02097,Convenience_First,41,12,0.2926829268292683,1426.65,34.796341463414635,66.5,False,38.42981707317074,Low
CUST01482,Price_Sensitive,54,14,0.2592592592592592,701.99,12.999814814814815,67.7,False,38.42912037037037,Low
CUST02365,Convenience_First,52,17,0.3269230769230769,1110.84,21.36230769230769,61.4,True,38.42192307692308,Low
CUST04343,Convenience_First,50,19,0.38,1247.74,24.9548,56.5,False,38.416250000000005,Low
CUST01732,Convenience_First,57,17,0.2982456140350877,1293.62,22.695087719298243,63.1,False,38.40982456140351,Low
CUST03279,Convenience_First,34,14,0.4117647058823529,490.14,14.415882352941177,54.8,False,38.409338235294115,Low
CUST02899,Convenience_First,53,16,0.3018867924528302,909.73,17.164716981132077,63.6,True,38.40172169811321,Low
CUST03134,Convenience_First,44,13,0.2954545454545454,793.4,18.03181818181818,65.9,False,38.400681818181816,Low
CUST05538,Price_Sensitive,60,15,0.25,1644.6,27.41,67.1,False,38.395,Low
CUST05954,Convenience_First,46,17,0.3695652173913043,922.96,20.06434782608696,58.1,False,38.37885869565218,Low
CUST04667,Convenience_First,48,12,0.25,910.19,18.96229166666667,69.7,False,38.377500000000005,Low
CUST05079,Convenience_First,59,14,0.2372881355932203,1721.83,29.183559322033897,68.6,False,38.37527542372881,Low
CUST02294,Price_Sensitive,57,13,0.2280701754385964,1726.63,30.29175438596491,70.0,False,38.36280701754386,Low
CUST05581,Convenience_First,58,13,0.2241379310344827,938.01,16.17258620689655,70.1,False,38.35176724137931,Low
CUST00111,Convenience_First,48,16,0.3333333333333333,1292.74,26.932083333333335,61.3,True,38.350833333333334,Low
CUST07860,Price_Sensitive,64,12,0.1875,1053.39,16.45921875,72.0,False,38.345,Low
CUST04796,Price_Sensitive,57,12,0.2105263157894736,1123.06,19.702807017543854,71.7,False,38.34105263157895,Low
CUST00453,Price_Sensitive,66,11,0.1666666666666666,1529.57,23.17530303030303,73.4,False,38.33916666666667,Low
CUST00957,Convenience_First,41,13,0.3170731707317073,666.88,16.265365853658537,63.8,True,38.325426829268295,Low
CUST05891,Price_Sensitive,57,13,0.2280701754385964,1225.09,21.492807017543857,69.9,False,38.32280701754386,Low
CUST02480,Convenience_First,45,13,0.2888888888888888,1103.47,24.521555555555555,66.2,False,38.31680555555556,Low
CUST00914,Convenience_First,51,14,0.2745098039215686,1085.84,21.29098039215686,66.6,False,38.31039215686275,Low
CUST01871,Convenience_First,54,14,0.2592592592592592,1007.65,18.660185185185185,67.4,False,38.30912037037037,Low
CUST06823,Convenience_First,49,14,0.2857142857142857,1026.07,20.94020408163265,65.8,False,38.30857142857143,Low
CUST00289,Convenience_First,56,14,0.25,1131.67,20.208392857142854,67.9,False,38.306250000000006,Low
CUST05399,Convenience_First,40,13,0.325,910.86,22.7715,63.0,True,38.298750000000005,Low
CUST04307,Price_Sensitive,55,15,0.2727272727272727,1438.93,26.162363636363636,65.8,False,38.29659090909091,Low
CUST05740,Convenience_First,61,16,0.2622950819672131,1571.63,25.764426229508196,65.3,False,38.29555327868853,Low
CUST05041,Price_Sensitive,47,13,0.2765957446808511,977.24,20.792340425531915,67.0,False,38.29132978723405,Low
CUST03182,Convenience_First,51,13,0.2549019607843137,802.63,15.737843137254902,68.5,False,38.286078431372545,Low
CUST01049,Convenience_First,45,14,0.3111111111111111,1164.43,25.876222222222225,63.9,True,38.285694444444445,Low
CUST04057,Convenience_First,58,14,0.2413793103448276,1357.87,23.41155172413793,68.2,False,38.2814224137931,Low
CUST06442,Convenience_First,57,16,0.2807017543859649,2041.33,35.81280701754386,64.5,False,38.2680701754386,Low
CUST00649,Price_Sensitive,57,13,0.2280701754385964,1090.38,19.129473684210527,69.7,False,38.24280701754386,Low
CUST04029,Convenience_First,47,15,0.3191489361702128,952.17,20.258936170212767,62.6,True,38.233457446808515,Low
CUST03776,Price_Sensitive,54,12,0.2222222222222222,1093.37,20.24759259259259,70.9,False,38.22763888888889,Low
CUST02504,Convenience_First,54,12,0.2222222222222222,1228.08,22.74222222222222,70.9,False,38.22763888888889,Low
CUST01160,Convenience_First,55,14,0.2545454545454545,2014.89,36.63436363636364,67.4,False,38.20931818181819,Low
CUST04040,Price_Sensitive,55,13,0.2363636363636363,1238.95,22.526363636363637,69.2,False,38.202045454545456,Low
CUST03353,Convenience_First,46,15,0.3260869565217391,922.28,20.049565217391304,62.0,True,38.19972826086956,Low
CUST04281,Convenience_First,50,13,0.26,1099.86,21.9972,67.9,False,38.17625,Low
CUST04802,Convenience_First,50,14,0.28,1585.15,31.703000000000003,65.9,False,38.17625,Low
CUST00363,Price_Sensitive,52,12,0.2307692307692307,1392.17,26.7725,70.4,False,38.17576923076923,Low
CUST01860,Price_Sensitive,52,12,0.2307692307692307,2016.95,38.7875,70.4,False,38.17576923076923,Low
CUST04785,Convenience_First,32,12,0.375,829.6,25.925,57.9,False,38.169999999999995,Low
CUST07535,Convenience_First,39,13,0.3333333333333333,1539.59,39.47666666666667,61.9,True,38.169583333333335,Low
CUST06285,Convenience_First,54,13,0.2407407407407407,1176.64,21.78962962962963,68.9,False,38.16837962962963,Low
CUST05107,Convenience_First,41,13,0.3170731707317073,1225.63,29.893414634146342,63.4,True,38.1654268292683,Low
CUST01993,Convenience_First,38,12,0.3157894736842105,975.89,25.681315789473683,63.7,True,38.16532894736843,Low
CUST01440,Convenience_First,57,11,0.1929824561403508,1408.51,24.71070175438597,73.0,False,38.15929824561404,Low
CUST04289,Convenience_First,51,14,0.2745098039215686,1296.44,25.420392156862743,66.2,False,38.15039215686275,Low
CUST04740,Convenience_First,51,12,0.2352941176470588,749.76,14.701176470588235,70.1,False,38.14176470588235,Low
CUST04372,Price_Sensitive,59,12,0.2033898305084746,1122.15,19.01949152542373,71.4,False,38.139343220338986,Low
CUST02161,Convenience_First,45,11,0.2444444444444444,1381.05,30.69,70.2,False,38.13902777777778,Low
CUST05080,Convenience_First,65,15,0.2307692307692307,1700.36,26.159384615384617,66.8,False,38.13451923076923,Low
CUST04571,Convenience_First,61,13,0.2131147540983606,1446.54,23.713770491803277,69.8,False,38.128340163934425,Low
CUST04189,Price_Sensitive,53,12,0.2264150943396226,1515.35,28.591509433962266,70.4,False,38.102853773584904,Low
CUST06627,Price_Sensitive,58,12,0.2068965517241379,1339.2,23.089655172413792,71.2,False,38.10211206896552,Low
CUST02840,Convenience_First,42,12,0.2857142857142857,661.62,15.752857142857144,66.3,False,38.099821428571424,Low
CUST05848,Convenience_First,51,15,0.2941176470588235,1001.67,19.64058823529412,64.1,False,38.09470588235294,Low
CUST00915,Convenience_First,46,14,0.3043478260869565,907.7,19.732608695652175,63.9,True,38.09016304347826,Low
CUST05534,Convenience_First,43,14,0.3255813953488372,859.14,19.98,62.2,True,38.087005813953496,Low
CUST00180,Convenience_First,48,14,0.2916666666666667,1037.7,21.61875,64.8,False,38.084166666666675,Low
CUST01707,Price_Sensitive,52,15,0.2884615384615384,1484.64,28.55076923076923,64.4,False,38.083461538461535,Low
CUST07320,Price_Sensitive,53,16,0.3018867924528302,1483.46,27.98981132075472,62.8,True,38.081721698113206,Low
CUST03566,Convenience_First,54,14,0.2592592592592592,1202.43,22.267222222222223,66.8,False,38.069120370370364,Low
CUST01117,Convenience_First,47,14,0.2978723404255319,901.94,19.190212765957448,64.3,False,38.06239361702128,Low
CUST00260,Convenience_First,46,13,0.2826086956521739,1022.33,22.224565217391305,66.0,False,38.06059782608696,Low
CUST06573,Convenience_First,56,15,0.2678571428571428,1301.32,23.23785714285714,65.5,False,38.06053571428571,Low
CUST00219,Price_Sensitive,43,10,0.2325581395348837,1216.49,28.29046511627907,71.4,False,38.04607558139536,Low
CUST05178,Price_Sensitive,48,14,0.2916666666666667,1276.33,26.590208333333333,64.7,False,38.04416666666667,Low
CUST05307,Convenience_First,47,14,0.2978723404255319,1165.68,24.801702127659578,64.2,False,38.02239361702129,Low
CUST05035,Convenience_First,47,14,0.2978723404255319,1518.22,32.30255319148936,64.2,False,38.02239361702129,Low
CUST05205,Price_Sensitive,47,12,0.2553191489361702,1025.76,21.824680851063828,68.4,False,38.000265957446814,Low
CUST00124,Convenience_First,39,11,0.282051282051282,979.94,25.126666666666665,66.6,False,37.99830128205129,Low
CUST06369,Convenience_First,45,13,0.2888888888888888,1072.83,23.840666666666664,65.4,False,37.996805555555554,Low
CUST07031,Convenience_First,58,13,0.2241379310344827,1585.13,27.3298275862069,69.2,False,37.99176724137931,Low
CUST02352,Convenience_First,48,16,0.3333333333333333,1440.68,30.014166666666668,60.4,True,37.990833333333335,Low
CUST05709,Convenience_First,52,13,0.25,1816.59,34.934423076923075,68.0,False,37.985,Low
CUST07048,Convenience_First,59,13,0.2203389830508474,1186.0,20.10169491525424,69.3,False,37.977309322033896,Low
CUST03284,Convenience_First,50,12,0.24,1786.05,35.721,69.4,False,37.97625000000001,Low
CUST05470,Price_Sensitive,51,13,0.2549019607843137,884.67,17.34647058823529,67.7,False,37.96607843137255,Low
CUST05554,Convenience_First,48,14,0.2916666666666667,903.01,18.812708333333333,64.5,False,37.96416666666667,Low
CUST00234,Price_Sensitive,57,13,0.2280701754385964,1038.29,18.21561403508772,69.0,False,37.96280701754386,Low
CUST07436,Convenience_First,41,15,0.3658536585365853,1038.25,25.32317073170732,58.0,False,37.95664634146342,Low
CUST06231,Convenience_First,53,15,0.2830188679245283,1383.05,26.095283018867924,64.3,False,37.92700471698113,Low
CUST01238,Price_Sensitive,52,11,0.2115384615384615,1705.03,32.78903846153846,71.7,False,37.926538461538456,Low
CUST03537,Price_Sensitive,64,11,0.171875,1482.18,23.1590625,72.5,False,37.92,Low
CUST04751,Convenience_First,41,12,0.2926829268292683,502.8,12.263414634146342,65.2,False,37.909817073170736,Low
CUST00423,Convenience_First,48,11,0.2291666666666666,1061.14,22.107083333333335,70.6,False,37.90416666666667,Low
CUST07224,Convenience_First,53,15,0.2830188679245283,1156.79,21.82622641509434,64.2,False,37.88700471698113,Low
CUST02460,Convenience_First,40,13,0.325,1545.0,38.625,61.9,True,37.85875000000001,Low
CUST03810,Convenience_First,54,15,0.2777777777777778,1637.77,30.329074074074075,64.4,False,37.84986111111112,Low
CUST00681,Price_Sensitive,45,12,0.2666666666666666,776.14,17.247555555555554,67.2,False,37.82791666666667,Low
CUST03956,Price_Sensitive,53,13,0.2452830188679245,1513.24,28.551698113207543,67.8,False,37.817570754716975,Low
CUST06751,Convenience_First,46,12,0.2608695652173913,1257.33,27.333260869565216,67.5,False,37.79103260869566,Low
CUST05194,Convenience_First,51,10,0.196078431372549,931.88,18.2721568627451,73.1,False,37.773137254901954,Low
CUST07125,Convenience_First,57,13,0.2280701754385964,1649.06,28.930877192982457,68.5,False,37.76280701754386,Low
CUST01058,Convenience_First,59,12,0.2033898305084746,2094.84,35.505762711864406,70.4,False,37.73934322033899,Low
CUST05081,Convenience_First,37,9,0.2432432432432432,1151.08,31.11027027027027,69.9,False,37.72972972972973,Low
CUST03283,Convenience_First,34,9,0.2647058823529412,852.22,25.06529411764706,67.8,False,37.72698529411765,Low
CUST02302,Convenience_First,57,13,0.2280701754385964,1642.92,28.823157894736845,68.4,False,37.722807017543865,Low
CUST02094,Price_Sensitive,72,11,0.1527777777777778,1999.29,27.767916666666665,71.1,False,37.71611111111111,Low
CUST01533,Convenience_First,43,12,0.2790697674418604,1135.13,26.39837209302325,65.9,False,37.70654069767443,Low
CUST03556,Convenience_First,52,17,0.3269230769230769,847.19,16.292115384615386,59.6,False,37.70192307692308,Low
CUST00006,Price_Sensitive,50,13,0.26,1356.18,27.1236,66.7,False,37.696250000000006,Low
CUST02369,Convenience_First,52,12,0.2307692307692307,996.48,19.16307692307692,69.2,False,37.69576923076923,Low
CUST01950,Price_Sensitive,46,11,0.2391304347826087,1380.81,30.01760869565217,69.4,False,37.68146739130436,Low
CUST07704,Convenience_First,46,11,0.2391304347826087,1571.99,34.17369565217391,69.4,False,37.68146739130436,Low
CUST02210,Price_Sensitive,49,11,0.2244897959183673,1520.04,31.021224489795916,70.3,False,37.65959183673469,Low
CUST01074,Convenience_First,59,14,0.2372881355932203,1381.96,23.423050847457628,66.8,False,37.65527542372881,Low
CUST07197,Convenience_First,39,10,0.2564102564102564,1176.66,30.17076923076923,68.2,False,37.61266025641026,Low
CUST05360,Convenience_First,55,13,0.2363636363636363,1930.2,35.094545454545454,67.7,False,37.602045454545454,Low
CUST02745,Convenience_First,55,13,0.2363636363636363,1730.29,31.459818181818186,67.7,False,37.602045454545454,Low
CUST04385,Convenience_First,39,11,0.282051282051282,1087.6,27.887179487179484,65.6,False,37.59830128205128,Low
CUST03857,Convenience_First,45,13,0.2888888888888888,1471.17,32.69266666666667,64.4,False,37.59680555555556,Low
CUST07336,Convenience_First,44,14,0.3181818181818182,1235.62,28.082272727272724,61.6,True,37.589772727272724,Low
CUST03492,Price_Sensitive,58,12,0.2068965517241379,1365.18,23.537586206896552,69.9,False,37.582112068965515,Low
CUST01039,Convenience_First,49,11,0.2244897959183673,1844.12,37.63510204081633,70.1,False,37.57959183673469,Low
CUST02086,Convenience_First,45,11,0.2444444444444444,899.13,19.980666666666668,68.8,False,37.579027777777775,Low
CUST06493,Price_Sensitive,57,10,0.175438596491228,959.21,16.828245614035087,73.3,False,37.577543859649126,Low
CUST04544,Convenience_First,59,14,0.2372881355932203,1909.33,32.361525423728814,66.6,False,37.57527542372881,Low
CUST03748,Convenience_First,38,9,0.2368421052631578,1261.39,33.19447368421053,70.1,False,37.567434210526315,Low
CUST02215,Convenience_First,46,11,0.2391304347826087,947.81,20.604565217391304,69.1,False,37.561467391304355,Low
CUST04925,Convenience_First,45,12,0.2666666666666666,1275.95,28.354444444444447,66.5,False,37.547916666666666,Low
CUST00942,Convenience_First,43,10,0.2325581395348837,1528.43,35.54488372093024,70.1,False,37.526075581395354,Low
CUST02947,Price_Sensitive,56,13,0.2321428571428571,1022.42,18.2575,67.7,False,37.511964285714285,Low
CUST03003,Convenience_First,45,13,0.2888888888888888,1603.17,35.626000000000005,64.0,False,37.43680555555555,Low
CUST07240,Convenience_First,43,12,0.2790697674418604,1348.34,31.35674418604651,65.2,False,37.426540697674426,Low
CUST03951,Convenience_First,43,12,0.2790697674418604,1556.33,36.19372093023256,65.2,False,37.426540697674426,Low
CUST01911,Convenience_First,48,11,0.2291666666666666,2115.72,44.07749999999999,69.4,False,37.42416666666667,Low
CUST02614,Convenience_First,54,13,0.2407407407407407,1637.53,30.32462962962963,67.0,False,37.40837962962963,Low
CUST03381,Convenience_First,47,12,0.2553191489361702,1507.09,32.06574468085106,66.8,False,37.360265957446806,Low
CUST01519,Price_Sensitive,47,12,0.2553191489361702,910.42,19.37063829787234,66.8,False,37.360265957446806,Low
CUST04284,Convenience_First,51,11,0.2156862745098039,1474.89,28.919411764705885,70.1,False,37.35745098039215,Low
CUST03396,Convenience_First,45,13,0.2888888888888888,852.78,18.950666666666667,63.8,False,37.35680555555555,Low
CUST06800,Convenience_First,45,13,0.2888888888888888,1137.74,25.28311111111111,63.8,False,37.35680555555555,Low
CUST01132,Convenience_First,55,12,0.2181818181818181,1441.23,26.20418181818182,68.9,False,37.35477272727273,Low
CUST06182,Convenience_First,34,10,0.2941176470588235,1077.4,31.68823529411765,63.9,False,37.34345588235294,Low
CUST00567,Convenience_First,42,10,0.238095238095238,1485.51,35.369285714285716,69.1,False,37.315059523809516,Low
CUST02850,Convenience_First,53,12,0.2264150943396226,2077.02,39.18905660377359,68.4,False,37.30285377358491,Low
CUST05075,Convenience_First,47,12,0.2553191489361702,1360.67,28.950425531914895,66.6,False,37.28026595744681,Low
CUST04383,Convenience_First,45,11,0.2444444444444444,1233.87,27.41933333333333,68.0,False,37.25902777777778,Low
CUST05477,Convenience_First,50,12,0.24,1129.36,22.5872,67.6,False,37.25625,Low
CUST00255,Price_Sensitive,47,8,0.1702127659574468,1910.84,40.65617021276596,75.0,False,37.23601063829788,Low
CUST05922,Convenience_First,52,9,0.173076923076923,998.2,19.196153846153848,73.8,False,37.22807692307691,Low
CUST07411,Convenience_First,52,13,0.25,1479.32,28.448461538461537,66.1,False,37.224999999999994,Low
CUST07310,Convenience_First,57,10,0.175438596491228,1710.62,30.010877192982456,72.4,False,37.217543859649126,Low
CUST05353,Price_Sensitive,48,10,0.2083333333333333,634.4,13.216666666666669,70.9,False,37.19083333333334,Low
CUST00820,Convenience_First,40,10,0.25,1108.7,27.7175,67.7,False,37.17875,Low
CUST04362,Convenience_First,44,12,0.2727272727272727,1454.5,33.05681818181818,65.1,False,37.1715909090909,Low
CUST06107,Convenience_First,48,13,0.2708333333333333,1467.72,30.5775,64.6,False,37.170833333333334,Low
CUST04326,Convenience_First,51,12,0.2352941176470588,1535.67,30.111176470588237,67.6,False,37.14176470588235,Low
CUST02343,Convenience_First,40,12,0.3,862.66,21.5665,62.6,True,37.13875000000001,Low
CUST07540,Price_Sensitive,52,10,0.1923076923076923,1043.58,20.068846153846152,71.6,False,37.11730769230769,Low
CUST02026,Convenience_First,48,11,0.2291666666666666,1457.27,30.359791666666663,68.6,False,37.104166666666664,Low
CUST05180,Price_Sensitive,59,10,0.1694915254237288,1592.81,26.996779661016948,72.2,False,37.10341101694916,Low
CUST05002,Convenience_First,55,10,0.1818181818181818,1019.47,18.535818181818183,71.8,False,37.060227272727275,Low
CUST01962,Convenience_First,42,12,0.2857142857142857,1352.98,32.21380952380952,63.7,False,37.05982142857143,Low
CUST05618,Convenience_First,47,12,0.2553191489361702,1385.77,29.484468085106386,66.0,False,37.04026595744681,Low
CUST07651,Convenience_First,43,13,0.3023255813953488,850.09,19.76953488372093,61.9,True,37.036773255813955,Low
CUST05843,Convenience_First,54,12,0.2222222222222222,1457.77,26.99574074074074,67.9,False,37.027638888888895,Low
CUST00503,Convenience_First,44,12,0.2727272727272727,1412.84,32.11,64.7,False,37.011590909090906,Low
CUST07290,Convenience_First,48,14,0.2916666666666667,641.26,13.359583333333331,62.1,False,37.00416666666668,Low
CUST02245,Price_Sensitive,52,11,0.2115384615384615,1004.22,19.311923076923076,69.3,False,36.966538461538455,Low
CUST05595,Convenience_First,41,9,0.2195121951219512,1110.21,27.07829268292683,70.1,False,36.94298780487805,Low
CUST02861,Convenience_First,47,9,0.1914893617021276,1525.07,32.448297872340426,72.1,False,36.9270744680851,Low
CUST03202,Price_Sensitive,45,9,0.2,1082.27,24.050444444444445,71.6,False,36.92125,Low
CUST04473,Convenience_First,61,12,0.1967213114754098,1567.78,25.701311475409835,68.4,False,36.9126024590164,Low
CUST04396,Convenience_First,52,13,0.25,868.9,16.709615384615383,65.3,False,36.905,Low
CUST05602,Convenience_First,56,12,0.2142857142857142,2376.37,42.43517857142857,67.9,False,36.877678571428575,Low
CUST00633,Convenience_First,51,12,0.2352941176470588,1313.83,25.761372549019608,66.9,False,36.86176470588236,Low
CUST00920,Convenience_First,46,10,0.217391304347826,1192.71,25.928478260869564,69.5,False,36.85190217391305,Low
CUST02049,Convenience_First,45,10,0.2222222222222222,722.44,16.054222222222222,69.2,False,36.85013888888889,Low
CUST03675,Convenience_First,42,9,0.2142857142857142,1346.85,32.06785714285714,70.2,False,36.802678571428565,Low
CUST07139,Convenience_First,45,12,0.2666666666666666,1386.42,30.809333333333335,64.5,False,36.74791666666667,Low
CUST04884,Convenience_First,49,13,0.2653061224489796,1332.58,27.195510204081632,63.9,False,36.73224489795919,Low
CUST06402,Convenience_First,44,12,0.2727272727272727,1275.42,28.986818181818183,63.9,False,36.691590909090905,Low
CUST03482,Convenience_First,60,9,0.15,954.71,15.911833333333334,72.8,False,36.675000000000004,Low
CUST04358,Convenience_First,47,11,0.2340425531914893,847.56,18.033191489361705,67.1,False,36.629202127659575,Low
CUST00931,Price_Sensitive,43,12,0.2790697674418604,1089.16,25.3293023255814,63.2,False,36.62654069767442,Low
CUST06952,Convenience_First,43,8,0.1860465116279069,1037.17,24.120232558139534,72.2,False,36.505610465116284,Low
CUST00662,Convenience_First,47,10,0.2127659574468085,1141.89,24.29553191489362,68.9,False,36.498138297872345,Low
CUST01760,Convenience_First,52,13,0.25,829.56,15.953076923076924,64.1,False,36.425,Low
CUST04902,Convenience_First,44,11,0.25,1147.98,26.090454545454545,65.5,False,36.4225,Low
CUST05855,Convenience_First,43,9,0.2093023255813953,913.18,21.23674418604651,69.6,False,36.395843023255814,Low
CUST07713,Convenience_First,44,10,0.2272727272727272,1148.87,26.110681818181817,67.7,False,36.39340909090909,Low
CUST03670,Convenience_First,36,9,0.25,954.29,26.50805555555555,65.9,False,36.39,Low
CUST05405,Convenience_First,46,10,0.217391304347826,1286.35,27.964130434782607,68.2,False,36.33190217391304,Low
CUST07980,Convenience_First,42,9,0.2142857142857142,1251.29,29.79261904761905,69.0,False,36.32267857142857,Low
CUST03419,Convenience_First,52,11,0.2115384615384615,1939.97,37.307115384615386,67.6,False,36.286538461538456,Low
CUST02000,Convenience_First,36,7,0.1944444444444444,838.16,23.28222222222222,71.1,False,36.24777777777778,Low
CUST03053,Convenience_First,46,10,0.217391304347826,1554.1,33.78478260869565,67.9,False,36.211902173913046,Low
CUST01917,Convenience_First,41,7,0.1707317073170731,1014.74,24.749756097560976,72.9,False,36.11176829268293,Low
CUST02644,Convenience_First,50,9,0.18,1395.13,27.902600000000003,70.7,False,36.096250000000005,Low
CUST05396,Convenience_First,41,9,0.2195121951219512,904.86,22.069756097560976,67.8,False,36.02298780487805,Low
CUST05851,Convenience_First,43,10,0.2325581395348837,1200.3,27.91395348837209,66.3,False,36.00607558139535,Low
CUST03628,Price_Sensitive,44,10,0.2272727272727272,873.57,19.85386363636364,66.5,False,35.913409090909084,Low
CUST01807,Convenience_First,46,10,0.217391304347826,1074.55,23.35978260869565,67.1,False,35.89190217391304,Low
CUST03271,Convenience_First,39,8,0.2051282051282051,1173.29,30.084358974358977,68.7,False,35.76137820512821,Low
CUST07039,Convenience_First,52,9,0.173076923076923,1566.19,30.119038461538462,69.7,False,35.58807692307692,Low
CUST07849,Convenience_First,45,8,0.1777777777777777,890.78,19.79511111111111,70.1,False,35.432361111111106,Low
CUST06046,Convenience_First,48,9,0.1875,1328.25,27.671875,68.0,False,35.197500000000005,Low
CUST07774,Convenience_First,38,8,0.2105263157894736,1299.2,34.189473684210526,66.3,False,34.99480263157894,Low
CUST02503,Convenience_First,29,4,0.1379310344827586,777.71,26.817586206896554,73.2,False,34.79974137931034,Low
CUST07118,Convenience_First,51,7,0.1372549019607843,1419.19,27.827254901960785,71.4,False,34.740196078431374,Low
CUST07677,Convenience_First,37,6,0.1621621621621621,1206.58,32.61027027027027,70.1,False,34.56648648648648,Low
CUST00009,Price_Sensitive,55,6,0.109090909090909,926.24,16.84072727272727,72.6,False,34.47113636363636,Low
CUST00257,Convenience_First,46,6,0.1304347826086956,1134.04,24.65304347826087,72.2,False,34.453641304347826,Low
