customer_id,city,customer_segment,battery_capacity_kwh,home_charging_access,preferred_station_type,base_sessions_per_month,peak_preference_score,price_sensitivity_score,convenience_score,station_loyalty_score,baseline_avg_session_kwh,incentive_response_score
CUST00001,Lucknow,Price_Sensitive,53.2,1,Residential,11,0.62,0.914,0.187,0.342,26.1,0.826
CUST00002,Pune,Price_Sensitive,43.4,0,Residential,11,0.68,0.867,0.351,0.609,17.6,0.733
CUST00003,Delhi NCR,High_Mileage,73.7,0,Office_Commercial,21,0.558,0.624,0.701,0.903,28.5,0.474
CUST00004,Chennai,Routine_Commuter,48.4,0,Residential,9,0.794,0.678,0.666,0.619,22.4,0.576
CUST00005,Mumbai,Convenience_First,66.1,0,Residential,9,0.831,0.272,0.93,0.822,20.1,0.273
CUST00006,Lucknow,Price_Sensitive,60.7,0,Transit_Public,6,0.398,0.792,0.704,0.411,26.3,0.623
CUST00007,Jaipur,Price_Sensitive,50.3,1,Mall_Retail,12,0.627,0.785,0.411,0.687,23.1,0.659
CUST00008,Chennai,Convenience_First,64.1,1,Highway,10,0.782,0.266,0.91,0.769,25.0,0.277
CUST00009,Kolkata,Price_Sensitive,58.0,1,Residential,7,0.425,0.821,0.552,0.621,16.5,0.641
CUST00010,Bengaluru,Routine_Commuter,65.4,0,Mall_Retail,10,0.6,0.576,0.571,0.675,22.6,0.511
CUST00011,Chennai,Routine_Commuter,56.9,0,Mall_Retail,11,0.679,0.638,0.473,0.772,21.5,0.558
CUST00012,Delhi NCR,Price_Sensitive,54.0,0,Office_Commercial,7,0.756,0.796,0.326,0.579,24.2,0.711
CUST00013,Bengaluru,Price_Sensitive,57.7,0,Residential,8,0.398,0.727,0.422,0.33,25.7,0.656
CUST00014,Bengaluru,Price_Sensitive,54.4,1,Residential,6,0.966,0.861,0.332,0.209,20.2,0.823
CUST00015,Ahmedabad,Convenience_First,55.6,0,Hotel,5,0.834,0.234,0.777,0.633,23.9,0.312
CUST00016,Bengaluru,High_Mileage,61.8,0,Fleet,18,0.414,0.555,0.66,0.99,30.6,0.416
CUST00017,Chennai,Price_Sensitive,41.0,0,Transit_Public,12,0.493,0.755,0.547,0.477,17.7,0.633
CUST00018,Mumbai,Price_Sensitive,55.9,0,Office_Commercial,12,0.709,0.842,0.418,0.727,18.0,0.691
CUST00019,Chennai,Routine_Commuter,46.1,0,Highway,9,0.927,0.495,0.634,0.895,19.4,0.454
CUST00020,Bengaluru,Routine_Commuter,54.6,0,Residential,10,0.889,0.533,0.757,0.474,19.1,0.509
CUST00021,Mumbai,Convenience_First,69.0,0,Mall_Retail,8,0.701,0.253,0.821,0.767,25.1,0.28
CUST00022,Ahmedabad,Price_Sensitive,74.7,0,Hotel,10,0.528,0.712,0.494,0.587,29.6,0.607
CUST00023,Hyderabad,Convenience_First,40.7,0,Transit_Public,7,0.848,0.371,0.802,0.735,24.3,0.368
CUST00024,Delhi NCR,Routine_Commuter,72.0,1,Mall_Retail,11,0.855,0.507,0.469,0.544,40.8,0.539
CUST00025,Bengaluru,Routine_Commuter,53.0,1,Office_Commercial,14,0.676,0.568,0.887,0.602,21.7,0.462
CUST00026,Bengaluru,Routine_Commuter,63.1,1,Office_Commercial,14,0.688,0.553,0.613,0.777,26.8,0.484
CUST00027,Mumbai,Convenience_First,63.5,0,Office_Commercial,6,0.848,0.24,0.99,0.957,21.0,0.225
CUST00028,Mumbai,Routine_Commuter,46.1,0,Mall_Retail,8,0.778,0.276,0.791,0.775,19.6,0.305
CUST00029,Lucknow,Routine_Commuter,53.1,1,Office_Commercial,12,0.69,0.541,0.857,0.412,14.8,0.484
CUST00030,Delhi NCR,Routine_Commuter,46.6,1,Hotel,12,0.536,0.641,0.641,0.713,21.7,0.521
CUST00031,Hyderabad,Routine_Commuter,52.6,1,Mall_Retail,13,0.773,0.764,0.733,0.819,17.1,0.578
CUST00032,Kolkata,Convenience_First,66.6,0,Highway,8,0.826,0.367,0.92,0.982,21.7,0.303
CUST00033,Mumbai,Price_Sensitive,41.1,0,Mall_Retail,6,0.602,0.75,0.328,0.555,21.0,0.674
CUST00034,Jaipur,Price_Sensitive,35.0,0,Mall_Retail,6,0.549,0.827,0.542,0.809,10.3,0.63
CUST00035,Bengaluru,Convenience_First,62.1,1,Mall_Retail,9,0.896,0.193,0.925,0.907,25.3,0.225
CUST00036,Bengaluru,Routine_Commuter,49.1,0,Mall_Retail,13,0.84,0.372,0.665,0.898,23.9,0.371
CUST00037,Delhi NCR,High_Mileage,67.9,0,Office_Commercial,16,0.7,0.789,0.801,0.99,29.1,0.545
CUST00038,Hyderabad,Convenience_First,64.7,0,Highway,5,0.707,0.09,0.796,0.844,15.2,0.184
CUST00039,Mumbai,Routine_Commuter,56.8,1,Office_Commercial,14,0.775,0.618,0.697,0.811,24.8,0.507
CUST00040,Chandigarh,High_Mileage,50.1,0,Fleet,15,0.653,0.645,0.727,0.926,11.7,0.486
CUST00041,Ahmedabad,Convenience_First,59.4,0,Hotel,5,0.794,0.27,0.947,0.933,25.4,0.248
CUST00042,Mumbai,Routine_Commuter,68.8,1,Office_Commercial,8,0.542,0.396,0.637,0.816,23.2,0.372
CUST00043,Ahmedabad,Convenience_First,50.4,0,Residential,8,0.655,0.343,0.812,0.747,22.5,0.33
CUST00044,Bengaluru,High_Mileage,81.1,1,Highway,20,0.532,0.488,0.857,0.833,36.3,0.375
CUST00045,Hyderabad,Routine_Commuter,57.7,1,Residential,10,0.728,0.542,0.809,0.619,16.9,0.467
CUST00046,Jaipur,Routine_Commuter,47.3,1,Mall_Retail,12,0.665,0.479,0.912,0.853,18.8,0.37
CUST00047,Kochi,Routine_Commuter,75.8,0,Transit_Public,14,0.679,0.669,0.543,0.721,35.3,0.569
CUST00048,Hyderabad,Price_Sensitive,61.8,1,Office_Commercial,9,0.375,0.863,0.352,0.656,28.2,0.693
CUST00049,Bengaluru,Routine_Commuter,65.9,1,Office_Commercial,12,0.5,0.473,0.441,0.541,12.1,0.491
CUST00050,Pune,High_Mileage,67.0,0,Fleet,16,0.641,0.607,0.791,0.735,32.4,0.48
CUST00051,Hyderabad,Routine_Commuter,47.9,1,Residential,13,0.637,0.646,0.875,0.604,18.4,0.503
CUST00052,Bengaluru,Convenience_First,56.0,1,Highway,10,0.843,0.406,0.831,0.706,26.4,0.386
CUST00053,Hyderabad,Price_Sensitive,54.2,0,Transit_Public,9,0.117,0.741,0.227,0.418,23.7,0.661
CUST00054,Delhi NCR,Price_Sensitive,70.3,0,Hotel,10,0.606,0.859,0.563,0.597,25.3,0.68
CUST00055,Mumbai,Routine_Commuter,48.9,1,Office_Commercial,8,0.613,0.51,0.72,0.726,18.0,0.439
CUST00056,Delhi NCR,Routine_Commuter,56.5,0,Residential,10,0.546,0.51,0.711,0.612,29.4,0.451
CUST00057,Lucknow,High_Mileage,77.1,0,Highway,20,0.243,0.53,0.708,0.774,33.9,0.408
CUST00058,Pune,High_Mileage,65.8,0,Hotel,23,0.615,0.917,0.558,0.758,28.9,0.69
CUST00059,Pune,Price_Sensitive,56.9,1,Office_Commercial,9,0.408,0.947,0.386,0.448,26.3,0.767
CUST00060,Bengaluru,Convenience_First,66.4,1,Highway,9,0.692,0.295,0.795,0.672,35.6,0.321
CUST00061,Mumbai,Routine_Commuter,51.7,1,Transit_Public,12,0.752,0.433,0.737,0.656,28.4,0.418
CUST00062,Mumbai,Routine_Commuter,46.1,1,Office_Commercial,12,0.488,0.477,0.646,0.697,13.8,0.427
CUST00063,Mumbai,High_Mileage,52.7,0,Highway,15,0.604,0.636,0.724,0.909,21.4,0.479
CUST00064,Delhi NCR,Routine_Commuter,64.7,1,Highway,10,0.79,0.565,0.576,0.741,27.1,0.513
CUST00065,Hyderabad,Routine_Commuter,50.8,1,Mall_Retail,14,0.71,0.281,0.486,0.778,18.4,0.362
CUST00066,Chennai,Routine_Commuter,53.7,1,Residential,13,0.762,0.854,0.73,0.767,27.9,0.635
CUST00067,Kolkata,Convenience_First,73.5,0,Office_Commercial,7,0.775,0.206,0.822,0.879,29.4,0.245
CUST00068,Ahmedabad,High_Mileage,60.8,0,Fleet,22,0.464,0.578,0.485,0.783,24.4,0.5
CUST00069,Bengaluru,Routine_Commuter,53.2,1,Office_Commercial,9,0.846,0.383,0.571,0.787,17.9,0.413
CUST00070,Ahmedabad,Price_Sensitive,42.8,1,Office_Commercial,8,0.305,0.664,0.583,0.494,10.2,0.555
CUST00071,Hyderabad,Convenience_First,49.9,1,Highway,10,0.952,0.278,0.921,0.686,20.2,0.311
CUST00072,Pune,Routine_Commuter,63.0,1,Residential,12,0.813,0.633,0.486,0.45,17.1,0.615
CUST00073,Ahmedabad,Convenience_First,60.1,0,Residential,6,0.982,0.302,0.83,0.711,33.8,0.341
CUST00074,Delhi NCR,Convenience_First,65.7,1,Highway,10,0.897,0.314,0.895,0.925,29.4,0.295
CUST00075,Delhi NCR,Routine_Commuter,65.9,1,Office_Commercial,8,0.653,0.341,0.882,0.927,28.7,0.287
CUST00076,Kolkata,Routine_Commuter,69.4,1,Office_Commercial,14,0.727,0.338,0.674,0.71,30.5,0.367
CUST00077,Mumbai,Price_Sensitive,56.6,0,Mall_Retail,8,0.327,0.805,0.368,0.35,28.3,0.699
CUST00078,Chandigarh,Convenience_First,63.4,0,Office_Commercial,8,0.824,0.165,0.773,0.834,26.0,0.244
CUST00079,Pune,Price_Sensitive,47.5,0,Office_Commercial,12,0.535,0.8,0.393,0.59,20.9,0.676
CUST00080,Bengaluru,High_Mileage,51.4,0,Highway,16,0.513,0.867,0.612,0.691,21.1,0.652
CUST00081,Lucknow,Convenience_First,53.2,1,Highway,10,0.856,0.406,0.77,0.762,30.2,0.391
CUST00082,Ahmedabad,High_Mileage,73.7,0,Highway,23,0.585,0.908,0.73,0.87,26.8,0.631
CUST00083,Jaipur,High_Mileage,70.1,0,Fleet,18,0.511,0.798,0.743,0.882,33.2,0.559
CUST00084,Chennai,Routine_Commuter,44.3,1,Residential,9,0.713,0.532,0.597,0.82,18.4,0.471
CUST00085,Ahmedabad,Price_Sensitive,51.9,0,Highway,6,0.616,0.826,0.196,0.237,22.7,0.791
CUST00086,Pune,High_Mileage,65.7,1,Mall_Retail,18,0.416,0.538,0.772,0.96,23.2,0.389
CUST00087,Hyderabad,Routine_Commuter,48.1,1,Residential,13,0.725,0.476,0.806,0.639,20.6,0.427
CUST00088,Lucknow,Routine_Commuter,55.6,0,Office_Commercial,10,0.645,0.808,0.653,0.567,25.1,0.644
CUST00089,Delhi NCR,Routine_Commuter,65.9,1,Hotel,10,0.838,0.682,0.852,0.784,28.3,0.521
CUST00090,Lucknow,Price_Sensitive,52.7,1,Fleet,7,0.801,0.803,0.542,0.513,27.0,0.686
CUST00091,Pune,Routine_Commuter,61.9,1,Residential,9,0.791,0.359,0.669,0.833,32.0,0.368
CUST00092,Delhi NCR,Price_Sensitive,36.5,1,Hotel,12,0.554,0.527,0.537,0.01,11.9,0.586
CUST00093,Ahmedabad,Routine_Commuter,67.9,1,Residential,9,0.662,0.834,0.68,0.769,28.3,0.624
CUST00094,Pune,Routine_Commuter,54.2,1,Hotel,14,0.631,0.649,0.684,0.686,18.4,0.531
CUST00095,Kolkata,Price_Sensitive,38.2,0,Highway,9,0.434,0.678,0.547,0.624,18.0,0.564
CUST00096,Delhi NCR,Convenience_First,76.1,0,Mall_Retail,6,0.793,0.202,0.93,0.948,34.1,0.212
CUST00097,Kolkata,Price_Sensitive,48.3,1,Mall_Retail,9,0.521,0.902,0.471,0.433,22.9,0.739
CUST00098,Kochi,Convenience_First,45.1,1,Residential,7,0.854,0.127,0.975,0.75,19.1,0.197
CUST00099,Chennai,Routine_Commuter,59.9,0,Residential,11,0.794,0.568,0.718,0.769,25.3,0.483
CUST00100,Kochi,Routine_Commuter,50.8,0,Residential,12,0.863,0.548,0.62,0.778,19.1,0.497
CUST00101,Pune,Convenience_First,53.1,0,Fleet,9,0.734,0.347,0.916,0.81,18.3,0.31
CUST00102,Pune,Convenience_First,73.2,0,Mall_Retail,6,0.802,0.261,0.99,0.662,31.5,0.276
CUST00103,Jaipur,Price_Sensitive,51.5,0,Highway,6,0.733,0.774,0.65,0.447,21.3,0.652
CUST00104,Lucknow,Routine_Commuter,65.6,1,Hotel,10,0.692,0.297,0.57,0.747,35.1,0.356
CUST00105,Bengaluru,Routine_Commuter,43.8,1,Residential,12,0.772,0.529,0.693,0.671,16.3,0.479
CUST00106,Hyderabad,Convenience_First,64.5,0,Mall_Retail,9,0.836,0.184,0.958,0.958,32.9,0.2
CUST00107,Delhi NCR,Routine_Commuter,48.6,1,Mall_Retail,14,0.782,0.366,0.764,0.557,19.4,0.393
CUST00108,Hyderabad,Convenience_First,63.2,1,Highway,7,0.829,0.258,0.951,0.764,26.5,0.27
CUST00109,Delhi NCR,Convenience_First,57.8,0,Office_Commercial,5,0.803,0.223,0.99,0.79,21.1,0.236
CUST00110,Bengaluru,Routine_Commuter,55.0,1,Residential,14,0.875,0.529,0.684,0.709,14.3,0.485
CUST00111,Chandigarh,Convenience_First,69.3,0,Highway,5,0.882,0.297,0.829,0.902,26.0,0.301
CUST00112,Delhi NCR,Routine_Commuter,45.5,0,Office_Commercial,10,0.72,0.726,0.386,0.55,13.6,0.662
CUST00113,Jaipur,Price_Sensitive,41.7,1,Office_Commercial,8,0.893,0.99,0.418,0.492,17.2,0.826
CUST00114,Mumbai,Price_Sensitive,59.7,0,Mall_Retail,9,0.524,0.857,0.543,0.339,25.0,0.714
CUST00115,Chandigarh,Convenience_First,69.1,1,Highway,10,0.853,0.311,0.849,0.953,39.8,0.294
CUST00116,Chandigarh,Convenience_First,63.8,1,Transit_Public,10,0.954,0.144,0.754,0.751,23.3,0.261
CUST00117,Delhi NCR,Routine_Commuter,53.5,1,Office_Commercial,8,0.99,0.562,0.786,0.661,14.7,0.501
CUST00118,Kochi,Routine_Commuter,61.3,1,Residential,14,0.879,0.514,0.835,0.769,29.3,0.438
CUST00119,Pune,Price_Sensitive,52.8,0,Mall_Retail,11,0.591,0.765,0.312,0.361,24.6,0.713
CUST00120,Chandigarh,Routine_Commuter,63.4,1,Hotel,10,0.873,0.38,0.882,0.656,17.4,0.371
CUST00121,Delhi NCR,Routine_Commuter,49.2,1,Residential,10,0.836,0.732,0.584,0.756,27.5,0.606
CUST00122,Bengaluru,Convenience_First,59.0,0,Fleet,6,0.829,0.33,0.824,0.795,27.8,0.33
CUST00123,Kolkata,Routine_Commuter,55.2,0,Residential,12,0.894,0.468,0.725,0.645,22.2,0.455
CUST00124,Lucknow,Convenience_First,48.1,0,Mall_Retail,5,0.639,0.33,0.865,0.825,23.4,0.298
CUST00125,Chennai,Routine_Commuter,42.4,1,Residential,13,0.673,0.222,0.711,0.821,18.0,0.274
CUST00126,Delhi NCR,Routine_Commuter,47.0,1,Residential,13,0.794,0.626,0.65,0.422,18.4,0.58
CUST00127,Bengaluru,Convenience_First,58.2,0,Residential,10,0.759,0.29,0.905,0.984,20.9,0.257
CUST00128,Kolkata,Routine_Commuter,42.3,1,Office_Commercial,11,0.532,0.552,0.796,0.755,11.4,0.434
CUST00129,Bengaluru,High_Mileage,76.6,0,Highway,25,0.618,0.734,0.945,0.897,34.8,0.492
CUST00130,Ahmedabad,Price_Sensitive,60.2,0,Mall_Retail,12,0.335,0.99,0.529,0.433,28.0,0.757
CUST00131,Mumbai,Routine_Commuter,50.9,1,Residential,14,0.807,0.788,0.736,0.675,25.1,0.616
CUST00132,Pune,Routine_Commuter,65.0,0,Transit_Public,11,0.674,0.573,0.545,0.879,31.6,0.492
CUST00133,Mumbai,High_Mileage,72.9,0,Highway,17,0.577,0.727,0.801,0.874,28.8,0.516
CUST00134,Delhi NCR,Routine_Commuter,47.7,0,Residential,14,0.731,0.695,0.55,0.76,18.0,0.581
CUST00135,Bengaluru,Routine_Commuter,43.7,1,Office_Commercial,8,0.943,0.604,0.658,0.789,16.6,0.527
CUST00136,Chandigarh,Price_Sensitive,48.2,0,Highway,7,0.541,0.885,0.479,0.632,25.1,0.7
CUST00137,Delhi NCR,Routine_Commuter,53.3,1,Office_Commercial,8,0.988,0.659,0.797,0.723,23.1,0.544
CUST00138,Kolkata,Price_Sensitive,43.6,1,Residential,9,0.647,0.885,0.592,0.507,19.2,0.707
CUST00139,Hyderabad,Price_Sensitive,55.2,1,Residential,11,0.027,0.695,0.648,0.444,24.5,0.539
CUST00140,Pune,Price_Sensitive,51.1,0,Office_Commercial,10,0.451,0.761,0.431,0.632,21.0,0.632
CUST00141,Mumbai,Price_Sensitive,44.3,0,Residential,10,0.786,0.856,0.624,0.434,14.1,0.709
CUST00142,Hyderabad,Routine_Commuter,36.9,0,Office_Commercial,10,0.508,0.535,0.815,0.718,21.7,0.424
CUST00143,Pune,Routine_Commuter,57.6,1,Residential,9,0.925,0.583,0.748,0.734,17.9,0.504
CUST00144,Bengaluru,Routine_Commuter,52.2,1,Mall_Retail,12,0.646,0.517,0.605,0.591,17.1,0.489
CUST00145,Mumbai,Price_Sensitive,50.1,1,Transit_Public,8,0.409,0.758,0.679,0.603,29.0,0.581
CUST00146,Chennai,Routine_Commuter,56.7,0,Residential,10,0.786,0.645,0.44,0.518,22.4,0.618
CUST00147,Mumbai,High_Mileage,80.8,1,Highway,23,0.195,0.65,0.719,0.826,37.9,0.459
CUST00148,Delhi NCR,Price_Sensitive,58.7,0,Fleet,6,0.657,0.704,0.781,0.396,31.8,0.587
CUST00149,Mumbai,Routine_Commuter,40.8,1,Office_Commercial,14,0.748,0.505,0.844,0.692,12.0,0.43
CUST00150,Ahmedabad,High_Mileage,77.7,0,Fleet,21,0.529,0.501,0.671,0.802,30.2,0.424
CUST00151,Bengaluru,Convenience_First,61.5,0,Mall_Retail,5,0.717,0.156,0.809,0.684,24.7,0.243
CUST00152,Lucknow,Routine_Commuter,37.3,1,Office_Commercial,11,0.546,0.343,0.684,0.843,15.2,0.33
CUST00153,Mumbai,Routine_Commuter,47.1,1,Transit_Public,11,0.706,0.293,0.399,0.833,19.1,0.377
CUST00154,Kolkata,High_Mileage,59.3,0,Fleet,19,0.643,0.722,0.766,0.986,30.9,0.51
CUST00155,Chandigarh,Routine_Commuter,51.9,1,Office_Commercial,12,0.883,0.591,0.703,0.694,22.1,0.519
CUST00156,Pune,Price_Sensitive,57.2,0,Transit_Public,7,0.966,0.642,0.529,0.428,29.4,0.63
CUST00157,Pune,Convenience_First,49.0,0,Highway,5,0.609,0.409,0.89,0.908,21.7,0.322
CUST00158,Pune,Convenience_First,64.5,0,Mall_Retail,8,0.908,0.251,0.844,0.653,30.4,0.312
CUST00159,Chandigarh,Price_Sensitive,47.4,0,Transit_Public,11,0.481,0.937,0.453,0.439,19.0,0.757
CUST00160,Chandigarh,Convenience_First,50.1,0,Office_Commercial,6,0.662,0.325,0.87,0.99,25.8,0.272
CUST00161,Bengaluru,Price_Sensitive,37.6,1,Transit_Public,9,0.5,0.848,0.375,0.536,10.9,0.711
CUST00162,Jaipur,Convenience_First,55.2,0,Highway,10,0.755,0.222,0.74,0.697,26.0,0.295
CUST00163,Mumbai,Routine_Commuter,43.9,0,Office_Commercial,9,0.703,0.642,0.616,0.531,19.9,0.571
CUST00164,Lucknow,Routine_Commuter,56.1,0,Residential,13,0.511,0.549,0.545,0.661,32.1,0.495
CUST00165,Delhi NCR,Price_Sensitive,57.8,0,Hotel,6,0.664,0.804,0.393,0.186,21.6,0.752
CUST00166,Chennai,Routine_Commuter,70.4,1,Office_Commercial,8,0.559,0.667,0.512,0.64,24.3,0.574
CUST00167,Jaipur,Convenience_First,47.0,1,Office_Commercial,7,0.823,0.241,0.858,0.779,19.0,0.277
CUST00168,Mumbai,Routine_Commuter,60.4,0,Office_Commercial,11,0.673,0.727,0.741,0.563,26.9,0.585
CUST00169,Chennai,Routine_Commuter,63.8,1,Residential,10,0.627,0.433,0.601,0.652,21.5,0.433
CUST00170,Bengaluru,Convenience_First,58.7,1,Highway,8,0.75,0.187,0.775,0.695,20.3,0.269
CUST00171,Lucknow,Routine_Commuter,68.6,0,Residential,8,0.683,0.457,0.689,0.565,30.0,0.447
CUST00172,Jaipur,Convenience_First,66.2,0,Fleet,8,0.893,0.26,0.665,0.702,19.4,0.344
CUST00173,Bengaluru,Routine_Commuter,40.2,1,Office_Commercial,12,0.521,0.519,0.713,0.684,15.1,0.442
CUST00174,Bengaluru,Price_Sensitive,35.0,0,Residential,6,0.571,0.79,0.419,0.565,14.8,0.673
CUST00175,Mumbai,High_Mileage,65.4,0,Highway,23,0.304,0.716,0.739,0.874,26.1,0.495
CUST00176,Mumbai,High_Mileage,78.6,0,Hotel,25,0.751,0.764,0.643,0.914,31.6,0.579
CUST00177,Mumbai,Routine_Commuter,56.8,0,Office_Commercial,10,0.586,0.578,0.749,0.731,21.2,0.467
CUST00178,Bengaluru,Routine_Commuter,46.1,1,Office_Commercial,10,0.54,0.337,0.435,0.724,17.0,0.393
CUST00179,Kochi,Routine_Commuter,63.3,1,Residential,8,0.801,0.587,0.597,0.7,21.1,0.528
CUST00180,Bengaluru,Convenience_First,56.7,1,Highway,5,0.846,0.266,0.843,0.868,21.3,0.282
CUST00181,Kolkata,Price_Sensitive,64.8,1,Office_Commercial,11,0.33,0.637,0.589,0.839,24.9,0.49
CUST00182,Ahmedabad,Price_Sensitive,56.9,1,Residential,7,0.543,0.714,0.51,0.3,18.7,0.65
CUST00183,Chennai,Routine_Commuter,46.4,1,Hotel,11,0.65,0.303,0.734,0.666,19.0,0.335
CUST00184,Pune,High_Mileage,62.2,0,Fleet,25,0.585,0.699,0.688,0.895,11.6,0.521
CUST00185,Kochi,Price_Sensitive,42.2,0,Residential,10,0.401,0.923,0.432,0.315,17.5,0.764
CUST00186,Chennai,High_Mileage,66.0,0,Office_Commercial,23,0.438,0.793,0.821,0.722,20.6,0.557
CUST00187,Mumbai,Routine_Commuter,55.8,0,Office_Commercial,8,0.581,0.425,0.584,0.567,15.4,0.44
CUST00188,Kolkata,Routine_Commuter,40.8,0,Residential,12,0.615,0.8,0.687,0.749,13.8,0.602
CUST00189,Delhi NCR,High_Mileage,67.3,0,Fleet,17,0.54,0.604,0.758,0.809,29.5,0.463
CUST00190,Bengaluru,Price_Sensitive,67.3,1,Transit_Public,7,0.627,0.796,0.434,0.567,18.1,0.679
CUST00191,Ahmedabad,Routine_Commuter,53.0,1,Residential,9,0.779,0.544,0.613,0.724,19.0,0.496
CUST00192,Delhi NCR,Routine_Commuter,55.7,1,Mall_Retail,12,0.767,0.596,0.708,0.836,23.0,0.488
CUST00193,Pune,High_Mileage,56.0,1,Highway,16,0.517,0.593,0.788,0.88,28.8,0.438
CUST00194,Chennai,Price_Sensitive,53.4,0,Mall_Retail,12,0.784,0.886,0.478,0.804,24.9,0.699
CUST00195,Pune,Price_Sensitive,38.8,0,Office_Commercial,6,0.374,0.833,0.47,0.337,14.8,0.701
CUST00196,Pune,Routine_Commuter,51.3,1,Mall_Retail,9,0.799,0.464,0.694,0.808,22.8,0.425
CUST00197,Delhi NCR,Routine_Commuter,60.3,0,Office_Commercial,9,0.95,0.413,0.515,0.601,29.0,0.479
CUST00198,Hyderabad,Routine_Commuter,40.5,0,Mall_Retail,9,0.99,0.571,0.75,0.661,12.3,0.514
CUST00199,Delhi NCR,Routine_Commuter,54.7,1,Office_Commercial,8,0.766,0.477,0.659,0.836,16.8,0.432
CUST00200,Chennai,Routine_Commuter,37.8,1,Office_Commercial,14,0.727,0.34,0.676,0.726,17.0,0.366
CUST00201,Chandigarh,Convenience_First,54.3,0,Transit_Public,5,0.912,0.328,0.852,0.753,23.4,0.338
CUST00202,Delhi NCR,Convenience_First,73.9,0,Highway,9,0.891,0.337,0.796,0.619,26.8,0.372
CUST00203,Ahmedabad,Convenience_First,61.9,1,Mall_Retail,10,0.774,0.39,0.776,0.72,27.0,0.379
CUST00204,Delhi NCR,Price_Sensitive,57.0,0,Office_Commercial,8,0.51,0.831,0.512,0.674,24.2,0.654
CUST00205,Hyderabad,Routine_Commuter,55.8,0,Highway,12,0.985,0.447,0.731,0.848,19.9,0.421
CUST00206,Bengaluru,Price_Sensitive,49.0,1,Residential,12,0.635,0.852,0.669,0.535,17.8,0.668
CUST00207,Ahmedabad,Price_Sensitive,58.6,0,Highway,8,0.65,0.784,0.499,0.54,27.4,0.665
CUST00208,Chennai,Price_Sensitive,63.7,0,Hotel,6,0.608,0.746,0.402,0.399,33.1,0.681
CUST00209,Bengaluru,High_Mileage,67.0,0,Fleet,18,0.477,0.6,0.646,0.774,30.7,0.482
CUST00210,Bengaluru,Routine_Commuter,47.0,0,Transit_Public,9,0.675,0.817,0.708,0.497,19.3,0.651
CUST00211,Chennai,Routine_Commuter,55.3,1,Office_Commercial,12,0.786,0.622,0.568,0.6,23.3,0.567
CUST00212,Delhi NCR,Routine_Commuter,63.6,1,Hotel,10,0.655,0.495,0.691,0.793,29.0,0.431
CUST00213,Ahmedabad,Price_Sensitive,44.2,0,Residential,6,0.626,0.918,0.674,0.835,16.3,0.658
CUST00214,Mumbai,Price_Sensitive,54.1,0,Mall_Retail,6,0.377,0.829,0.361,0.374,32.2,0.715
CUST00215,Kochi,Price_Sensitive,42.6,0,Mall_Retail,9,0.328,0.691,0.717,0.402,16.9,0.559
CUST00216,Pune,Convenience_First,45.8,1,Highway,10,0.695,0.344,0.899,0.738,23.5,0.318
CUST00217,Pune,Convenience_First,63.0,0,Transit_Public,8,0.881,0.012,0.943,0.682,14.5,0.154
CUST00218,Bengaluru,Routine_Commuter,53.3,1,Hotel,11,0.697,0.587,0.775,0.793,24.2,0.469
CUST00219,Bengaluru,Price_Sensitive,69.0,0,Residential,6,0.645,0.833,0.02,0.346,29.0,0.817
CUST00220,Mumbai,Routine_Commuter,62.8,1,Office_Commercial,12,0.775,0.571,0.764,0.99,32.1,0.44
CUST00221,Lucknow,Routine_Commuter,50.9,1,Transit_Public,10,0.86,0.65,0.989,0.63,10.1,0.501
CUST00222,Jaipur,Price_Sensitive,54.4,0,Mall_Retail,6,0.421,0.99,0.482,0.757,28.8,0.727
CUST00223,Mumbai,Convenience_First,57.6,1,Mall_Retail,6,0.853,0.221,0.892,0.99,24.2,0.23
CUST00224,Delhi NCR,Routine_Commuter,47.8,1,Office_Commercial,11,0.454,0.726,0.7,0.84,19.9,0.528
CUST00225,Ahmedabad,Convenience_First,73.3,0,Highway,7,0.99,0.333,0.944,0.884,35.6,0.311
CUST00226,Pune,Routine_Commuter,60.0,0,Transit_Public,13,0.637,0.73,0.77,0.798,19.5,0.542
CUST00227,Chennai,Price_Sensitive,43.0,0,Residential,9,0.552,0.941,0.716,0.801,23.2,0.659
CUST00228,Chandigarh,Price_Sensitive,51.0,1,Hotel,8,0.359,0.899,0.315,0.512,11.5,0.741
CUST00229,Bengaluru,Convenience_First,46.2,0,Fleet,7,0.824,0.241,0.838,0.879,13.5,0.266
CUST00230,Kolkata,Price_Sensitive,54.8,0,Residential,8,0.493,0.624,0.586,0.284,21.1,0.583
CUST00231,Delhi NCR,Price_Sensitive,45.7,0,Residential,11,0.594,0.775,0.627,0.595,13.2,0.621
CUST00232,Chennai,Price_Sensitive,36.7,0,Highway,10,0.12,0.766,0.345,0.802,19.4,0.594
CUST00233,Jaipur,Routine_Commuter,67.4,1,Office_Commercial,10,0.794,0.194,0.457,0.686,39.7,0.342
CUST00234,Pune,Price_Sensitive,52.9,0,Highway,6,0.792,0.668,0.634,0.387,18.1,0.612
CUST00235,Delhi NCR,Routine_Commuter,60.9,1,Office_Commercial,13,0.704,0.53,0.749,0.603,23.4,0.472
CUST00236,Pune,Convenience_First,56.3,0,Office_Commercial,9,0.772,0.21,0.903,0.717,20.9,0.254
CUST00237,Bengaluru,Routine_Commuter,49.4,1,Residential,14,0.569,0.336,0.661,0.577,23.4,0.373
CUST00238,Kochi,High_Mileage,70.4,0,Highway,17,0.519,0.723,0.804,0.787,33.8,0.52
CUST00239,Ahmedabad,High_Mileage,68.9,0,Fleet,18,0.457,0.708,0.736,0.852,28.9,0.51
CUST00240,Pune,Routine_Commuter,54.0,0,Office_Commercial,11,0.812,0.413,0.811,0.985,28.0,0.349
CUST00241,Ahmedabad,Routine_Commuter,67.2,1,Residential,9,0.841,0.588,0.826,0.83,25.0,0.468
CUST00242,Bengaluru,Convenience_First,72.9,0,Residential,8,0.892,0.262,0.813,0.801,29.4,0.301
CUST00243,Mumbai,Routine_Commuter,60.5,1,Office_Commercial,10,0.785,0.49,0.464,0.947,22.8,0.463
CUST00244,Delhi NCR,Price_Sensitive,44.2,1,Office_Commercial,6,0.539,0.835,0.454,0.717,20.8,0.665
CUST00245,Pune,Price_Sensitive,49.2,1,Transit_Public,9,0.449,0.899,0.473,0.472,14.1,0.724
CUST00246,Mumbai,Convenience_First,67.6,0,Transit_Public,8,0.632,0.289,0.83,0.59,30.3,0.318
CUST00247,Mumbai,High_Mileage,74.4,0,Fleet,18,0.816,0.827,0.636,0.876,35.1,0.628
CUST00248,Hyderabad,Convenience_First,71.4,0,Highway,7,0.813,0.288,0.795,0.704,35.5,0.325
CUST00249,Lucknow,Price_Sensitive,54.8,0,Fleet,6,0.574,0.919,0.492,0.776,25.1,0.698
CUST00250,Mumbai,Convenience_First,69.3,1,Transit_Public,8,0.746,0.374,0.883,0.609,28.6,0.362
CUST00251,Delhi NCR,Routine_Commuter,44.4,1,Residential,10,0.612,0.381,0.656,0.819,17.2,0.367
CUST00252,Hyderabad,Price_Sensitive,45.8,0,Highway,9,0.499,0.913,0.364,0.815,20.0,0.707
CUST00253,Jaipur,Routine_Commuter,55.7,1,Transit_Public,9,0.882,0.725,0.582,0.715,28.5,0.614
CUST00254,Mumbai,Routine_Commuter,50.3,1,Residential,14,0.865,0.474,0.654,0.8,17.2,0.446
CUST00255,Kolkata,Price_Sensitive,73.5,1,Mall_Retail,6,0.475,0.984,0.403,0.597,38.5,0.769
CUST00256,Chandigarh,Price_Sensitive,56.0,1,Office_Commercial,7,0.406,0.847,0.337,0.521,22.0,0.711
CUST00257,Lucknow,Convenience_First,54.1,1,Mall_Retail,6,0.831,0.21,0.838,0.798,24.8,0.261
CUST00258,Bengaluru,Price_Sensitive,63.1,0,Office_Commercial,9,0.751,0.871,0.214,0.623,23.0,0.768
CUST00259,Chandigarh,Routine_Commuter,44.8,0,Mall_Retail,8,0.509,0.486,0.834,0.491,23.8,0.428
CUST00260,Kolkata,Convenience_First,50.0,1,Fleet,5,0.833,0.289,0.791,0.886,21.8,0.301
CUST00261,Kolkata,Convenience_First,66.4,0,Residential,6,0.562,0.28,0.851,0.795,28.2,0.271
CUST00262,Chennai,Routine_Commuter,41.1,0,Mall_Retail,13,0.845,0.368,0.701,0.875,16.1,0.365
CUST00263,Pune,Routine_Commuter,68.8,1,Residential,8,0.941,0.343,0.54,0.564,23.7,0.44
CUST00264,Lucknow,High_Mileage,52.2,0,Office_Commercial,21,0.775,0.569,0.811,0.793,26.3,0.459
CUST00265,Bengaluru,Routine_Commuter,55.9,1,Hotel,13,0.81,0.575,0.633,0.526,25.0,0.542
CUST00266,Kolkata,Routine_Commuter,50.7,0,Mall_Retail,12,0.637,0.294,0.616,0.827,28.4,0.328
CUST00267,Delhi NCR,Price_Sensitive,48.2,1,Transit_Public,9,0.655,0.878,0.443,0.524,22.0,0.731
CUST00268,Delhi NCR,Routine_Commuter,55.8,1,Residential,10,0.641,0.59,0.808,0.766,20.8,0.462
CUST00269,Mumbai,Routine_Commuter,60.4,1,Office_Commercial,14,0.707,0.41,0.618,0.852,22.3,0.395
CUST00270,Delhi NCR,Routine_Commuter,68.8,1,Office_Commercial,10,0.825,0.383,0.577,0.733,21.3,0.417
CUST00271,Chandigarh,Routine_Commuter,43.3,1,Residential,10,0.67,0.445,0.681,0.656,12.8,0.427
CUST00272,Ahmedabad,High_Mileage,89.2,0,Hotel,21,0.436,0.681,0.727,0.99,30.9,0.474
CUST00273,Pune,Routine_Commuter,56.8,1,Residential,10,0.601,0.589,0.667,0.787,28.9,0.483
CUST00274,Ahmedabad,High_Mileage,77.9,0,Fleet,25,0.487,0.544,0.678,0.81,41.6,0.441
CUST00275,Mumbai,Routine_Commuter,52.3,1,Mall_Retail,12,0.621,0.741,0.673,0.735,18.7,0.575
CUST00276,Delhi NCR,Convenience_First,65.2,0,Mall_Retail,5,0.707,0.301,0.982,0.806,21.8,0.269
CUST00277,Chennai,Routine_Commuter,58.2,1,Mall_Retail,13,0.451,0.335,0.616,0.62,29.7,0.363
CUST00278,Mumbai,Routine_Commuter,48.5,1,Office_Commercial,10,0.781,0.54,0.632,0.68,17.8,0.497
CUST00279,Pune,Routine_Commuter,50.5,1,Residential,9,0.837,0.531,0.576,0.817,19.6,0.488
CUST00280,Bengaluru,High_Mileage,88.9,0,Highway,21,0.583,0.524,0.8,0.821,39.9,0.413
CUST00281,Bengaluru,Price_Sensitive,54.0,0,Highway,7,0.793,0.718,0.617,0.434,26.6,0.636
CUST00282,Jaipur,Price_Sensitive,62.6,0,Residential,10,0.284,0.789,0.368,0.689,12.6,0.635
CUST00283,Lucknow,Routine_Commuter,55.2,0,Mall_Retail,9,0.672,0.415,0.877,0.872,30.2,0.339
CUST00284,Chennai,Convenience_First,37.4,0,Office_Commercial,6,0.925,0.133,0.92,0.771,17.3,0.216
CUST00285,Bengaluru,Routine_Commuter,49.1,1,Highway,10,0.954,0.342,0.677,0.757,17.9,0.385
CUST00286,Kochi,Routine_Commuter,56.0,1,Mall_Retail,9,0.843,0.513,0.676,0.65,17.5,0.483
CUST00287,Hyderabad,Price_Sensitive,50.2,0,Residential,6,0.402,0.99,0.467,0.797,26.8,0.722
CUST00288,Bengaluru,Routine_Commuter,54.5,1,Residential,13,0.747,0.714,0.757,0.915,19.6,0.529
CUST00289,Bengaluru,Convenience_First,77.7,0,Mall_Retail,5,0.894,0.217,0.96,0.869,20.4,0.236
CUST00290,Kochi,Routine_Commuter,55.9,1,Office_Commercial,14,0.809,0.85,0.638,0.669,20.7,0.671
CUST00291,Jaipur,High_Mileage,62.4,0,Fleet,18,0.294,0.521,0.905,0.892,29.9,0.351
CUST00292,Chandigarh,High_Mileage,73.6,0,Residential,19,0.618,0.667,0.803,0.762,31.7,0.504
CUST00293,Chennai,Convenience_First,55.6,1,Highway,9,0.814,0.376,0.85,0.711,25.7,0.361
CUST00294,Chennai,Price_Sensitive,47.9,0,Office_Commercial,7,0.659,0.727,0.344,0.538,18.3,0.666
CUST00295,Bengaluru,Routine_Commuter,52.7,1,Office_Commercial,8,0.861,0.548,0.977,0.74,30.9,0.431
CUST00296,Ahmedabad,Convenience_First,52.3,1,Office_Commercial,7,0.839,0.093,0.922,0.927,16.7,0.162
CUST00297,Bengaluru,Routine_Commuter,60.9,0,Office_Commercial,13,0.587,0.552,0.617,0.664,30.3,0.489
CUST00298,Jaipur,Convenience_First,72.0,0,Hotel,10,0.904,0.172,0.99,0.687,33.6,0.234
CUST00299,Kolkata,Routine_Commuter,61.1,1,Office_Commercial,13,0.814,0.667,0.672,0.725,26.8,0.555
CUST00300,Bengaluru,Convenience_First,58.6,0,Residential,6,0.89,0.279,0.92,0.733,26.2,0.298
CUST00301,Delhi NCR,Price_Sensitive,55.7,0,Hotel,11,0.587,0.844,0.563,0.543,20.4,0.679
CUST00302,Ahmedabad,Routine_Commuter,59.3,1,Office_Commercial,14,0.657,0.363,0.832,0.848,39.3,0.322
CUST00303,Ahmedabad,Routine_Commuter,69.2,0,Mall_Retail,9,0.672,0.572,0.78,0.706,31.4,0.47
CUST00304,Kochi,Price_Sensitive,45.7,1,Fleet,6,0.376,0.99,0.44,0.317,21.2,0.796
CUST00305,Delhi NCR,Routine_Commuter,45.5,1,Transit_Public,14,0.761,0.397,0.606,0.61,19.3,0.432
CUST00306,Hyderabad,High_Mileage,60.1,1,Fleet,21,0.701,0.703,0.809,0.89,28.0,0.511
CUST00307,Ahmedabad,Routine_Commuter,43.6,0,Highway,11,0.602,0.419,0.637,0.557,17.9,0.43
CUST00308,Pune,Price_Sensitive,62.5,0,Office_Commercial,7,0.467,0.922,0.417,0.458,28.4,0.752
CUST00309,Kolkata,Routine_Commuter,54.5,1,Residential,8,0.758,0.663,0.614,0.725,24.9,0.559
CUST00310,Kolkata,Price_Sensitive,37.0,0,Mall_Retail,8,0.857,0.92,0.694,0.564,13.8,0.718
CUST00311,Chennai,Routine_Commuter,46.4,0,Residential,8,0.794,0.317,0.626,0.901,23.6,0.343
CUST00312,Chennai,Routine_Commuter,57.1,1,Mall_Retail,14,0.582,0.676,0.578,0.751,20.1,0.552
CUST00313,Jaipur,Convenience_First,68.7,1,Highway,7,0.837,0.365,0.856,0.659,37.9,0.364
CUST00314,Delhi NCR,Price_Sensitive,47.6,1,Mall_Retail,7,0.517,0.711,0.53,0.808,19.8,0.566
CUST00315,Kolkata,Convenience_First,42.7,1,Office_Commercial,10,0.917,0.217,0.846,0.762,15.3,0.278
CUST00316,Jaipur,Price_Sensitive,61.1,0,Office_Commercial,6,0.623,0.764,0.676,0.432,23.7,0.633
CUST00317,Kolkata,Price_Sensitive,57.6,0,Office_Commercial,6,0.544,0.771,0.563,0.457,24.9,0.647
CUST00318,Pune,Price_Sensitive,56.4,1,Transit_Public,7,0.65,0.918,0.943,0.633,21.7,0.636
CUST00319,Pune,Price_Sensitive,50.5,0,Mall_Retail,7,0.472,0.834,0.643,0.688,14.7,0.624
CUST00320,Kolkata,Price_Sensitive,52.6,0,Residential,11,0.625,0.911,0.523,0.644,22.2,0.712
CUST00321,Hyderabad,Routine_Commuter,58.9,1,Mall_Retail,12,0.672,0.528,0.646,0.69,28.3,0.475
CUST00322,Mumbai,Convenience_First,64.9,1,Transit_Public,6,0.688,0.227,0.881,0.818,29.4,0.245
CUST00323,Mumbai,Price_Sensitive,42.8,1,Residential,9,0.445,0.55,0.387,0.466,18.7,0.549
CUST00324,Chandigarh,Routine_Commuter,56.0,1,Transit_Public,10,0.566,0.524,0.646,0.756,16.9,0.452
CUST00325,Jaipur,Routine_Commuter,52.8,0,Residential,8,0.647,0.608,0.646,0.604,19.3,0.529
CUST00326,Ahmedabad,Routine_Commuter,46.4,0,Residential,8,0.717,0.45,0.494,0.659,15.6,0.472
CUST00327,Jaipur,Price_Sensitive,55.6,1,Transit_Public,8,0.355,0.794,0.201,0.471,16.6,0.711
CUST00328,Jaipur,Convenience_First,41.8,1,Transit_Public,8,0.97,0.299,0.857,0.58,13.9,0.353
CUST00329,Lucknow,Routine_Commuter,54.1,1,Residential,14,0.833,0.539,0.827,0.721,24.3,0.456
CUST00330,Kolkata,Routine_Commuter,52.3,0,Residential,13,0.945,0.631,0.487,0.888,24.2,0.561
CUST00331,Hyderabad,Convenience_First,60.6,1,Highway,10,0.794,0.443,0.99,0.805,23.4,0.354
CUST00332,Hyderabad,Routine_Commuter,60.8,1,Residential,11,0.715,0.299,0.765,0.953,26.7,0.29
CUST00333,Chennai,Convenience_First,47.6,0,Highway,7,0.889,0.26,0.747,0.668,12.8,0.332
CUST00334,Mumbai,Price_Sensitive,40.2,0,Residential,9,0.253,0.79,0.644,0.638,16.2,0.585
CUST00335,Kolkata,Price_Sensitive,59.9,0,Office_Commercial,6,0.42,0.909,0.626,0.76,25.6,0.653
CUST00336,Bengaluru,Routine_Commuter,54.7,0,Office_Commercial,11,0.605,0.481,0.709,0.893,21.9,0.399
CUST00337,Mumbai,Price_Sensitive,66.8,1,Highway,11,0.712,0.884,0.301,0.576,22.5,0.76
CUST00338,Mumbai,Routine_Commuter,58.6,1,Residential,13,0.645,0.671,0.723,0.683,27.7,0.536
CUST00339,Pune,Routine_Commuter,58.1,1,Transit_Public,10,0.683,0.298,0.57,0.908,31.6,0.332
CUST00340,Kolkata,Routine_Commuter,52.3,1,Transit_Public,10,0.762,0.586,0.52,0.833,22.7,0.52
CUST00341,Jaipur,Convenience_First,69.4,0,Office_Commercial,8,0.856,0.223,0.808,0.961,22.6,0.253
CUST00342,Mumbai,Routine_Commuter,59.6,1,Office_Commercial,12,0.831,0.485,0.655,0.769,25.6,0.453
CUST00343,Delhi NCR,Routine_Commuter,58.9,1,Office_Commercial,11,0.886,0.755,0.766,0.577,26.5,0.614
CUST00344,Delhi NCR,Convenience_First,65.0,1,Mall_Retail,6,0.765,0.06,0.887,0.819,38.0,0.159
CUST00345,Bengaluru,Routine_Commuter,48.6,0,Office_Commercial,14,0.757,0.805,0.557,0.744,27.4,0.645
CUST00346,Chennai,Routine_Commuter,66.2,1,Office_Commercial,13,0.99,0.46,0.611,0.507,20.4,0.504
CUST00347,Kochi,Routine_Commuter,54.7,1,Office_Commercial,14,0.817,0.289,0.856,0.814,20.9,0.297
CUST00348,Delhi NCR,Convenience_First,63.1,1,Residential,7,0.653,0.336,0.955,0.73,23.3,0.3
CUST00349,Lucknow,Convenience_First,71.0,0,Fleet,7,0.814,0.452,0.864,0.707,26.1,0.401
CUST00350,Kochi,Price_Sensitive,39.9,1,Transit_Public,11,0.293,0.794,0.68,0.588,16.5,0.592
CUST00351,Pune,High_Mileage,70.5,0,Highway,20,0.373,0.865,0.697,0.969,33.7,0.578
CUST00352,Chandigarh,Convenience_First,60.1,1,Highway,9,0.799,0.442,0.787,0.8,26.8,0.395
CUST00353,Hyderabad,Price_Sensitive,56.4,1,Fleet,6,0.502,0.71,0.22,0.572,17.5,0.661
CUST00354,Bengaluru,Routine_Commuter,59.5,1,Hotel,14,0.793,0.424,0.69,0.644,20.0,0.428
CUST00355,Kolkata,Convenience_First,59.2,1,Transit_Public,5,0.858,0.513,0.968,0.872,21.1,0.393
CUST00356,Chandigarh,Price_Sensitive,45.3,1,Office_Commercial,12,0.33,0.697,0.472,0.407,18.2,0.611
CUST00357,Bengaluru,Price_Sensitive,50.7,1,Office_Commercial,6,0.477,0.792,0.551,0.657,24.4,0.625
CUST00358,Ahmedabad,Routine_Commuter,62.3,1,Residential,8,0.754,0.526,0.764,0.832,27.3,0.437
CUST00359,Delhi NCR,Routine_Commuter,52.0,1,Office_Commercial,10,0.75,0.417,0.764,0.99,28.3,0.353
CUST00360,Hyderabad,Routine_Commuter,77.4,1,Residential,12,0.53,0.414,0.475,0.796,38.1,0.416
CUST00361,Delhi NCR,Convenience_First,58.0,0,Fleet,8,0.795,0.187,0.846,0.876,23.4,0.232
CUST00362,Lucknow,Convenience_First,65.3,0,Residential,8,0.659,0.206,0.921,0.83,32.3,0.22
CUST00363,Mumbai,Price_Sensitive,56.9,0,Office_Commercial,6,0.62,0.776,0.278,0.617,26.0,0.691
CUST00364,Chennai,Price_Sensitive,68.4,0,Office_Commercial,8,0.56,0.635,0.338,0.766,29.0,0.573
CUST00365,Pune,Routine_Commuter,43.2,1,Highway,9,0.663,0.737,0.635,0.807,14.5,0.574
CUST00366,Pune,Routine_Commuter,62.9,1,Office_Commercial,14,0.682,0.415,0.654,0.756,27.2,0.402
CUST00367,Bengaluru,Routine_Commuter,64.2,0,Residential,8,0.752,0.477,0.617,0.691,35.0,0.461
CUST00368,Hyderabad,Price_Sensitive,49.7,0,Transit_Public,11,0.697,0.814,0.448,0.497,21.8,0.703
CUST00369,Chandigarh,Convenience_First,62.5,1,Fleet,9,0.99,0.232,0.798,0.943,25.4,0.276
CUST00370,Jaipur,Price_Sensitive,51.2,0,Mall_Retail,11,0.547,0.99,0.493,0.177,18.2,0.824
CUST00371,Bengaluru,Routine_Commuter,45.8,1,Residential,14,0.558,0.471,0.691,0.495,14.8,0.452
CUST00372,Pune,Convenience_First,75.0,0,Mall_Retail,10,0.968,0.078,0.773,0.842,31.6,0.209
CUST00373,Kolkata,Routine_Commuter,57.6,1,Residential,12,0.575,0.341,0.728,0.585,30.7,0.362
CUST00374,Bengaluru,Routine_Commuter,52.9,1,Residential,14,0.629,0.528,0.562,0.67,16.2,0.49
CUST00375,Delhi NCR,Routine_Commuter,49.9,1,Office_Commercial,11,0.795,0.296,0.516,0.935,14.9,0.349
CUST00376,Ahmedabad,Routine_Commuter,43.0,0,Office_Commercial,10,0.99,0.297,0.554,0.595,16.4,0.412
CUST00377,Bengaluru,Price_Sensitive,55.6,1,Residential,7,0.461,0.788,0.382,0.585,26.3,0.665
CUST00378,Chennai,Price_Sensitive,42.5,0,Transit_Public,12,0.626,0.678,0.265,0.429,21.6,0.668
CUST00379,Kochi,Convenience_First,61.0,1,Mall_Retail,6,0.928,0.297,0.865,0.948,29.1,0.291
CUST00380,Mumbai,Routine_Commuter,49.2,1,Office_Commercial,11,0.877,0.244,0.673,0.715,19.1,0.33
CUST00381,Chennai,Routine_Commuter,48.4,0,Office_Commercial,12,0.48,0.414,0.798,0.645,18.6,0.369
CUST00382,Delhi NCR,Convenience_First,45.9,0,Mall_Retail,9,0.73,0.146,0.811,0.697,25.5,0.237
CUST00383,Pune,Routine_Commuter,57.6,1,Residential,13,0.758,0.484,0.769,0.813,20.5,0.416
CUST00384,Delhi NCR,Routine_Commuter,46.7,1,Residential,10,0.773,0.688,0.571,0.754,21.9,0.578
CUST00385,Bengaluru,Routine_Commuter,62.2,1,Mall_Retail,9,0.691,0.429,0.53,0.75,24.6,0.437
CUST00386,Chennai,Convenience_First,66.2,0,Fleet,8,0.745,0.367,0.889,0.826,27.2,0.324
CUST00387,Chennai,Convenience_First,47.8,1,Office_Commercial,7,0.791,0.251,0.876,0.836,17.6,0.266
CUST00388,Mumbai,Convenience_First,65.4,0,Fleet,10,0.838,0.128,0.823,0.859,38.9,0.211
CUST00389,Kochi,Price_Sensitive,39.0,0,Office_Commercial,11,0.472,0.829,0.457,0.545,14.6,0.68
CUST00390,Ahmedabad,Routine_Commuter,59.6,1,Office_Commercial,12,0.827,0.506,0.728,0.655,23.2,0.467
CUST00391,Delhi NCR,Price_Sensitive,46.1,0,Office_Commercial,7,0.594,0.81,0.517,0.72,16.3,0.644
CUST00392,Delhi NCR,Price_Sensitive,64.7,0,Transit_Public,7,0.146,0.798,0.456,0.524,13.7,0.634
CUST00393,Chennai,Convenience_First,56.7,1,Residential,6,0.774,0.361,0.929,0.808,16.0,0.319
CUST00394,Pune,Convenience_First,65.0,0,Office_Commercial,9,0.99,0.256,0.799,0.682,31.5,0.328
CUST00395,Chennai,Price_Sensitive,48.8,1,Residential,6,0.59,0.837,0.363,0.846,26.2,0.67
CUST00396,Lucknow,Routine_Commuter,50.1,1,Office_Commercial,13,0.787,0.43,0.746,0.623,18.2,0.423
CUST00397,Bengaluru,Convenience_First,59.2,1,Highway,9,0.886,0.15,0.889,0.875,20.2,0.212
CUST00398,Jaipur,Routine_Commuter,66.1,0,Office_Commercial,10,0.762,0.51,0.554,0.647,29.4,0.499
CUST00399,Delhi NCR,Convenience_First,43.4,0,Mall_Retail,7,0.801,0.279,0.83,0.942,12.2,0.276
CUST00400,Ahmedabad,Routine_Commuter,57.9,0,Office_Commercial,11,0.765,0.403,0.598,0.653,26.4,0.43
CUST00401,Hyderabad,High_Mileage,58.6,0,Highway,25,0.655,0.505,0.715,0.884,29.6,0.418
CUST00402,Mumbai,Convenience_First,63.0,0,Mall_Retail,9,0.753,0.143,0.819,0.841,32.5,0.214
CUST00403,Ahmedabad,Routine_Commuter,52.1,0,Residential,14,0.99,0.516,0.726,0.768,25.3,0.472
CUST00404,Ahmedabad,Routine_Commuter,38.7,1,Mall_Retail,9,0.873,0.402,0.714,0.523,10.1,0.437
CUST00405,Kolkata,High_Mileage,81.2,0,Highway,23,0.775,0.647,0.741,0.931,37.7,0.495
CUST00406,Chennai,Convenience_First,75.5,0,Transit_Public,10,0.825,0.388,0.957,0.848,35.0,0.327
CUST00407,Kochi,Routine_Commuter,49.7,1,Hotel,9,0.637,0.579,0.728,0.954,17.0,0.443
CUST00408,Hyderabad,Convenience_First,65.8,1,Highway,10,0.874,0.27,0.878,0.792,21.7,0.292
CUST00409,Chandigarh,Convenience_First,64.5,1,Residential,8,0.752,0.272,0.858,0.822,24.9,0.28
CUST00410,Mumbai,Convenience_First,73.6,0,Residential,6,0.749,0.348,0.721,0.912,37.5,0.335
CUST00411,Lucknow,Routine_Commuter,57.7,1,Office_Commercial,14,0.824,0.426,0.623,0.624,19.2,0.449
CUST00412,Bengaluru,Convenience_First,56.6,1,Office_Commercial,5,0.855,0.211,0.921,0.776,12.3,0.251
CUST00413,Pune,Routine_Commuter,54.0,0,Residential,9,0.671,0.757,0.594,0.638,18.9,0.619
CUST00414,Bengaluru,Convenience_First,58.3,1,Office_Commercial,8,0.861,0.224,0.807,0.968,21.1,0.253
CUST00415,Pune,Routine_Commuter,36.0,1,Mall_Retail,9,0.72,0.556,0.931,0.76,16.2,0.428
CUST00416,Ahmedabad,Routine_Commuter,79.2,1,Residential,9,0.714,0.606,0.615,0.606,23.8,0.541
CUST00417,Bengaluru,Routine_Commuter,40.8,1,Transit_Public,13,0.667,0.666,0.737,0.788,20.5,0.518
CUST00418,Chennai,Routine_Commuter,38.7,1,Residential,12,0.738,0.454,0.683,0.69,14.7,0.433
CUST00419,Jaipur,Routine_Commuter,53.4,1,Residential,9,0.613,0.204,0.729,0.782,18.0,0.261
CUST00420,Mumbai,Price_Sensitive,55.1,1,Transit_Public,8,0.442,0.775,0.773,0.606,13.5,0.575
CUST00421,Chandigarh,High_Mileage,64.1,0,Mall_Retail,19,0.555,0.662,0.821,0.736,15.6,0.495
CUST00422,Hyderabad,Price_Sensitive,56.3,1,Office_Commercial,9,0.424,0.688,0.772,0.6,21.9,0.526
CUST00423,Hyderabad,Convenience_First,50.3,0,Hotel,5,0.673,0.41,0.875,0.928,21.4,0.329
CUST00424,Hyderabad,Price_Sensitive,65.9,0,Office_Commercial,9,0.297,0.815,0.41,0.44,24.9,0.68
CUST00425,Hyderabad,Convenience_First,53.2,1,Highway,8,0.667,0.393,0.849,0.875,23.7,0.332
CUST00426,Lucknow,Convenience_First,51.0,0,Hotel,9,0.924,0.327,0.746,0.73,15.7,0.363
CUST00427,Kochi,Price_Sensitive,69.2,1,Fleet,12,0.491,0.654,0.559,0.61,21.3,0.556
CUST00428,Delhi NCR,Routine_Commuter,46.4,0,Office_Commercial,8,0.461,0.515,0.558,0.732,24.7,0.458
CUST00429,Chennai,Convenience_First,82.2,1,Transit_Public,10,0.798,0.116,0.892,0.859,35.9,0.186
CUST00430,Kolkata,Convenience_First,59.9,1,Mall_Retail,6,0.918,0.188,0.939,0.854,21.2,0.229
CUST00431,Chandigarh,Convenience_First,62.3,0,Residential,10,0.981,0.339,0.806,0.851,27.2,0.346
CUST00432,Hyderabad,High_Mileage,59.5,0,Fleet,24,0.612,0.688,0.669,0.99,33.4,0.507
CUST00433,Delhi NCR,Routine_Commuter,37.8,0,Office_Commercial,10,0.604,0.565,0.515,0.663,19.1,0.519
CUST00434,Chandigarh,Routine_Commuter,47.7,1,Office_Commercial,12,0.636,0.744,0.77,0.599,19.4,0.579
CUST00435,Jaipur,Price_Sensitive,49.4,0,Highway,9,0.515,0.915,0.601,0.524,16.6,0.706
CUST00436,Chandigarh,Routine_Commuter,56.5,1,Office_Commercial,8,0.729,0.665,0.538,0.692,27.8,0.578
CUST00437,Bengaluru,Routine_Commuter,57.4,0,Office_Commercial,11,0.54,0.519,0.724,0.61,25.4,0.453
CUST00438,Hyderabad,Convenience_First,61.2,1,Office_Commercial,10,0.871,0.252,0.644,0.924,22.4,0.308
CUST00439,Kolkata,High_Mileage,77.9,0,Fleet,25,0.829,0.891,0.78,0.897,36.7,0.633
CUST00440,Chennai,Routine_Commuter,56.4,1,Transit_Public,10,0.693,0.59,0.694,0.351,19.6,0.552
CUST00441,Ahmedabad,Convenience_First,63.3,1,Hotel,5,0.968,0.281,0.895,0.904,30.4,0.287
CUST00442,Delhi NCR,Convenience_First,64.6,0,Mall_Retail,7,0.833,0.379,0.836,0.847,24.7,0.347
CUST00443,Chennai,Routine_Commuter,52.1,1,Office_Commercial,11,0.749,0.479,0.771,0.824,25.0,0.411
CUST00444,Hyderabad,Routine_Commuter,65.4,1,Transit_Public,11,0.787,0.504,0.703,0.593,28.0,0.476
CUST00445,Jaipur,Price_Sensitive,43.0,0,Mall_Retail,8,0.393,0.765,0.729,0.1,17.9,0.649
CUST00446,Kochi,Routine_Commuter,49.4,1,Residential,13,0.941,0.574,0.615,0.814,14.6,0.515
CUST00447,Bengaluru,Routine_Commuter,51.2,0,Office_Commercial,11,0.758,0.352,0.303,0.595,25.1,0.47
CUST00448,Hyderabad,Price_Sensitive,49.9,0,Mall_Retail,8,0.366,0.814,0.365,0.577,22.7,0.675
CUST00449,Kochi,Routine_Commuter,47.4,1,Mall_Retail,11,0.71,0.399,0.688,0.645,17.3,0.406
CUST00450,Pune,High_Mileage,44.4,0,Highway,15,0.763,0.783,0.944,0.797,19.2,0.549
CUST00451,Chennai,High_Mileage,86.1,0,Fleet,21,0.633,0.784,0.637,0.772,31.7,0.601
CUST00452,Hyderabad,Convenience_First,62.6,0,Residential,9,0.685,0.23,0.813,0.911,25.7,0.246
CUST00453,Pune,Price_Sensitive,47.6,1,Transit_Public,8,0.485,0.928,0.481,0.677,22.2,0.711
CUST00454,Delhi NCR,Price_Sensitive,62.0,1,Transit_Public,11,0.371,0.875,0.544,0.46,34.1,0.691
CUST00455,Chennai,Convenience_First,59.5,1,Mall_Retail,7,0.846,0.265,0.64,0.709,23.5,0.346
CUST00456,Chennai,Routine_Commuter,37.1,0,Office_Commercial,10,0.681,0.498,0.645,0.989,13.3,0.415
CUST00457,Pune,Price_Sensitive,51.3,0,Transit_Public,7,0.492,0.793,0.463,0.533,16.5,0.663
CUST00458,Chennai,Routine_Commuter,69.3,1,Residential,9,0.824,0.555,0.741,0.548,33.8,0.507
CUST00459,Chandigarh,Convenience_First,70.9,0,Transit_Public,7,0.836,0.536,0.884,0.961,21.3,0.407
CUST00460,Kolkata,Routine_Commuter,60.7,1,Office_Commercial,10,0.402,0.472,0.758,0.692,25.2,0.395
CUST00461,Mumbai,Convenience_First,46.0,0,Highway,10,0.93,0.165,0.885,0.807,21.4,0.236
CUST00462,Chandigarh,Routine_Commuter,57.8,0,Mall_Retail,12,0.808,0.507,0.817,0.614,22.2,0.454
CUST00463,Delhi NCR,Routine_Commuter,51.3,1,Mall_Retail,13,0.769,0.596,0.678,0.837,19.2,0.494
CUST00464,Lucknow,Price_Sensitive,35.0,0,Residential,7,0.438,0.818,0.474,0.578,16.3,0.662
CUST00465,Mumbai,Routine_Commuter,49.8,0,Mall_Retail,11,0.639,0.726,0.61,0.811,13.4,0.57
CUST00466,Lucknow,Routine_Commuter,38.9,1,Mall_Retail,13,0.589,0.406,0.486,0.632,17.6,0.44
CUST00467,Bengaluru,Price_Sensitive,60.1,0,Residential,10,0.254,0.706,0.474,0.689,23.7,0.566
CUST00468,Chennai,Convenience_First,54.2,0,Fleet,5,0.661,0.227,0.957,0.653,15.8,0.251
CUST00469,Chennai,Routine_Commuter,52.3,1,Transit_Public,9,0.781,0.398,0.69,0.612,22.7,0.417
CUST00470,Delhi NCR,Price_Sensitive,56.7,1,Transit_Public,6,0.333,0.776,0.621,0.643,25.1,0.589
CUST00471,Bengaluru,Routine_Commuter,53.6,1,Office_Commercial,9,0.773,0.471,0.707,0.911,17.8,0.408
CUST00472,Chandigarh,Routine_Commuter,51.4,0,Transit_Public,9,0.709,0.606,0.831,0.757,21.7,0.475
CUST00473,Kochi,Price_Sensitive,51.1,1,Residential,11,0.698,0.899,0.336,0.468,17.0,0.777
CUST00474,Chandigarh,Convenience_First,57.0,1,Mall_Retail,10,0.664,0.245,0.882,0.897,17.9,0.24
CUST00475,Pune,Routine_Commuter,60.5,1,Transit_Public,11,0.864,0.565,0.859,0.847,23.5,0.448
CUST00476,Jaipur,Price_Sensitive,47.3,1,Hotel,9,0.233,0.89,0.337,0.609,19.3,0.704
CUST00477,Kochi,Routine_Commuter,48.4,0,Office_Commercial,14,0.763,0.516,0.781,0.856,28.3,0.426
CUST00478,Bengaluru,Routine_Commuter,57.0,0,Residential,11,0.793,0.393,0.6,0.795,24.5,0.406
CUST00479,Delhi NCR,High_Mileage,79.9,0,Office_Commercial,16,0.533,0.724,0.72,0.747,34.5,0.546
CUST00480,Mumbai,Convenience_First,77.1,0,Highway,10,0.756,0.309,0.876,0.629,34.8,0.326
CUST00481,Hyderabad,Convenience_First,53.9,0,Hotel,5,0.894,0.094,0.855,0.744,26.0,0.209
CUST00482,Hyderabad,Price_Sensitive,54.1,1,Mall_Retail,12,0.459,0.79,0.376,0.619,24.6,0.663
CUST00483,Pune,Routine_Commuter,57.8,1,Transit_Public,9,0.814,0.342,0.511,0.921,18.8,0.379
CUST00484,Jaipur,Routine_Commuter,35.0,0,Office_Commercial,8,0.851,0.464,0.555,0.669,17.0,0.479
CUST00485,Bengaluru,Price_Sensitive,38.8,1,Fleet,8,0.631,0.945,0.472,0.712,12.8,0.732
CUST00486,Bengaluru,Price_Sensitive,60.1,0,Residential,9,0.56,0.639,0.161,0.77,30.2,0.61
CUST00487,Ahmedabad,Routine_Commuter,52.8,1,Office_Commercial,11,0.851,0.418,0.684,0.718,17.8,0.42
CUST00488,Ahmedabad,Convenience_First,68.0,0,Highway,8,0.8,0.22,0.889,0.588,26.0,0.285
CUST00489,Mumbai,High_Mileage,70.7,0,Highway,22,0.541,0.841,0.744,0.893,26.1,0.584
CUST00490,Ahmedabad,Routine_Commuter,43.5,0,Hotel,9,0.805,0.703,0.563,0.632,19.9,0.61
CUST00491,Delhi NCR,Routine_Commuter,47.4,1,Residential,14,0.781,0.485,0.809,0.99,23.9,0.384
CUST00492,Bengaluru,Routine_Commuter,59.9,1,Mall_Retail,8,0.622,0.645,0.634,0.689,25.2,0.537
CUST00493,Bengaluru,Routine_Commuter,60.2,1,Mall_Retail,14,0.79,0.632,0.656,0.635,24.9,0.55
CUST00494,Chandigarh,Routine_Commuter,47.5,0,Transit_Public,9,0.778,0.712,0.712,0.73,14.8,0.568
CUST00495,Delhi NCR,Price_Sensitive,50.4,1,Office_Commercial,11,0.566,0.866,0.393,0.625,14.4,0.711
CUST00496,Pune,Price_Sensitive,51.3,0,Residential,8,0.378,0.82,0.284,0.81,24.2,0.661
CUST00497,Bengaluru,Convenience_First,46.7,0,Office_Commercial,9,0.865,0.188,0.691,0.795,17.0,0.282
CUST00498,Kochi,Routine_Commuter,51.5,0,Office_Commercial,8,0.842,0.832,0.767,0.709,20.9,0.632
CUST00499,Bengaluru,Price_Sensitive,51.5,1,Mall_Retail,6,0.221,0.753,0.38,0.537,22.6,0.63
CUST00500,Delhi NCR,Routine_Commuter,59.1,0,Residential,14,0.81,0.535,0.555,0.733,31.5,0.505
CUST00501,Bengaluru,Price_Sensitive,47.7,1,Office_Commercial,7,0.313,0.76,0.447,0.59,19.1,0.621
CUST00502,Lucknow,Routine_Commuter,50.6,0,Office_Commercial,14,0.673,0.333,0.726,0.809,18.4,0.334
CUST00503,Ahmedabad,Convenience_First,72.2,1,Fleet,5,0.9,0.31,0.934,0.602,30.6,0.333
CUST00504,Kochi,Convenience_First,78.4,0,Residential,8,0.792,0.337,0.733,0.746,27.4,0.356
CUST00505,Bengaluru,High_Mileage,78.2,1,Hotel,15,0.554,0.79,0.663,0.923,31.4,0.569
CUST00506,Jaipur,Convenience_First,73.3,1,Residential,6,0.741,0.24,0.974,0.971,33.6,0.216
CUST00507,Chandigarh,Routine_Commuter,59.3,1,Highway,9,0.749,0.593,0.788,0.78,15.4,0.477
CUST00508,Delhi NCR,Price_Sensitive,46.0,1,Office_Commercial,9,0.64,0.931,0.387,0.644,17.6,0.752
CUST00509,Jaipur,Convenience_First,62.7,1,Highway,5,0.683,0.288,0.78,0.891,31.0,0.287
CUST00510,Hyderabad,Routine_Commuter,66.7,0,Office_Commercial,13,0.612,0.567,0.971,0.732,31.3,0.419
CUST00511,Kochi,High_Mileage,88.0,0,Office_Commercial,23,0.467,0.808,0.871,0.981,42.0,0.52
CUST00512,Mumbai,Routine_Commuter,61.1,0,Highway,12,0.779,0.495,0.677,0.849,26.9,0.438
CUST00513,Mumbai,Routine_Commuter,71.2,0,Residential,14,0.641,0.402,0.683,0.915,32.1,0.362
CUST00514,Kochi,Routine_Commuter,62.1,1,Transit_Public,9,0.923,0.674,0.553,0.815,27.0,0.58
CUST00515,Bengaluru,Price_Sensitive,64.9,1,Mall_Retail,12,0.177,0.812,0.38,0.36,28.8,0.684
CUST00516,Jaipur,High_Mileage,69.4,0,Transit_Public,22,0.552,0.679,0.835,0.705,26.4,0.506
CUST00517,Delhi NCR,Convenience_First,76.3,0,Mall_Retail,7,0.791,0.279,0.99,0.745,33.9,0.273
CUST00518,Chennai,Routine_Commuter,53.0,0,Residential,9,0.729,0.646,0.678,0.682,19.4,0.54
CUST00519,Hyderabad,Price_Sensitive,43.6,0,Office_Commercial,9,0.744,0.935,0.292,0.508,12.7,0.804
CUST00520,Kolkata,Routine_Commuter,64.5,1,Office_Commercial,9,0.794,0.581,0.821,0.508,20.3,0.509
CUST00521,Lucknow,Routine_Commuter,59.0,1,Residential,8,0.859,0.298,0.684,0.59,29.2,0.375
CUST00522,Pune,Price_Sensitive,60.5,1,Transit_Public,10,0.598,0.916,0.441,0.356,25.2,0.772
CUST00523,Chennai,Routine_Commuter,42.9,0,Office_Commercial,9,0.638,0.534,0.801,0.99,14.8,0.399
CUST00524,Bengaluru,Routine_Commuter,44.4,1,Office_Commercial,9,0.711,0.565,0.738,0.719,22.8,0.476
CUST00525,Kolkata,Convenience_First,52.2,0,Office_Commercial,9,0.817,0.38,0.873,0.78,24.3,0.349
CUST00526,Hyderabad,Price_Sensitive,42.4,0,Hotel,11,0.6,0.91,0.564,0.524,19.5,0.719
CUST00527,Jaipur,Price_Sensitive,56.3,1,Residential,9,0.559,0.912,0.435,0.473,19.7,0.75
CUST00528,Kolkata,Routine_Commuter,66.3,1,Transit_Public,11,0.602,0.614,0.616,0.722,38.0,0.516
CUST00529,Bengaluru,Price_Sensitive,47.1,0,Mall_Retail,8,0.384,0.795,0.127,0.517,22.0,0.723
CUST00530,Delhi NCR,Routine_Commuter,55.6,0,Office_Commercial,13,0.661,0.208,0.549,0.631,17.9,0.326
CUST00531,Delhi NCR,Convenience_First,56.3,0,Mall_Retail,6,0.856,0.251,0.737,0.738,27.3,0.316
CUST00532,Delhi NCR,Routine_Commuter,43.7,1,Office_Commercial,9,0.797,0.407,0.782,0.701,17.6,0.392
CUST00533,Bengaluru,Routine_Commuter,45.8,0,Residential,14,0.793,0.514,0.7,0.763,14.8,0.458
CUST00534,Hyderabad,High_Mileage,87.1,0,Fleet,21,0.664,0.523,0.733,0.99,29.6,0.409
CUST00535,Delhi NCR,Routine_Commuter,57.0,1,Transit_Public,8,0.787,0.431,0.659,0.74,31.3,0.423
CUST00536,Bengaluru,High_Mileage,57.9,0,Highway,16,0.395,0.579,0.796,0.967,28.3,0.404
CUST00537,Mumbai,Convenience_First,55.7,1,Highway,10,0.876,0.362,0.853,0.841,25.6,0.34
CUST00538,Pune,Routine_Commuter,53.5,0,Transit_Public,12,0.654,0.542,0.612,0.814,23.2,0.469
CUST00539,Chennai,High_Mileage,72.9,0,Highway,23,0.645,0.722,0.719,0.803,34.3,0.547
CUST00540,Pune,Routine_Commuter,58.8,1,Office_Commercial,9,0.569,0.49,0.692,0.748,21.5,0.426
CUST00541,Pune,High_Mileage,74.7,1,Highway,18,0.525,0.666,0.729,0.863,21.3,0.494
CUST00542,Ahmedabad,Routine_Commuter,39.0,1,Mall_Retail,12,0.768,0.01,0.761,0.95,19.3,0.138
CUST00543,Mumbai,Routine_Commuter,51.7,1,Fleet,10,0.774,0.681,0.724,0.79,26.4,0.539
CUST00544,Hyderabad,Convenience_First,47.1,0,Transit_Public,9,0.744,0.091,0.864,0.839,17.7,0.176
CUST00545,Bengaluru,Routine_Commuter,57.0,1,Residential,11,0.68,0.521,0.7,0.765,23.5,0.45
CUST00546,Jaipur,Price_Sensitive,52.3,0,Mall_Retail,8,0.397,0.872,0.397,0.612,19.8,0.698
CUST00547,Kolkata,Price_Sensitive,48.6,0,Transit_Public,9,0.537,0.905,0.4,0.853,26.4,0.693
CUST00548,Delhi NCR,Routine_Commuter,66.5,1,Office_Commercial,12,0.612,0.774,0.638,0.688,29.3,0.606
CUST00549,Jaipur,Routine_Commuter,55.2,1,Residential,14,0.498,0.481,0.817,0.792,25.1,0.382
CUST00550,Mumbai,High_Mileage,54.9,1,Fleet,18,0.701,0.273,0.782,0.99,21.0,0.265
CUST00551,Mumbai,Price_Sensitive,53.4,0,Transit_Public,8,0.524,0.9,0.483,0.99,27.3,0.652
CUST00552,Mumbai,Convenience_First,43.3,1,Highway,8,0.823,0.387,0.863,0.766,12.0,0.358
CUST00553,Kochi,Routine_Commuter,61.9,1,Office_Commercial,12,0.856,0.602,0.758,0.782,25.4,0.497
CUST00554,Bengaluru,Convenience_First,52.4,1,Hotel,10,0.921,0.365,0.79,0.824,8.0,0.361
CUST00555,Mumbai,Price_Sensitive,47.6,0,Residential,11,0.405,0.99,0.428,0.571,24.6,0.764
CUST00556,Chennai,Routine_Commuter,56.4,1,Mall_Retail,11,0.853,0.875,0.718,0.734,22.4,0.663
CUST00557,Mumbai,Routine_Commuter,47.7,0,Transit_Public,11,0.658,0.512,0.892,0.784,20.1,0.401
CUST00558,Ahmedabad,High_Mileage,62.2,0,Office_Commercial,16,0.441,0.731,0.99,0.876,19.2,0.467
CUST00559,Kolkata,Price_Sensitive,46.9,1,Transit_Public,9,0.45,0.782,0.336,0.526,21.9,0.679
CUST00560,Hyderabad,Price_Sensitive,55.1,0,Office_Commercial,10,0.434,0.847,0.44,0.62,23.8,0.678
CUST00561,Bengaluru,Price_Sensitive,47.2,0,Office_Commercial,8,0.581,0.917,0.859,0.487,16.7,0.667
CUST00562,Hyderabad,High_Mileage,64.2,0,Highway,21,0.71,0.58,0.736,0.746,29.4,0.481
CUST00563,Mumbai,Routine_Commuter,63.1,1,Mall_Retail,14,0.835,0.722,0.748,0.716,22.2,0.574
CUST00564,Pune,Price_Sensitive,62.8,0,Mall_Retail,9,0.497,0.934,0.677,0.742,24.0,0.666
CUST00565,Bengaluru,Routine_Commuter,71.1,0,Office_Commercial,10,0.522,0.48,0.839,0.775,30.0,0.382
CUST00566,Bengaluru,Routine_Commuter,64.1,0,Office_Commercial,13,0.66,0.429,0.834,0.859,26.6,0.357
CUST00567,Mumbai,Convenience_First,67.5,1,Highway,5,0.853,0.447,0.932,0.777,34.7,0.379
CUST00568,Mumbai,High_Mileage,70.5,0,Hotel,20,0.661,0.898,0.788,0.896,26.5,0.618
CUST00569,Delhi NCR,Routine_Commuter,60.7,1,Office_Commercial,8,0.926,0.486,0.686,0.616,28.3,0.48
CUST00570,Bengaluru,Price_Sensitive,49.4,1,Office_Commercial,11,0.55,0.826,0.501,0.622,31.4,0.666
CUST00571,Hyderabad,Routine_Commuter,56.4,0,Residential,8,0.605,0.506,0.787,0.791,23.6,0.412
CUST00572,Delhi NCR,Routine_Commuter,40.3,1,Transit_Public,9,0.585,0.627,0.709,0.793,8.0,0.492
CUST00573,Chennai,Routine_Commuter,36.8,1,Office_Commercial,9,0.821,0.396,0.806,0.99,16.7,0.34
CUST00574,Kochi,Routine_Commuter,51.7,0,Highway,14,0.611,0.629,0.506,0.869,21.4,0.526
CUST00575,Delhi NCR,Price_Sensitive,55.9,1,Mall_Retail,6,0.372,0.812,0.498,0.794,29.3,0.615
CUST00576,Ahmedabad,Routine_Commuter,67.0,1,Office_Commercial,13,0.652,0.442,0.512,0.63,31.9,0.462
CUST00577,Bengaluru,Routine_Commuter,38.0,1,Office_Commercial,9,0.701,0.453,0.702,0.661,13.0,0.43
CUST00578,Chandigarh,Routine_Commuter,54.6,1,Hotel,14,0.914,0.548,0.514,0.747,9.9,0.528
CUST00579,Mumbai,Convenience_First,66.3,1,Fleet,8,0.692,0.231,0.893,0.636,22.7,0.272
CUST00580,Jaipur,Routine_Commuter,53.8,0,Highway,8,0.848,0.497,0.668,0.515,24.8,0.497
CUST00581,Delhi NCR,Price_Sensitive,65.0,1,Residential,12,0.637,0.6,0.532,0.809,25.7,0.516
CUST00582,Kolkata,Routine_Commuter,44.2,0,Office_Commercial,11,0.811,0.819,0.673,0.559,21.7,0.663
CUST00583,Hyderabad,Routine_Commuter,70.9,1,Residential,8,0.701,0.417,0.632,0.576,33.4,0.437
CUST00584,Bengaluru,Convenience_First,61.4,0,Mall_Retail,8,0.799,0.36,0.818,0.713,28.2,0.357
CUST00585,Chennai,Routine_Commuter,46.3,1,Office_Commercial,14,0.797,0.621,0.542,0.604,19.8,0.572
CUST00586,Bengaluru,Price_Sensitive,35.0,0,Mall_Retail,7,0.357,0.99,0.263,0.42,11.7,0.815
CUST00587,Bengaluru,Price_Sensitive,40.4,0,Mall_Retail,8,0.614,0.99,0.377,0.585,20.3,0.793
CUST00588,Pune,High_Mileage,64.4,0,Transit_Public,15,0.72,0.674,0.704,0.803,27.9,0.531
CUST00589,Kochi,Routine_Commuter,56.2,1,Transit_Public,11,0.877,0.419,0.647,0.694,17.7,0.435
CUST00590,Mumbai,Routine_Commuter,52.9,1,Mall_Retail,12,0.668,0.8,0.8,0.833,25.5,0.572
CUST00591,Kochi,Convenience_First,68.0,0,Office_Commercial,10,0.857,0.229,0.849,0.817,22.8,0.269
CUST00592,Delhi NCR,Convenience_First,59.6,0,Transit_Public,10,0.95,0.417,0.888,0.99,22.6,0.348
CUST00593,Chennai,High_Mileage,68.0,0,Office_Commercial,19,0.76,0.597,0.652,0.766,26.6,0.509
CUST00594,Mumbai,High_Mileage,86.1,0,Highway,24,0.62,0.597,0.748,0.822,17.8,0.468
CUST00595,Delhi NCR,Convenience_First,75.4,1,Mall_Retail,6,0.939,0.065,0.835,0.68,27.0,0.211
CUST00596,Hyderabad,Price_Sensitive,48.6,0,Highway,8,0.326,0.824,0.607,0.239,21.3,0.678
CUST00597,Mumbai,Price_Sensitive,50.0,0,Office_Commercial,10,0.463,0.803,0.608,0.338,23.2,0.666
CUST00598,Hyderabad,Routine_Commuter,56.2,1,Office_Commercial,14,0.63,0.539,0.859,0.62,16.3,0.445
CUST00599,Delhi NCR,Price_Sensitive,60.9,1,Office_Commercial,11,0.664,0.758,0.386,0.744,25.6,0.644
CUST00600,Chennai,Price_Sensitive,58.8,0,Office_Commercial,7,0.389,0.969,0.433,0.553,24.6,0.752
CUST00601,Pune,Routine_Commuter,69.5,0,Office_Commercial,8,0.705,0.521,0.784,0.708,21.9,0.444
CUST00602,Mumbai,Routine_Commuter,67.4,0,Office_Commercial,13,0.856,0.515,0.622,0.867,25.6,0.465
CUST00603,Chandigarh,Routine_Commuter,56.8,1,Transit_Public,8,0.688,0.621,0.801,0.651,18.8,0.502
CUST00604,Delhi NCR,Price_Sensitive,41.7,1,Residential,9,0.576,0.788,0.383,0.558,17.2,0.681
CUST00605,Delhi NCR,Price_Sensitive,50.9,0,Residential,12,0.175,0.874,0.945,0.53,12.6,0.579
CUST00606,Pune,Convenience_First,71.1,0,Hotel,6,0.876,0.135,0.883,0.672,25.0,0.234
CUST00607,Chennai,Price_Sensitive,40.7,0,Mall_Retail,11,0.517,0.764,0.308,0.251,22.2,0.723
CUST00608,Kolkata,Routine_Commuter,52.2,1,Fleet,11,0.59,0.659,0.932,0.509,24.3,0.509
CUST00609,Bengaluru,Routine_Commuter,54.5,0,Mall_Retail,8,0.756,0.597,0.891,0.954,16.9,0.433
CUST00610,Mumbai,Routine_Commuter,51.5,0,Office_Commercial,11,0.66,0.559,0.988,0.705,27.6,0.42
CUST00611,Ahmedabad,Price_Sensitive,39.7,0,Transit_Public,7,0.215,0.658,0.205,0.611,14.0,0.601
CUST00612,Pune,Routine_Commuter,60.1,0,Office_Commercial,12,0.602,0.686,0.723,0.692,21.3,0.539
CUST00613,Lucknow,Convenience_First,70.3,1,Fleet,10,0.96,0.231,0.925,0.873,31.5,0.257
CUST00614,Ahmedabad,Price_Sensitive,43.5,1,Mall_Retail,7,0.416,0.785,0.737,0.389,25.7,0.618
CUST00615,Jaipur,Price_Sensitive,54.9,0,Mall_Retail,10,0.394,0.834,0.214,0.66,26.3,0.707
CUST00616,Kolkata,Routine_Commuter,58.4,1,Transit_Public,9,0.969,0.728,0.499,0.656,26.3,0.649
CUST00617,Mumbai,Routine_Commuter,60.8,1,Residential,14,0.69,0.684,0.528,0.597,18.8,0.6
CUST00618,Mumbai,Convenience_First,75.8,0,Fleet,9,0.781,0.225,0.77,0.735,29.9,0.288
CUST00619,Mumbai,Price_Sensitive,51.7,0,Residential,6,0.718,0.806,0.764,0.535,21.5,0.632
CUST00620,Kolkata,Price_Sensitive,53.8,1,Mall_Retail,12,0.319,0.944,0.441,0.405,24.1,0.752
CUST00621,Bengaluru,Convenience_First,61.5,1,Office_Commercial,7,0.918,0.328,0.974,0.861,34.3,0.299
CUST00622,Pune,Routine_Commuter,52.4,1,Office_Commercial,13,0.666,0.725,0.776,0.758,19.2,0.546
CUST00623,Ahmedabad,High_Mileage,67.2,0,Highway,21,0.527,0.797,0.882,0.938,31.9,0.524
CUST00624,Chennai,Routine_Commuter,47.0,1,Office_Commercial,8,0.895,0.62,0.71,0.74,19.5,0.527
CUST00625,Bengaluru,Routine_Commuter,68.8,1,Residential,12,0.69,0.49,0.601,0.679,28.7,0.466
CUST00626,Jaipur,High_Mileage,71.2,0,Fleet,22,0.721,0.625,0.62,0.857,34.8,0.514
CUST00627,Mumbai,Price_Sensitive,53.5,0,Mall_Retail,9,0.7,0.965,0.9,0.671,19.7,0.67
CUST00628,Mumbai,Routine_Commuter,43.4,1,Residential,11,0.638,0.578,0.663,0.489,19.6,0.526
CUST00629,Mumbai,Price_Sensitive,61.9,1,Office_Commercial,8,0.62,0.927,0.571,0.584,14.4,0.72
CUST00630,Kolkata,Price_Sensitive,41.5,0,Mall_Retail,9,0.684,0.977,0.262,0.776,16.4,0.787
CUST00631,Jaipur,Routine_Commuter,54.8,0,Transit_Public,10,0.802,0.668,0.628,0.715,23.0,0.564
CUST00632,Delhi NCR,Routine_Commuter,53.1,1,Office_Commercial,13,0.705,0.428,0.688,0.795,22.3,0.399
CUST00633,Jaipur,Convenience_First,50.9,0,Hotel,5,0.779,0.376,0.907,0.917,26.5,0.316
CUST00634,Jaipur,Routine_Commuter,42.2,1,Residential,8,0.665,0.509,0.75,0.509,16.2,0.47
CUST00635,Ahmedabad,Routine_Commuter,49.8,1,Office_Commercial,10,0.703,0.469,0.781,0.754,24.1,0.409
CUST00636,Jaipur,High_Mileage,82.7,0,Highway,24,0.507,0.649,0.724,0.779,39.0,0.496
CUST00637,Jaipur,Price_Sensitive,46.3,0,Office_Commercial,7,0.285,0.805,0.471,0.65,19.7,0.63
CUST00638,Kochi,Routine_Commuter,53.9,0,Residential,10,0.73,0.515,0.813,0.649,33.0,0.447
CUST00639,Kolkata,Price_Sensitive,46.1,1,Transit_Public,12,0.482,0.871,0.442,0.464,14.4,0.719
CUST00640,Delhi NCR,Convenience_First,65.0,1,Mall_Retail,5,0.791,0.27,0.92,0.87,21.9,0.263
CUST00641,Bengaluru,Price_Sensitive,59.4,0,Residential,8,0.374,0.83,0.335,0.284,26.9,0.734
CUST00642,Jaipur,Price_Sensitive,74.0,0,Office_Commercial,10,0.466,0.927,0.208,0.865,26.8,0.735
CUST00643,Delhi NCR,Routine_Commuter,59.1,0,Office_Commercial,11,0.817,0.504,0.571,0.699,21.8,0.49
CUST00644,Bengaluru,Routine_Commuter,42.9,0,Residential,14,0.672,0.597,0.893,0.79,17.1,0.448
CUST00645,Delhi NCR,Routine_Commuter,58.5,1,Residential,10,0.59,0.729,0.898,0.69,19.5,0.527
CUST00646,Hyderabad,Routine_Commuter,44.4,1,Office_Commercial,8,0.681,0.653,0.586,0.928,18.6,0.521
CUST00647,Ahmedabad,Routine_Commuter,56.5,0,Highway,8,0.816,0.73,0.823,0.671,21.7,0.568
CUST00648,Chennai,Price_Sensitive,39.4,1,Mall_Retail,11,0.493,0.972,0.648,0.456,20.1,0.736
CUST00649,Ahmedabad,Price_Sensitive,39.7,0,Transit_Public,6,0.224,0.912,0.465,0.497,19.9,0.706
CUST00650,Pune,Routine_Commuter,59.2,0,Office_Commercial,11,0.556,0.726,0.587,0.898,28.0,0.553
CUST00651,Lucknow,Convenience_First,59.4,1,Fleet,8,0.883,0.236,0.796,0.86,33.2,0.28
CUST00652,Kolkata,Price_Sensitive,46.3,1,Office_Commercial,12,0.438,0.79,0.687,0.493,26.0,0.617
CUST00653,Hyderabad,Price_Sensitive,61.7,0,Residential,12,0.831,0.823,0.44,0.363,33.6,0.743
CUST00654,Bengaluru,Price_Sensitive,36.1,0,Office_Commercial,11,0.315,0.974,0.425,0.373,13.4,0.776
CUST00655,Jaipur,Routine_Commuter,52.2,1,Office_Commercial,13,0.763,0.419,0.688,0.951,19.9,0.376
CUST00656,Jaipur,Routine_Commuter,48.9,0,Office_Commercial,13,0.793,0.614,0.626,0.851,21.9,0.514
CUST00657,Chennai,Price_Sensitive,51.5,0,Residential,6,0.328,0.845,0.487,0.464,17.5,0.681
CUST00658,Mumbai,Convenience_First,56.4,0,Office_Commercial,6,0.845,0.367,0.702,0.544,24.6,0.414
CUST00659,Hyderabad,Convenience_First,72.4,0,Highway,8,0.856,0.251,0.888,0.748,34.7,0.284
CUST00660,Delhi NCR,Routine_Commuter,65.2,1,Office_Commercial,8,0.796,0.478,0.361,0.352,25.8,0.568
CUST00661,Jaipur,Routine_Commuter,68.2,1,Residential,11,0.565,0.461,0.681,0.599,21.6,0.434
CUST00662,Lucknow,Convenience_First,47.0,0,Mall_Retail,5,0.794,0.298,0.813,0.815,24.1,0.309
CUST00663,Hyderabad,Routine_Commuter,55.0,0,Office_Commercial,8,0.575,0.626,0.575,0.662,26.6,0.538
CUST00664,Delhi NCR,Routine_Commuter,63.0,0,Hotel,10,0.739,0.502,0.556,0.716,19.5,0.482
CUST00665,Kolkata,Convenience_First,46.9,1,Fleet,7,0.743,0.259,0.764,0.697,21.4,0.31
CUST00666,Mumbai,Convenience_First,65.7,1,Mall_Retail,10,0.728,0.254,0.864,0.99,38.8,0.241
CUST00667,Jaipur,Convenience_First,72.6,1,Mall_Retail,5,0.799,0.208,0.833,0.67,30.3,0.277
CUST00668,Jaipur,Routine_Commuter,61.5,1,Highway,9,0.692,0.414,0.705,0.552,32.9,0.423
CUST00669,Kolkata,Price_Sensitive,35.0,1,Mall_Retail,8,0.412,0.801,0.466,0.417,18.1,0.676
CUST00670,Mumbai,Routine_Commuter,62.6,1,Mall_Retail,12,0.886,0.627,0.885,0.942,26.1,0.465
CUST00671,Delhi NCR,Routine_Commuter,53.2,0,Mall_Retail,12,0.634,0.493,0.397,0.927,28.5,0.466
CUST00672,Mumbai,Convenience_First,57.4,0,Fleet,7,0.918,0.271,0.974,0.683,26.7,0.294
CUST00673,Mumbai,Convenience_First,49.0,0,Hotel,7,0.678,0.411,0.815,0.755,23.5,0.367
CUST00674,Delhi NCR,Convenience_First,66.3,0,Residential,7,0.772,0.284,0.838,0.803,22.3,0.295
CUST00675,Ahmedabad,Routine_Commuter,48.9,1,Office_Commercial,10,0.545,0.395,0.594,0.695,19.2,0.399
CUST00676,Chennai,Routine_Commuter,49.7,1,Mall_Retail,12,0.647,0.464,0.633,0.738,17.7,0.433
CUST00677,Bengaluru,Convenience_First,73.4,0,Office_Commercial,10,0.929,0.19,0.921,0.804,33.8,0.243
CUST00678,Bengaluru,Price_Sensitive,57.0,1,Transit_Public,10,0.513,0.779,0.411,0.356,18.0,0.694
CUST00679,Chennai,Routine_Commuter,59.6,1,Office_Commercial,12,0.462,0.803,0.629,0.737,27.5,0.601
CUST00680,Pune,Routine_Commuter,50.4,1,Residential,8,0.956,0.646,0.463,0.99,25.4,0.56
CUST00681,Mumbai,Price_Sensitive,35.0,1,Transit_Public,6,0.459,0.978,0.546,0.7,17.4,0.72
CUST00682,Hyderabad,Price_Sensitive,43.8,0,Transit_Public,12,0.689,0.592,0.568,0.497,22.0,0.556
CUST00683,Mumbai,Convenience_First,67.5,0,Mall_Retail,6,0.898,0.241,0.805,0.736,32.9,0.301
CUST00684,Pune,Routine_Commuter,58.0,1,Mall_Retail,12,0.869,0.337,0.675,0.7,27.0,0.382
CUST00685,Bengaluru,Routine_Commuter,59.5,1,Residential,10,0.704,0.579,0.721,0.79,25.9,0.476
CUST00686,Mumbai,Routine_Commuter,59.9,1,Residential,12,0.743,0.36,0.637,0.551,26.8,0.412
CUST00687,Mumbai,Price_Sensitive,52.2,1,Office_Commercial,7,0.437,0.74,0.364,0.464,20.4,0.658
CUST00688,Kochi,Routine_Commuter,61.7,1,Office_Commercial,10,0.653,0.981,0.731,0.554,24.9,0.726
CUST00689,Pune,Convenience_First,65.5,0,Mall_Retail,8,0.871,0.347,0.895,0.756,32.0,0.336
CUST00690,Delhi NCR,High_Mileage,65.8,0,Transit_Public,17,0.599,0.517,0.73,0.878,31.7,0.417
CUST00691,Chennai,Price_Sensitive,48.9,0,Residential,10,0.281,0.99,0.459,0.537,22.3,0.75
CUST00692,Delhi NCR,Convenience_First,62.3,0,Transit_Public,5,0.827,0.231,0.887,0.756,23.1,0.269
CUST00693,Bengaluru,Routine_Commuter,47.2,0,Residential,14,0.651,0.446,0.551,0.842,19.1,0.424
CUST00694,Bengaluru,High_Mileage,64.8,1,Fleet,20,0.699,0.776,0.799,0.866,31.2,0.557
CUST00695,Jaipur,Routine_Commuter,47.4,0,Transit_Public,9,0.684,0.362,0.701,0.67,19.6,0.377
CUST00696,Chennai,High_Mileage,68.2,0,Fleet,23,0.597,0.765,0.733,0.906,21.7,0.548
CUST00697,Jaipur,Price_Sensitive,45.9,0,Mall_Retail,10,0.647,0.786,0.639,0.37,19.4,0.664
CUST00698,Hyderabad,Routine_Commuter,46.0,1,Fleet,12,0.852,0.388,0.73,0.439,20.9,0.437
CUST00699,Jaipur,High_Mileage,71.0,1,Highway,19,0.444,0.618,0.634,0.852,37.7,0.48
CUST00700,Pune,Convenience_First,63.8,0,Mall_Retail,7,0.926,0.363,0.826,0.856,23.7,0.349
CUST00701,Hyderabad,Routine_Commuter,58.7,0,Office_Commercial,11,0.777,0.599,0.761,0.545,23.5,0.523
CUST00702,Hyderabad,Price_Sensitive,37.9,1,Transit_Public,11,0.348,0.775,0.667,0.557,20.6,0.594
CUST00703,Bengaluru,Convenience_First,52.3,0,Fleet,7,0.98,0.165,0.845,0.839,22.2,0.244
CUST00704,Pune,Price_Sensitive,51.6,1,Mall_Retail,7,0.526,0.76,0.397,0.531,14.2,0.662
CUST00705,Pune,Convenience_First,60.2,1,Office_Commercial,8,0.754,0.222,0.792,0.963,19.4,0.245
CUST00706,Chandigarh,Price_Sensitive,59.5,0,Residential,10,0.456,0.564,0.311,0.784,28.2,0.526
CUST00707,Ahmedabad,Convenience_First,77.8,1,Mall_Retail,8,0.923,0.256,0.99,0.763,26.3,0.271
CUST00708,Bengaluru,Routine_Commuter,59.4,1,Office_Commercial,8,0.572,0.613,0.656,0.726,23.3,0.504
CUST00709,Ahmedabad,Routine_Commuter,56.6,1,Residential,11,0.884,0.505,0.425,0.727,17.7,0.522
CUST00710,Jaipur,Routine_Commuter,55.6,0,Office_Commercial,14,0.671,0.455,0.828,0.715,29.4,0.395
CUST00711,Kolkata,High_Mileage,62.7,1,Highway,15,0.665,0.501,0.644,0.844,25.1,0.437
CUST00712,Mumbai,Routine_Commuter,60.6,1,Residential,10,0.729,0.459,0.811,0.701,25.0,0.408
CUST00713,Pune,High_Mileage,75.7,0,Highway,24,0.476,0.73,0.592,0.861,32.9,0.551
CUST00714,Pune,Price_Sensitive,46.8,0,Highway,11,0.354,0.99,0.439,0.247,22.7,0.805
CUST00715,Kolkata,Price_Sensitive,45.2,0,Transit_Public,9,0.648,0.645,0.282,0.514,18.5,0.636
CUST00716,Chennai,Convenience_First,58.5,0,Mall_Retail,10,0.839,0.105,0.899,0.767,30.9,0.197
CUST00717,Kolkata,Convenience_First,53.3,0,Fleet,7,0.732,0.031,0.946,0.811,24.6,0.129
CUST00718,Mumbai,Price_Sensitive,52.1,0,Hotel,6,0.674,0.841,0.667,0.731,25.0,0.637
CUST00719,Delhi NCR,Routine_Commuter,54.6,1,Office_Commercial,11,0.761,0.726,0.611,0.643,19.4,0.607
CUST00720,Mumbai,Routine_Commuter,61.3,0,Office_Commercial,8,0.773,0.464,0.781,0.738,22.6,0.416
CUST00721,Delhi NCR,High_Mileage,64.3,0,Highway,20,0.669,0.547,0.76,0.67,11.5,0.465
CUST00722,Bengaluru,High_Mileage,56.7,0,Hotel,19,0.645,0.805,0.717,0.847,15.4,0.587
CUST00723,Kolkata,Price_Sensitive,60.4,1,Mall_Retail,10,0.457,0.842,0.403,0.264,22.4,0.739
CUST00724,Delhi NCR,Routine_Commuter,62.8,1,Office_Commercial,10,0.499,0.408,0.59,0.627,27.2,0.412
CUST00725,Jaipur,Price_Sensitive,35.0,1,Transit_Public,8,0.627,0.803,0.545,0.31,13.2,0.699
CUST00726,Chandigarh,Routine_Commuter,49.8,1,Transit_Public,12,0.771,0.603,0.886,0.682,22.6,0.479
CUST00727,Delhi NCR,Convenience_First,56.4,0,Mall_Retail,9,0.849,0.12,0.844,0.703,30.9,0.227
CUST00728,Mumbai,Routine_Commuter,56.1,1,Transit_Public,12,0.811,0.586,0.713,0.802,24.3,0.49
CUST00729,Mumbai,Price_Sensitive,44.7,0,Highway,11,0.424,0.859,0.542,0.452,16.5,0.689
CUST00730,Pune,Routine_Commuter,58.6,1,Office_Commercial,9,0.787,0.156,0.757,0.653,24.1,0.265
CUST00731,Ahmedabad,Convenience_First,43.9,0,Residential,9,0.818,0.359,0.935,0.867,15.0,0.312
CUST00732,Chandigarh,Convenience_First,59.6,1,Mall_Retail,5,0.734,0.365,0.869,0.758,19.9,0.336
CUST00733,Kolkata,Convenience_First,55.1,0,Hotel,9,0.843,0.102,0.928,0.799,31.3,0.185
CUST00734,Mumbai,Routine_Commuter,49.6,1,Mall_Retail,10,0.671,0.685,0.617,0.535,19.8,0.59
CUST00735,Delhi NCR,High_Mileage,70.0,0,Highway,23,0.543,0.658,0.776,0.793,27.7,0.492
CUST00736,Pune,Price_Sensitive,68.2,1,Transit_Public,9,0.439,0.772,0.624,0.543,29.9,0.612
CUST00737,Mumbai,Routine_Commuter,37.4,1,Mall_Retail,11,0.56,0.405,0.735,0.867,8.0,0.352
CUST00738,Chennai,Convenience_First,56.3,0,Mall_Retail,7,0.814,0.313,0.816,0.689,20.1,0.337
CUST00739,Kolkata,Price_Sensitive,45.7,1,Highway,8,0.361,0.766,0.641,0.529,23.7,0.6
CUST00740,Kochi,Routine_Commuter,51.8,0,Office_Commercial,9,0.723,0.34,0.655,0.645,24.0,0.382
CUST00741,Chennai,Routine_Commuter,57.1,1,Office_Commercial,11,0.63,0.307,0.709,0.78,18.8,0.323
CUST00742,Kolkata,Routine_Commuter,60.2,1,Hotel,14,0.834,0.435,0.822,0.661,13.6,0.409
CUST00743,Bengaluru,Routine_Commuter,47.8,1,Hotel,10,0.671,0.766,0.541,0.652,17.4,0.632
CUST00744,Pune,Routine_Commuter,44.5,1,Residential,10,0.877,0.677,0.667,0.552,11.3,0.594
CUST00745,Mumbai,High_Mileage,67.1,0,Highway,22,0.55,0.874,0.811,0.773,36.3,0.607
CUST00746,Chandigarh,Routine_Commuter,59.5,1,Office_Commercial,10,0.668,0.516,0.747,0.648,13.2,0.454
CUST00747,Chennai,Routine_Commuter,56.5,1,Hotel,11,0.795,0.338,0.54,0.637,22.4,0.412
CUST00748,Chennai,High_Mileage,64.2,0,Highway,21,0.504,0.428,0.755,0.784,26.8,0.367
CUST00749,Bengaluru,High_Mileage,67.6,0,Mall_Retail,16,0.614,0.672,0.875,0.817,42.2,0.484
CUST00750,Ahmedabad,Price_Sensitive,49.9,0,Fleet,11,0.555,0.847,0.452,0.52,20.1,0.703
CUST00751,Delhi NCR,Routine_Commuter,51.7,0,Mall_Retail,13,0.677,0.456,0.494,0.701,18.0,0.465
CUST00752,Bengaluru,Convenience_First,47.7,0,Office_Commercial,10,0.871,0.347,0.848,0.662,21.5,0.359
CUST00753,Chennai,Routine_Commuter,50.0,0,Mall_Retail,9,0.777,0.389,0.563,0.806,22.9,0.408
CUST00754,Delhi NCR,Routine_Commuter,54.9,1,Office_Commercial,12,0.839,0.542,0.87,0.593,28.1,0.469
CUST00755,Delhi NCR,Routine_Commuter,45.5,1,Residential,8,0.975,0.559,0.746,0.863,18.3,0.476
CUST00756,Ahmedabad,Convenience_First,65.2,0,Transit_Public,8,0.803,0.175,0.933,0.9,30.5,0.205
CUST00757,Pune,Routine_Commuter,56.4,0,Mall_Retail,10,0.974,0.283,0.633,0.631,18.7,0.382
CUST00758,Jaipur,Price_Sensitive,44.9,0,Transit_Public,11,0.442,0.697,0.473,0.524,22.7,0.605
CUST00759,Bengaluru,Routine_Commuter,59.1,1,Highway,14,0.652,0.519,0.765,0.671,28.9,0.447
CUST00760,Ahmedabad,Routine_Commuter,43.9,1,Office_Commercial,9,0.582,0.313,0.606,0.554,16.8,0.376
CUST00761,Pune,Routine_Commuter,53.3,1,Transit_Public,14,0.918,0.417,0.521,0.816,27.0,0.445
CUST00762,Hyderabad,Price_Sensitive,35.0,0,Mall_Retail,12,0.619,0.877,0.268,0.369,14.2,0.785
CUST00763,Mumbai,Price_Sensitive,72.4,0,Residential,12,0.424,0.753,0.498,0.643,20.7,0.61
CUST00764,Delhi NCR,Convenience_First,55.2,0,Mall_Retail,5,0.821,0.172,0.704,0.974,20.0,0.24
CUST00765,Kochi,Price_Sensitive,51.2,0,Mall_Retail,6,0.413,0.854,0.569,0.673,20.9,0.647
CUST00766,Chennai,Routine_Commuter,68.2,1,Office_Commercial,10,0.725,0.462,0.833,0.549,26.5,0.428
CUST00767,Bengaluru,Price_Sensitive,38.1,1,Mall_Retail,7,0.554,0.888,0.45,0.199,13.2,0.774
CUST00768,Delhi NCR,Price_Sensitive,49.6,0,Mall_Retail,12,0.369,0.979,0.491,0.624,20.3,0.734
CUST00769,Pune,Convenience_First,60.1,0,Mall_Retail,6,0.889,0.299,0.775,0.821,24.9,0.325
CUST00770,Lucknow,Price_Sensitive,39.3,0,Transit_Public,10,0.441,0.834,0.383,0.975,22.9,0.63
CUST00771,Bengaluru,High_Mileage,65.5,0,Fleet,18,0.615,0.723,0.876,0.957,23.3,0.491
CUST00772,Chennai,Routine_Commuter,48.2,0,Mall_Retail,8,0.769,0.282,0.698,0.573,24.7,0.357
CUST00773,Chandigarh,Routine_Commuter,47.6,1,Hotel,14,0.9,0.315,0.77,0.661,20.8,0.36
CUST00774,Bengaluru,Convenience_First,45.4,0,Residential,9,0.847,0.304,0.876,0.884,20.1,0.294
CUST00775,Bengaluru,High_Mileage,73.6,0,Residential,16,0.598,0.778,0.513,0.818,36.8,0.613
CUST00776,Bengaluru,Routine_Commuter,49.9,0,Mall_Retail,14,0.746,0.598,0.642,0.734,26.5,0.515
CUST00777,Lucknow,Routine_Commuter,57.6,0,Highway,10,0.743,0.386,0.833,0.785,27.1,0.352
CUST00778,Chandigarh,Convenience_First,52.2,1,Mall_Retail,10,0.884,0.112,0.876,0.99,24.5,0.176
CUST00779,Lucknow,High_Mileage,69.3,0,Highway,21,0.441,0.839,0.608,0.844,26.9,0.607
CUST00780,Delhi NCR,Routine_Commuter,44.6,1,Mall_Retail,8,0.844,0.615,0.763,0.732,16.8,0.51
CUST00781,Ahmedabad,Routine_Commuter,54.6,0,Mall_Retail,13,0.87,0.498,0.535,0.88,12.3,0.472
CUST00782,Pune,Convenience_First,55.8,0,Transit_Public,5,0.886,0.198,0.793,0.873,17.4,0.258
CUST00783,Delhi NCR,Routine_Commuter,42.8,1,Transit_Public,13,0.831,0.445,0.585,0.883,15.6,0.429
CUST00784,Chandigarh,Price_Sensitive,42.6,1,Office_Commercial,10,0.293,0.724,0.577,0.654,23.0,0.564
CUST00785,Bengaluru,Price_Sensitive,51.6,1,Mall_Retail,11,0.576,0.918,0.287,0.531,23.3,0.776
CUST00786,Mumbai,Convenience_First,44.3,0,Highway,5,0.919,0.285,0.779,0.781,17.9,0.326
CUST00787,Mumbai,Price_Sensitive,51.7,1,Office_Commercial,9,0.315,0.891,0.808,0.722,18.9,0.601
CUST00788,Chandigarh,Price_Sensitive,50.6,1,Residential,8,0.484,0.869,0.294,0.441,22.2,0.751
CUST00789,Bengaluru,Routine_Commuter,46.4,0,Residential,12,0.785,0.502,0.534,0.931,25.8,0.458
CUST00790,Kolkata,Routine_Commuter,46.7,1,Office_Commercial,11,0.853,0.432,0.7,0.565,13.3,0.448
CUST00791,Mumbai,High_Mileage,60.8,0,Highway,25,0.759,0.634,0.616,0.866,28.4,0.522
CUST00792,Bengaluru,Convenience_First,64.7,0,Residential,9,0.857,0.14,0.772,0.884,22.5,0.226
CUST00793,Delhi NCR,Price_Sensitive,52.9,0,Residential,7,0.433,0.878,0.277,0.442,22.6,0.754
CUST00794,Lucknow,Price_Sensitive,41.4,1,Office_Commercial,6,0.432,0.843,0.542,0.582,22.3,0.661
CUST00795,Ahmedabad,Price_Sensitive,46.0,1,Fleet,9,0.536,0.706,0.676,0.58,18.6,0.57
CUST00796,Kochi,Price_Sensitive,54.3,0,Office_Commercial,7,0.381,0.839,0.521,0.301,22.9,0.7
CUST00797,Hyderabad,Routine_Commuter,58.7,0,Residential,10,0.578,0.472,0.76,0.778,23.2,0.399
CUST00798,Mumbai,Routine_Commuter,52.0,0,Office_Commercial,9,0.805,0.577,0.728,0.694,25.3,0.498
CUST00799,Kolkata,Routine_Commuter,51.7,0,Residential,8,0.642,0.586,0.657,0.908,21.4,0.469
CUST00800,Ahmedabad,Convenience_First,62.8,1,Fleet,5,0.78,0.361,0.812,0.857,19.3,0.336
CUST00801,Chennai,Price_Sensitive,44.7,0,Mall_Retail,7,0.501,0.691,0.498,0.698,10.1,0.576
CUST00802,Delhi NCR,High_Mileage,64.3,0,Fleet,16,0.678,0.661,0.536,0.914,25.9,0.537
CUST00803,Ahmedabad,Routine_Commuter,68.1,1,Office_Commercial,13,0.824,0.354,0.949,0.989,28.1,0.289
CUST00804,Chennai,High_Mileage,51.8,0,Highway,16,0.738,0.676,0.605,0.813,22.9,0.553
CUST00805,Mumbai,Convenience_First,53.2,1,Highway,10,0.841,0.217,0.927,0.673,30.0,0.267
CUST00806,Chennai,Price_Sensitive,54.1,0,Hotel,12,0.368,0.79,0.611,0.468,20.5,0.629
CUST00807,Delhi NCR,High_Mileage,68.3,0,Highway,20,0.643,0.619,0.754,0.971,28.8,0.458
CUST00808,Mumbai,Routine_Commuter,57.7,1,Transit_Public,12,0.708,0.724,0.586,0.694,26.3,0.598
CUST00809,Bengaluru,Convenience_First,56.5,1,Fleet,9,0.753,0.227,0.767,0.848,27.2,0.27
CUST00810,Delhi NCR,Routine_Commuter,55.9,1,Office_Commercial,8,0.673,0.608,0.702,0.809,23.1,0.49
CUST00811,Jaipur,Convenience_First,68.4,1,Highway,8,0.75,0.159,0.912,0.77,30.3,0.214
CUST00812,Mumbai,Price_Sensitive,53.1,1,Residential,10,0.691,0.815,0.56,0.557,22.6,0.672
CUST00813,Delhi NCR,Price_Sensitive,42.0,1,Transit_Public,7,0.472,0.851,0.608,0.67,22.1,0.643
CUST00814,Hyderabad,Price_Sensitive,40.1,1,Mall_Retail,8,0.613,0.897,0.689,0.666,15.2,0.667
CUST00815,Jaipur,Price_Sensitive,42.0,0,Transit_Public,9,0.455,0.853,0.592,0.459,13.1,0.677
CUST00816,Mumbai,Routine_Commuter,59.5,0,Mall_Retail,12,0.793,0.41,0.54,0.722,26.4,0.438
CUST00817,Kolkata,Routine_Commuter,55.2,1,Office_Commercial,10,0.524,0.548,0.925,0.566,28.2,0.434
CUST00818,Hyderabad,Routine_Commuter,57.2,1,Office_Commercial,13,0.706,0.471,0.6,0.502,27.2,0.484
CUST00819,Chennai,Price_Sensitive,52.3,1,Office_Commercial,9,0.658,0.99,0.703,0.679,17.3,0.718
CUST00820,Bengaluru,Convenience_First,56.7,0,Highway,5,0.688,0.246,0.835,0.683,28.0,0.285
CUST00821,Hyderabad,Convenience_First,51.7,0,Highway,5,0.82,0.26,0.892,0.746,20.4,0.284
CUST00822,Delhi NCR,Price_Sensitive,54.6,0,Mall_Retail,6,0.469,0.876,0.577,0.667,20.4,0.663
CUST00823,Bengaluru,Convenience_First,57.7,0,Mall_Retail,9,0.929,0.28,0.928,0.713,22.0,0.304
CUST00824,Mumbai,Routine_Commuter,62.5,1,Office_Commercial,11,0.939,0.549,0.71,0.683,24.5,0.501
CUST00825,Kolkata,Routine_Commuter,56.7,0,Mall_Retail,14,0.661,0.661,0.812,0.666,24.0,0.517
CUST00826,Kolkata,Routine_Commuter,40.1,1,Highway,8,0.592,0.584,0.444,0.599,16.9,0.552
CUST00827,Kolkata,Routine_Commuter,54.1,1,Mall_Retail,9,0.503,0.562,0.561,0.577,25.8,0.511
CUST00828,Jaipur,Price_Sensitive,50.4,1,Mall_Retail,11,0.368,0.828,0.45,0.527,21.8,0.673
CUST00829,Jaipur,Routine_Commuter,46.2,0,Hotel,10,0.819,0.442,0.673,0.859,15.9,0.412
CUST00830,Mumbai,Convenience_First,58.8,0,Transit_Public,8,0.775,0.213,0.868,0.767,24.8,0.256
CUST00831,Kolkata,High_Mileage,64.3,0,Fleet,21,0.554,0.786,0.619,0.921,27.9,0.576
CUST00832,Lucknow,Routine_Commuter,60.3,0,Residential,11,0.846,0.429,0.707,0.746,29.6,0.417
CUST00833,Jaipur,Convenience_First,65.0,1,Transit_Public,7,0.655,0.3,0.834,0.787,34.9,0.296
CUST00834,Chennai,Routine_Commuter,60.1,1,Office_Commercial,11,0.576,0.539,0.544,0.533,26.6,0.516
CUST00835,Delhi NCR,Price_Sensitive,48.3,0,Mall_Retail,12,0.597,0.559,0.444,0.633,15.3,0.534
CUST00836,Kolkata,High_Mileage,56.5,0,Fleet,24,0.563,0.654,0.426,0.834,26.9,0.556
CUST00837,Kolkata,Convenience_First,56.6,1,Highway,10,0.99,0.273,0.755,0.744,23.1,0.337
CUST00838,Lucknow,Routine_Commuter,44.1,1,Residential,10,0.797,0.683,0.64,0.864,18.5,0.548
CUST00839,Kochi,Price_Sensitive,47.2,1,Transit_Public,12,0.424,0.798,0.566,0.474,20.2,0.647
CUST00840,Delhi NCR,Price_Sensitive,38.5,0,Office_Commercial,11,0.406,0.962,0.691,0.559,15.2,0.698
CUST00841,Pune,Convenience_First,66.0,1,Highway,8,0.938,0.184,0.885,0.681,26.9,0.266
CUST00842,Lucknow,Convenience_First,63.9,0,Mall_Retail,5,0.891,0.399,0.815,0.855,20.2,0.367
CUST00843,Hyderabad,Routine_Commuter,40.4,0,Residential,14,0.889,0.571,0.676,0.457,19.8,0.549
CUST00844,Bengaluru,Price_Sensitive,52.4,0,Mall_Retail,8,0.694,0.785,0.376,0.777,27.9,0.66
CUST00845,Bengaluru,Routine_Commuter,62.7,0,Residential,10,0.736,0.449,0.68,0.667,17.7,0.435
CUST00846,Chennai,High_Mileage,71.6,0,Highway,22,0.622,0.698,0.733,0.895,32.5,0.515
CUST00847,Mumbai,Price_Sensitive,61.1,1,Transit_Public,9,0.282,0.785,0.245,0.793,31.6,0.642
CUST00848,Jaipur,Convenience_First,56.8,0,Transit_Public,5,0.789,0.327,0.925,0.781,20.5,0.306
CUST00849,Delhi NCR,Convenience_First,64.8,0,Hotel,9,0.864,0.198,0.99,0.842,20.7,0.221
CUST00850,Ahmedabad,Routine_Commuter,61.1,1,Hotel,13,0.81,0.579,0.647,0.708,29.1,0.514
CUST00851,Delhi NCR,Routine_Commuter,45.7,1,Residential,8,0.519,0.504,0.54,0.892,13.7,0.437
CUST00852,Delhi NCR,Routine_Commuter,63.8,1,Fleet,8,0.596,0.439,0.776,0.875,28.8,0.365
CUST00853,Mumbai,Convenience_First,47.2,0,Residential,6,0.862,0.131,0.818,0.99,15.4,0.196
CUST00854,Chandigarh,Routine_Commuter,66.2,0,Office_Commercial,10,0.674,0.36,0.926,0.717,25.1,0.322
CUST00855,Hyderabad,Routine_Commuter,57.1,1,Residential,12,0.495,0.597,0.665,0.596,21.7,0.505
CUST00856,Hyderabad,Routine_Commuter,53.7,1,Highway,13,0.598,0.74,0.739,0.935,20.1,0.529
CUST00857,Hyderabad,Price_Sensitive,60.0,1,Fleet,8,0.302,0.891,0.568,0.753,35.3,0.644
CUST00858,Hyderabad,Price_Sensitive,35.0,0,Residential,11,0.59,0.982,0.508,0.71,16.9,0.741
CUST00859,Mumbai,Routine_Commuter,59.3,1,Mall_Retail,9,0.782,0.669,0.661,0.788,27.8,0.545
CUST00860,Jaipur,Routine_Commuter,52.6,1,Hotel,12,0.58,0.617,0.68,0.662,16.1,0.512
CUST00861,Kolkata,Routine_Commuter,65.8,1,Residential,8,0.914,0.668,0.483,0.882,33.5,0.58
CUST00862,Hyderabad,High_Mileage,81.5,0,Office_Commercial,18,0.825,0.39,0.7,0.827,25.4,0.383
CUST00863,Hyderabad,Routine_Commuter,44.7,1,Hotel,10,0.519,0.231,0.805,0.698,13.2,0.263
CUST00864,Hyderabad,Price_Sensitive,54.9,0,Transit_Public,6,0.446,0.79,0.534,0.369,17.9,0.667
CUST00865,Lucknow,Price_Sensitive,56.2,0,Mall_Retail,10,0.509,0.841,0.178,0.454,25.2,0.76
CUST00866,Chennai,Routine_Commuter,35.0,1,Transit_Public,9,0.451,0.38,0.548,0.808,14.7,0.373
CUST00867,Delhi NCR,Routine_Commuter,46.1,0,Highway,8,0.528,0.721,0.692,0.732,29.4,0.551
CUST00868,Lucknow,Routine_Commuter,52.0,0,Fleet,8,0.416,0.284,0.867,0.596,21.0,0.285
CUST00869,Lucknow,Routine_Commuter,72.1,1,Mall_Retail,9,0.645,0.44,0.729,0.742,33.3,0.399
CUST00870,Pune,Routine_Commuter,64.4,1,Residential,10,0.803,0.527,0.969,0.891,19.7,0.393
CUST00871,Chennai,Routine_Commuter,50.9,1,Residential,9,0.652,0.599,0.828,0.582,35.4,0.492
CUST00872,Bengaluru,Convenience_First,64.1,0,Transit_Public,10,0.703,0.217,0.785,0.847,23.1,0.256
CUST00873,Lucknow,High_Mileage,63.3,0,Residential,19,0.705,0.846,0.787,0.944,18.2,0.587
CUST00874,Hyderabad,Routine_Commuter,51.6,1,Residential,10,0.402,0.589,0.807,0.651,19.6,0.455
CUST00875,Kolkata,Routine_Commuter,57.8,0,Residential,11,0.687,0.48,0.905,0.673,17.0,0.401
CUST00876,Jaipur,Routine_Commuter,52.9,1,Residential,8,0.849,0.27,0.614,0.556,22.0,0.377
CUST00877,Jaipur,Routine_Commuter,59.1,1,Office_Commercial,8,0.629,0.542,0.581,0.77,27.4,0.479
CUST00878,Hyderabad,Price_Sensitive,35.0,1,Residential,11,0.451,0.913,0.349,0.339,15.8,0.777
CUST00879,Mumbai,Price_Sensitive,51.7,1,Residential,10,0.575,0.717,0.541,0.461,18.3,0.624
CUST00880,Delhi NCR,Convenience_First,50.9,0,Residential,10,0.728,0.232,0.829,0.79,25.3,0.266
CUST00881,Pune,Price_Sensitive,52.7,0,Office_Commercial,9,0.673,0.88,0.417,0.399,17.6,0.758
CUST00882,Mumbai,Convenience_First,71.5,0,Highway,8,0.838,0.261,0.99,0.738,37.1,0.269
CUST00883,Bengaluru,Routine_Commuter,62.4,1,Transit_Public,8,0.776,0.397,0.635,0.856,23.7,0.391
CUST00884,Chandigarh,Routine_Commuter,41.7,0,Residential,11,0.713,0.687,0.636,0.841,22.7,0.546
CUST00885,Lucknow,Convenience_First,55.1,0,Highway,6,0.871,0.188,0.839,0.888,14.9,0.239
CUST00886,Kochi,Routine_Commuter,47.3,1,Highway,12,0.917,0.823,0.553,0.751,18.1,0.671
CUST00887,Ahmedabad,Price_Sensitive,46.1,0,Residential,7,0.683,0.494,0.414,0.543,27.1,0.526
CUST00888,Jaipur,Price_Sensitive,53.9,1,Residential,10,0.524,0.77,0.419,0.545,19.3,0.66
CUST00889,Kolkata,Routine_Commuter,70.8,0,Office_Commercial,10,0.582,0.461,0.732,0.734,34.4,0.405
CUST00890,Kolkata,Price_Sensitive,59.0,0,Mall_Retail,8,0.528,0.746,0.572,0.249,23.7,0.661
CUST00891,Bengaluru,High_Mileage,76.7,1,Fleet,21,0.99,0.839,0.678,0.91,37.2,0.638
CUST00892,Delhi NCR,High_Mileage,93.5,0,Hotel,22,0.66,0.685,0.896,0.747,38.8,0.502
CUST00893,Lucknow,Routine_Commuter,52.5,0,Residential,10,0.711,0.493,0.579,0.772,15.0,0.46
CUST00894,Bengaluru,Routine_Commuter,56.3,1,Office_Commercial,14,0.558,0.594,0.467,0.889,27.1,0.506
CUST00895,Kochi,Price_Sensitive,55.1,0,Mall_Retail,6,0.532,0.652,0.235,0.371,25.7,0.659
CUST00896,Mumbai,Routine_Commuter,54.0,1,Office_Commercial,9,0.766,0.511,0.605,0.725,17.0,0.478
CUST00897,Hyderabad,Routine_Commuter,50.8,0,Residential,10,0.598,0.486,0.768,0.742,24.6,0.412
CUST00898,Chandigarh,Convenience_First,63.2,0,Mall_Retail,7,0.774,0.467,0.99,0.871,23.8,0.356
CUST00899,Kolkata,Price_Sensitive,44.1,1,Office_Commercial,10,0.425,0.907,0.19,0.562,19.1,0.769
CUST00900,Hyderabad,Convenience_First,57.5,0,Highway,5,0.778,0.235,0.799,0.801,26.1,0.277
CUST00901,Bengaluru,Price_Sensitive,55.5,1,Transit_Public,6,0.336,0.776,0.432,0.351,36.4,0.672
CUST00902,Bengaluru,Convenience_First,71.5,1,Office_Commercial,8,0.676,0.326,0.967,0.732,28.5,0.294
CUST00903,Bengaluru,Convenience_First,62.3,0,Office_Commercial,9,0.856,0.182,0.846,0.99,26.7,0.218
CUST00904,Chandigarh,Convenience_First,57.2,0,Mall_Retail,7,0.844,0.181,0.891,0.793,28.4,0.237
CUST00905,Kolkata,Price_Sensitive,44.4,1,Transit_Public,12,0.911,0.724,0.371,0.547,13.9,0.683
CUST00906,Lucknow,Convenience_First,63.7,0,Fleet,9,0.679,0.402,0.738,0.696,37.2,0.387
CUST00907,Chennai,Price_Sensitive,49.1,1,Highway,12,0.467,0.891,0.549,0.418,28.5,0.714
CUST00908,Delhi NCR,Price_Sensitive,48.3,0,Highway,12,0.314,0.69,0.349,0.395,16.5,0.632
CUST00909,Delhi NCR,Routine_Commuter,54.2,1,Mall_Retail,10,0.613,0.465,0.799,0.746,28.4,0.395
CUST00910,Pune,High_Mileage,74.6,0,Fleet,24,0.459,0.607,0.649,0.789,38.8,0.481
CUST00911,Kolkata,Price_Sensitive,55.6,1,Highway,10,0.432,0.88,0.428,0.811,17.0,0.67
CUST00912,Bengaluru,Routine_Commuter,46.7,1,Residential,8,0.551,0.415,0.482,0.798,17.1,0.417
CUST00913,Bengaluru,Routine_Commuter,50.1,0,Hotel,10,0.673,0.88,0.773,0.688,23.2,0.644
CUST00914,Kochi,Convenience_First,43.5,1,Highway,5,0.853,0.133,0.918,0.799,20.7,0.205
CUST00915,Ahmedabad,Convenience_First,49.0,1,Residential,5,0.916,0.144,0.698,0.724,19.5,0.272
CUST00916,Chennai,Routine_Commuter,52.7,1,Residential,9,0.853,0.564,0.553,0.915,24.8,0.497
CUST00917,Hyderabad,Routine_Commuter,60.1,0,Office_Commercial,14,0.672,0.439,0.636,0.776,22.8,0.415
CUST00918,Mumbai,Routine_Commuter,53.6,1,Transit_Public,14,0.748,0.304,0.557,0.478,25.3,0.409
CUST00919,Lucknow,Routine_Commuter,50.5,1,Mall_Retail,10,0.628,0.432,0.68,0.644,17.9,0.418
CUST00920,Hyderabad,Convenience_First,65.3,1,Office_Commercial,5,0.923,0.52,0.823,0.758,25.3,0.45
CUST00921,Chandigarh,Price_Sensitive,49.7,1,Mall_Retail,10,0.471,0.947,0.481,0.349,19.9,0.769
CUST00922,Chandigarh,Price_Sensitive,57.8,0,Transit_Public,7,0.461,0.772,0.623,0.658,30.4,0.598
CUST00923,Chandigarh,Convenience_First,69.6,0,Highway,7,0.888,0.1,0.906,0.81,25.6,0.191
CUST00924,Bengaluru,Routine_Commuter,51.5,1,Residential,10,0.716,0.463,0.67,0.911,21.4,0.406
CUST00925,Ahmedabad,High_Mileage,79.8,1,Fleet,15,0.595,0.804,0.82,0.949,37.8,0.545
CUST00926,Mumbai,High_Mileage,56.2,0,Mall_Retail,24,0.759,0.933,0.808,0.878,24.5,0.646
CUST00927,Delhi NCR,Routine_Commuter,64.6,0,Residential,11,0.708,0.651,0.353,0.743,28.0,0.597
CUST00928,Hyderabad,Routine_Commuter,59.2,1,Mall_Retail,8,0.72,0.41,0.618,0.587,22.2,0.436
CUST00929,Mumbai,Convenience_First,64.9,1,Highway,6,0.718,0.121,0.936,0.662,28.6,0.202
CUST00930,Delhi NCR,Routine_Commuter,52.3,1,Residential,10,0.99,0.193,0.624,0.822,22.5,0.307
CUST00931,Mumbai,Price_Sensitive,57.9,1,Transit_Public,6,0.412,0.847,0.364,0.703,24.3,0.679
CUST00932,Jaipur,Convenience_First,72.3,0,Transit_Public,6,0.77,0.292,0.918,0.663,30.5,0.305
CUST00933,Chennai,Routine_Commuter,64.5,1,Office_Commercial,12,0.515,0.565,0.435,0.684,39.5,0.523
CUST00934,Pune,Convenience_First,55.2,0,Highway,8,0.781,0.346,0.855,0.972,23.1,0.301
CUST00935,Chennai,Routine_Commuter,41.5,1,Office_Commercial,12,0.763,0.491,0.596,0.68,19.6,0.475
CUST00936,Mumbai,Routine_Commuter,48.4,1,Mall_Retail,13,0.709,0.584,0.686,0.881,18.3,0.473
CUST00937,Lucknow,Routine_Commuter,55.7,1,Office_Commercial,8,0.868,0.343,0.96,0.619,16.8,0.341
CUST00938,Kochi,Routine_Commuter,45.4,1,Office_Commercial,14,0.661,0.656,0.898,0.855,22.3,0.469
CUST00939,Mumbai,Routine_Commuter,60.8,0,Transit_Public,14,0.72,0.582,0.649,0.902,21.6,0.477
CUST00940,Delhi NCR,Routine_Commuter,63.8,1,Office_Commercial,12,0.782,0.664,0.31,0.697,25.3,0.627
CUST00941,Delhi NCR,Price_Sensitive,56.7,1,Fleet,8,0.199,0.933,0.657,0.474,26.6,0.68
CUST00942,Chennai,Convenience_First,77.0,0,Hotel,5,0.809,0.229,0.882,0.735,33.5,0.27
CUST00943,Kolkata,Routine_Commuter,54.4,1,Transit_Public,9,0.773,0.623,0.461,0.506,25.4,0.602
CUST00944,Jaipur,Convenience_First,46.8,0,Office_Commercial,10,0.699,0.289,0.71,0.835,20.5,0.312
CUST00945,Hyderabad,Price_Sensitive,57.0,0,Mall_Retail,12,0.392,0.67,0.226,0.569,22.7,0.627
CUST00946,Kolkata,Price_Sensitive,79.6,0,Highway,12,0.289,0.735,0.493,0.531,24.4,0.605
CUST00947,Mumbai,Routine_Commuter,43.8,1,Hotel,10,0.821,0.457,0.657,0.668,20.4,0.452
CUST00948,Mumbai,Routine_Commuter,65.5,1,Office_Commercial,8,0.514,0.596,0.596,0.81,27.4,0.488
CUST00949,Pune,Convenience_First,45.1,1,Highway,8,0.769,0.306,0.9,0.765,19.5,0.301
CUST00950,Mumbai,Convenience_First,71.5,0,Fleet,9,0.866,0.314,0.869,0.602,25.5,0.345
CUST00951,Kochi,Routine_Commuter,38.5,1,Transit_Public,11,0.661,0.636,0.465,0.595,16.9,0.584
CUST00952,Delhi NCR,High_Mileage,59.5,1,Fleet,18,0.646,0.477,0.677,0.975,26.4,0.395
CUST00953,Chennai,Routine_Commuter,67.2,0,Residential,11,0.793,0.795,0.665,0.715,34.0,0.626
CUST00954,Lucknow,Convenience_First,48.9,1,Office_Commercial,7,0.99,0.105,0.855,0.923,17.8,0.197
CUST00955,Ahmedabad,Routine_Commuter,51.0,1,Office_Commercial,9,0.772,0.383,0.482,0.751,17.6,0.429
CUST00956,Mumbai,Routine_Commuter,56.0,1,Highway,10,0.811,0.47,0.833,0.72,22.4,0.415
CUST00957,Mumbai,Convenience_First,46.9,0,Highway,6,0.836,0.245,0.923,0.78,15.9,0.267
CUST00958,Chennai,Convenience_First,58.5,1,Office_Commercial,6,0.628,0.212,0.954,0.755,29.4,0.225
CUST00959,Chennai,Routine_Commuter,55.1,1,Mall_Retail,10,0.796,0.865,0.586,0.508,22.7,0.712
CUST00960,Mumbai,Convenience_First,69.8,0,Highway,10,0.797,0.216,0.943,0.926,28.5,0.221
CUST00961,Delhi NCR,Routine_Commuter,64.8,1,Office_Commercial,8,0.639,0.517,0.555,0.566,31.9,0.502
CUST00962,Mumbai,Convenience_First,55.2,1,Highway,9,0.885,0.387,0.894,0.616,30.4,0.38
CUST00963,Hyderabad,Convenience_First,46.7,1,Highway,9,0.921,0.232,0.874,0.89,25.1,0.261
CUST00964,Delhi NCR,Routine_Commuter,61.0,0,Highway,10,0.812,0.641,0.657,0.768,26.5,0.537
CUST00965,Chennai,Convenience_First,55.1,0,Highway,8,0.802,0.226,0.893,0.799,16.1,0.256
CUST00966,Chennai,Price_Sensitive,45.3,0,Residential,11,0.551,0.88,0.563,0.884,16.5,0.644
CUST00967,Chandigarh,Routine_Commuter,52.1,1,Highway,9,0.87,0.736,0.741,0.977,18.8,0.547
CUST00968,Bengaluru,Convenience_First,60.2,0,Mall_Retail,10,0.803,0.132,0.859,0.9,21.4,0.196
CUST00969,Kolkata,Convenience_First,51.9,0,Residential,10,0.866,0.17,0.683,0.842,22.4,0.267
CUST00970,Bengaluru,Convenience_First,37.4,0,Transit_Public,8,0.832,0.286,0.72,0.688,16.9,0.343
CUST00971,Hyderabad,High_Mileage,52.4,1,Fleet,18,0.549,0.913,0.754,0.815,18.1,0.634
CUST00972,Delhi NCR,Convenience_First,69.6,0,Residential,6,0.839,0.2,0.922,0.808,26.1,0.238
CUST00973,Chennai,Convenience_First,61.5,0,Office_Commercial,10,0.801,0.078,0.884,0.609,37.1,0.205
CUST00974,Mumbai,Routine_Commuter,51.1,1,Mall_Retail,13,0.633,0.398,0.594,0.819,17.3,0.391
CUST00975,Kolkata,Convenience_First,47.9,0,Office_Commercial,10,0.787,0.17,0.924,0.636,25.4,0.242
CUST00976,Chandigarh,Routine_Commuter,47.0,1,Residential,13,0.815,0.36,0.459,0.772,20.7,0.422
CUST00977,Kolkata,Price_Sensitive,50.2,1,Mall_Retail,11,0.531,0.776,0.496,0.455,18.3,0.662
CUST00978,Pune,Price_Sensitive,54.5,0,Highway,10,0.623,0.841,0.635,0.753,19.0,0.635
CUST00979,Bengaluru,Price_Sensitive,50.1,1,Mall_Retail,11,0.221,0.903,0.336,0.475,20.8,0.73
CUST00980,Chennai,High_Mileage,74.2,0,Highway,20,0.731,0.406,0.717,0.822,30.6,0.38
CUST00981,Kochi,Price_Sensitive,51.3,1,Residential,11,0.311,0.771,0.613,0.358,19.8,0.629
CUST00982,Pune,Routine_Commuter,54.6,0,Residential,12,0.628,0.594,0.784,0.649,27.4,0.485
CUST00983,Ahmedabad,Convenience_First,58.7,1,Mall_Retail,6,0.979,0.17,0.84,0.964,23.9,0.229
CUST00984,Hyderabad,Routine_Commuter,56.3,0,Office_Commercial,13,0.662,0.523,0.46,0.775,19.4,0.496
CUST00985,Delhi NCR,Routine_Commuter,57.1,1,Office_Commercial,12,0.772,0.524,0.529,0.524,28.6,0.531
CUST00986,Delhi NCR,Routine_Commuter,51.3,1,Residential,13,0.743,0.689,0.744,0.81,21.3,0.533
CUST00987,Bengaluru,High_Mileage,62.8,0,Fleet,23,0.584,0.67,0.589,0.914,29.2,0.522
CUST00988,Kolkata,Convenience_First,65.1,0,Office_Commercial,10,0.99,0.33,0.8,0.66,29.6,0.372
CUST00989,Ahmedabad,Convenience_First,56.1,1,Residential,7,0.86,0.189,0.911,0.75,29.7,0.245
CUST00990,Pune,High_Mileage,64.1,0,Fleet,16,0.171,0.816,0.702,0.791,27.7,0.557
CUST00991,Kolkata,Routine_Commuter,63.0,1,Highway,9,0.683,0.465,0.747,0.818,24.5,0.402
CUST00992,Hyderabad,Routine_Commuter,50.2,1,Residential,13,0.691,0.613,0.831,0.557,19.0,0.506
CUST00993,Chandigarh,High_Mileage,81.3,0,Fleet,25,0.648,0.659,0.668,0.839,34.6,0.518
CUST00994,Mumbai,Routine_Commuter,63.7,0,Residential,13,0.716,0.471,0.78,0.859,24.9,0.396
CUST00995,Delhi NCR,Price_Sensitive,53.3,0,Office_Commercial,11,0.633,0.874,0.442,0.684,22.0,0.703
CUST00996,Hyderabad,Price_Sensitive,45.7,1,Highway,6,0.423,0.979,0.27,0.521,25.7,0.799
CUST00997,Delhi NCR,Convenience_First,58.0,0,Transit_Public,6,0.655,0.078,0.817,0.737,22.4,0.184
CUST00998,Delhi NCR,Routine_Commuter,45.2,1,Transit_Public,13,0.493,0.408,0.577,0.737,18.6,0.397
CUST00999,Jaipur,Routine_Commuter,72.5,0,Residential,12,0.768,0.415,0.516,0.647,35.7,0.455
CUST01000,Kolkata,Routine_Commuter,49.6,0,Residential,11,0.653,0.794,0.908,0.666,21.5,0.57
CUST01001,Bengaluru,High_Mileage,64.9,0,Highway,24,0.552,0.752,0.663,0.903,31.4,0.551
CUST01002,Hyderabad,Convenience_First,71.8,1,Mall_Retail,9,0.796,0.106,0.827,0.763,31.9,0.208
CUST01003,Kolkata,Convenience_First,44.5,1,Residential,6,0.886,0.369,0.849,0.635,20.8,0.377
CUST01004,Ahmedabad,Routine_Commuter,55.9,0,Residential,13,0.843,0.364,0.558,0.628,28.2,0.429
CUST01005,Lucknow,Routine_Commuter,49.9,1,Transit_Public,14,0.639,0.265,0.599,0.623,27.8,0.346
CUST01006,Hyderabad,High_Mileage,77.2,0,Transit_Public,22,0.469,0.78,0.717,0.802,27.4,0.562
CUST01007,Lucknow,Price_Sensitive,61.3,0,Transit_Public,11,0.461,0.769,0.619,0.59,30.9,0.607
CUST01008,Delhi NCR,Price_Sensitive,49.7,1,Residential,9,0.55,0.89,0.524,0.534,25.4,0.71
CUST01009,Chennai,Routine_Commuter,62.7,0,Residential,10,0.681,0.335,0.879,0.655,22.4,0.328
CUST01010,Kolkata,High_Mileage,74.2,0,Residential,23,0.596,0.826,0.892,0.827,30.1,0.562
CUST01011,Ahmedabad,Convenience_First,64.5,1,Mall_Retail,7,0.791,0.233,0.99,0.617,30.5,0.267
CUST01012,Bengaluru,Price_Sensitive,56.4,1,Transit_Public,7,0.675,0.947,0.602,0.463,16.6,0.748
CUST01013,Mumbai,Price_Sensitive,64.1,1,Office_Commercial,7,0.548,0.702,0.637,0.574,30.4,0.577
CUST01014,Bengaluru,Routine_Commuter,68.8,1,Office_Commercial,8,0.732,0.38,0.815,0.671,36.8,0.369
CUST01015,Lucknow,Routine_Commuter,54.1,1,Residential,14,0.672,0.424,0.709,0.565,27.2,0.424
CUST01016,Chennai,High_Mileage,77.9,0,Fleet,25,0.399,0.556,0.8,0.882,38.4,0.404
CUST01017,Pune,Routine_Commuter,61.5,0,Office_Commercial,12,0.534,0.44,0.801,0.634,34.4,0.39
CUST01018,Pune,Routine_Commuter,43.1,1,Residential,13,0.847,0.419,0.635,0.737,19.9,0.428
CUST01019,Lucknow,Routine_Commuter,65.5,1,Mall_Retail,8,0.79,0.628,0.613,0.904,25.8,0.516
CUST01020,Kochi,Routine_Commuter,48.6,0,Residential,12,0.779,0.7,0.749,0.639,22.2,0.567
CUST01021,Delhi NCR,Price_Sensitive,59.8,0,Office_Commercial,11,0.319,0.842,0.425,0.534,24.6,0.68
CUST01022,Chennai,Routine_Commuter,45.0,0,Residential,12,0.881,0.475,0.741,0.801,20.0,0.431
CUST01023,Mumbai,Routine_Commuter,62.7,1,Transit_Public,8,0.85,0.651,0.504,0.916,27.3,0.555
CUST01024,Mumbai,Convenience_First,53.3,1,Highway,9,0.689,0.227,0.99,0.802,26.0,0.225
CUST01025,Hyderabad,Convenience_First,72.4,1,Mall_Retail,10,0.933,0.165,0.873,0.829,20.7,0.235
CUST01026,Chennai,Routine_Commuter,59.3,1,Mall_Retail,9,0.675,0.483,0.78,0.888,26.3,0.394
CUST01027,Pune,High_Mileage,62.1,0,Highway,24,0.714,0.362,0.676,0.862,22.7,0.356
CUST01028,Bengaluru,Price_Sensitive,56.0,0,Residential,10,0.613,0.795,0.185,0.566,21.8,0.727
CUST01029,Bengaluru,Convenience_First,66.2,0,Fleet,10,0.99,0.251,0.918,0.746,24.6,0.291
CUST01030,Pune,Convenience_First,64.8,0,Fleet,7,0.885,0.402,0.858,0.899,36.7,0.353
CUST01031,Pune,Price_Sensitive,35.0,0,Mall_Retail,8,0.337,0.919,0.649,0.464,15.2,0.69
CUST01032,Pune,Price_Sensitive,56.1,0,Office_Commercial,10,0.555,0.879,0.504,0.634,27.1,0.693
CUST01033,Chandigarh,Price_Sensitive,50.9,1,Mall_Retail,8,0.346,0.739,0.415,0.58,8.7,0.621
CUST01034,Mumbai,Price_Sensitive,40.2,1,Transit_Public,10,0.787,0.722,0.502,0.316,16.3,0.678
CUST01035,Pune,Convenience_First,46.5,0,Mall_Retail,7,0.79,0.254,0.772,0.666,19.3,0.314
CUST01036,Jaipur,Convenience_First,60.7,0,Highway,9,0.768,0.318,0.947,0.705,27.2,0.307
CUST01037,Delhi NCR,High_Mileage,73.5,0,Residential,25,0.512,0.725,0.841,0.914,30.7,0.495
CUST01038,Chennai,High_Mileage,57.9,0,Mall_Retail,24,0.511,0.506,0.794,0.844,16.8,0.394
CUST01039,Chennai,Convenience_First,66.9,1,Highway,5,0.784,0.434,0.834,0.809,38.0,0.379
CUST01040,Mumbai,Price_Sensitive,47.0,1,Office_Commercial,8,0.351,0.717,0.649,0.554,18.0,0.566
CUST01041,Chandigarh,Routine_Commuter,50.5,0,Office_Commercial,12,0.677,0.414,0.699,0.749,17.0,0.393
CUST01042,Chennai,High_Mileage,69.9,0,Office_Commercial,19,0.728,0.628,0.766,0.99,26.1,0.467
CUST01043,Kolkata,Routine_Commuter,47.6,1,Mall_Retail,12,0.881,0.438,0.623,0.589,18.1,0.466
CUST01044,Mumbai,Routine_Commuter,48.4,0,Residential,11,0.635,0.456,0.652,0.898,14.6,0.399
CUST01045,Bengaluru,Convenience_First,57.7,0,Residential,9,0.935,0.354,0.99,0.793,27.2,0.321
CUST01046,Delhi NCR,Price_Sensitive,70.5,0,Office_Commercial,6,0.533,0.834,0.378,0.74,13.4,0.675
CUST01047,Chandigarh,Routine_Commuter,40.1,0,Transit_Public,10,0.657,0.336,0.654,0.821,18.2,0.347
CUST01048,Hyderabad,Routine_Commuter,53.1,0,Office_Commercial,13,0.907,0.62,0.57,0.688,19.4,0.565
CUST01049,Bengaluru,Convenience_First,69.8,0,Transit_Public,5,0.811,0.264,0.99,0.801,25.0,0.258
CUST01050,Chennai,Routine_Commuter,63.8,1,Transit_Public,8,0.624,0.52,0.765,0.621,16.5,0.452
CUST01051,Mumbai,Routine_Commuter,54.0,0,Hotel,13,0.929,0.6,0.815,0.575,25.8,0.523
CUST01052,Chandigarh,Routine_Commuter,51.7,1,Office_Commercial,10,0.602,0.769,0.756,0.761,27.4,0.568
CUST01053,Delhi NCR,Routine_Commuter,52.4,1,Office_Commercial,9,0.626,0.315,0.69,0.51,13.9,0.371
CUST01054,Bengaluru,Convenience_First,59.4,0,Highway,6,0.851,0.109,0.94,0.804,29.0,0.186
CUST01055,Lucknow,Routine_Commuter,55.4,0,Residential,11,0.856,0.43,0.871,0.725,22.4,0.389
CUST01056,Bengaluru,Price_Sensitive,46.1,0,Mall_Retail,9,0.754,0.905,0.444,0.389,10.7,0.776
CUST01057,Ahmedabad,Convenience_First,41.3,0,Highway,8,0.969,0.354,0.956,0.805,17.3,0.33
CUST01058,Kochi,Convenience_First,62.5,0,Hotel,5,0.73,0.434,0.99,0.8,35.1,0.344
CUST01059,Chandigarh,Price_Sensitive,49.9,0,Residential,11,0.586,0.873,0.726,0.876,22.0,0.612
CUST01060,Ahmedabad,Routine_Commuter,57.5,1,Highway,11,0.614,0.455,0.625,0.619,20.2,0.444
CUST01061,Ahmedabad,Routine_Commuter,64.4,1,Office_Commercial,9,0.7,0.524,0.659,0.856,37.0,0.448
CUST01062,Chennai,High_Mileage,60.8,0,Highway,21,0.779,0.61,0.895,0.978,38.2,0.438
CUST01063,Mumbai,Convenience_First,50.5,0,Hotel,8,0.822,0.126,0.85,0.8,19.0,0.211
CUST01064,Chennai,Convenience_First,54.9,1,Highway,10,0.84,0.361,0.882,0.66,28.8,0.357
CUST01065,Delhi NCR,Routine_Commuter,54.5,1,Office_Commercial,11,0.812,0.316,0.732,0.591,24.7,0.37
CUST01066,Ahmedabad,Convenience_First,57.2,1,Highway,10,0.99,0.357,0.888,0.761,9.9,0.354
CUST01067,Hyderabad,Price_Sensitive,48.2,0,Transit_Public,7,0.555,0.929,0.55,0.67,17.7,0.706
CUST01068,Delhi NCR,High_Mileage,54.3,0,Highway,22,0.516,0.627,0.699,0.855,23.8,0.478
CUST01069,Chandigarh,Routine_Commuter,55.1,1,Transit_Public,12,0.901,0.648,0.662,0.645,22.6,0.567
CUST01070,Mumbai,Routine_Commuter,49.6,0,Office_Commercial,14,0.826,0.516,0.58,0.617,15.2,0.508
CUST01071,Chennai,Price_Sensitive,52.5,0,Mall_Retail,8,0.356,0.863,0.434,0.434,24.0,0.709
CUST01072,Delhi NCR,Price_Sensitive,67.0,0,Mall_Retail,6,0.254,0.778,0.282,0.494,39.6,0.673
CUST01073,Lucknow,Price_Sensitive,45.2,0,Mall_Retail,9,0.475,0.863,0.734,0.465,17.3,0.655
CUST01074,Bengaluru,Convenience_First,49.2,0,Hotel,7,0.774,0.29,0.732,0.813,24.3,0.318
CUST01075,Kochi,Routine_Commuter,44.2,1,Office_Commercial,12,0.61,0.683,0.496,0.691,22.4,0.584
CUST01076,Mumbai,Price_Sensitive,57.7,1,Office_Commercial,12,0.631,0.672,0.368,0.559,22.8,0.625
CUST01077,Ahmedabad,Routine_Commuter,50.5,0,Residential,10,0.684,0.482,0.669,0.786,18.8,0.432
CUST01078,Lucknow,Routine_Commuter,50.2,1,Mall_Retail,13,0.864,0.458,0.613,0.714,19.4,0.459
CUST01079,Mumbai,Convenience_First,62.8,1,Highway,9,0.781,0.149,0.768,0.806,31.3,0.236
CUST01080,Ahmedabad,Routine_Commuter,69.0,1,Mall_Retail,10,0.982,0.478,0.555,0.536,25.0,0.52
CUST01081,Hyderabad,High_Mileage,74.5,0,Office_Commercial,23,0.4,0.424,0.978,0.885,26.3,0.295
CUST01082,Ahmedabad,High_Mileage,60.0,0,Transit_Public,15,0.538,0.633,0.707,0.816,23.8,0.488
CUST01083,Hyderabad,Routine_Commuter,45.1,1,Highway,14,0.685,0.455,0.421,0.802,23.1,0.464
CUST01084,Chandigarh,Price_Sensitive,50.0,0,Mall_Retail,7,0.553,0.86,0.213,0.499,22.0,0.761
CUST01085,Lucknow,Price_Sensitive,35.0,1,Transit_Public,9,0.479,0.903,0.224,0.292,17.2,0.806
CUST01086,Mumbai,Routine_Commuter,57.6,1,Office_Commercial,11,0.705,0.722,0.883,0.815,22.4,0.519
CUST01087,Bengaluru,Convenience_First,72.9,0,Office_Commercial,6,0.804,0.138,0.942,0.854,23.6,0.19
CUST01088,Hyderabad,Price_Sensitive,62.2,1,Residential,12,0.536,0.796,0.361,0.33,28.1,0.719
CUST01089,Pune,Routine_Commuter,62.6,1,Residential,8,0.776,0.468,0.613,0.588,27.2,0.474
CUST01090,Chennai,Routine_Commuter,40.6,1,Residential,12,0.417,0.3,0.641,0.99,22.8,0.28
CUST01091,Mumbai,Convenience_First,66.5,0,Highway,9,0.79,0.199,0.867,0.734,26.8,0.255
CUST01092,Pune,Routine_Commuter,54.8,1,Residential,8,0.864,0.491,0.713,0.614,24.6,0.471
CUST01093,Lucknow,Convenience_First,77.1,1,Office_Commercial,10,0.789,0.304,0.843,0.771,36.4,0.312
CUST01094,Mumbai,Routine_Commuter,46.4,1,Office_Commercial,13,0.574,0.244,0.606,0.783,18.6,0.303
CUST01095,Hyderabad,Price_Sensitive,40.2,1,Residential,9,0.42,0.701,0.381,0.401,14.9,0.641
CUST01096,Bengaluru,Price_Sensitive,56.1,0,Residential,6,0.74,0.734,0.556,0.716,28.8,0.609
CUST01097,Jaipur,Routine_Commuter,48.0,1,Mall_Retail,8,0.668,0.54,0.514,0.647,18.3,0.514
CUST01098,Kolkata,Convenience_First,64.2,1,Highway,6,0.727,0.358,0.851,0.767,21.5,0.334
CUST01099,Pune,Price_Sensitive,41.7,0,Mall_Retail,6,0.231,0.855,0.396,0.41,17.9,0.703
CUST01100,Jaipur,Convenience_First,64.4,0,Hotel,10,0.744,0.403,0.752,0.827,24.4,0.372
CUST01101,Mumbai,Convenience_First,71.2,0,Highway,9,0.85,0.209,0.952,0.796,34.4,0.24
CUST01102,Kochi,Price_Sensitive,58.4,1,Transit_Public,8,0.343,0.958,0.292,0.691,21.9,0.749
CUST01103,Pune,Routine_Commuter,50.0,0,Mall_Retail,12,0.625,0.38,0.826,0.691,16.1,0.353
CUST01104,Mumbai,Routine_Commuter,38.6,0,Residential,11,0.534,0.27,0.546,0.571,14.8,0.357
CUST01105,Pune,Routine_Commuter,57.2,0,Office_Commercial,12,0.7,0.591,0.652,0.768,19.1,0.5
CUST01106,Jaipur,Convenience_First,69.0,0,Office_Commercial,9,0.86,0.112,0.771,0.834,31.0,0.218
CUST01107,Bengaluru,High_Mileage,85.9,0,Fleet,23,0.694,0.813,0.733,0.851,35.4,0.592
CUST01108,Chandigarh,Routine_Commuter,60.8,1,Residential,10,0.715,0.778,0.775,0.649,23.0,0.597
CUST01109,Kochi,Routine_Commuter,65.3,0,Office_Commercial,14,0.727,0.396,0.749,0.77,23.3,0.375
CUST01110,Lucknow,Price_Sensitive,55.4,0,Transit_Public,10,0.701,0.858,0.407,0.567,25.8,0.725
CUST01111,Kolkata,Price_Sensitive,68.4,0,Residential,12,0.516,0.711,0.355,0.788,31.8,0.603
CUST01112,Kochi,Routine_Commuter,53.3,0,Mall_Retail,14,0.808,0.416,0.768,0.895,19.6,0.372
CUST01113,Hyderabad,Routine_Commuter,61.8,0,Residential,11,0.666,0.523,0.607,0.873,28.8,0.452
CUST01114,Kochi,Routine_Commuter,47.1,1,Mall_Retail,9,0.745,0.626,0.675,0.774,20.6,0.518
CUST01115,Bengaluru,Routine_Commuter,41.8,1,Residential,11,0.721,0.519,0.57,0.773,11.8,0.478
CUST01116,Hyderabad,High_Mileage,61.5,0,Fleet,18,0.99,0.835,0.854,0.902,19.9,0.602
CUST01117,Kochi,Convenience_First,54.0,0,Office_Commercial,6,0.815,0.26,0.859,0.687,18.0,0.3
CUST01118,Jaipur,High_Mileage,74.3,1,Highway,15,0.399,0.641,0.944,0.782,32.9,0.437
CUST01119,Jaipur,Convenience_First,48.1,0,Office_Commercial,8,0.781,0.257,0.867,0.791,19.1,0.277
CUST01120,Chennai,Convenience_First,61.6,0,Fleet,5,0.652,0.183,0.831,0.656,25.2,0.251
CUST01121,Pune,Convenience_First,35.0,0,Hotel,10,0.833,0.292,0.99,0.718,11.3,0.289
CUST01122,Delhi NCR,Routine_Commuter,48.9,1,Residential,12,0.57,0.593,0.631,0.645,21.3,0.51
CUST01123,Kochi,Convenience_First,47.9,0,Highway,6,0.727,0.177,0.828,0.99,24.2,0.206
CUST01124,Hyderabad,Price_Sensitive,51.6,1,Transit_Public,7,0.63,0.99,0.691,0.528,18.2,0.74
CUST01125,Hyderabad,Routine_Commuter,50.3,1,Office_Commercial,14,0.715,0.342,0.687,0.493,23.4,0.398
CUST01126,Chandigarh,High_Mileage,76.7,0,Transit_Public,18,0.738,0.921,0.659,0.796,30.7,0.679
CUST01127,Chandigarh,Price_Sensitive,44.5,0,Hotel,10,0.324,0.889,0.559,0.297,18.4,0.715
CUST01128,Mumbai,Routine_Commuter,70.3,1,Residential,14,0.729,0.59,0.615,0.642,22.7,0.528
CUST01129,Bengaluru,High_Mileage,69.1,0,Fleet,15,0.442,0.685,0.458,0.835,27.7,0.554
CUST01130,Ahmedabad,Routine_Commuter,68.7,1,Residential,11,0.877,0.866,0.769,0.851,33.2,0.633
CUST01131,Ahmedabad,Convenience_First,61.7,0,Hotel,8,0.656,0.279,0.737,0.637,26.8,0.326
CUST01132,Chennai,Convenience_First,69.9,0,Fleet,6,0.812,0.294,0.764,0.782,26.3,0.323
CUST01133,Bengaluru,Convenience_First,59.2,1,Mall_Retail,8,0.694,0.236,0.911,0.721,22.1,0.259
CUST01134,Jaipur,Routine_Commuter,65.7,0,Mall_Retail,8,0.784,0.501,0.687,0.873,28.8,0.436
CUST01135,Delhi NCR,Routine_Commuter,50.3,1,Residential,11,0.513,0.725,0.742,0.616,15.8,0.559
CUST01136,Delhi NCR,High_Mileage,59.2,0,Transit_Public,19,0.576,0.64,0.788,0.858,26.0,0.473
CUST01137,Kochi,Routine_Commuter,51.9,1,Residential,9,0.537,0.613,0.68,0.99,21.5,0.456
CUST01138,Bengaluru,Convenience_First,47.2,0,Residential,7,0.716,0.293,0.822,0.781,15.2,0.301
CUST01139,Bengaluru,Routine_Commuter,60.6,1,Residential,14,0.76,0.638,0.737,0.456,17.6,0.561
CUST01140,Bengaluru,Routine_Commuter,66.6,1,Mall_Retail,12,0.686,0.542,0.809,0.622,22.1,0.462
CUST01141,Mumbai,Price_Sensitive,54.1,0,Highway,11,0.382,0.94,0.378,0.406,23.2,0.769
CUST01142,Delhi NCR,Price_Sensitive,57.5,0,Mall_Retail,9,0.229,0.859,0.504,0.693,22.8,0.641
CUST01143,Ahmedabad,Convenience_First,67.9,1,Fleet,5,0.862,0.212,0.99,0.99,26.8,0.206
CUST01144,Kochi,Routine_Commuter,63.7,1,Residential,13,0.523,0.681,0.939,0.874,27.1,0.458
CUST01145,Mumbai,Routine_Commuter,52.9,1,Office_Commercial,13,0.665,0.675,0.821,0.618,18.8,0.531
CUST01146,Pune,Price_Sensitive,49.0,1,Transit_Public,8,0.872,0.852,0.465,0.642,19.6,0.716
CUST01147,Bengaluru,Routine_Commuter,51.7,0,Mall_Retail,12,0.472,0.471,0.709,0.732,22.0,0.405
CUST01148,Pune,Price_Sensitive,49.5,1,Transit_Public,11,0.542,0.803,0.843,0.527,23.5,0.598
CUST01149,Hyderabad,Routine_Commuter,62.0,0,Mall_Retail,10,0.655,0.382,0.47,0.664,28.6,0.432
CUST01150,Chandigarh,Routine_Commuter,49.8,1,Office_Commercial,11,0.728,0.518,0.865,0.72,23.0,0.427
CUST01151,Mumbai,Convenience_First,85.8,0,Transit_Public,5,0.871,0.101,0.873,0.754,45.0,0.205
CUST01152,Hyderabad,Convenience_First,61.4,1,Highway,8,0.85,0.315,0.911,0.802,27.9,0.306
CUST01153,Kolkata,Routine_Commuter,40.8,0,Office_Commercial,10,0.622,0.5,0.77,0.506,17.4,0.457
CUST01154,Bengaluru,Routine_Commuter,53.8,0,Residential,9,0.757,0.339,0.547,0.684,20.8,0.4
CUST01155,Kolkata,Price_Sensitive,49.2,1,Residential,10,0.479,0.904,0.34,0.326,21.4,0.778
CUST01156,Pune,Routine_Commuter,57.4,0,Fleet,12,0.836,0.432,0.818,0.723,25.8,0.399
CUST01157,Chandigarh,Routine_Commuter,56.9,1,Transit_Public,8,0.764,0.269,0.674,0.585,26.0,0.352
CUST01158,Delhi NCR,High_Mileage,77.5,0,Highway,19,0.975,0.522,0.682,0.932,19.6,0.458
CUST01159,Hyderabad,Price_Sensitive,57.1,1,Residential,11,0.699,0.617,0.518,0.46,23.7,0.586
CUST01160,Kochi,Convenience_First,83.5,0,Mall_Retail,5,0.909,0.265,0.758,0.811,36.9,0.313
CUST01161,Bengaluru,Convenience_First,65.0,0,Office_Commercial,10,0.904,0.232,0.823,0.773,22.4,0.287
CUST01162,Kochi,Routine_Commuter,37.8,1,Residential,9,0.653,0.44,0.937,0.638,18.2,0.374
CUST01163,Kochi,High_Mileage,63.4,0,Fleet,17,0.606,0.564,0.919,0.831,25.5,0.413
CUST01164,Bengaluru,Routine_Commuter,50.6,1,Mall_Retail,14,0.568,0.295,0.705,0.729,26.9,0.319
CUST01165,Jaipur,Routine_Commuter,44.5,0,Office_Commercial,10,0.835,0.411,0.678,0.715,14.5,0.417
CUST01166,Delhi NCR,Routine_Commuter,51.1,1,Hotel,11,0.969,0.699,0.539,0.774,14.5,0.608
CUST01167,Hyderabad,Routine_Commuter,59.2,1,Highway,14,0.755,0.576,0.706,0.769,25.6,0.486
CUST01168,Ahmedabad,Price_Sensitive,50.7,1,Mall_Retail,12,0.465,0.776,0.511,0.469,23.7,0.651
CUST01169,Mumbai,High_Mileage,56.0,0,Fleet,25,0.663,0.696,0.631,0.922,24.3,0.534
CUST01170,Hyderabad,Price_Sensitive,63.4,1,Transit_Public,11,0.382,0.807,0.407,0.253,20.9,0.713
CUST01171,Mumbai,Price_Sensitive,46.4,1,Office_Commercial,12,0.521,0.762,0.401,0.373,16.6,0.685
CUST01172,Bengaluru,Convenience_First,62.3,1,Highway,10,0.67,0.249,0.784,0.695,32.8,0.293
CUST01173,Chandigarh,Convenience_First,65.5,0,Fleet,7,0.687,0.309,0.837,0.95,20.8,0.279
CUST01174,Mumbai,Price_Sensitive,57.0,1,Highway,10,0.368,0.9,0.816,0.515,17.1,0.642
CUST01175,Ahmedabad,Routine_Commuter,53.1,1,Office_Commercial,10,0.936,0.269,0.646,0.875,14.5,0.331
CUST01176,Bengaluru,Routine_Commuter,54.6,0,Mall_Retail,10,0.734,0.41,0.622,0.666,23.3,0.424
CUST01177,Chandigarh,Routine_Commuter,51.8,1,Residential,11,0.647,0.503,0.434,0.703,25.9,0.499
CUST01178,Pune,Routine_Commuter,55.7,1,Office_Commercial,8,0.658,0.451,0.777,0.737,29.5,0.398
CUST01179,Delhi NCR,Price_Sensitive,46.4,1,Residential,8,0.463,0.943,0.416,0.702,22.5,0.727
CUST01180,Hyderabad,Price_Sensitive,48.7,0,Office_Commercial,10,0.489,0.765,0.532,0.852,20.5,0.585
CUST01181,Hyderabad,High_Mileage,71.0,0,Office_Commercial,20,0.627,0.642,0.64,0.941,37.0,0.497
CUST01182,Delhi NCR,Routine_Commuter,53.2,0,Residential,9,0.649,0.391,0.838,0.943,29.7,0.321
CUST01183,Kochi,Price_Sensitive,46.1,0,Transit_Public,7,0.384,0.584,0.426,0.846,19.8,0.498
CUST01184,Chennai,Routine_Commuter,72.5,0,Residential,9,0.829,0.528,0.724,0.736,31.2,0.468
CUST01185,Lucknow,High_Mileage,73.8,0,Fleet,16,0.606,0.629,0.755,0.958,31.1,0.462
CUST01186,Kochi,High_Mileage,70.1,0,Fleet,25,0.446,0.836,0.7,0.974,24.8,0.568
CUST01187,Jaipur,Price_Sensitive,53.7,0,Residential,8,0.54,0.91,0.584,0.599,23.6,0.698
CUST01188,Chennai,Routine_Commuter,43.6,1,Mall_Retail,12,0.876,0.417,0.513,0.815,18.9,0.442
CUST01189,Mumbai,Price_Sensitive,54.8,0,Mall_Retail,9,0.278,0.701,0.439,0.346,24.7,0.624
CUST01190,Chandigarh,Price_Sensitive,53.3,0,Mall_Retail,8,0.529,0.844,0.116,0.653,21.1,0.746
CUST01191,Pune,Routine_Commuter,47.6,1,Mall_Retail,12,0.551,0.39,0.744,0.644,23.2,0.374
CUST01192,Mumbai,Routine_Commuter,59.8,1,Mall_Retail,11,0.642,0.543,0.617,0.668,33.7,0.49
CUST01193,Jaipur,High_Mileage,61.0,0,Fleet,22,0.68,0.58,0.71,0.718,26.1,0.487
CUST01194,Chennai,Price_Sensitive,51.8,0,Residential,11,0.24,0.881,0.497,0.534,21.0,0.679
CUST01195,Kolkata,Convenience_First,56.9,1,Residential,10,0.727,0.244,0.77,0.628,14.2,0.309
CUST01196,Kochi,Price_Sensitive,55.0,1,Office_Commercial,8,0.394,0.838,0.506,0.38,19.3,0.692
CUST01197,Ahmedabad,High_Mileage,64.4,0,Transit_Public,21,0.408,0.755,0.665,0.879,29.5,0.541
CUST01198,Pune,Routine_Commuter,56.8,1,Residential,8,0.56,0.341,0.59,0.739,20.2,0.365
CUST01199,Bengaluru,Convenience_First,59.6,1,Fleet,8,0.736,0.152,0.769,0.864,26.5,0.224
CUST01200,Chandigarh,Routine_Commuter,60.4,0,Residential,12,0.709,0.427,0.519,0.808,25.5,0.431
CUST01201,Bengaluru,Routine_Commuter,50.9,1,Office_Commercial,9,0.699,0.386,0.663,0.821,22.7,0.377
CUST01202,Hyderabad,Convenience_First,79.2,1,Hotel,7,0.904,0.124,0.774,0.793,34.9,0.235
CUST01203,Lucknow,Routine_Commuter,62.2,0,Office_Commercial,9,0.666,0.47,0.481,0.717,29.0,0.471
CUST01204,Kochi,High_Mileage,87.2,0,Transit_Public,21,0.512,0.489,0.711,0.872,26.6,0.397
CUST01205,Chennai,Convenience_First,45.6,0,Mall_Retail,10,0.8,0.304,0.846,0.872,18.2,0.297
CUST01206,Chandigarh,Routine_Commuter,66.3,1,Mall_Retail,14,0.691,0.556,0.735,0.847,28.3,0.451
CUST01207,Delhi NCR,Price_Sensitive,55.7,0,Fleet,10,0.412,0.838,0.555,0.545,30.9,0.659
CUST01208,Delhi NCR,High_Mileage,63.2,1,Highway,18,0.423,0.636,0.678,0.801,30.7,0.486
CUST01209,Pune,Routine_Commuter,61.8,0,Office_Commercial,9,0.733,0.58,0.601,0.669,24.5,0.522
CUST01210,Kochi,Convenience_First,62.3,1,Highway,8,0.843,0.223,0.879,0.842,28.2,0.255
CUST01211,Delhi NCR,Routine_Commuter,64.6,1,Transit_Public,11,0.786,0.643,0.656,0.858,24.0,0.522
CUST01212,Mumbai,Routine_Commuter,46.3,1,Office_Commercial,12,0.881,0.475,0.781,0.891,18.8,0.409
CUST01213,Jaipur,Convenience_First,67.2,0,Hotel,9,0.99,0.422,0.745,0.856,21.0,0.404
CUST01214,Chennai,Routine_Commuter,62.1,1,Transit_Public,9,0.732,0.421,0.585,0.709,22.6,0.431
CUST01215,Kochi,Price_Sensitive,67.4,1,Mall_Retail,12,0.594,0.742,0.769,0.28,33.0,0.622
CUST01216,Jaipur,Price_Sensitive,48.1,1,Transit_Public,10,0.799,0.731,0.798,0.612,12.7,0.581
CUST01217,Kolkata,Price_Sensitive,49.1,1,Highway,11,0.328,0.895,0.447,0.448,21.1,0.718
CUST01218,Bengaluru,Routine_Commuter,60.4,0,Transit_Public,11,0.685,0.601,0.749,0.692,24.2,0.496
CUST01219,Kochi,Convenience_First,55.4,1,Mall_Retail,9,0.795,0.404,0.837,0.99,19.7,0.336
CUST01220,Mumbai,Routine_Commuter,41.6,0,Residential,10,0.776,0.455,0.611,0.843,16.6,0.429
CUST01221,Kolkata,High_Mileage,77.4,0,Mall_Retail,19,0.638,0.684,0.883,0.733,32.6,0.503
CUST01222,Mumbai,Routine_Commuter,52.4,1,Residential,10,0.566,0.439,0.696,0.629,26.3,0.414
CUST01223,Jaipur,Price_Sensitive,70.6,1,Mall_Retail,8,0.509,0.844,0.356,0.81,22.6,0.673
CUST01224,Delhi NCR,Routine_Commuter,64.1,1,Office_Commercial,9,0.99,0.481,0.577,0.612,17.3,0.506
CUST01225,Hyderabad,Routine_Commuter,54.7,0,Hotel,12,0.803,0.529,0.904,0.955,16.5,0.397
CUST01226,Bengaluru,High_Mileage,87.4,0,Highway,15,0.732,0.477,0.954,0.802,45.7,0.374
CUST01227,Pune,Routine_Commuter,52.2,1,Residential,11,0.68,0.393,0.666,0.733,21.0,0.391
CUST01228,Jaipur,Routine_Commuter,55.4,0,Transit_Public,9,0.647,0.717,0.543,0.806,21.7,0.58
CUST01229,Kochi,Convenience_First,42.8,0,Hotel,5,0.85,0.296,0.99,0.828,23.0,0.275
CUST01230,Delhi NCR,Price_Sensitive,60.1,1,Highway,9,0.405,0.82,0.581,0.728,23.5,0.616
CUST01231,Delhi NCR,Convenience_First,55.9,0,Mall_Retail,8,0.953,0.242,0.873,0.746,25.4,0.292
CUST01232,Bengaluru,Price_Sensitive,64.1,0,Mall_Retail,7,0.267,0.665,0.934,0.787,22.7,0.438
CUST01233,Bengaluru,Routine_Commuter,61.0,1,Office_Commercial,10,0.879,0.638,0.564,0.682,27.5,0.574
CUST01234,Delhi NCR,High_Mileage,78.2,1,Office_Commercial,20,0.503,0.533,0.568,0.851,37.7,0.452
CUST01235,Delhi NCR,Price_Sensitive,45.3,0,Mall_Retail,10,0.763,0.875,0.199,0.655,17.1,0.77
CUST01236,Lucknow,Price_Sensitive,37.5,0,Transit_Public,11,0.464,0.702,0.554,0.578,16.2,0.585
CUST01237,Kochi,High_Mileage,75.1,0,Mall_Retail,15,0.743,0.642,0.854,0.87,28.9,0.476
CUST01238,Chennai,Price_Sensitive,69.9,1,Highway,6,0.378,0.715,0.161,0.302,31.6,0.703
CUST01239,Bengaluru,Routine_Commuter,45.8,1,Office_Commercial,9,0.721,0.785,0.867,0.753,25.2,0.567
CUST01240,Chennai,Routine_Commuter,48.1,1,Residential,14,0.906,0.383,0.686,0.776,25.7,0.398
CUST01241,Mumbai,Routine_Commuter,54.2,1,Residential,13,0.688,0.436,0.68,0.654,22.0,0.424
CUST01242,Hyderabad,High_Mileage,76.1,0,Residential,19,0.687,0.45,0.913,0.871,26.4,0.353
CUST01243,Kochi,Price_Sensitive,48.5,0,Residential,6,0.612,0.762,0.571,0.171,17.8,0.69
CUST01244,Lucknow,Price_Sensitive,37.3,1,Transit_Public,8,0.669,0.762,0.41,0.177,11.8,0.727
CUST01245,Bengaluru,Routine_Commuter,59.7,1,Transit_Public,9,0.576,0.239,0.661,0.789,23.8,0.289
CUST01246,Lucknow,Routine_Commuter,43.1,0,Office_Commercial,14,0.641,0.098,0.819,0.76,16.7,0.19
CUST01247,Delhi NCR,Routine_Commuter,53.8,1,Mall_Retail,13,0.624,0.366,0.816,0.699,23.9,0.346
CUST01248,Kochi,Convenience_First,45.5,1,Office_Commercial,7,0.752,0.336,0.904,0.841,14.8,0.303
CUST01249,Ahmedabad,High_Mileage,60.9,0,Mall_Retail,25,0.364,0.835,0.781,0.832,26.6,0.565
CUST01250,Kochi,Routine_Commuter,56.4,0,Mall_Retail,11,0.698,0.528,0.513,0.677,25.2,0.506
CUST01251,Pune,Convenience_First,58.1,0,Residential,8,0.923,0.312,0.947,0.739,25.0,0.314
CUST01252,Lucknow,Routine_Commuter,60.7,1,Office_Commercial,10,0.826,0.662,0.761,0.736,27.0,0.534
CUST01253,Pune,Convenience_First,60.7,0,Office_Commercial,9,0.708,0.207,0.863,0.727,21.8,0.253
CUST01254,Hyderabad,Routine_Commuter,44.1,1,Office_Commercial,9,0.579,0.382,0.818,0.671,20.8,0.354
CUST01255,Mumbai,Convenience_First,80.4,0,Office_Commercial,9,0.99,0.078,0.795,0.774,29.4,0.217
CUST01256,Bengaluru,Price_Sensitive,37.0,1,Mall_Retail,11,0.739,0.796,0.463,0.674,14.7,0.668
CUST01257,Chennai,Convenience_First,52.2,0,Highway,7,0.84,0.272,0.842,0.837,18.6,0.29
CUST01258,Mumbai,Convenience_First,62.6,0,Highway,10,0.814,0.136,0.934,0.753,23.3,0.206
CUST01259,Hyderabad,High_Mileage,67.3,0,Fleet,20,0.539,0.862,0.758,0.99,19.5,0.578
CUST01260,Kolkata,Routine_Commuter,63.4,0,Office_Commercial,10,0.527,0.604,0.743,0.962,29.3,0.442
CUST01261,Chennai,Routine_Commuter,53.2,0,Fleet,12,0.652,0.514,0.701,0.464,23.2,0.488
CUST01262,Delhi NCR,Routine_Commuter,42.6,1,Office_Commercial,10,0.802,0.398,0.784,0.888,21.4,0.359
CUST01263,Mumbai,Price_Sensitive,49.3,1,Highway,7,0.295,0.872,0.542,0.118,22.2,0.733
CUST01264,Chennai,High_Mileage,70.9,0,Highway,16,0.578,0.687,0.808,0.916,21.6,0.487
CUST01265,Jaipur,Routine_Commuter,52.7,1,Office_Commercial,10,0.78,0.343,0.895,0.805,31.7,0.317
CUST01266,Bengaluru,Routine_Commuter,61.4,1,Residential,12,0.698,0.741,0.592,0.722,23.4,0.601
CUST01267,Lucknow,High_Mileage,70.8,0,Fleet,21,0.481,0.754,0.716,0.876,29.2,0.538
CUST01268,Pune,Routine_Commuter,46.9,1,Residential,14,0.755,0.413,0.581,0.957,18.5,0.393
CUST01269,Kolkata,Convenience_First,55.3,0,Mall_Retail,5,0.771,0.179,0.966,0.799,27.2,0.212
CUST01270,Delhi NCR,Routine_Commuter,41.7,1,Residential,8,0.719,0.513,0.597,0.573,14.3,0.499
CUST01271,Kochi,Convenience_First,71.2,0,Office_Commercial,8,0.785,0.215,0.85,0.903,33.9,0.242
CUST01272,Bengaluru,Routine_Commuter,51.7,1,Hotel,8,0.745,0.741,0.805,0.847,15.5,0.544
CUST01273,Pune,Routine_Commuter,63.1,1,Office_Commercial,8,0.679,0.703,0.604,0.499,28.4,0.609
CUST01274,Ahmedabad,High_Mileage,85.6,0,Fleet,18,0.657,0.577,0.772,0.74,26.9,0.468
CUST01275,Mumbai,Routine_Commuter,53.9,1,Office_Commercial,14,0.657,0.68,0.707,0.664,19.7,0.549
CUST01276,Kolkata,Price_Sensitive,56.8,1,Office_Commercial,12,0.332,0.895,0.346,0.759,21.4,0.692
CUST01277,Kochi,Price_Sensitive,52.9,0,Residential,11,0.317,0.681,0.562,0.596,33.0,0.554
CUST01278,Chennai,Convenience_First,55.1,1,Highway,5,0.773,0.01,0.945,0.879,25.1,0.112
CUST01279,Ahmedabad,High_Mileage,49.1,0,Fleet,18,0.592,0.806,0.781,0.926,24.9,0.557
CUST01280,Pune,Routine_Commuter,78.7,1,Residential,12,0.647,0.246,0.784,0.654,37.7,0.295
CUST01281,Chennai,Convenience_First,65.4,1,Highway,7,0.889,0.227,0.927,0.882,28.4,0.246
CUST01282,Mumbai,Routine_Commuter,70.4,0,Residential,13,0.708,0.338,0.64,0.683,28.9,0.377
CUST01283,Bengaluru,Price_Sensitive,61.6,0,Residential,10,0.395,0.786,0.322,0.562,15.8,0.673
CUST01284,Bengaluru,Price_Sensitive,55.4,0,Hotel,7,0.601,0.751,0.407,0.515,23.3,0.664
CUST01285,Kolkata,Convenience_First,49.7,1,Office_Commercial,9,0.749,0.035,0.936,0.726,19.9,0.148
CUST01286,Bengaluru,Routine_Commuter,56.4,1,Residential,11,0.69,0.831,0.475,0.739,27.2,0.67
CUST01287,Ahmedabad,Convenience_First,64.9,1,Highway,8,0.624,0.166,0.978,0.891,32.8,0.174
CUST01288,Chennai,Routine_Commuter,64.3,0,Office_Commercial,10,0.744,0.213,0.726,0.634,34.7,0.301
CUST01289,Jaipur,High_Mileage,70.4,1,Highway,17,0.559,0.747,0.7,0.833,18.4,0.552
CUST01290,Kolkata,Convenience_First,58.0,0,Residential,8,0.675,0.073,0.728,0.843,21.3,0.186
CUST01291,Delhi NCR,Convenience_First,53.2,0,Office_Commercial,5,0.894,0.347,0.84,0.615,22.6,0.37
CUST01292,Kolkata,Price_Sensitive,59.3,0,Residential,10,0.5,0.689,0.667,0.69,23.5,0.542
CUST01293,Bengaluru,Routine_Commuter,58.3,1,Office_Commercial,12,0.454,0.584,0.61,0.828,26.2,0.47
CUST01294,Kochi,Price_Sensitive,60.2,1,Residential,9,0.566,0.822,0.652,0.909,26.5,0.592
CUST01295,Mumbai,Routine_Commuter,53.5,0,Office_Commercial,9,0.63,0.682,0.665,0.542,18.1,0.574
CUST01296,Kolkata,Price_Sensitive,46.8,1,Residential,12,0.754,0.844,0.475,0.663,14.2,0.695
CUST01297,Kochi,Routine_Commuter,52.3,1,Residential,10,0.691,0.571,0.833,0.618,21.1,0.474
CUST01298,Ahmedabad,Routine_Commuter,64.8,0,Residential,8,0.593,0.701,0.793,0.612,29.1,0.545
CUST01299,Hyderabad,Convenience_First,56.6,1,Residential,5,0.837,0.216,0.698,0.853,28.4,0.285
CUST01300,Kochi,Price_Sensitive,40.9,0,Transit_Public,11,0.478,0.988,0.373,0.498,15.6,0.792
CUST01301,Delhi NCR,Price_Sensitive,35.0,1,Transit_Public,9,0.51,0.695,0.144,0.623,18.3,0.661
CUST01302,Mumbai,Routine_Commuter,59.3,1,Hotel,13,0.665,0.189,0.67,0.925,29.5,0.248
CUST01303,Hyderabad,Convenience_First,56.2,0,Transit_Public,8,0.773,0.35,0.921,0.73,24.2,0.326
CUST01304,Pune,Routine_Commuter,51.7,1,Office_Commercial,8,0.799,0.56,0.672,0.763,19.8,0.489
CUST01305,Chennai,Convenience_First,68.1,0,Residential,8,0.733,0.454,0.825,0.803,29.7,0.387
CUST01306,Pune,Convenience_First,61.3,1,Mall_Retail,10,0.809,0.357,0.884,0.804,23.2,0.33
CUST01307,Delhi NCR,Convenience_First,54.9,0,Mall_Retail,8,0.778,0.239,0.816,0.835,18.2,0.271
CUST01308,Ahmedabad,Convenience_First,52.7,0,Office_Commercial,7,0.687,0.191,0.951,0.722,18.8,0.225
CUST01309,Pune,Convenience_First,75.0,0,Office_Commercial,8,0.83,0.21,0.895,0.923,37.3,0.231
CUST01310,Lucknow,Price_Sensitive,51.0,1,Transit_Public,11,0.65,0.915,0.715,0.582,19.8,0.688
CUST01311,Ahmedabad,Convenience_First,54.5,0,Transit_Public,6,0.702,0.2,0.823,0.92,26.6,0.227
CUST01312,Kochi,Routine_Commuter,64.1,0,Residential,13,0.692,0.517,0.714,0.631,24.6,0.466
CUST01313,Pune,Price_Sensitive,53.7,1,Mall_Retail,8,0.668,0.716,0.377,0.441,19.1,0.669
CUST01314,Chennai,High_Mileage,64.7,0,Hotel,15,0.368,0.725,0.892,0.845,27.1,0.48
CUST01315,Ahmedabad,High_Mileage,88.5,0,Fleet,25,0.559,0.516,0.739,0.949,34.5,0.399
CUST01316,Chennai,Price_Sensitive,54.8,0,Highway,8,0.332,0.958,0.561,0.394,20.8,0.739
CUST01317,Pune,Price_Sensitive,56.1,1,Office_Commercial,10,0.474,0.94,0.591,0.279,29.0,0.754
CUST01318,Mumbai,Convenience_First,76.6,0,Hotel,7,0.815,0.205,0.725,0.789,31.8,0.281
CUST01319,Kolkata,Routine_Commuter,51.0,1,Residential,9,0.549,0.327,0.84,0.602,25.8,0.326
CUST01320,Kolkata,Convenience_First,55.6,1,Mall_Retail,10,0.756,0.28,0.99,0.724,26.4,0.273
CUST01321,Pune,Convenience_First,50.8,1,Highway,10,0.839,0.376,0.841,0.798,21.4,0.353
CUST01322,Delhi NCR,Price_Sensitive,40.8,0,Transit_Public,6,0.156,0.945,0.492,0.583,22.8,0.7
CUST01323,Jaipur,Price_Sensitive,63.2,1,Office_Commercial,10,0.53,0.808,0.758,0.477,26.4,0.624
CUST01324,Kolkata,Routine_Commuter,35.0,0,Office_Commercial,11,0.708,0.713,0.83,0.864,14.6,0.517
CUST01325,Mumbai,Routine_Commuter,59.3,0,Office_Commercial,12,0.801,0.482,0.86,0.813,24.4,0.402
CUST01326,Chandigarh,Routine_Commuter,38.2,1,Office_Commercial,14,0.95,0.674,0.605,0.99,21.8,0.546
CUST01327,Ahmedabad,Convenience_First,53.2,0,Mall_Retail,6,0.796,0.179,0.836,0.767,15.3,0.246
CUST01328,Mumbai,Routine_Commuter,76.4,1,Residential,12,0.808,0.597,0.869,0.84,18.7,0.46
CUST01329,Chennai,Convenience_First,55.1,0,Fleet,10,0.813,0.32,0.838,0.731,21.9,0.33
CUST01330,Mumbai,Routine_Commuter,58.2,0,Transit_Public,13,0.854,0.391,0.544,0.757,33.4,0.428
CUST01331,Pune,Price_Sensitive,43.3,0,Transit_Public,10,0.119,0.928,0.351,0.706,24.6,0.696
CUST01332,Chennai,Price_Sensitive,47.2,0,Mall_Retail,11,0.438,0.969,0.236,0.504,11.9,0.804
CUST01333,Mumbai,Price_Sensitive,58.4,0,Mall_Retail,11,0.649,0.901,0.435,0.462,26.7,0.754
CUST01334,Kolkata,Convenience_First,65.5,0,Office_Commercial,9,0.856,0.26,0.9,0.667,30.7,0.299
CUST01335,Mumbai,Convenience_First,67.4,0,Office_Commercial,10,0.81,0.339,0.865,0.685,25.9,0.342
CUST01336,Chennai,Routine_Commuter,56.6,1,Office_Commercial,9,0.781,0.528,0.606,0.881,30.1,0.465
CUST01337,Pune,Price_Sensitive,35.0,1,Transit_Public,11,0.271,0.841,0.644,0.607,17.5,0.62
CUST01338,Chandigarh,Price_Sensitive,44.6,1,Highway,12,0.703,0.693,0.471,0.525,23.2,0.629
CUST01339,Chennai,Price_Sensitive,69.1,0,Fleet,9,0.286,0.837,0.475,0.47,29.3,0.673
CUST01340,Hyderabad,Price_Sensitive,47.1,0,Residential,6,0.403,0.726,0.714,0.678,21.1,0.545
CUST01341,Mumbai,Price_Sensitive,41.3,0,Transit_Public,7,0.582,0.85,0.386,0.527,19.6,0.719
CUST01342,Kochi,Price_Sensitive,55.5,0,Mall_Retail,8,0.643,0.959,0.698,0.53,18.3,0.723
CUST01343,Delhi NCR,Convenience_First,70.6,0,Fleet,9,0.79,0.106,0.872,0.79,33.3,0.195
CUST01344,Kochi,Routine_Commuter,59.1,1,Office_Commercial,8,0.617,0.455,0.659,0.816,26.8,0.408
CUST01345,Mumbai,Price_Sensitive,66.4,0,Transit_Public,10,0.409,0.75,0.096,0.389,17.5,0.726
CUST01346,Delhi NCR,Price_Sensitive,54.3,1,Residential,9,0.481,0.643,0.418,0.755,17.4,0.555
CUST01347,Ahmedabad,Routine_Commuter,51.9,1,Residential,8,0.596,0.457,0.756,0.875,22.8,0.378
CUST01348,Delhi NCR,Routine_Commuter,56.4,0,Residential,12,0.732,0.495,0.808,0.987,20.7,0.385
CUST01349,Pune,Convenience_First,63.2,0,Office_Commercial,10,0.782,0.34,0.862,0.703,26.0,0.338
CUST01350,Lucknow,Convenience_First,69.0,0,Highway,5,0.853,0.298,0.884,0.791,33.2,0.304
CUST01351,Delhi NCR,Routine_Commuter,59.3,1,Office_Commercial,13,0.813,0.471,0.501,0.595,23.9,0.501
CUST01352,Hyderabad,Price_Sensitive,55.1,0,Transit_Public,10,0.265,0.868,0.359,0.464,14.4,0.713
CUST01353,Kochi,Routine_Commuter,55.8,0,Transit_Public,10,0.658,0.375,0.682,0.778,26.7,0.369
CUST01354,Kochi,Routine_Commuter,57.5,1,Residential,13,0.876,0.394,0.683,0.863,13.7,0.388
CUST01355,Lucknow,Price_Sensitive,43.5,1,Mall_Retail,12,0.407,0.855,0.338,0.497,21.8,0.719
CUST01356,Delhi NCR,Convenience_First,56.3,0,Mall_Retail,6,0.906,0.252,0.836,0.813,30.1,0.29
CUST01357,Chandigarh,Price_Sensitive,63.8,0,Transit_Public,10,0.501,0.866,0.221,0.271,28.8,0.792
CUST01358,Pune,Routine_Commuter,52.3,1,Residential,12,0.603,0.276,0.851,0.768,24.5,0.277
CUST01359,Kochi,Convenience_First,54.7,0,Mall_Retail,8,0.825,0.29,0.816,0.79,24.4,0.31
CUST01360,Bengaluru,Routine_Commuter,50.9,1,Mall_Retail,10,0.676,0.426,0.745,0.79,19.1,0.384
CUST01361,Mumbai,Routine_Commuter,49.8,0,Mall_Retail,13,0.722,0.389,0.769,0.647,20.3,0.386
CUST01362,Mumbai,Routine_Commuter,57.3,1,Hotel,8,0.739,0.267,0.34,0.603,15.2,0.412
CUST01363,Mumbai,Price_Sensitive,50.1,0,Residential,8,0.465,0.809,0.606,0.553,20.5,0.637
CUST01364,Jaipur,Price_Sensitive,56.2,1,Highway,12,0.446,0.943,0.323,0.779,20.7,0.732
CUST01365,Kochi,High_Mileage,59.3,0,Transit_Public,23,0.561,0.802,0.797,0.77,32.5,0.573
CUST01366,Delhi NCR,High_Mileage,79.8,0,Fleet,21,0.479,0.65,0.703,0.96,38.8,0.471
CUST01367,Hyderabad,Routine_Commuter,52.7,1,Mall_Retail,13,0.791,0.588,0.587,0.639,23.6,0.54
CUST01368,Mumbai,Routine_Commuter,59.2,0,Residential,13,0.698,0.545,0.55,0.558,23.3,0.526
CUST01369,Bengaluru,Routine_Commuter,66.1,1,Residential,9,0.912,0.296,0.785,0.419,34.6,0.384
CUST01370,Bengaluru,Routine_Commuter,48.4,1,Mall_Retail,11,0.677,0.403,0.774,0.669,19.1,0.384
CUST01371,Kochi,Price_Sensitive,50.4,1,Office_Commercial,6,0.421,0.973,0.449,0.492,22.2,0.764
CUST01372,Lucknow,Convenience_First,47.2,1,Office_Commercial,8,0.951,0.17,0.77,0.823,25.9,0.261
CUST01373,Pune,Routine_Commuter,50.6,0,Residential,10,0.872,0.475,0.713,0.851,22.8,0.428
CUST01374,Kochi,Price_Sensitive,53.2,0,Transit_Public,8,0.271,0.585,0.91,0.634,19.0,0.422
CUST01375,Chandigarh,Routine_Commuter,71.4,1,Transit_Public,12,0.628,0.348,0.618,0.682,31.5,0.378
CUST01376,Kolkata,Convenience_First,45.1,0,Residential,8,0.929,0.264,0.796,0.747,15.7,0.317
CUST01377,Bengaluru,Price_Sensitive,60.0,1,Residential,7,0.213,0.643,0.332,0.802,19.2,0.538
CUST01378,Mumbai,Price_Sensitive,37.7,1,Residential,8,0.462,0.982,0.461,0.763,18.0,0.73
CUST01379,Hyderabad,Price_Sensitive,52.4,0,Transit_Public,12,0.631,0.907,0.373,0.438,27.9,0.772
CUST01380,Kolkata,Routine_Commuter,63.9,0,Office_Commercial,12,0.793,0.233,0.606,0.755,31.3,0.323
CUST01381,Chandigarh,Convenience_First,62.8,0,Office_Commercial,9,0.857,0.205,0.983,0.689,26.0,0.249
CUST01382,Chandigarh,Routine_Commuter,61.1,1,Hotel,14,0.592,0.681,0.728,0.841,22.1,0.512
CUST01383,Kochi,Routine_Commuter,54.5,0,Residential,14,0.666,0.322,0.646,0.785,24.3,0.347
CUST01384,Lucknow,Price_Sensitive,35.4,1,Transit_Public,7,0.85,0.882,0.062,0.974,12.8,0.762
CUST01385,Chennai,Convenience_First,58.7,0,Fleet,10,0.812,0.365,0.793,0.661,27.1,0.374
CUST01386,Delhi NCR,Price_Sensitive,65.2,0,Hotel,11,0.352,0.834,0.335,0.579,29.4,0.69
CUST01387,Chennai,Convenience_First,78.6,0,Highway,9,0.863,0.319,0.863,0.794,35.9,0.32
CUST01388,Chandigarh,Routine_Commuter,63.5,1,Mall_Retail,9,0.737,0.439,0.651,0.604,26.4,0.445
CUST01389,Jaipur,Price_Sensitive,59.3,0,Residential,6,0.274,0.746,0.346,0.596,24.3,0.629
CUST01390,Lucknow,Convenience_First,51.9,0,Residential,10,0.918,0.261,0.871,0.635,27.4,0.316
CUST01391,Kolkata,Routine_Commuter,56.1,1,Hotel,13,0.62,0.785,0.849,0.706,23.2,0.568
CUST01392,Mumbai,Routine_Commuter,57.0,1,Office_Commercial,12,0.594,0.329,0.695,0.629,19.1,0.357
CUST01393,Delhi NCR,High_Mileage,84.3,0,Highway,15,0.821,0.702,0.954,0.905,41.5,0.492
CUST01394,Chandigarh,Convenience_First,53.3,1,Mall_Retail,10,0.806,0.364,0.968,0.741,18.4,0.326
CUST01395,Kochi,Routine_Commuter,57.6,0,Mall_Retail,13,0.655,0.739,0.505,0.919,22.2,0.583
CUST01396,Mumbai,Price_Sensitive,37.3,0,Office_Commercial,10,0.886,0.728,0.29,0.593,17.0,0.692
CUST01397,Bengaluru,Routine_Commuter,50.1,0,Residential,12,0.667,0.511,0.589,0.65,17.3,0.483
CUST01398,Kolkata,High_Mileage,68.9,1,Fleet,25,0.882,0.546,0.722,0.867,31.4,0.464
CUST01399,Kolkata,Price_Sensitive,63.0,0,Office_Commercial,10,0.643,0.978,0.68,0.922,36.1,0.678
CUST01400,Bengaluru,Routine_Commuter,43.7,1,Residential,9,0.638,0.592,0.654,0.778,18.9,0.492
CUST01401,Bengaluru,Price_Sensitive,52.6,1,Transit_Public,10,0.555,0.83,0.51,0.905,15.3,0.624
CUST01402,Mumbai,Price_Sensitive,57.7,0,Residential,6,0.212,0.784,0.469,0.739,28.3,0.598
CUST01403,Hyderabad,Price_Sensitive,54.9,0,Mall_Retail,9,0.568,0.694,0.638,0.835,21.5,0.535
CUST01404,Chandigarh,Price_Sensitive,46.9,1,Residential,6,0.661,0.857,0.35,0.47,27.1,0.747
CUST01405,Delhi NCR,Convenience_First,45.5,1,Transit_Public,10,0.697,0.272,0.797,0.963,21.6,0.266
CUST01406,Chandigarh,Routine_Commuter,57.7,1,Mall_Retail,9,0.811,0.427,0.709,0.84,28.9,0.398
CUST01407,Lucknow,Convenience_First,50.1,0,Highway,6,0.874,0.206,0.744,0.935,17.5,0.262
CUST01408,Pune,Price_Sensitive,37.7,0,Hotel,12,0.657,0.759,0.8,0.245,16.9,0.636
CUST01409,Bengaluru,Routine_Commuter,66.4,1,Transit_Public,14,0.756,0.385,0.778,0.799,37.3,0.362
CUST01410,Bengaluru,Routine_Commuter,59.1,0,Mall_Retail,8,0.689,0.46,0.772,0.749,21.2,0.405
CUST01411,Mumbai,Routine_Commuter,58.6,0,Transit_Public,14,0.941,0.484,0.425,0.887,33.7,0.492
CUST01412,Chennai,Price_Sensitive,43.1,1,Highway,11,0.552,0.941,0.503,0.406,17.8,0.761
CUST01413,Mumbai,Routine_Commuter,63.7,1,Transit_Public,8,0.737,0.457,0.558,0.592,28.4,0.475
CUST01414,Delhi NCR,Convenience_First,67.6,0,Transit_Public,8,0.925,0.391,0.762,0.779,24.1,0.388
CUST01415,Mumbai,Convenience_First,69.1,0,Transit_Public,8,0.914,0.329,0.759,0.855,32.8,0.342
CUST01416,Ahmedabad,Price_Sensitive,36.3,0,Residential,9,0.448,0.835,0.396,0.55,12.0,0.692
CUST01417,Delhi NCR,Price_Sensitive,53.7,1,Residential,8,0.589,0.841,0.61,0.688,28.6,0.646
CUST01418,Kochi,Routine_Commuter,68.4,0,Office_Commercial,13,0.765,0.573,0.969,0.918,28.3,0.41
CUST01419,Delhi NCR,Convenience_First,76.2,0,Highway,10,0.849,0.142,0.893,0.684,41.4,0.232
CUST01420,Pune,High_Mileage,57.4,0,Fleet,20,0.492,0.622,0.683,0.787,29.5,0.486
CUST01421,Bengaluru,Convenience_First,52.2,0,Highway,5,0.687,0.207,0.917,0.834,24.0,0.224
CUST01422,Hyderabad,Price_Sensitive,54.2,1,Office_Commercial,8,0.411,0.713,0.421,0.726,20.1,0.59
CUST01423,Bengaluru,High_Mileage,92.1,0,Highway,16,0.486,0.583,0.848,0.938,37.0,0.409
CUST01424,Chennai,Routine_Commuter,55.6,1,Office_Commercial,13,0.713,0.501,0.605,0.437,25.2,0.51
CUST01425,Bengaluru,Convenience_First,66.8,1,Highway,10,0.864,0.21,0.855,0.681,24.6,0.279
CUST01426,Chandigarh,Price_Sensitive,62.2,1,Highway,12,0.61,0.766,0.541,0.751,19.6,0.612
CUST01427,Bengaluru,Routine_Commuter,54.9,1,Office_Commercial,14,0.633,0.437,0.606,0.656,34.0,0.434
CUST01428,Bengaluru,Routine_Commuter,47.7,0,Mall_Retail,14,0.887,0.462,0.633,0.609,13.9,0.475
CUST01429,Kochi,Convenience_First,60.0,1,Residential,8,0.826,0.187,0.839,0.764,28.6,0.253
CUST01430,Hyderabad,Price_Sensitive,50.3,0,Office_Commercial,9,0.461,0.92,0.528,0.525,20.9,0.718
CUST01431,Ahmedabad,High_Mileage,50.9,1,Residential,24,0.696,0.912,0.674,0.913,22.7,0.649
CUST01432,Pune,Convenience_First,56.6,0,Highway,9,0.776,0.323,0.785,0.795,27.5,0.329
CUST01433,Bengaluru,Convenience_First,63.3,1,Highway,6,0.914,0.189,0.879,0.706,25.4,0.264
CUST01434,Delhi NCR,Routine_Commuter,62.5,0,Residential,11,0.758,0.373,0.558,0.722,25.8,0.411
CUST01435,Bengaluru,Convenience_First,61.9,1,Highway,6,0.977,0.111,0.801,0.895,27.7,0.214
CUST01436,Bengaluru,Convenience_First,57.9,0,Highway,9,0.846,0.119,0.966,0.97,33.4,0.161
CUST01437,Chandigarh,Routine_Commuter,68.0,1,Transit_Public,12,0.682,0.59,0.621,0.934,27.5,0.479
CUST01438,Chennai,Price_Sensitive,46.1,0,Mall_Retail,10,0.358,0.558,0.239,0.385,15.4,0.587
CUST01439,Bengaluru,Convenience_First,51.1,1,Office_Commercial,10,0.72,0.195,0.812,0.869,20.8,0.236
CUST01440,Mumbai,Convenience_First,75.6,1,Transit_Public,6,0.816,0.192,0.762,0.793,23.8,0.266
CUST01441,Chandigarh,High_Mileage,63.7,0,Fleet,15,0.517,0.627,0.715,0.728,28.3,0.494
CUST01442,Jaipur,Convenience_First,70.1,0,Mall_Retail,7,0.683,0.339,0.889,0.806,37.2,0.306
CUST01443,Hyderabad,Convenience_First,67.0,1,Transit_Public,10,0.81,0.355,0.854,0.859,21.6,0.326
CUST01444,Pune,Routine_Commuter,58.3,1,Transit_Public,10,0.831,0.655,0.77,0.773,26.7,0.523
CUST01445,Bengaluru,Price_Sensitive,66.1,0,Residential,7,0.335,0.931,0.728,0.203,35.4,0.719
CUST01446,Pune,Convenience_First,59.4,1,Residential,6,0.81,0.302,0.843,0.866,23.1,0.298
CUST01447,Mumbai,Routine_Commuter,45.5,0,Office_Commercial,8,0.626,0.24,0.606,0.864,19.6,0.294
CUST01448,Delhi NCR,Convenience_First,54.9,1,Office_Commercial,9,0.678,0.253,0.892,0.909,22.5,0.242
CUST01449,Mumbai,Convenience_First,69.3,1,Mall_Retail,9,0.845,0.27,0.825,0.867,24.0,0.288
CUST01450,Hyderabad,High_Mileage,67.3,0,Fleet,23,0.759,0.782,0.867,0.944,27.4,0.541
CUST01451,Hyderabad,High_Mileage,85.3,0,Fleet,23,0.6,0.876,0.767,0.858,20.8,0.61
CUST01452,Hyderabad,Convenience_First,53.1,0,Highway,10,0.901,0.289,0.909,0.754,22.1,0.304
CUST01453,Bengaluru,Routine_Commuter,51.4,0,Office_Commercial,8,0.744,0.442,0.671,0.691,24.7,0.43
CUST01454,Bengaluru,Routine_Commuter,64.7,1,Residential,10,0.528,0.518,0.783,0.804,28.9,0.41
CUST01455,Kolkata,Routine_Commuter,43.2,1,Office_Commercial,9,0.74,0.573,0.8,0.772,23.0,0.464
CUST01456,Pune,Price_Sensitive,57.9,1,Office_Commercial,8,0.359,0.775,0.542,0.479,19.1,0.632
CUST01457,Jaipur,High_Mileage,59.0,1,Highway,21,0.797,0.659,0.657,0.781,22.5,0.544
CUST01458,Bengaluru,Price_Sensitive,55.2,0,Hotel,11,0.398,0.894,0.534,0.573,19.5,0.689
CUST01459,Pune,Convenience_First,50.6,0,Highway,8,0.781,0.273,0.888,0.908,19.1,0.265
CUST01460,Mumbai,Routine_Commuter,61.0,1,Residential,10,0.801,0.797,0.486,0.606,25.1,0.681
CUST01461,Kolkata,Price_Sensitive,64.7,0,Hotel,8,0.119,0.706,0.622,0.741,34.0,0.514
CUST01462,Mumbai,Convenience_First,74.1,1,Hotel,10,0.799,0.119,0.857,0.801,31.6,0.204
CUST01463,Chennai,High_Mileage,86.4,1,Mall_Retail,20,0.479,0.543,0.891,0.729,36.3,0.409
CUST01464,Bengaluru,Routine_Commuter,50.3,1,Residential,12,0.728,0.49,0.605,0.716,19.6,0.464
CUST01465,Ahmedabad,Routine_Commuter,48.4,1,Residential,14,0.523,0.57,0.651,0.549,27.0,0.503
CUST01466,Hyderabad,Routine_Commuter,57.5,1,Mall_Retail,8,0.618,0.48,0.638,0.738,18.8,0.438
CUST01467,Chandigarh,Routine_Commuter,38.6,1,Residential,9,0.748,0.486,0.755,0.695,13.9,0.437
CUST01468,Kochi,Price_Sensitive,58.7,1,Office_Commercial,6,0.514,0.831,0.486,0.584,23.8,0.674
CUST01469,Ahmedabad,Price_Sensitive,51.9,0,Mall_Retail,7,0.241,0.822,0.552,0.525,16.9,0.637
CUST01470,Lucknow,Convenience_First,63.7,0,Hotel,9,0.716,0.315,0.953,0.563,23.5,0.32
CUST01471,Jaipur,High_Mileage,57.9,0,Mall_Retail,18,0.538,0.616,0.702,0.955,22.5,0.459
CUST01472,Kochi,Price_Sensitive,35.0,0,Residential,7,0.416,0.871,0.336,0.502,16.6,0.728
CUST01473,Ahmedabad,Convenience_First,59.1,1,Highway,6,0.819,0.289,0.783,0.683,21.4,0.332
CUST01474,Mumbai,Convenience_First,40.6,0,Fleet,10,0.814,0.277,0.865,0.661,15.9,0.312
CUST01475,Mumbai,Price_Sensitive,52.2,1,Office_Commercial,10,0.717,0.935,0.638,0.357,16.1,0.755
CUST01476,Jaipur,Routine_Commuter,75.5,1,Transit_Public,14,0.481,0.471,0.386,0.59,31.8,0.491
CUST01477,Pune,Routine_Commuter,59.0,1,Mall_Retail,9,0.613,0.558,0.542,0.99,21.2,0.461
CUST01478,Mumbai,Routine_Commuter,53.0,0,Residential,11,0.654,0.222,0.54,0.831,19.0,0.305
CUST01479,Bengaluru,Price_Sensitive,58.7,1,Mall_Retail,11,0.592,0.781,0.444,0.681,27.4,0.648
CUST01480,Chennai,Routine_Commuter,57.7,1,Transit_Public,9,0.843,0.536,0.66,0.734,30.0,0.487
CUST01481,Kolkata,High_Mileage,79.2,0,Highway,17,0.581,0.77,0.85,0.942,32.3,0.52
CUST01482,Ahmedabad,Price_Sensitive,39.2,0,Transit_Public,6,0.182,0.957,0.326,0.577,12.9,0.743
CUST01483,Mumbai,High_Mileage,60.1,0,Office_Commercial,16,0.5,0.702,0.828,0.795,20.1,0.501
CUST01484,Delhi NCR,High_Mileage,64.2,0,Office_Commercial,15,0.856,0.551,0.659,0.89,34.9,0.473
CUST01485,Chennai,High_Mileage,67.0,0,Fleet,23,0.5,0.725,0.915,0.886,27.1,0.483
CUST01486,Jaipur,Routine_Commuter,49.5,0,Office_Commercial,13,0.598,0.323,0.673,0.536,16.9,0.372
CUST01487,Jaipur,Routine_Commuter,62.0,1,Residential,14,0.922,0.504,0.675,0.875,19.3,0.453
CUST01488,Pune,Routine_Commuter,49.6,1,Transit_Public,11,0.876,0.581,0.448,0.575,19.8,0.581
CUST01489,Pune,High_Mileage,53.2,0,Hotel,17,0.611,0.548,0.56,0.762,23.0,0.486
CUST01490,Bengaluru,Price_Sensitive,35.0,1,Transit_Public,12,0.623,0.803,0.591,0.766,13.2,0.621
CUST01491,Kochi,Convenience_First,63.4,0,Residential,10,0.72,0.222,0.902,0.822,31.7,0.24
CUST01492,Pune,Routine_Commuter,47.7,0,Mall_Retail,10,0.825,0.895,0.826,0.709,22.0,0.653
CUST01493,Bengaluru,Routine_Commuter,44.9,0,Office_Commercial,8,0.553,0.291,0.664,0.619,16.6,0.34
CUST01494,Bengaluru,Routine_Commuter,53.5,0,Office_Commercial,14,0.842,0.726,0.698,0.747,28.2,0.582
CUST01495,Chandigarh,Routine_Commuter,61.5,0,Transit_Public,12,0.761,0.516,0.567,0.564,28.1,0.512
CUST01496,Delhi NCR,Routine_Commuter,50.0,1,Hotel,12,0.706,0.69,0.486,0.532,23.6,0.623
CUST01497,Lucknow,Routine_Commuter,46.8,1,Office_Commercial,9,0.787,0.558,0.681,0.565,14.2,0.515
CUST01498,Lucknow,Price_Sensitive,50.5,0,Transit_Public,7,0.329,0.757,0.312,0.647,19.6,0.64
CUST01499,Bengaluru,Convenience_First,66.9,1,Highway,7,0.989,0.088,0.963,0.965,24.3,0.16
CUST01500,Chennai,Convenience_First,47.0,0,Highway,8,0.735,0.361,0.798,0.797,15.3,0.343
CUST01501,Ahmedabad,Routine_Commuter,61.3,1,Residential,9,0.773,0.591,0.664,0.68,21.6,0.518
CUST01502,Pune,Routine_Commuter,65.6,0,Residential,12,0.544,0.454,0.836,0.595,25.3,0.398
CUST01503,Delhi NCR,Routine_Commuter,58.8,1,Residential,13,0.703,0.393,0.597,0.881,20.1,0.385
CUST01504,Chandigarh,Price_Sensitive,65.2,1,Transit_Public,10,0.537,0.825,0.588,0.69,37.2,0.637
CUST01505,Kochi,High_Mileage,63.8,1,Fleet,19,0.386,0.62,0.962,0.861,26.3,0.408
CUST01506,Mumbai,Routine_Commuter,44.0,1,Office_Commercial,13,0.82,0.486,0.549,0.615,21.9,0.497
CUST01507,Kochi,Price_Sensitive,45.6,0,Office_Commercial,10,0.313,0.85,0.447,0.694,22.0,0.655
CUST01508,Mumbai,Convenience_First,49.1,0,Mall_Retail,10,0.853,0.32,0.857,0.723,23.6,0.332
CUST01509,Bengaluru,Convenience_First,48.9,0,Office_Commercial,6,0.774,0.171,0.89,0.771,19.6,0.228
CUST01510,Delhi NCR,Routine_Commuter,70.9,0,Residential,10,0.86,0.392,0.712,0.639,28.1,0.414
CUST01511,Ahmedabad,Price_Sensitive,57.5,1,Office_Commercial,9,0.57,0.82,0.273,0.496,26.1,0.729
CUST01512,Delhi NCR,High_Mileage,92.9,0,Fleet,25,0.337,0.592,0.876,0.99,45.1,0.386
CUST01513,Mumbai,High_Mileage,66.7,0,Hotel,23,0.71,0.74,0.797,0.787,25.8,0.55
CUST01514,Mumbai,Routine_Commuter,62.0,0,Office_Commercial,10,0.787,0.546,0.649,0.61,25.1,0.508
CUST01515,Hyderabad,Routine_Commuter,67.4,1,Office_Commercial,8,0.653,0.48,0.759,0.769,31.2,0.412
CUST01516,Jaipur,Routine_Commuter,58.5,1,Office_Commercial,14,0.641,0.314,0.863,0.57,30.5,0.329
CUST01517,Chandigarh,Routine_Commuter,55.6,0,Highway,8,0.721,0.833,0.77,0.612,25.1,0.634
CUST01518,Chennai,Price_Sensitive,44.3,1,Hotel,12,0.445,0.744,0.351,0.054,20.0,0.726
CUST01519,Bengaluru,Price_Sensitive,61.0,0,Hotel,6,0.664,0.931,0.327,0.62,18.4,0.77
CUST01520,Hyderabad,Routine_Commuter,47.2,1,Office_Commercial,9,0.774,0.551,0.804,0.609,17.5,0.478
CUST01521,Pune,Convenience_First,44.1,1,Office_Commercial,8,0.959,0.147,0.942,0.794,20.0,0.219
CUST01522,Lucknow,Price_Sensitive,52.0,0,Residential,8,0.422,0.73,0.29,0.565,16.8,0.651
CUST01523,Ahmedabad,Convenience_First,65.1,0,Office_Commercial,9,0.862,0.268,0.818,0.807,20.5,0.299
CUST01524,Delhi NCR,Price_Sensitive,49.9,0,Mall_Retail,7,0.635,0.829,0.702,0.631,24.0,0.635
CUST01525,Pune,Routine_Commuter,60.3,0,Office_Commercial,12,0.566,0.34,0.336,0.83,26.2,0.402
CUST01526,Delhi NCR,Price_Sensitive,41.3,0,Mall_Retail,12,0.606,0.808,0.657,0.651,18.9,0.626
CUST01527,Bengaluru,Price_Sensitive,53.1,1,Fleet,12,0.239,0.944,0.409,0.725,21.4,0.703
CUST01528,Kolkata,Routine_Commuter,56.6,0,Office_Commercial,14,0.797,0.765,0.423,0.99,23.8,0.617
CUST01529,Bengaluru,High_Mileage,66.3,0,Office_Commercial,23,0.467,0.834,0.569,0.895,21.9,0.607
CUST01530,Hyderabad,Routine_Commuter,49.4,1,Office_Commercial,11,0.721,0.542,0.708,0.705,18.8,0.473
CUST01531,Chandigarh,Price_Sensitive,52.0,0,Residential,11,0.675,0.943,0.673,0.661,24.8,0.702
CUST01532,Pune,Convenience_First,37.7,0,Office_Commercial,9,0.809,0.316,0.75,0.683,13.5,0.353
CUST01533,Delhi NCR,Convenience_First,50.3,0,Highway,5,0.782,0.107,0.99,0.796,26.3,0.169
CUST01534,Chennai,Price_Sensitive,63.8,0,Residential,10,0.431,0.863,0.633,0.741,14.1,0.63
CUST01535,Hyderabad,Convenience_First,53.6,0,Mall_Retail,7,0.901,0.241,0.99,0.762,23.7,0.261
CUST01536,Hyderabad,Routine_Commuter,46.2,1,Hotel,13,0.713,0.215,0.725,0.732,25.9,0.285
CUST01537,Chennai,Convenience_First,59.9,1,Mall_Retail,7,0.722,0.194,0.882,0.779,23.7,0.236
CUST01538,Mumbai,Price_Sensitive,49.1,1,Fleet,8,0.536,0.884,0.528,0.625,14.1,0.691
CUST01539,Mumbai,Routine_Commuter,53.1,0,Hotel,12,0.863,0.405,0.822,0.456,14.1,0.426
CUST01540,Pune,Routine_Commuter,58.3,1,Transit_Public,11,0.678,0.51,0.714,0.564,21.8,0.471
CUST01541,Hyderabad,Routine_Commuter,53.4,0,Hotel,8,0.797,0.575,0.684,0.828,23.7,0.485
CUST01542,Kochi,Price_Sensitive,59.2,0,Residential,11,0.677,0.746,0.491,0.926,29.9,0.591
CUST01543,Bengaluru,Routine_Commuter,62.1,1,Mall_Retail,12,0.963,0.481,0.682,0.612,28.8,0.483
CUST01544,Pune,Price_Sensitive,59.5,1,Residential,12,0.498,0.766,0.422,0.414,26.7,0.675
CUST01545,Bengaluru,Routine_Commuter,52.0,0,Mall_Retail,13,0.691,0.558,0.431,0.576,22.9,0.553
CUST01546,Mumbai,Routine_Commuter,48.6,0,Mall_Retail,8,0.73,0.592,0.648,0.773,25.2,0.503
CUST01547,Delhi NCR,Routine_Commuter,53.7,0,Residential,14,0.724,0.457,0.463,0.559,19.6,0.497
CUST01548,Delhi NCR,Convenience_First,69.1,0,Fleet,9,0.881,0.331,0.959,0.751,28.9,0.315
CUST01549,Delhi NCR,Price_Sensitive,52.3,0,Fleet,7,0.438,0.956,0.416,0.664,22.2,0.737
CUST01550,Mumbai,Routine_Commuter,57.5,1,Residential,13,0.706,0.836,0.819,0.818,14.1,0.594
CUST01551,Chennai,Routine_Commuter,65.0,1,Mall_Retail,9,0.66,0.493,0.493,0.503,31.9,0.513
CUST01552,Bengaluru,Convenience_First,47.5,1,Highway,8,0.914,0.114,0.849,0.755,17.5,0.221
CUST01553,Bengaluru,Convenience_First,58.7,1,Fleet,9,0.866,0.325,0.839,0.86,15.8,0.319
CUST01554,Mumbai,High_Mileage,82.1,0,Highway,19,0.379,0.543,0.638,0.931,36.5,0.419
CUST01555,Pune,Convenience_First,62.1,0,Highway,6,0.691,0.379,0.893,0.808,25.1,0.328
CUST01556,Pune,Convenience_First,62.0,0,Hotel,9,0.782,0.273,0.85,0.889,27.8,0.275
CUST01557,Pune,Routine_Commuter,52.8,1,Transit_Public,9,0.646,0.614,0.473,0.706,14.7,0.552
CUST01558,Ahmedabad,Convenience_First,45.7,1,Highway,10,0.99,0.183,0.866,0.813,19.5,0.255
CUST01559,Delhi NCR,Routine_Commuter,65.2,1,Residential,13,0.842,0.602,0.826,0.602,16.7,0.51
CUST01560,Pune,Routine_Commuter,67.6,0,Residential,8,0.675,0.317,0.875,0.657,35.5,0.318
CUST01561,Kochi,Convenience_First,55.1,1,Residential,7,0.705,0.204,0.894,0.67,21.8,0.253
CUST01562,Hyderabad,Routine_Commuter,55.6,1,Residential,12,0.668,0.493,0.637,0.687,28.2,0.458
CUST01563,Mumbai,Routine_Commuter,50.9,1,Mall_Retail,8,0.765,0.675,0.547,0.99,25.3,0.54
CUST01564,Mumbai,High_Mileage,85.2,0,Highway,22,0.629,0.709,0.85,0.99,40.1,0.484
CUST01565,Kochi,Price_Sensitive,54.3,0,Residential,7,0.372,0.935,0.668,0.517,31.6,0.69
CUST01566,Hyderabad,High_Mileage,66.3,0,Highway,16,0.596,0.813,0.46,0.874,27.1,0.634
CUST01567,Delhi NCR,Routine_Commuter,56.9,0,Office_Commercial,11,0.597,0.316,0.597,0.823,27.2,0.341
CUST01568,Jaipur,Routine_Commuter,51.7,0,Residential,11,0.407,0.426,0.622,0.611,25.8,0.409
CUST01569,Bengaluru,Convenience_First,63.7,1,Office_Commercial,8,0.645,0.207,0.776,0.928,21.4,0.234
CUST01570,Hyderabad,Routine_Commuter,71.2,1,Mall_Retail,11,0.769,0.468,0.657,0.716,30.5,0.445
CUST01571,Bengaluru,Convenience_First,68.5,0,Residential,10,0.783,0.166,0.943,0.802,46.3,0.211
CUST01572,Delhi NCR,High_Mileage,81.1,0,Transit_Public,16,0.541,0.882,0.598,0.8,41.0,0.65
CUST01573,Bengaluru,Price_Sensitive,41.6,1,Transit_Public,9,0.278,0.878,0.519,0.439,15.3,0.691
CUST01574,Hyderabad,Routine_Commuter,54.6,1,Office_Commercial,11,0.676,0.567,0.934,0.746,20.4,0.431
CUST01575,Pune,Routine_Commuter,50.3,1,Residential,10,0.748,0.597,0.722,0.903,20.3,0.474
CUST01576,Kolkata,Price_Sensitive,51.3,1,Residential,12,0.557,0.738,0.682,0.667,24.3,0.575
CUST01577,Delhi NCR,Routine_Commuter,59.6,0,Residential,13,0.798,0.191,0.704,0.803,16.5,0.273
CUST01578,Delhi NCR,Price_Sensitive,44.2,1,Hotel,10,0.687,0.747,0.601,0.31,24.5,0.663
CUST01579,Kochi,Routine_Commuter,63.9,0,Office_Commercial,13,0.61,0.424,0.947,0.811,24.3,0.333
CUST01580,Kolkata,Routine_Commuter,57.3,0,Mall_Retail,12,0.666,0.527,0.581,0.754,24.5,0.477
CUST01581,Kolkata,Routine_Commuter,58.3,0,Office_Commercial,12,0.852,0.345,0.941,0.711,22.6,0.33
CUST01582,Chennai,Convenience_First,53.1,0,Hotel,7,0.858,0.267,0.857,0.729,25.1,0.302
CUST01583,Ahmedabad,Price_Sensitive,48.6,0,Highway,11,0.561,0.803,0.219,0.515,16.0,0.727
CUST01584,Bengaluru,Convenience_First,58.2,0,Residential,9,0.676,0.232,0.767,0.725,30.7,0.283
CUST01585,Pune,Convenience_First,75.8,1,Residential,5,0.696,0.226,0.897,0.887,32.4,0.231
CUST01586,Hyderabad,Routine_Commuter,54.1,1,Residential,9,0.61,0.529,0.473,0.656,18.5,0.509
CUST01587,Bengaluru,Convenience_First,61.5,0,Transit_Public,8,0.842,0.088,0.81,0.905,25.4,0.185
CUST01588,Chandigarh,Price_Sensitive,68.8,1,Transit_Public,6,0.48,0.976,0.291,0.395,28.6,0.818
CUST01589,Delhi NCR,Routine_Commuter,50.8,0,Mall_Retail,10,0.744,0.523,0.541,0.752,29.2,0.491
CUST01590,Pune,Routine_Commuter,38.7,1,Residential,13,0.712,0.577,0.63,0.878,13.6,0.481
CUST01591,Lucknow,Price_Sensitive,38.2,0,Highway,8,0.743,0.691,0.275,0.399,15.1,0.689
CUST01592,Delhi NCR,Routine_Commuter,57.9,1,Office_Commercial,14,0.796,0.783,0.573,0.927,26.1,0.606
CUST01593,Hyderabad,Convenience_First,61.0,0,Mall_Retail,9,0.869,0.208,0.927,0.704,26.9,0.26
CUST01594,Ahmedabad,Price_Sensitive,70.2,1,Mall_Retail,10,0.515,0.795,0.513,0.472,25.7,0.665
CUST01595,Mumbai,Routine_Commuter,48.9,1,Mall_Retail,14,0.77,0.376,0.59,0.922,17.8,0.378
CUST01596,Chennai,Convenience_First,59.7,1,Office_Commercial,7,0.77,0.29,0.866,0.69,29.0,0.31
CUST01597,Bengaluru,Routine_Commuter,45.9,1,Office_Commercial,8,0.93,0.498,0.567,0.79,18.4,0.485
CUST01598,Pune,Price_Sensitive,55.3,1,Residential,10,0.648,0.854,0.441,0.173,22.5,0.77
CUST01599,Ahmedabad,Convenience_First,74.1,1,Office_Commercial,10,0.958,0.296,0.84,0.939,27.9,0.3
CUST01600,Delhi NCR,Convenience_First,48.6,0,Highway,9,0.725,0.217,0.881,0.602,18.5,0.276
CUST01601,Kolkata,High_Mileage,71.1,0,Fleet,25,0.377,0.61,0.717,0.835,20.9,0.455
CUST01602,Chandigarh,Convenience_First,62.3,0,Office_Commercial,6,0.734,0.278,0.945,0.973,26.0,0.241
CUST01603,Chennai,Routine_Commuter,68.2,1,Residential,11,0.913,0.555,0.567,0.568,30.1,0.548
CUST01604,Bengaluru,Convenience_First,56.9,0,Transit_Public,5,0.714,0.214,0.809,0.474,23.9,0.306
CUST01605,Hyderabad,Routine_Commuter,57.3,0,Mall_Retail,14,0.76,0.589,0.785,0.775,31.3,0.477
CUST01606,Hyderabad,Convenience_First,80.0,1,Office_Commercial,5,0.929,0.181,0.903,0.672,20.0,0.261
CUST01607,Ahmedabad,Price_Sensitive,49.5,0,Office_Commercial,12,0.682,0.777,0.651,0.386,23.6,0.658
CUST01608,Pune,Convenience_First,64.4,0,Mall_Retail,6,0.739,0.289,0.989,0.632,30.8,0.29
CUST01609,Delhi NCR,Routine_Commuter,58.6,0,Office_Commercial,8,0.632,0.466,0.52,0.898,29.3,0.431
CUST01610,Bengaluru,Convenience_First,68.6,0,Mall_Retail,10,0.911,0.29,0.789,0.862,35.6,0.313
CUST01611,Bengaluru,Convenience_First,60.6,0,Fleet,6,0.952,0.246,0.757,0.99,13.6,0.281
CUST01612,Mumbai,Price_Sensitive,63.0,1,Transit_Public,9,0.574,0.927,0.316,0.656,24.2,0.756
CUST01613,Kolkata,Convenience_First,65.7,0,Highway,7,0.886,0.248,0.73,0.707,17.4,0.323
CUST01614,Chennai,Convenience_First,63.2,1,Highway,9,0.942,0.271,0.823,0.899,27.2,0.294
CUST01615,Hyderabad,Routine_Commuter,38.5,0,Transit_Public,14,0.924,0.45,0.758,0.614,11.6,0.446
CUST01616,Kochi,Routine_Commuter,58.3,0,Residential,10,0.613,0.331,0.65,0.798,28.6,0.343
CUST01617,Chandigarh,Price_Sensitive,50.0,1,Office_Commercial,8,0.714,0.693,0.653,0.809,11.6,0.55
CUST01618,Chennai,Price_Sensitive,51.5,0,Transit_Public,8,0.618,0.732,0.44,0.706,20.7,0.621
CUST01619,Bengaluru,Convenience_First,38.5,0,Transit_Public,7,0.809,0.301,0.853,0.682,19.0,0.324
CUST01620,Bengaluru,Routine_Commuter,43.0,1,Mall_Retail,8,0.779,0.721,0.69,0.948,15.2,0.544
CUST01621,Hyderabad,Routine_Commuter,67.0,0,Residential,9,0.911,0.644,0.569,0.521,27.7,0.603
CUST01622,Chennai,Convenience_First,54.6,0,Mall_Retail,8,0.802,0.393,0.971,0.816,24.9,0.329
CUST01623,Ahmedabad,High_Mileage,59.1,0,Highway,21,0.716,0.677,0.68,0.937,25.0,0.517
CUST01624,Chandigarh,High_Mileage,74.5,0,Fleet,22,0.441,0.67,0.856,0.905,29.5,0.455
CUST01625,Delhi NCR,Price_Sensitive,60.5,0,Transit_Public,9,0.678,0.829,0.536,0.326,28.8,0.718
CUST01626,Chandigarh,High_Mileage,69.3,0,Fleet,24,0.567,0.644,0.826,0.951,21.4,0.453
CUST01627,Pune,Routine_Commuter,61.7,1,Office_Commercial,9,0.67,0.488,0.762,0.717,33.0,0.425
CUST01628,Mumbai,Routine_Commuter,52.9,1,Residential,8,0.698,0.629,0.678,0.721,30.5,0.522
CUST01629,Jaipur,Routine_Commuter,55.1,1,Residential,11,0.703,0.599,0.609,0.737,23.5,0.517
CUST01630,Kochi,High_Mileage,79.6,1,Fleet,17,0.8,0.735,0.99,0.864,28.9,0.507
CUST01631,Lucknow,Routine_Commuter,67.3,0,Residential,9,0.774,0.487,0.585,0.687,23.5,0.475
CUST01632,Lucknow,High_Mileage,82.6,0,Mall_Retail,19,0.666,0.921,0.649,0.909,32.8,0.657
CUST01633,Ahmedabad,Convenience_First,77.2,1,Office_Commercial,8,0.87,0.109,0.963,0.851,33.9,0.177
CUST01634,Ahmedabad,Convenience_First,76.2,1,Mall_Retail,8,0.736,0.452,0.962,0.78,24.2,0.363
CUST01635,Chennai,Routine_Commuter,56.0,0,Residential,12,0.547,0.431,0.839,0.835,30.9,0.349
CUST01636,Lucknow,Routine_Commuter,53.4,0,Hotel,9,0.776,0.624,0.693,0.84,23.7,0.506
CUST01637,Jaipur,Routine_Commuter,60.8,1,Residential,14,0.684,0.594,0.801,0.813,27.6,0.463
CUST01638,Mumbai,Routine_Commuter,48.9,1,Office_Commercial,13,0.951,0.718,0.795,0.614,24.9,0.589
CUST01639,Delhi NCR,Routine_Commuter,47.2,1,Mall_Retail,13,0.702,0.441,0.581,0.7,12.5,0.441
CUST01640,Mumbai,Routine_Commuter,53.9,1,Mall_Retail,13,0.677,0.389,0.68,0.655,24.9,0.398
CUST01641,Pune,Routine_Commuter,48.4,1,Residential,8,0.717,0.871,0.646,0.763,22.6,0.657
CUST01642,Bengaluru,Routine_Commuter,54.9,1,Mall_Retail,12,0.437,0.365,0.728,0.749,14.0,0.337
CUST01643,Kolkata,Convenience_First,56.2,1,Office_Commercial,6,0.848,0.27,0.831,0.712,20.1,0.31
CUST01644,Bengaluru,Price_Sensitive,59.8,1,Highway,6,0.645,0.834,0.424,0.316,21.5,0.741
CUST01645,Jaipur,Routine_Commuter,51.9,1,Residential,10,0.933,0.505,0.634,0.725,26.3,0.485
CUST01646,Delhi NCR,High_Mileage,69.1,0,Fleet,20,0.579,0.625,0.901,0.94,29.8,0.43
CUST01647,Lucknow,Convenience_First,62.8,1,Residential,9,0.774,0.218,0.842,0.668,25.6,0.279
CUST01648,Chandigarh,Convenience_First,81.2,0,Highway,6,0.744,0.275,0.848,0.805,38.8,0.285
CUST01649,Mumbai,Convenience_First,60.2,0,Mall_Retail,8,0.822,0.27,0.813,0.751,26.1,0.306
CUST01650,Kolkata,Price_Sensitive,50.3,0,Mall_Retail,10,0.288,0.913,0.416,0.917,30.0,0.66
CUST01651,Delhi NCR,Routine_Commuter,35.0,1,Residential,13,0.795,0.577,0.707,0.64,15.7,0.509
CUST01652,Kolkata,Price_Sensitive,57.3,0,Mall_Retail,11,0.106,0.881,0.428,0.736,19.9,0.649
CUST01653,Hyderabad,Routine_Commuter,59.3,0,Residential,11,0.649,0.315,0.507,0.734,23.4,0.377
CUST01654,Hyderabad,Routine_Commuter,62.1,0,Office_Commercial,8,0.537,0.618,0.612,0.765,15.8,0.507
CUST01655,Chandigarh,Convenience_First,57.7,0,Office_Commercial,5,0.866,0.435,0.99,0.83,21.5,0.353
CUST01656,Bengaluru,High_Mileage,73.5,0,Transit_Public,25,0.818,0.801,0.705,0.941,29.7,0.59
CUST01657,Bengaluru,Price_Sensitive,49.2,0,Mall_Retail,9,0.383,0.742,0.526,0.619,12.8,0.599
CUST01658,Jaipur,Routine_Commuter,56.9,0,Office_Commercial,8,0.743,0.679,0.878,0.84,27.9,0.496
CUST01659,Delhi NCR,Price_Sensitive,54.0,0,Office_Commercial,12,0.457,0.764,0.392,0.722,25.0,0.629
CUST01660,Jaipur,Price_Sensitive,49.5,0,Office_Commercial,7,0.524,0.904,0.441,0.491,21.9,0.738
CUST01661,Chennai,Convenience_First,69.2,0,Mall_Retail,9,0.859,0.243,0.845,0.918,31.1,0.263
CUST01662,Kolkata,Price_Sensitive,42.6,1,Residential,9,0.468,0.94,0.607,0.504,23.8,0.717
CUST01663,Mumbai,Convenience_First,70.0,0,Office_Commercial,7,0.726,0.172,0.815,0.783,21.5,0.237
CUST01664,Delhi NCR,Convenience_First,48.3,1,Fleet,9,0.804,0.288,0.893,0.814,27.3,0.288
CUST01665,Hyderabad,Price_Sensitive,35.0,0,Residential,7,0.347,0.848,0.546,0.646,14.1,0.645
CUST01666,Bengaluru,Convenience_First,63.6,0,Office_Commercial,5,0.865,0.259,0.897,0.789,28.2,0.281
CUST01667,Hyderabad,Routine_Commuter,65.3,1,Office_Commercial,11,0.624,0.524,0.592,0.672,27.7,0.481
CUST01668,Hyderabad,High_Mileage,63.8,0,Highway,24,0.646,0.662,0.609,0.825,28.8,0.533
CUST01669,Delhi NCR,Convenience_First,53.9,1,Highway,6,0.956,0.317,0.869,0.86,23.0,0.317
CUST01670,Chennai,High_Mileage,63.3,1,Transit_Public,15,0.306,0.865,0.717,0.826,21.7,0.589
CUST01671,Chennai,Routine_Commuter,61.2,1,Transit_Public,8,0.647,0.479,0.586,0.561,28.4,0.477
CUST01672,Lucknow,Routine_Commuter,55.1,1,Residential,13,0.788,0.342,0.725,0.553,15.0,0.389
CUST01673,Jaipur,Price_Sensitive,66.4,0,Residential,9,0.948,0.868,0.275,0.62,29.8,0.774
CUST01674,Chandigarh,Price_Sensitive,55.0,1,Residential,8,0.499,0.784,0.285,0.47,26.3,0.703
CUST01675,Ahmedabad,Price_Sensitive,49.4,0,Office_Commercial,9,0.342,0.99,0.647,0.493,23.1,0.725
CUST01676,Bengaluru,Routine_Commuter,43.7,0,Office_Commercial,11,0.772,0.224,0.659,0.894,23.2,0.284
CUST01677,Kochi,Routine_Commuter,56.6,1,Office_Commercial,13,0.518,0.534,0.538,0.736,29.2,0.477
CUST01678,Kolkata,Convenience_First,75.5,1,Highway,10,0.802,0.22,0.914,0.735,30.3,0.258
CUST01679,Bengaluru,Price_Sensitive,51.1,0,Transit_Public,7,0.43,0.79,0.38,0.557,25.7,0.668
CUST01680,Delhi NCR,Routine_Commuter,49.4,0,Office_Commercial,11,0.677,0.45,0.57,0.533,19.4,0.471
CUST01681,Delhi NCR,Price_Sensitive,54.2,0,Transit_Public,8,0.351,0.848,0.47,0.561,30.3,0.673
CUST01682,Chennai,High_Mileage,48.9,0,Fleet,23,0.669,0.731,0.744,0.839,18.2,0.544
CUST01683,Pune,Price_Sensitive,51.9,1,Mall_Retail,7,0.333,0.888,0.465,0.636,27.6,0.683
CUST01684,Chandigarh,Price_Sensitive,56.5,1,Mall_Retail,8,0.323,0.785,0.531,0.521,34.6,0.63
CUST01685,Kolkata,Convenience_First,55.4,1,Mall_Retail,9,0.95,0.3,0.706,0.803,27.6,0.349
CUST01686,Chandigarh,Convenience_First,64.1,0,Fleet,9,0.725,0.285,0.99,0.807,30.3,0.26
CUST01687,Lucknow,High_Mileage,60.9,0,Transit_Public,23,0.651,0.725,0.801,0.792,26.7,0.535
CUST01688,Jaipur,High_Mileage,70.8,0,Fleet,17,0.778,0.509,0.612,0.837,28.0,0.46
CUST01689,Chennai,Convenience_First,65.2,1,Residential,10,0.99,0.252,0.944,0.742,35.5,0.288
CUST01690,Mumbai,Routine_Commuter,38.4,0,Hotel,8,0.734,0.377,0.914,0.942,17.5,0.307
CUST01691,Bengaluru,Routine_Commuter,50.6,0,Residential,14,0.752,0.839,0.792,0.678,20.3,0.626
CUST01692,Hyderabad,Convenience_First,62.7,0,Highway,8,0.701,0.366,0.828,0.99,32.9,0.308
CUST01693,Kolkata,Routine_Commuter,55.0,1,Transit_Public,10,0.851,0.868,0.648,0.815,22.2,0.661
CUST01694,Bengaluru,High_Mileage,76.8,0,Highway,20,0.709,0.704,0.719,0.932,30.3,0.524
CUST01695,Pune,Routine_Commuter,62.2,0,Transit_Public,13,0.523,0.467,0.463,0.799,18.3,0.447
CUST01696,Ahmedabad,Convenience_First,58.4,0,Mall_Retail,7,0.788,0.412,0.947,0.866,29.7,0.336
CUST01697,Pune,Routine_Commuter,45.2,0,Transit_Public,14,0.733,0.252,0.777,0.637,26.9,0.311
CUST01698,Pune,Convenience_First,63.4,0,Hotel,6,0.867,0.221,0.961,0.828,26.4,0.242
CUST01699,Delhi NCR,Routine_Commuter,51.3,1,Mall_Retail,8,0.772,0.519,0.511,0.687,19.7,0.508
CUST01700,Delhi NCR,Routine_Commuter,65.9,0,Hotel,10,0.753,0.719,0.816,0.9,31.1,0.523
CUST01701,Delhi NCR,Routine_Commuter,43.9,1,Residential,13,0.628,0.612,0.689,0.942,26.4,0.47
CUST01702,Hyderabad,Price_Sensitive,44.4,1,Mall_Retail,10,0.588,0.808,0.535,0.613,21.9,0.655
CUST01703,Pune,Routine_Commuter,54.0,0,Office_Commercial,14,0.763,0.625,0.609,0.644,19.6,0.552
CUST01704,Chennai,Convenience_First,61.9,1,Mall_Retail,7,0.729,0.456,0.78,0.672,35.9,0.417
CUST01705,Chennai,Convenience_First,70.1,0,Mall_Retail,7,0.965,0.344,0.924,0.741,30.1,0.34
CUST01706,Pune,Convenience_First,68.6,0,Mall_Retail,10,0.748,0.187,0.827,0.798,30.3,0.243
CUST01707,Ahmedabad,Price_Sensitive,51.3,0,Mall_Retail,6,0.671,0.737,0.413,0.604,27.8,0.649
CUST01708,Jaipur,Price_Sensitive,53.0,1,Office_Commercial,11,0.611,0.749,0.806,0.376,20.3,0.606
CUST01709,Ahmedabad,Convenience_First,64.8,0,Transit_Public,9,0.712,0.348,0.912,0.762,30.6,0.316
CUST01710,Ahmedabad,Routine_Commuter,55.5,0,Mall_Retail,8,0.673,0.493,0.641,0.51,25.6,0.484
CUST01711,Delhi NCR,Routine_Commuter,39.8,1,Residential,9,0.599,0.427,0.696,0.749,16.3,0.393
CUST01712,Kolkata,Routine_Commuter,37.7,0,Residential,13,0.559,0.578,0.891,0.752,12.5,0.433
CUST01713,Ahmedabad,Price_Sensitive,50.6,0,Hotel,6,0.393,0.656,0.178,0.443,23.1,0.648
CUST01714,Chennai,Routine_Commuter,38.6,1,Office_Commercial,12,0.641,0.367,0.617,0.649,18.7,0.395
CUST01715,Kolkata,Convenience_First,60.2,1,Residential,9,0.95,0.144,0.783,0.912,21.3,0.231
CUST01716,Pune,Routine_Commuter,66.5,1,Office_Commercial,11,0.745,0.732,0.645,0.683,19.6,0.596
CUST01717,Chennai,High_Mileage,58.4,0,Highway,25,0.585,0.614,0.916,0.734,16.4,0.453
CUST01718,Pune,Routine_Commuter,60.1,1,Mall_Retail,8,0.947,0.462,0.66,0.62,25.1,0.474
CUST01719,Chandigarh,Price_Sensitive,49.5,1,Office_Commercial,11,0.721,0.78,0.208,0.492,28.1,0.736
CUST01720,Chandigarh,Routine_Commuter,55.8,0,Residential,9,0.836,0.593,0.559,0.592,29.2,0.559
CUST01721,Delhi NCR,Routine_Commuter,67.0,0,Office_Commercial,8,0.693,0.587,0.721,0.76,17.6,0.484
CUST01722,Chennai,Price_Sensitive,64.4,0,Mall_Retail,6,0.694,0.886,0.583,0.383,29.0,0.733
CUST01723,Lucknow,Routine_Commuter,60.4,1,Office_Commercial,12,0.772,0.769,0.732,0.646,27.3,0.607
CUST01724,Chennai,Routine_Commuter,49.9,1,Residential,11,0.54,0.764,0.542,0.808,27.5,0.595
CUST01725,Hyderabad,Routine_Commuter,62.1,1,Mall_Retail,13,0.876,0.431,0.808,0.828,22.1,0.389
CUST01726,Pune,High_Mileage,59.1,0,Residential,15,0.548,0.736,0.794,0.775,20.7,0.535
CUST01727,Mumbai,Convenience_First,65.6,0,Fleet,6,0.99,0.279,0.939,0.887,23.1,0.282
CUST01728,Lucknow,Price_Sensitive,79.0,1,Residential,9,0.8,0.803,0.778,0.884,35.2,0.583
CUST01729,Kochi,High_Mileage,77.5,1,Transit_Public,19,0.612,0.718,0.74,0.872,28.3,0.527
CUST01730,Kolkata,Routine_Commuter,56.6,1,Residential,13,0.675,0.675,0.66,0.859,17.9,0.528
CUST01731,Hyderabad,Price_Sensitive,64.5,0,Mall_Retail,10,0.659,0.685,0.252,0.464,23.5,0.672
CUST01732,Jaipur,Convenience_First,49.4,1,Fleet,5,0.911,0.145,0.92,0.865,21.4,0.207
CUST01733,Mumbai,High_Mileage,67.9,0,Fleet,15,0.669,0.885,0.666,0.816,22.4,0.648
CUST01734,Lucknow,Price_Sensitive,40.5,0,Highway,7,0.477,0.99,0.27,0.505,17.6,0.812
CUST01735,Kochi,Routine_Commuter,54.4,1,Mall_Retail,10,0.76,0.635,0.766,0.375,21.2,0.566
CUST01736,Delhi NCR,Convenience_First,59.0,1,Fleet,7,0.722,0.326,0.833,0.831,25.6,0.311
CUST01737,Kolkata,Routine_Commuter,60.5,1,Mall_Retail,12,0.696,0.465,0.617,0.896,26.5,0.417
CUST01738,Lucknow,Routine_Commuter,64.2,1,Residential,12,0.699,0.716,0.773,0.729,27.7,0.55
CUST01739,Kolkata,High_Mileage,77.6,0,Highway,23,0.544,0.732,0.792,0.955,33.5,0.505
CUST01740,Chennai,Price_Sensitive,73.0,1,Mall_Retail,6,0.558,0.916,0.587,0.747,33.6,0.68
CUST01741,Mumbai,Convenience_First,65.1,0,Highway,5,0.955,0.082,0.981,0.985,31.0,0.146
CUST01742,Chennai,Convenience_First,67.5,0,Residential,9,0.876,0.34,0.923,0.698,36.4,0.335
CUST01743,Chennai,Convenience_First,70.5,0,Mall_Retail,9,0.762,0.388,0.99,0.79,33.8,0.323
CUST01744,Hyderabad,Convenience_First,58.5,0,Highway,8,0.99,0.2,0.928,0.852,27.2,0.245
CUST01745,Delhi NCR,Routine_Commuter,62.1,1,Office_Commercial,9,0.685,0.373,0.892,0.736,26.4,0.335
CUST01746,Chennai,Routine_Commuter,57.8,1,Office_Commercial,8,0.684,0.199,0.541,0.814,20.2,0.298
CUST01747,Pune,Routine_Commuter,56.8,0,Hotel,11,0.681,0.507,0.987,0.629,21.1,0.405
CUST01748,Kolkata,Price_Sensitive,38.4,0,Highway,11,0.463,0.911,0.359,0.536,18.6,0.745
CUST01749,Mumbai,Routine_Commuter,44.1,0,Office_Commercial,10,0.567,0.486,0.858,0.682,20.9,0.4
CUST01750,Kolkata,Routine_Commuter,61.7,0,Office_Commercial,9,0.723,0.446,0.707,0.607,23.4,0.435
CUST01751,Kolkata,Routine_Commuter,54.1,0,Mall_Retail,8,0.405,0.556,0.471,0.679,19.4,0.5
CUST01752,Chandigarh,Convenience_First,56.9,0,Highway,6,0.681,0.202,0.968,0.649,21.5,0.238
CUST01753,Kolkata,Routine_Commuter,57.2,0,Office_Commercial,14,0.721,0.558,0.574,0.839,23.0,0.488
CUST01754,Pune,Routine_Commuter,61.6,0,Office_Commercial,14,0.721,0.456,0.618,0.749,26.8,0.437
CUST01755,Mumbai,Routine_Commuter,51.0,0,Residential,12,0.609,0.329,0.684,0.612,24.5,0.363
CUST01756,Mumbai,Routine_Commuter,57.0,0,Office_Commercial,10,0.684,0.235,0.625,0.629,29.7,0.328
CUST01757,Delhi NCR,Price_Sensitive,57.2,0,Residential,7,0.666,0.837,0.443,0.845,25.0,0.661
CUST01758,Hyderabad,Routine_Commuter,59.4,0,Office_Commercial,8,0.826,0.597,0.786,0.774,19.1,0.488
CUST01759,Kolkata,Routine_Commuter,47.3,1,Mall_Retail,11,0.708,0.44,0.696,0.761,16.7,0.409
CUST01760,Ahmedabad,Convenience_First,54.2,0,Mall_Retail,5,0.834,0.352,0.796,0.748,15.4,0.356
CUST01761,Delhi NCR,Routine_Commuter,52.9,1,Office_Commercial,10,0.888,0.434,0.641,0.526,15.6,0.47
CUST01762,Hyderabad,Routine_Commuter,60.8,0,Mall_Retail,11,0.601,0.612,0.786,0.657,35.4,0.491
CUST01763,Hyderabad,Price_Sensitive,50.8,1,Office_Commercial,12,0.709,0.723,0.394,0.456,13.6,0.671
CUST01764,Pune,Routine_Commuter,54.6,0,Transit_Public,9,0.786,0.372,0.747,0.879,30.5,0.352
CUST01765,Pune,Price_Sensitive,43.2,1,Mall_Retail,7,0.674,0.832,0.218,0.621,15.3,0.738
CUST01766,Bengaluru,Routine_Commuter,48.9,1,Mall_Retail,14,0.739,0.562,0.726,0.737,20.1,0.477
CUST01767,Mumbai,Routine_Commuter,44.2,1,Residential,12,0.761,0.406,0.418,0.628,25.2,0.472
CUST01768,Hyderabad,Routine_Commuter,51.4,0,Mall_Retail,13,0.806,0.672,0.637,0.591,17.5,0.584
CUST01769,Hyderabad,Routine_Commuter,53.2,1,Residential,8,0.536,0.363,0.652,0.601,16.8,0.383
CUST01770,Chennai,Price_Sensitive,47.7,0,Residential,10,0.642,0.855,0.66,0.827,23.9,0.629
CUST01771,Lucknow,Price_Sensitive,70.6,0,Highway,7,0.345,0.698,0.213,0.691,30.8,0.622
CUST01772,Bengaluru,Routine_Commuter,54.6,0,Residential,8,0.785,0.642,0.735,0.771,17.3,0.519
CUST01773,Hyderabad,Routine_Commuter,45.2,0,Residential,13,0.583,0.435,0.935,0.71,20.9,0.354
CUST01774,Kolkata,Convenience_First,63.4,0,Hotel,7,0.747,0.321,0.875,0.541,28.6,0.345
CUST01775,Pune,Price_Sensitive,50.6,1,Mall_Retail,8,0.374,0.817,0.426,0.764,20.6,0.637
CUST01776,Hyderabad,Routine_Commuter,53.0,1,Mall_Retail,13,0.61,0.207,0.578,0.749,23.0,0.297
CUST01777,Delhi NCR,High_Mileage,77.2,0,Mall_Retail,22,0.398,0.719,0.84,0.951,26.5,0.475
CUST01778,Mumbai,Price_Sensitive,36.9,0,Office_Commercial,12,0.348,0.815,0.517,0.694,8.0,0.626
CUST01779,Delhi NCR,Routine_Commuter,45.6,1,Mall_Retail,12,0.868,0.433,0.699,0.798,19.7,0.415
CUST01780,Delhi NCR,High_Mileage,71.7,0,Fleet,17,0.53,0.71,0.672,0.785,33.5,0.541
CUST01781,Bengaluru,Convenience_First,64.7,1,Mall_Retail,9,0.751,0.09,0.812,0.795,25.2,0.193
CUST01782,Bengaluru,Routine_Commuter,59.8,1,Residential,11,0.666,0.37,0.657,0.668,22.3,0.389
CUST01783,Ahmedabad,Convenience_First,61.6,0,Residential,10,0.99,0.32,0.779,0.791,28.6,0.351
CUST01784,Delhi NCR,Convenience_First,61.5,0,Fleet,8,0.952,0.124,0.882,0.879,24.8,0.205
CUST01785,Jaipur,Convenience_First,66.0,0,Residential,5,0.786,0.131,0.873,0.74,23.5,0.215
CUST01786,Hyderabad,Price_Sensitive,39.8,0,Residential,10,0.606,0.751,0.734,0.767,13.3,0.562
CUST01787,Hyderabad,Routine_Commuter,54.4,0,Highway,14,0.555,0.561,0.82,0.768,23.9,0.435
CUST01788,Chennai,Routine_Commuter,51.6,0,Residential,13,0.65,0.45,0.531,0.772,23.9,0.441
CUST01789,Chennai,Price_Sensitive,52.0,0,Office_Commercial,11,0.643,0.803,0.623,0.493,26.6,0.658
CUST01790,Chennai,Price_Sensitive,58.6,0,Transit_Public,9,0.622,0.958,0.654,0.552,25.5,0.725
CUST01791,Hyderabad,Price_Sensitive,51.6,0,Mall_Retail,10,0.39,0.75,0.24,0.573,27.5,0.667
CUST01792,Jaipur,Routine_Commuter,39.0,1,Office_Commercial,11,0.832,0.713,0.867,0.778,20.3,0.536
CUST01793,Mumbai,Price_Sensitive,65.3,1,Office_Commercial,6,0.406,0.717,0.56,0.423,26.3,0.61
CUST01794,Delhi NCR,Price_Sensitive,56.1,0,Mall_Retail,9,0.415,0.769,0.647,0.425,13.5,0.621
CUST01795,Delhi NCR,Price_Sensitive,48.7,1,Office_Commercial,7,0.053,0.748,0.349,0.445,23.7,0.63
CUST01796,Pune,Routine_Commuter,53.2,0,Residential,12,0.718,0.362,0.689,0.748,17.9,0.371
CUST01797,Lucknow,Price_Sensitive,54.0,0,Hotel,11,0.768,0.862,0.776,0.738,23.3,0.635
CUST01798,Lucknow,Convenience_First,64.5,0,Transit_Public,9,0.823,0.334,0.782,0.9,26.7,0.325
CUST01799,Kochi,High_Mileage,57.7,0,Fleet,18,0.539,0.777,0.698,0.711,29.5,0.585
CUST01800,Mumbai,Price_Sensitive,52.7,1,Highway,9,0.595,0.837,0.394,0.626,28.1,0.697
CUST01801,Kolkata,Routine_Commuter,61.0,0,Mall_Retail,10,0.727,0.319,0.886,0.844,29.0,0.294
CUST01802,Lucknow,Price_Sensitive,64.0,0,Residential,9,0.599,0.743,0.394,0.581,27.2,0.652
CUST01803,Kochi,Convenience_First,59.7,0,Highway,9,0.99,0.465,0.897,0.883,27.7,0.393
CUST01804,Chennai,High_Mileage,64.4,0,Office_Commercial,19,0.594,0.486,0.921,0.762,19.6,0.378
CUST01805,Chennai,Routine_Commuter,62.4,1,Mall_Retail,8,0.795,0.686,0.533,0.839,23.3,0.574
CUST01806,Kolkata,Convenience_First,51.2,1,Mall_Retail,5,0.729,0.265,0.756,0.851,28.7,0.29
CUST01807,Kolkata,Convenience_First,60.8,0,Highway,5,0.766,0.302,0.954,0.584,22.8,0.314
CUST01808,Chennai,Price_Sensitive,50.3,0,Mall_Retail,9,0.557,0.915,0.484,0.437,20.5,0.746
CUST01809,Jaipur,Price_Sensitive,58.8,1,Mall_Retail,8,0.576,0.943,0.378,0.443,18.2,0.784
CUST01810,Lucknow,Routine_Commuter,61.9,1,Residential,12,0.824,0.505,0.713,0.688,35.0,0.464
CUST01811,Lucknow,Routine_Commuter,58.2,1,Transit_Public,10,0.541,0.781,0.614,0.967,14.2,0.566
CUST01812,Ahmedabad,Routine_Commuter,54.8,0,Hotel,8,0.694,0.541,0.648,0.743,26.2,0.476
CUST01813,Pune,High_Mileage,81.4,0,Mall_Retail,25,0.767,0.79,0.832,0.862,33.9,0.565
CUST01814,Delhi NCR,Routine_Commuter,47.5,1,Residential,8,0.711,0.441,0.87,0.591,24.7,0.401
CUST01815,Pune,Routine_Commuter,66.0,0,Residential,13,0.78,0.519,0.537,0.986,24.1,0.458
CUST01816,Bengaluru,Convenience_First,64.1,0,Transit_Public,8,0.789,0.105,0.99,0.824,26.5,0.165
CUST01817,Delhi NCR,Convenience_First,63.5,1,Fleet,10,0.902,0.327,0.939,0.98,25.9,0.285
CUST01818,Chandigarh,Routine_Commuter,68.0,1,Office_Commercial,12,0.625,0.605,0.798,0.864,44.5,0.456
CUST01819,Chennai,Convenience_First,59.0,0,Office_Commercial,6,0.823,0.244,0.705,0.723,23.6,0.317
CUST01820,Pune,Price_Sensitive,40.4,1,Highway,10,0.594,0.772,0.667,0.621,16.3,0.608
CUST01821,Hyderabad,Routine_Commuter,61.2,0,Residential,12,0.782,0.567,0.69,0.462,28.9,0.533
CUST01822,Mumbai,Price_Sensitive,46.4,0,Highway,8,0.551,0.915,0.434,0.616,22.5,0.729
CUST01823,Kochi,Convenience_First,50.6,1,Transit_Public,10,0.75,0.259,0.865,0.843,14.9,0.268
CUST01824,Mumbai,High_Mileage,70.7,0,Hotel,18,0.644,0.872,0.705,0.909,41.4,0.616
CUST01825,Pune,Price_Sensitive,35.0,1,Mall_Retail,7,0.551,0.853,0.517,0.497,14.1,0.696
CUST01826,Delhi NCR,Price_Sensitive,60.4,0,Highway,7,0.493,0.748,0.502,0.545,28.8,0.629
CUST01827,Lucknow,Routine_Commuter,46.8,1,Transit_Public,8,0.649,0.506,0.668,0.695,13.8,0.455
CUST01828,Bengaluru,Routine_Commuter,67.6,1,Mall_Retail,10,0.464,0.634,0.877,0.617,24.5,0.477
CUST01829,Bengaluru,Routine_Commuter,65.8,1,Fleet,12,0.927,0.722,0.679,0.99,20.0,0.555
CUST01830,Chennai,Convenience_First,67.2,0,Mall_Retail,9,0.864,0.189,0.849,0.774,29.8,0.254
CUST01831,Pune,Price_Sensitive,55.7,0,Fleet,6,0.453,0.721,0.608,0.559,17.8,0.586
CUST01832,Hyderabad,Convenience_First,51.1,0,Transit_Public,5,0.99,0.374,0.883,0.677,16.0,0.377
CUST01833,Chennai,Routine_Commuter,60.0,1,Transit_Public,10,0.766,0.458,0.79,0.617,23.0,0.428
CUST01834,Chandigarh,Convenience_First,52.2,0,Fleet,5,0.638,0.232,0.851,0.691,16.6,0.268
CUST01835,Lucknow,Routine_Commuter,64.5,1,Transit_Public,11,0.645,0.407,0.639,0.851,21.9,0.383
CUST01836,Hyderabad,Price_Sensitive,61.5,1,Mall_Retail,9,0.686,0.975,0.418,0.446,25.1,0.804
CUST01837,Mumbai,Convenience_First,46.6,0,Fleet,5,0.855,0.18,0.817,0.79,20.7,0.253
CUST01838,Pune,Convenience_First,54.2,1,Hotel,5,0.99,0.199,0.99,0.894,22.9,0.227
CUST01839,Ahmedabad,Routine_Commuter,52.1,1,Office_Commercial,10,0.583,0.46,0.765,0.677,25.7,0.407
CUST01840,Delhi NCR,Routine_Commuter,40.7,1,Office_Commercial,12,0.98,0.477,0.627,0.79,18.8,0.466
CUST01841,Hyderabad,Price_Sensitive,41.2,0,Mall_Retail,10,0.296,0.932,0.638,0.612,18.2,0.673
CUST01842,Bengaluru,Convenience_First,59.6,0,Highway,10,0.947,0.311,0.975,0.818,29.9,0.298
CUST01843,Kochi,Convenience_First,47.2,1,Hotel,8,0.893,0.106,0.863,0.788,22.7,0.207
CUST01844,Pune,Price_Sensitive,62.9,1,Transit_Public,12,0.397,0.844,0.552,0.779,26.1,0.626
CUST01845,Delhi NCR,Routine_Commuter,50.8,1,Residential,9,0.688,0.454,0.593,0.72,19.4,0.442
CUST01846,Jaipur,High_Mileage,81.1,1,Highway,19,0.572,0.567,0.616,0.843,34.7,0.469
CUST01847,Hyderabad,Price_Sensitive,41.5,1,Office_Commercial,10,0.388,0.894,0.596,0.486,18.3,0.688
CUST01848,Chandigarh,Convenience_First,62.4,1,Transit_Public,5,0.788,0.378,0.957,0.895,20.7,0.311
CUST01849,Chandigarh,Price_Sensitive,48.4,0,Transit_Public,7,0.724,0.928,0.318,0.559,20.2,0.785
CUST01850,Lucknow,Routine_Commuter,45.8,0,Residential,12,0.597,0.535,0.807,0.897,23.3,0.408
CUST01851,Delhi NCR,Price_Sensitive,35.0,0,Mall_Retail,9,0.63,0.888,0.276,0.458,19.1,0.777
CUST01852,Chennai,Convenience_First,55.6,1,Mall_Retail,5,0.854,0.436,0.898,0.918,14.8,0.358
CUST01853,Jaipur,Convenience_First,49.9,0,Residential,8,0.898,0.204,0.737,0.943,17.8,0.263
CUST01854,Kochi,High_Mileage,91.1,0,Fleet,18,0.693,0.754,0.738,0.815,37.7,0.564
CUST01855,Kochi,Routine_Commuter,71.8,1,Residential,9,0.798,0.524,0.74,0.778,15.1,0.453
CUST01856,Chennai,Convenience_First,72.8,0,Transit_Public,10,0.874,0.28,0.912,0.91,17.1,0.272
CUST01857,Chennai,Convenience_First,59.7,1,Mall_Retail,5,0.834,0.181,0.937,0.774,27.8,0.229
CUST01858,Bengaluru,Routine_Commuter,41.8,1,Residential,8,0.826,0.381,0.786,0.732,18.9,0.375
CUST01859,Lucknow,Price_Sensitive,37.7,0,Mall_Retail,7,0.532,0.882,0.536,0.495,12.6,0.707
CUST01860,Chandigarh,Price_Sensitive,62.3,1,Transit_Public,7,0.165,0.922,0.338,0.835,38.3,0.681
CUST01861,Hyderabad,Routine_Commuter,41.6,1,Mall_Retail,12,0.99,0.536,0.75,0.608,12.7,0.503
CUST01862,Pune,Routine_Commuter,67.3,1,Residential,10,0.793,0.651,0.633,0.604,39.4,0.57
CUST01863,Kochi,High_Mileage,77.7,0,Fleet,18,0.592,0.599,0.63,0.851,31.3,0.485
CUST01864,Pune,High_Mileage,69.0,0,Office_Commercial,20,0.509,0.515,0.961,0.895,28.2,0.358
CUST01865,Mumbai,Routine_Commuter,55.0,1,Office_Commercial,12,0.99,0.63,0.837,0.88,22.8,0.496
CUST01866,Mumbai,High_Mileage,66.4,0,Highway,24,0.663,0.987,0.502,0.763,20.1,0.744
CUST01867,Lucknow,Routine_Commuter,54.3,1,Office_Commercial,11,0.553,0.8,0.638,0.741,24.3,0.607
CUST01868,Hyderabad,Routine_Commuter,56.5,1,Mall_Retail,12,0.574,0.658,0.737,0.645,25.9,0.525
CUST01869,Hyderabad,Convenience_First,53.6,0,Fleet,10,0.646,0.308,0.889,0.864,17.8,0.276
CUST01870,Hyderabad,High_Mileage,66.5,0,Fleet,18,0.832,0.816,0.941,0.99,25.8,0.546
CUST01871,Chandigarh,Convenience_First,46.1,0,Office_Commercial,5,0.801,0.195,0.89,0.929,18.4,0.22
CUST01872,Kochi,Price_Sensitive,49.7,1,Mall_Retail,12,0.649,0.813,0.571,0.168,25.8,0.723
CUST01873,Pune,Price_Sensitive,44.5,1,Mall_Retail,12,0.632,0.721,0.488,0.655,21.2,0.614
CUST01874,Kolkata,Routine_Commuter,51.7,0,Mall_Retail,8,0.845,0.535,0.506,0.823,25.5,0.504
CUST01875,Bengaluru,Routine_Commuter,71.4,1,Residential,13,0.797,0.633,0.586,0.83,27.5,0.536
CUST01876,Ahmedabad,Convenience_First,60.7,1,Mall_Retail,10,0.707,0.173,0.746,0.824,20.4,0.243
CUST01877,Chennai,Convenience_First,58.2,0,Hotel,8,0.904,0.17,0.879,0.722,25.7,0.25
CUST01878,Jaipur,Price_Sensitive,40.1,0,Residential,10,0.588,0.889,0.372,0.696,12.8,0.719
CUST01879,Kolkata,Routine_Commuter,56.7,1,Mall_Retail,11,0.501,0.465,0.47,0.965,28.3,0.417
CUST01880,Delhi NCR,Convenience_First,48.8,0,Hotel,8,0.932,0.243,0.851,0.49,23.3,0.334
CUST01881,Mumbai,Convenience_First,46.8,0,Mall_Retail,5,0.91,0.211,0.99,0.69,22.6,0.255
CUST01882,Hyderabad,Convenience_First,52.4,1,Mall_Retail,5,0.825,0.019,0.739,0.761,21.7,0.181
CUST01883,Bengaluru,High_Mileage,73.1,0,Fleet,22,0.819,0.879,0.806,0.735,28.6,0.644
CUST01884,Mumbai,Routine_Commuter,58.1,0,Transit_Public,8,0.884,0.644,0.646,0.762,28.3,0.549
CUST01885,Ahmedabad,Routine_Commuter,61.7,0,Office_Commercial,13,0.886,0.611,0.58,0.774,21.4,0.543
CUST01886,Bengaluru,High_Mileage,85.8,0,Office_Commercial,17,0.333,0.645,0.794,0.903,27.1,0.444
CUST01887,Pune,Price_Sensitive,52.7,0,Mall_Retail,9,0.62,0.846,0.562,0.754,20.1,0.652
CUST01888,Ahmedabad,Convenience_First,68.2,1,Fleet,9,0.791,0.064,0.908,0.925,32.5,0.144
CUST01889,Jaipur,Price_Sensitive,37.9,1,Transit_Public,10,0.395,0.8,0.491,0.496,15.9,0.657
CUST01890,Delhi NCR,Routine_Commuter,60.2,0,Mall_Retail,10,0.61,0.582,0.835,0.848,33.3,0.437
CUST01891,Chandigarh,Price_Sensitive,64.1,0,Mall_Retail,7,0.551,0.665,0.708,0.586,27.6,0.542
CUST01892,Ahmedabad,Price_Sensitive,42.0,1,Transit_Public,7,0.826,0.8,0.465,0.588,17.2,0.691
CUST01893,Hyderabad,Routine_Commuter,71.2,0,Office_Commercial,13,0.849,0.243,0.711,0.99,29.2,0.278
CUST01894,Chennai,Convenience_First,60.1,0,Highway,9,0.706,0.308,0.889,0.81,30.6,0.291
CUST01895,Jaipur,Routine_Commuter,62.6,0,Transit_Public,13,0.619,0.454,0.711,0.635,22.1,0.424
CUST01896,Lucknow,Routine_Commuter,66.1,0,Residential,14,0.696,0.618,0.759,0.569,20.7,0.522
CUST01897,Kolkata,Convenience_First,69.9,0,Mall_Retail,7,0.642,0.316,0.706,0.771,28.0,0.331
CUST01898,Pune,Convenience_First,76.0,0,Fleet,8,0.715,0.204,0.929,0.677,37.2,0.246
CUST01899,Ahmedabad,High_Mileage,84.8,1,Mall_Retail,22,0.574,0.773,0.631,0.764,34.6,0.591
CUST01900,Mumbai,Convenience_First,55.5,1,Transit_Public,10,0.788,0.223,0.82,0.733,21.8,0.278
CUST01901,Kochi,Routine_Commuter,58.5,1,Office_Commercial,13,0.885,0.701,0.948,0.841,24.3,0.508
CUST01902,Lucknow,Routine_Commuter,60.4,0,Office_Commercial,13,0.605,0.553,0.766,0.636,27.1,0.466
CUST01903,Ahmedabad,Routine_Commuter,47.0,1,Transit_Public,9,0.722,0.652,0.915,0.82,21.4,0.475
CUST01904,Pune,Routine_Commuter,43.0,1,Office_Commercial,8,0.681,0.361,0.822,0.719,16.6,0.345
CUST01905,Bengaluru,Routine_Commuter,51.1,1,Residential,12,0.661,0.416,0.594,0.599,26.4,0.436
CUST01906,Mumbai,Convenience_First,59.7,1,Highway,9,0.86,0.324,0.897,0.805,24.9,0.314
CUST01907,Chennai,High_Mileage,56.6,0,Fleet,21,0.492,0.842,0.458,0.99,22.3,0.622
CUST01908,Chandigarh,Routine_Commuter,60.2,0,Residential,12,0.694,0.233,0.685,0.591,24.0,0.322
CUST01909,Bengaluru,Routine_Commuter,52.7,1,Mall_Retail,9,0.525,0.491,0.77,0.792,25.7,0.4
CUST01910,Bengaluru,Routine_Commuter,54.6,1,Residential,8,0.784,0.519,0.847,0.723,20.1,0.436
CUST01911,Delhi NCR,Convenience_First,74.0,1,Highway,5,0.799,0.444,0.943,0.831,42.9,0.361
CUST01912,Hyderabad,Routine_Commuter,46.9,1,Transit_Public,14,0.896,0.48,0.612,0.783,20.4,0.464
CUST01913,Chennai,High_Mileage,65.7,0,Office_Commercial,19,0.53,0.75,0.585,0.793,27.4,0.58
CUST01914,Chandigarh,Price_Sensitive,46.6,0,Residential,12,0.388,0.862,0.463,0.64,23.2,0.674
CUST01915,Bengaluru,Convenience_First,59.4,0,Transit_Public,6,0.99,0.151,0.93,0.833,26.5,0.221
CUST01916,Kochi,High_Mileage,68.2,0,Fleet,20,0.652,0.755,0.942,0.782,33.3,0.525
CUST01917,Jaipur,Convenience_First,52.3,1,Residential,5,0.755,0.216,0.87,0.959,24.3,0.226
CUST01918,Pune,Routine_Commuter,65.8,0,Residential,14,0.653,0.756,0.667,0.691,23.8,0.594
CUST01919,Mumbai,Price_Sensitive,53.1,0,Transit_Public,6,0.482,0.872,0.481,0.494,22.1,0.708
CUST01920,Ahmedabad,Convenience_First,64.5,1,Highway,8,0.788,0.337,0.903,0.94,16.9,0.293
CUST01921,Delhi NCR,Convenience_First,63.3,0,Hotel,10,0.99,0.163,0.771,0.837,19.1,0.259
CUST01922,Lucknow,Price_Sensitive,60.8,1,Fleet,12,0.28,0.782,0.545,0.868,27.3,0.569
CUST01923,Lucknow,High_Mileage,77.6,0,Office_Commercial,15,0.522,0.636,0.838,0.782,37.7,0.467
CUST01924,Chennai,Routine_Commuter,69.1,1,Residential,12,0.714,0.594,0.592,0.604,32.0,0.539
CUST01925,Jaipur,Routine_Commuter,63.3,1,Highway,13,0.827,0.512,0.608,0.69,21.2,0.489
CUST01926,Bengaluru,High_Mileage,59.4,0,Fleet,17,0.563,0.99,0.791,0.919,23.6,0.655
CUST01927,Kochi,Routine_Commuter,64.1,0,Office_Commercial,13,0.99,0.454,0.727,0.625,34.4,0.46
CUST01928,Chandigarh,Price_Sensitive,62.1,0,Office_Commercial,10,0.441,0.99,0.47,0.595,25.0,0.755
CUST01929,Chennai,Price_Sensitive,58.1,1,Highway,8,0.631,0.816,0.664,0.542,23.2,0.648
CUST01930,Bengaluru,Price_Sensitive,37.7,0,Residential,6,0.429,0.719,0.678,0.303,12.6,0.608
CUST01931,Bengaluru,Price_Sensitive,38.9,0,Fleet,7,0.423,0.99,0.544,0.731,13.2,0.718
CUST01932,Bengaluru,Price_Sensitive,40.0,0,Transit_Public,11,0.385,0.839,0.406,0.341,18.7,0.718
CUST01933,Ahmedabad,Routine_Commuter,49.8,1,Mall_Retail,8,0.841,0.619,0.681,0.701,19.9,0.533
CUST01934,Bengaluru,Price_Sensitive,46.9,0,Office_Commercial,6,0.617,0.737,0.584,0.99,16.9,0.552
CUST01935,Pune,Price_Sensitive,51.9,0,Residential,12,0.579,0.763,0.449,0.619,24.5,0.645
CUST01936,Chennai,Routine_Commuter,53.9,1,Office_Commercial,14,0.849,0.315,0.396,0.747,31.0,0.417
CUST01937,Pune,Convenience_First,49.0,1,Highway,9,0.99,0.352,0.99,0.682,14.2,0.342
CUST01938,Lucknow,High_Mileage,67.1,0,Fleet,20,0.711,0.627,0.797,0.798,26.9,0.487
CUST01939,Hyderabad,Convenience_First,44.2,0,Office_Commercial,6,0.703,0.446,0.82,0.833,17.0,0.377
CUST01940,Chandigarh,Routine_Commuter,52.3,1,Office_Commercial,13,0.621,0.503,0.664,0.99,24.8,0.408
CUST01941,Chennai,Routine_Commuter,75.7,1,Residential,14,0.809,0.75,0.746,0.868,40.1,0.564
CUST01942,Ahmedabad,High_Mileage,72.1,0,Fleet,25,0.571,0.723,0.701,0.873,23.2,0.534
CUST01943,Lucknow,Price_Sensitive,57.0,0,Hotel,6,0.435,0.74,0.632,0.714,23.3,0.567
CUST01944,Chennai,Convenience_First,67.9,0,Fleet,8,0.863,0.376,0.881,0.777,30.6,0.35
CUST01945,Jaipur,Price_Sensitive,45.5,0,Office_Commercial,8,0.57,0.691,0.529,0.304,15.2,0.635
CUST01946,Kolkata,Convenience_First,57.8,1,Office_Commercial,8,0.891,0.149,0.877,0.99,20.3,0.197
CUST01947,Ahmedabad,Price_Sensitive,40.8,1,Highway,10,0.598,0.862,0.282,0.712,13.9,0.721
CUST01948,Chennai,Convenience_First,72.0,0,Highway,9,0.879,0.368,0.828,0.901,31.1,0.34
CUST01949,Bengaluru,High_Mileage,55.5,0,Highway,20,0.541,0.695,0.728,0.908,26.0,0.504
CUST01950,Mumbai,Price_Sensitive,52.0,0,Mall_Retail,6,0.219,0.866,0.113,0.498,29.4,0.751
CUST01951,Mumbai,Routine_Commuter,62.7,0,Transit_Public,11,0.951,0.607,0.567,0.724,20.8,0.557
CUST01952,Lucknow,Routine_Commuter,45.9,1,Residential,14,0.824,0.393,0.715,0.553,20.0,0.423
CUST01953,Chennai,High_Mileage,69.2,0,Office_Commercial,16,0.556,0.582,0.799,0.839,26.8,0.44
CUST01954,Hyderabad,Routine_Commuter,68.4,0,Residential,8,0.628,0.266,0.597,0.605,21.1,0.349
CUST01955,Ahmedabad,Routine_Commuter,44.5,0,Hotel,12,0.654,0.432,0.62,0.677,22.3,0.427
CUST01956,Mumbai,Price_Sensitive,53.4,0,Highway,12,0.143,0.915,0.377,0.73,31.7,0.683
CUST01957,Pune,Routine_Commuter,60.9,1,Transit_Public,12,0.938,0.551,0.842,0.663,19.4,0.479
CUST01958,Delhi NCR,Routine_Commuter,57.3,1,Office_Commercial,13,0.481,0.456,0.639,0.822,21.5,0.398
CUST01959,Delhi NCR,Convenience_First,64.2,1,Highway,7,0.864,0.256,0.81,0.801,32.6,0.295
CUST01960,Mumbai,Routine_Commuter,52.0,0,Office_Commercial,9,0.586,0.679,0.792,0.698,18.7,0.519
CUST01961,Hyderabad,Routine_Commuter,58.6,1,Office_Commercial,14,0.54,0.541,0.732,0.763,22.5,0.441
CUST01962,Ahmedabad,Convenience_First,65.1,0,Highway,6,0.937,0.46,0.764,0.597,31.2,0.454
CUST01963,Mumbai,Price_Sensitive,54.7,0,Mall_Retail,6,0.734,0.908,0.288,0.549,19.7,0.783
CUST01964,Chandigarh,Routine_Commuter,54.5,0,Residential,11,0.617,0.369,0.476,0.778,24.8,0.403
CUST01965,Delhi NCR,Routine_Commuter,45.5,1,Residential,12,0.604,0.487,0.736,0.68,19.4,0.429
CUST01966,Pune,Price_Sensitive,52.7,0,Hotel,6,0.352,0.654,0.657,0.624,19.1,0.52
CUST01967,Kochi,Routine_Commuter,64.9,0,Transit_Public,10,0.99,0.663,0.7,0.884,30.4,0.541
CUST01968,Hyderabad,Convenience_First,43.4,1,Mall_Retail,10,0.778,0.355,0.745,0.757,19.4,0.361
CUST01969,Bengaluru,Price_Sensitive,57.6,0,Residential,10,0.717,0.813,0.518,0.478,18.7,0.694
CUST01970,Delhi NCR,Routine_Commuter,55.1,0,Mall_Retail,8,0.679,0.596,0.637,0.903,17.2,0.483
CUST01971,Kochi,Price_Sensitive,51.6,0,Transit_Public,9,0.561,0.885,0.302,0.261,27.1,0.793
CUST01972,Hyderabad,Routine_Commuter,35.7,0,Hotel,10,0.903,0.509,0.654,0.737,15.4,0.479
CUST01973,Mumbai,Routine_Commuter,65.9,1,Hotel,10,0.48,0.753,0.636,0.646,21.6,0.588
CUST01974,Lucknow,Price_Sensitive,57.8,1,Highway,7,0.392,0.72,0.492,0.566,28.5,0.602
CUST01975,Chennai,Convenience_First,62.7,0,Transit_Public,9,0.624,0.352,0.888,0.831,22.6,0.304
CUST01976,Lucknow,Price_Sensitive,43.7,0,Office_Commercial,11,0.661,0.672,0.479,0.664,18.4,0.59
CUST01977,Bengaluru,Convenience_First,51.1,1,Transit_Public,7,0.792,0.133,0.88,0.81,18.5,0.205
CUST01978,Ahmedabad,Routine_Commuter,51.9,1,Residential,11,0.961,0.457,0.577,0.585,16.6,0.494
CUST01979,Delhi NCR,Convenience_First,59.6,0,Transit_Public,7,0.81,0.228,0.905,0.814,19.9,0.253
CUST01980,Bengaluru,Routine_Commuter,52.4,1,Transit_Public,8,0.666,0.496,0.675,0.768,20.7,0.439
CUST01981,Delhi NCR,Price_Sensitive,52.9,0,Mall_Retail,11,0.497,0.806,0.515,0.483,16.5,0.668
CUST01982,Hyderabad,Convenience_First,66.2,0,Highway,9,0.889,0.198,0.804,0.939,25.0,0.246
CUST01983,Delhi NCR,Price_Sensitive,59.9,1,Mall_Retail,11,0.38,0.759,0.343,0.468,24.1,0.667
CUST01984,Ahmedabad,Routine_Commuter,55.2,1,Residential,11,0.686,0.458,0.611,0.878,21.4,0.416
CUST01985,Mumbai,Price_Sensitive,46.7,1,Fleet,7,0.379,0.595,0.489,0.505,23.6,0.542
CUST01986,Pune,High_Mileage,91.1,0,Fleet,25,0.651,0.749,0.67,0.731,39.6,0.583
CUST01987,Pune,Convenience_First,66.9,1,Highway,7,0.632,0.215,0.824,0.784,28.9,0.249
CUST01988,Delhi NCR,Routine_Commuter,54.8,1,Residential,14,0.686,0.636,0.765,0.785,18.1,0.498
CUST01989,Bengaluru,Convenience_First,57.6,0,Highway,8,0.783,0.316,0.844,0.709,23.9,0.327
CUST01990,Bengaluru,Price_Sensitive,51.2,0,Transit_Public,11,0.249,0.831,0.275,0.722,17.3,0.669
CUST01991,Hyderabad,Routine_Commuter,55.6,1,Mall_Retail,14,0.877,0.782,0.479,0.622,25.1,0.679
CUST01992,Pune,Price_Sensitive,46.8,1,Office_Commercial,6,0.321,0.779,0.219,0.485,20.1,0.694
CUST01993,Kochi,Convenience_First,52.2,1,Fleet,6,0.64,0.218,0.882,0.777,25.0,0.241
CUST01994,Bengaluru,Price_Sensitive,62.5,1,Office_Commercial,7,0.544,0.862,0.728,0.545,15.6,0.651
CUST01995,Hyderabad,Routine_Commuter,45.4,1,Residential,8,0.413,0.546,0.753,0.786,18.6,0.423
CUST01996,Pune,Price_Sensitive,41.9,1,Residential,7,0.467,0.848,0.667,0.529,21.9,0.651
CUST01997,Ahmedabad,High_Mileage,59.2,0,Mall_Retail,25,0.491,0.604,0.745,0.99,28.9,0.434
CUST01998,Pune,Routine_Commuter,54.2,0,Office_Commercial,11,0.628,0.59,0.556,0.624,20.3,0.533
CUST01999,Hyderabad,Convenience_First,56.0,0,Office_Commercial,8,0.913,0.183,0.951,0.907,22.6,0.216
CUST02000,Hyderabad,Convenience_First,68.6,0,Highway,5,0.678,0.242,0.912,0.814,22.7,0.247
CUST02001,Chennai,Routine_Commuter,48.4,1,Highway,11,0.753,0.438,0.559,0.528,17.0,0.475
CUST02002,Pune,Convenience_First,73.2,0,Residential,9,0.764,0.219,0.99,0.922,27.0,0.211
CUST02003,Lucknow,Price_Sensitive,58.5,0,Office_Commercial,12,0.552,0.733,0.381,0.649,25.8,0.635
CUST02004,Pune,High_Mileage,62.1,0,Mall_Retail,23,0.583,0.674,0.73,0.798,30.1,0.513
CUST02005,Mumbai,Price_Sensitive,58.6,1,Residential,8,0.602,0.904,0.409,0.615,29.1,0.734
CUST02006,Kochi,Routine_Commuter,46.5,1,Transit_Public,9,0.681,0.505,0.796,0.603,16.3,0.446
CUST02007,Kochi,Price_Sensitive,56.4,0,Highway,6,0.338,0.576,0.326,0.592,19.9,0.547
CUST02008,Delhi NCR,Price_Sensitive,61.6,0,Office_Commercial,9,0.645,0.858,0.673,0.476,28.3,0.681
CUST02009,Delhi NCR,Routine_Commuter,57.2,1,Office_Commercial,13,0.827,0.678,0.621,0.79,23.4,0.563
CUST02010,Bengaluru,Routine_Commuter,64.8,1,Residential,13,0.653,0.52,0.468,0.79,26.1,0.489
CUST02011,Ahmedabad,Price_Sensitive,54.2,0,Highway,10,0.375,0.796,0.344,0.644,27.7,0.66
CUST02012,Kochi,Convenience_First,73.2,0,Mall_Retail,9,0.757,0.331,0.943,0.908,40.3,0.283
CUST02013,Bengaluru,Convenience_First,50.1,0,Transit_Public,8,0.685,0.356,0.739,0.622,14.3,0.373
CUST02014,Bengaluru,Routine_Commuter,52.4,0,Transit_Public,9,0.496,0.42,0.671,0.677,20.7,0.395
CUST02015,Jaipur,Convenience_First,44.6,0,Hotel,10,0.837,0.245,0.909,0.99,21.5,0.238
CUST02016,Kolkata,Routine_Commuter,72.5,1,Mall_Retail,14,0.95,0.567,0.471,0.636,15.9,0.567
CUST02017,Mumbai,Routine_Commuter,60.5,0,Office_Commercial,10,0.724,0.467,0.582,0.48,28.2,0.491
CUST02018,Lucknow,Routine_Commuter,63.3,1,Hotel,9,0.725,0.421,0.687,0.808,29.8,0.395
CUST02019,Jaipur,High_Mileage,86.4,0,Fleet,23,0.515,0.768,0.891,0.715,39.0,0.539
CUST02020,Kolkata,Convenience_First,61.8,0,Fleet,9,0.687,0.076,0.99,0.806,24.5,0.141
CUST02021,Mumbai,Routine_Commuter,60.6,0,Hotel,8,0.63,0.587,0.703,0.767,20.9,0.48
CUST02022,Pune,Convenience_First,48.6,0,Highway,10,0.763,0.142,0.931,0.786,20.1,0.201
CUST02023,Chennai,Price_Sensitive,48.1,1,Mall_Retail,7,0.397,0.902,0.477,0.766,13.2,0.675
CUST02024,Chandigarh,Routine_Commuter,38.7,0,Highway,13,0.907,0.619,0.638,0.777,16.8,0.537
CUST02025,Bengaluru,Price_Sensitive,56.6,1,Transit_Public,9,0.554,0.819,0.609,0.601,20.7,0.644
CUST02026,Jaipur,Convenience_First,63.6,1,Hotel,5,0.8,0.396,0.77,0.792,28.6,0.375
CUST02027,Hyderabad,Convenience_First,76.1,1,Mall_Retail,7,0.823,0.168,0.983,0.692,19.1,0.225
CUST02028,Bengaluru,Convenience_First,58.5,0,Mall_Retail,7,0.851,0.182,0.835,0.861,27.0,0.239
CUST02029,Delhi NCR,Price_Sensitive,35.1,0,Residential,10,0.515,0.953,0.503,0.762,18.0,0.711
CUST02030,Hyderabad,Price_Sensitive,37.7,1,Mall_Retail,9,0.614,0.879,0.372,0.416,18.2,0.758
CUST02031,Kochi,Routine_Commuter,60.0,1,Transit_Public,12,0.749,0.484,0.568,0.529,26.0,0.498
CUST02032,Bengaluru,Routine_Commuter,52.1,1,Mall_Retail,10,0.724,0.557,0.485,0.593,22.5,0.543
CUST02033,Hyderabad,Convenience_First,73.5,1,Office_Commercial,8,0.844,0.116,0.808,0.943,25.3,0.195
CUST02034,Mumbai,Price_Sensitive,51.8,0,Residential,11,0.45,0.894,0.537,0.607,27.1,0.689
CUST02035,Jaipur,Price_Sensitive,43.7,1,Office_Commercial,8,0.57,0.862,0.595,0.729,11.0,0.653
CUST02036,Bengaluru,Routine_Commuter,67.9,1,Transit_Public,11,0.827,0.619,0.808,0.39,22.1,0.553
CUST02037,Mumbai,Routine_Commuter,63.6,1,Transit_Public,12,0.609,0.476,0.743,0.813,30.4,0.402
CUST02038,Hyderabad,Convenience_First,64.6,0,Office_Commercial,5,0.596,0.353,0.809,0.871,26.7,0.312
CUST02039,Chandigarh,Routine_Commuter,52.0,1,Residential,14,0.559,0.074,0.63,0.662,23.7,0.221
CUST02040,Hyderabad,Routine_Commuter,58.9,1,Highway,13,0.778,0.653,0.686,0.678,16.7,0.548
CUST02041,Ahmedabad,Convenience_First,65.4,1,Transit_Public,10,0.87,0.323,0.838,0.727,32.7,0.338
CUST02042,Ahmedabad,Routine_Commuter,54.9,0,Residential,14,0.749,0.453,0.599,0.636,21.1,0.459
CUST02043,Hyderabad,Convenience_First,59.5,0,Fleet,8,0.818,0.274,0.761,0.709,23.8,0.324
CUST02044,Hyderabad,Price_Sensitive,54.5,0,Office_Commercial,6,0.474,0.717,0.373,0.551,21.3,0.635
CUST02045,Chennai,High_Mileage,79.4,1,Fleet,15,0.502,0.512,0.56,0.832,40.4,0.445
CUST02046,Lucknow,Price_Sensitive,57.3,0,Mall_Retail,9,0.515,0.868,0.453,0.597,21.7,0.699
CUST02047,Mumbai,High_Mileage,75.0,0,Office_Commercial,21,0.509,0.419,0.714,0.775,33.6,0.373
CUST02048,Chennai,Price_Sensitive,59.3,1,Residential,7,0.668,0.804,0.364,0.18,24.0,0.759
CUST02049,Delhi NCR,Convenience_First,69.3,0,Highway,5,0.809,0.298,0.884,0.809,15.2,0.296
CUST02050,Ahmedabad,Price_Sensitive,55.6,1,Transit_Public,7,0.567,0.786,0.446,0.68,26.6,0.648
CUST02051,Ahmedabad,High_Mileage,82.6,0,Hotel,20,0.69,0.706,0.617,0.932,46.1,0.544
CUST02052,Pune,Price_Sensitive,52.4,1,Office_Commercial,12,0.467,0.637,0.482,0.633,24.7,0.556
CUST02053,Kolkata,Routine_Commuter,56.5,0,Mall_Retail,8,0.772,0.677,0.886,0.675,30.2,0.521
CUST02054,Delhi NCR,Routine_Commuter,49.3,1,Mall_Retail,10,0.778,0.487,0.408,0.713,17.6,0.507
CUST02055,Delhi NCR,Convenience_First,69.6,0,Mall_Retail,8,0.883,0.228,0.908,0.765,40.5,0.267
CUST02056,Mumbai,Routine_Commuter,54.6,1,Transit_Public,13,0.532,0.549,0.543,0.682,31.0,0.494
CUST02057,Ahmedabad,High_Mileage,61.6,0,Mall_Retail,18,0.634,0.892,0.696,0.928,25.3,0.626
CUST02058,Chandigarh,Price_Sensitive,53.8,0,Residential,6,0.438,0.62,0.45,0.598,23.2,0.555
CUST02059,Bengaluru,Routine_Commuter,54.6,0,Hotel,8,0.51,0.566,0.709,0.593,24.7,0.482
CUST02060,Ahmedabad,Routine_Commuter,53.1,0,Office_Commercial,9,0.617,0.502,0.791,0.745,24.4,0.418
CUST02061,Mumbai,Routine_Commuter,57.7,1,Office_Commercial,12,0.701,0.546,0.621,0.534,20.9,0.516
CUST02062,Pune,Price_Sensitive,60.7,1,Mall_Retail,8,0.253,0.854,0.367,0.708,28.1,0.665
CUST02063,Jaipur,Price_Sensitive,79.1,0,Mall_Retail,10,0.545,0.6,0.398,0.725,33.6,0.546
CUST02064,Chandigarh,Price_Sensitive,46.0,0,Transit_Public,6,0.432,0.86,0.455,0.409,16.7,0.714
CUST02065,Bengaluru,Routine_Commuter,52.1,1,Office_Commercial,10,0.51,0.663,0.73,0.554,21.6,0.537
CUST02066,Hyderabad,Routine_Commuter,62.8,1,Office_Commercial,8,0.889,0.613,0.59,0.743,41.0,0.546
CUST02067,Hyderabad,Price_Sensitive,59.9,0,Hotel,12,0.342,0.599,0.667,0.493,33.5,0.506
CUST02068,Mumbai,Price_Sensitive,53.6,1,Mall_Retail,10,0.333,0.806,0.706,0.66,24.0,0.586
CUST02069,Hyderabad,Routine_Commuter,58.7,1,Mall_Retail,8,0.852,0.465,0.788,0.69,21.0,0.43
CUST02070,Lucknow,Routine_Commuter,67.2,0,Residential,10,0.826,0.641,0.658,0.92,25.1,0.515
CUST02071,Delhi NCR,Routine_Commuter,63.2,0,Hotel,12,0.663,0.505,0.481,0.789,19.5,0.48
CUST02072,Chennai,Price_Sensitive,45.0,0,Transit_Public,7,0.11,0.738,0.604,0.438,22.3,0.581
CUST02073,Chennai,Routine_Commuter,54.7,1,Residential,11,0.872,0.787,0.478,0.716,31.4,0.667
CUST02074,Kolkata,Convenience_First,51.3,0,Hotel,5,0.712,0.169,0.802,0.932,32.8,0.214
CUST02075,Mumbai,Routine_Commuter,47.2,0,Hotel,9,0.784,0.36,0.795,0.507,25.6,0.391
CUST02076,Delhi NCR,Convenience_First,37.9,0,Highway,9,0.91,0.211,0.813,0.89,13.8,0.261
CUST02077,Kochi,Routine_Commuter,52.6,0,Office_Commercial,11,0.835,0.559,0.726,0.69,17.7,0.492
CUST02078,Kolkata,Routine_Commuter,65.4,0,Transit_Public,11,0.861,0.598,0.486,0.81,20.6,0.546
CUST02079,Hyderabad,Routine_Commuter,51.8,1,Office_Commercial,11,0.847,0.606,0.896,0.78,27.3,0.472
CUST02080,Bengaluru,High_Mileage,84.6,0,Fleet,19,0.585,0.688,0.654,0.895,30.7,0.522
CUST02081,Chennai,Convenience_First,66.2,0,Mall_Retail,7,0.842,0.283,0.937,0.931,35.8,0.263
CUST02082,Ahmedabad,Routine_Commuter,55.1,0,Office_Commercial,10,0.97,0.589,0.701,0.58,20.2,0.544
CUST02083,Kochi,High_Mileage,72.8,1,Fleet,20,0.813,0.796,0.682,0.767,24.7,0.618
CUST02084,Bengaluru,Routine_Commuter,58.2,0,Office_Commercial,8,0.99,0.603,0.542,0.536,25.7,0.592
CUST02085,Hyderabad,Routine_Commuter,44.3,0,Residential,9,0.639,0.582,0.554,0.738,19.5,0.512
CUST02086,Bengaluru,Convenience_First,52.8,0,Mall_Retail,5,0.804,0.327,0.811,0.809,20.1,0.327
CUST02087,Ahmedabad,Convenience_First,58.8,0,Mall_Retail,6,0.746,0.098,0.888,0.789,19.4,0.183
CUST02088,Delhi NCR,Routine_Commuter,53.2,1,Mall_Retail,12,0.736,0.443,0.586,0.794,21.0,0.431
CUST02089,Pune,Convenience_First,57.1,1,Office_Commercial,5,0.844,0.031,0.782,0.708,20.9,0.189
CUST02090,Delhi NCR,Price_Sensitive,47.3,1,Hotel,10,0.443,0.754,0.377,0.564,23.7,0.649
CUST02091,Jaipur,Convenience_First,46.2,1,Highway,7,0.84,0.151,0.825,0.651,19.1,0.254
CUST02092,Pune,Convenience_First,61.2,0,Mall_Retail,6,0.795,0.201,0.887,0.679,28.9,0.261
CUST02093,Chandigarh,Routine_Commuter,44.0,0,Mall_Retail,8,0.845,0.458,0.643,0.882,17.5,0.425
CUST02094,Hyderabad,Price_Sensitive,55.1,0,Mall_Retail,6,0.674,0.912,0.482,0.725,26.9,0.714
CUST02095,Chandigarh,Routine_Commuter,51.8,0,Office_Commercial,11,0.746,0.135,0.879,0.721,19.4,0.215
CUST02096,Hyderabad,Convenience_First,65.5,0,Hotel,7,0.774,0.335,0.882,0.839,37.0,0.31
CUST02097,Chandigarh,Convenience_First,65.7,1,Residential,6,0.913,0.204,0.672,0.677,34.8,0.317
CUST02098,Mumbai,Convenience_First,51.6,0,Office_Commercial,9,0.723,0.178,0.928,0.697,20.0,0.23
CUST02099,Delhi NCR,Routine_Commuter,47.2,1,Transit_Public,14,0.546,0.304,0.482,0.76,22.9,0.362
CUST02100,Pune,Convenience_First,61.5,0,Mall_Retail,10,0.737,0.278,0.9,0.753,27.7,0.284
CUST02101,Delhi NCR,Convenience_First,52.5,1,Mall_Retail,8,0.879,0.258,0.854,0.655,25.1,0.311
CUST02102,Jaipur,Convenience_First,56.8,0,Mall_Retail,9,0.732,0.245,0.802,0.866,20.5,0.268
CUST02103,Delhi NCR,Price_Sensitive,38.2,0,Residential,7,0.549,0.811,0.604,0.33,14.0,0.681
CUST02104,Mumbai,Routine_Commuter,49.7,1,Office_Commercial,8,0.749,0.356,0.74,0.601,25.1,0.383
CUST02105,Hyderabad,Convenience_First,50.6,0,Mall_Retail,5,0.83,0.26,0.865,0.818,16.8,0.28
CUST02106,Mumbai,Convenience_First,65.6,1,Residential,6,0.971,0.086,0.764,0.83,23.4,0.217
CUST02107,Chandigarh,Price_Sensitive,61.7,1,Highway,8,0.414,0.627,0.476,0.532,27.4,0.561
CUST02108,Kolkata,Price_Sensitive,57.7,1,Highway,11,0.573,0.99,0.494,0.388,26.0,0.795
CUST02109,Mumbai,Price_Sensitive,43.1,1,Mall_Retail,12,0.576,0.765,0.626,0.392,24.5,0.644
CUST02110,Bengaluru,Convenience_First,57.1,0,Office_Commercial,6,0.879,0.249,0.85,0.588,35.3,0.317
CUST02111,Bengaluru,Convenience_First,56.8,1,Hotel,9,0.925,0.304,0.853,0.792,19.3,0.32
CUST02112,Kochi,Price_Sensitive,53.0,0,Residential,8,0.464,0.99,0.505,0.541,26.0,0.759
CUST02113,Bengaluru,Price_Sensitive,54.4,0,Transit_Public,9,0.587,0.802,0.654,0.544,26.8,0.637
CUST02114,Kolkata,Price_Sensitive,37.3,1,Transit_Public,10,0.264,0.878,0.368,0.693,17.1,0.682
CUST02115,Mumbai,Convenience_First,67.0,1,Residential,9,0.835,0.303,0.941,0.764,18.9,0.297
CUST02116,Chennai,Routine_Commuter,54.2,1,Mall_Retail,11,0.782,0.305,0.643,0.824,18.1,0.344
CUST02117,Ahmedabad,Routine_Commuter,50.2,0,Office_Commercial,10,0.693,0.515,0.676,0.742,19.9,0.456
CUST02118,Pune,Routine_Commuter,65.2,1,Office_Commercial,11,0.657,0.259,0.638,0.674,34.6,0.329
CUST02119,Jaipur,Convenience_First,66.2,0,Mall_Retail,7,0.976,0.273,0.89,0.759,21.5,0.306
CUST02120,Lucknow,Price_Sensitive,57.6,1,Fleet,10,0.577,0.824,0.293,0.471,19.1,0.732
CUST02121,Hyderabad,Routine_Commuter,57.0,1,Transit_Public,11,0.731,0.416,0.706,0.926,20.8,0.372
CUST02122,Mumbai,High_Mileage,73.6,0,Highway,24,0.751,0.701,0.706,0.797,36.2,0.55
CUST02123,Hyderabad,Routine_Commuter,49.1,1,Mall_Retail,11,0.684,0.496,0.767,0.74,20.5,0.427
CUST02124,Delhi NCR,Price_Sensitive,53.2,1,Residential,9,0.494,0.742,0.646,0.473,17.7,0.607
CUST02125,Delhi NCR,Convenience_First,58.2,0,Highway,5,0.842,0.373,0.928,0.898,25.7,0.319
CUST02126,Ahmedabad,Routine_Commuter,64.1,1,Transit_Public,12,0.715,0.573,0.889,0.575,25.2,0.473
CUST02127,Chennai,Price_Sensitive,42.5,1,Office_Commercial,7,0.223,0.99,0.339,0.563,13.9,0.765
CUST02128,Hyderabad,High_Mileage,74.7,0,Office_Commercial,24,0.598,0.663,0.467,0.818,34.0,0.558
CUST02129,Mumbai,Convenience_First,52.3,0,Mall_Retail,7,0.894,0.162,0.844,0.915,23.8,0.223
CUST02130,Mumbai,Price_Sensitive,57.7,1,Transit_Public,9,0.569,0.843,0.402,0.373,26.0,0.734
CUST02131,Chennai,Routine_Commuter,53.6,1,Residential,11,0.649,0.687,0.839,0.846,22.4,0.498
CUST02132,Hyderabad,High_Mileage,63.1,1,Office_Commercial,20,0.5,0.8,0.868,0.908,25.9,0.53
CUST02133,Chandigarh,High_Mileage,88.6,0,Fleet,15,0.497,0.641,0.874,0.856,51.9,0.449
CUST02134,Chennai,Price_Sensitive,41.0,0,Residential,12,0.433,0.973,0.498,0.684,18.1,0.726
CUST02135,Hyderabad,Routine_Commuter,59.0,0,Office_Commercial,11,0.851,0.597,0.532,0.492,24.7,0.583
CUST02136,Bengaluru,Convenience_First,61.1,1,Highway,6,0.889,0.263,0.979,0.68,23.8,0.286
CUST02137,Hyderabad,Price_Sensitive,62.9,1,Mall_Retail,11,0.413,0.837,0.525,0.59,21.7,0.658
CUST02138,Kolkata,Routine_Commuter,55.0,1,Residential,11,0.644,0.316,0.612,0.798,27.1,0.346
CUST02139,Hyderabad,Routine_Commuter,48.2,1,Office_Commercial,14,0.758,0.627,0.613,0.864,19.4,0.519
CUST02140,Hyderabad,Routine_Commuter,50.3,1,Highway,10,0.768,0.82,0.714,0.642,19.2,0.639
CUST02141,Delhi NCR,Price_Sensitive,54.4,1,Residential,12,0.811,0.825,0.192,0.404,26.9,0.786
CUST02142,Ahmedabad,High_Mileage,75.9,0,Transit_Public,24,0.455,0.806,0.709,0.744,41.4,0.585
CUST02143,Delhi NCR,High_Mileage,64.7,0,Transit_Public,23,0.559,0.632,0.667,0.871,26.6,0.49
CUST02144,Bengaluru,Price_Sensitive,46.2,0,Office_Commercial,10,0.622,0.99,0.64,0.603,11.0,0.738
CUST02145,Jaipur,Routine_Commuter,55.7,1,Hotel,11,0.583,0.579,0.725,0.545,25.2,0.5
CUST02146,Ahmedabad,Price_Sensitive,58.1,0,Transit_Public,12,0.312,0.817,0.361,0.715,22.9,0.651
CUST02147,Mumbai,Price_Sensitive,42.3,1,Highway,7,0.244,0.668,0.573,0.327,18.0,0.578
CUST02148,Delhi NCR,High_Mileage,62.6,0,Highway,19,0.682,0.497,0.768,0.803,25.2,0.417
CUST02149,Lucknow,High_Mileage,79.9,0,Hotel,20,0.482,0.611,0.812,0.739,26.8,0.461
CUST02150,Hyderabad,High_Mileage,77.2,1,Mall_Retail,16,0.741,0.492,0.624,0.887,25.4,0.437
CUST02151,Jaipur,Routine_Commuter,64.3,1,Residential,11,0.724,0.532,0.813,0.606,26.5,0.461
CUST02152,Chandigarh,Routine_Commuter,58.8,1,Residential,8,0.771,0.373,0.592,0.881,23.4,0.382
CUST02153,Delhi NCR,Routine_Commuter,50.1,1,Hotel,14,0.7,0.322,0.794,0.773,24.6,0.322
CUST02154,Mumbai,Price_Sensitive,51.2,0,Mall_Retail,6,0.47,0.99,0.37,0.669,20.2,0.767
CUST02155,Kolkata,Price_Sensitive,61.9,1,Mall_Retail,7,0.397,0.946,0.587,0.48,29.7,0.721
CUST02156,Jaipur,Convenience_First,47.3,0,Transit_Public,5,0.874,0.212,0.99,0.725,25.5,0.247
CUST02157,Mumbai,Price_Sensitive,56.5,1,Office_Commercial,6,0.348,0.657,0.537,0.338,26.6,0.588
CUST02158,Delhi NCR,Price_Sensitive,48.2,1,Residential,9,0.495,0.756,0.504,0.425,20.2,0.651
CUST02159,Pune,Price_Sensitive,49.4,0,Residential,10,0.407,0.839,0.342,0.641,22.3,0.688
CUST02160,Mumbai,Routine_Commuter,56.5,0,Office_Commercial,12,0.816,0.482,0.497,0.697,23.4,0.493
CUST02161,Ahmedabad,Convenience_First,61.2,1,Fleet,5,0.702,0.453,0.857,0.858,30.5,0.369
CUST02162,Delhi NCR,Convenience_First,45.6,1,Office_Commercial,5,0.835,0.297,0.895,0.702,17.9,0.313
CUST02163,Jaipur,Price_Sensitive,53.7,1,Mall_Retail,11,0.563,0.797,0.691,0.698,19.3,0.602
CUST02164,Kochi,Routine_Commuter,61.0,1,Highway,11,0.519,0.633,0.682,0.763,24.9,0.499
CUST02165,Ahmedabad,Price_Sensitive,61.5,1,Office_Commercial,7,0.73,0.73,0.862,0.398,20.5,0.592
CUST02166,Delhi NCR,Routine_Commuter,60.5,1,Residential,14,0.99,0.53,0.327,0.756,25.3,0.562
CUST02167,Mumbai,Routine_Commuter,53.2,1,Mall_Retail,10,0.896,0.678,0.653,0.532,26.0,0.602
CUST02168,Delhi NCR,Routine_Commuter,69.7,1,Residential,8,0.782,0.833,0.501,0.778,35.6,0.669
CUST02169,Delhi NCR,Routine_Commuter,54.1,0,Residential,8,0.687,0.512,0.641,0.878,18.1,0.44
CUST02170,Delhi NCR,Routine_Commuter,46.9,1,Residential,9,0.769,0.689,0.709,0.663,19.4,0.564
CUST02171,Lucknow,Routine_Commuter,61.8,1,Mall_Retail,12,0.752,0.496,0.584,0.646,21.3,0.484
CUST02172,Bengaluru,High_Mileage,77.9,1,Office_Commercial,18,0.58,0.358,0.783,0.966,24.4,0.303
CUST02173,Chennai,Routine_Commuter,54.7,0,Residential,12,0.774,0.531,0.612,0.88,27.8,0.465
CUST02174,Kolkata,Routine_Commuter,61.4,1,Residential,12,0.683,0.522,0.766,0.684,25.3,0.45
CUST02175,Kochi,Price_Sensitive,56.5,1,Residential,8,0.645,0.77,0.51,0.544,24.4,0.654
CUST02176,Chennai,Routine_Commuter,53.2,1,Mall_Retail,14,0.686,0.6,0.693,0.625,22.4,0.516
CUST02177,Lucknow,Routine_Commuter,53.7,1,Hotel,9,0.596,0.548,0.706,0.692,24.0,0.466
CUST02178,Kochi,Routine_Commuter,55.2,0,Residential,8,0.862,0.373,0.619,0.774,20.3,0.401
CUST02179,Delhi NCR,Routine_Commuter,46.7,0,Office_Commercial,8,0.64,0.897,0.829,0.82,14.4,0.618
CUST02180,Kolkata,Routine_Commuter,49.8,0,Transit_Public,9,0.658,0.671,0.574,0.665,18.9,0.57
CUST02181,Kochi,Price_Sensitive,50.3,1,Mall_Retail,8,0.616,0.894,0.371,0.635,24.7,0.734
CUST02182,Bengaluru,Convenience_First,63.3,1,Highway,10,0.85,0.108,0.866,0.853,21.5,0.193
CUST02183,Pune,Routine_Commuter,55.6,0,Residential,11,0.755,0.475,0.827,0.755,15.3,0.408
CUST02184,Kolkata,Routine_Commuter,47.4,1,Highway,12,0.802,0.463,0.461,0.447,21.1,0.526
CUST02185,Kochi,Routine_Commuter,72.1,0,Residential,10,0.883,0.336,0.932,0.945,35.5,0.295
CUST02186,Chandigarh,Routine_Commuter,55.8,0,Transit_Public,13,0.686,0.412,0.829,0.646,24.4,0.382
CUST02187,Hyderabad,Routine_Commuter,49.4,1,Mall_Retail,13,0.843,0.697,0.456,0.932,19.9,0.587
CUST02188,Bengaluru,Routine_Commuter,50.8,0,Office_Commercial,10,0.686,0.337,0.556,0.565,25.3,0.408
CUST02189,Lucknow,Routine_Commuter,62.7,1,Office_Commercial,9,0.722,0.715,0.515,0.919,27.8,0.575
CUST02190,Hyderabad,Price_Sensitive,44.6,0,Highway,7,0.387,0.815,0.582,0.718,11.1,0.613
CUST02191,Chennai,Price_Sensitive,57.6,1,Office_Commercial,7,0.498,0.767,0.488,0.554,17.9,0.641
CUST02192,Bengaluru,Routine_Commuter,51.8,1,Residential,12,0.721,0.522,0.613,0.648,12.6,0.489
CUST02193,Ahmedabad,Convenience_First,48.7,0,Highway,7,0.867,0.369,0.8,0.894,16.6,0.345
CUST02194,Bengaluru,Routine_Commuter,65.9,1,Residential,8,0.603,0.547,0.783,0.684,22.4,0.452
CUST02195,Hyderabad,Routine_Commuter,66.2,0,Residential,12,0.796,0.431,0.598,0.775,30.5,0.431
CUST02196,Ahmedabad,Routine_Commuter,53.4,0,Office_Commercial,13,0.869,0.368,0.776,0.752,20.9,0.371
CUST02197,Kolkata,Price_Sensitive,54.7,1,Office_Commercial,10,0.614,0.762,0.493,0.379,17.4,0.675
CUST02198,Delhi NCR,Routine_Commuter,51.0,1,Residential,12,0.714,0.502,0.719,0.761,20.7,0.44
CUST02199,Delhi NCR,Convenience_First,72.1,0,Fleet,8,0.846,0.297,0.972,0.719,23.2,0.295
CUST02200,Hyderabad,Convenience_First,58.1,1,Hotel,7,0.827,0.244,0.918,0.766,18.7,0.269
CUST02201,Ahmedabad,Convenience_First,53.0,0,Highway,8,0.819,0.125,0.78,0.852,24.9,0.217
CUST02202,Hyderabad,Convenience_First,49.7,1,Mall_Retail,5,0.825,0.136,0.794,0.774,15.1,0.232
CUST02203,Chennai,Routine_Commuter,64.2,1,Office_Commercial,14,0.666,0.576,0.749,0.99,29.9,0.435
CUST02204,Chandigarh,Routine_Commuter,45.5,0,Office_Commercial,12,0.571,0.436,0.612,0.682,13.8,0.422
CUST02205,Delhi NCR,Convenience_First,54.0,1,Highway,5,0.941,0.411,0.856,0.715,26.8,0.392
CUST02206,Chandigarh,Routine_Commuter,57.4,1,Residential,14,0.582,0.412,0.687,0.576,26.4,0.411
CUST02207,Lucknow,Price_Sensitive,40.5,1,Mall_Retail,10,0.249,0.805,0.573,0.607,13.4,0.612
CUST02208,Delhi NCR,Convenience_First,70.4,0,Hotel,5,0.876,0.162,0.866,0.791,31.6,0.235
CUST02209,Hyderabad,Convenience_First,52.0,0,Highway,8,0.815,0.167,0.811,0.868,17.4,0.231
CUST02210,Jaipur,Price_Sensitive,48.2,0,Office_Commercial,6,0.58,0.948,0.44,0.666,30.2,0.741
CUST02211,Hyderabad,Convenience_First,61.2,1,Transit_Public,5,0.846,0.302,0.853,0.792,19.3,0.311
CUST02212,Pune,Routine_Commuter,53.7,0,Residential,8,0.745,0.433,0.56,0.823,29.2,0.427
CUST02213,Chandigarh,Convenience_First,64.3,1,Mall_Retail,8,0.862,0.324,0.753,0.968,28.1,0.319
CUST02214,Mumbai,Routine_Commuter,74.0,1,Office_Commercial,10,0.6,0.591,0.656,0.717,47.2,0.496
CUST02215,Mumbai,Convenience_First,48.6,0,Highway,5,0.759,0.205,0.696,0.879,20.2,0.267
CUST02216,Delhi NCR,Price_Sensitive,38.0,1,Residential,8,0.495,0.73,0.619,0.394,14.7,0.618
CUST02217,Ahmedabad,Price_Sensitive,38.9,0,Transit_Public,7,0.616,0.93,0.441,0.386,18.8,0.777
CUST02218,Chennai,Price_Sensitive,49.9,0,Mall_Retail,9,0.488,0.92,0.359,0.404,20.6,0.772
CUST02219,Mumbai,Convenience_First,72.6,1,Mall_Retail,6,0.67,0.275,0.856,0.929,28.8,0.257
CUST02220,Delhi NCR,Convenience_First,61.1,0,Fleet,6,0.837,0.346,0.981,0.829,28.1,0.303
CUST02221,Chennai,Convenience_First,62.2,0,Highway,7,0.852,0.327,0.932,0.961,17.8,0.285
CUST02222,Chennai,High_Mileage,66.1,0,Office_Commercial,25,0.471,0.691,0.758,0.935,23.2,0.485
CUST02223,Kolkata,Price_Sensitive,59.9,1,Residential,11,0.206,0.99,0.619,0.851,27.6,0.664
CUST02224,Kolkata,Price_Sensitive,57.3,0,Transit_Public,9,0.447,0.949,0.295,0.355,28.6,0.804
CUST02225,Bengaluru,Routine_Commuter,58.0,0,Office_Commercial,12,0.874,0.624,0.683,0.717,27.6,0.536
CUST02226,Jaipur,Price_Sensitive,66.9,0,Transit_Public,7,0.781,0.707,0.469,0.521,29.9,0.645
CUST02227,Delhi NCR,Routine_Commuter,51.2,1,Transit_Public,12,0.719,0.592,0.607,0.932,18.2,0.486
CUST02228,Lucknow,Routine_Commuter,50.7,0,Office_Commercial,9,0.575,0.441,0.722,0.804,24.2,0.385
CUST02229,Hyderabad,High_Mileage,93.7,0,Fleet,25,0.647,0.626,0.79,0.898,31.6,0.466
CUST02230,Chandigarh,Convenience_First,51.7,1,Highway,5,0.886,0.28,0.836,0.751,27.4,0.313
CUST02231,Mumbai,Price_Sensitive,61.2,0,Fleet,9,0.546,0.847,0.511,0.455,18.9,0.7
CUST02232,Pune,Price_Sensitive,49.0,0,Residential,8,0.669,0.607,0.41,0.451,23.1,0.601
CUST02233,Jaipur,Routine_Commuter,52.3,1,Office_Commercial,11,0.973,0.714,0.643,0.704,12.9,0.606
CUST02234,Ahmedabad,Routine_Commuter,55.2,0,Office_Commercial,14,0.702,0.507,0.713,0.6,27.5,0.466
CUST02235,Pune,Price_Sensitive,53.6,1,Residential,8,0.386,0.786,0.77,0.6,22.6,0.577
CUST02236,Delhi NCR,Convenience_First,49.4,1,Office_Commercial,9,0.927,0.317,0.903,0.844,19.7,0.31
CUST02237,Delhi NCR,Routine_Commuter,55.3,1,Residential,9,0.819,0.527,0.786,0.544,22.5,0.483
CUST02238,Ahmedabad,Convenience_First,70.6,1,Highway,9,0.795,0.302,0.921,0.66,26.4,0.312
CUST02239,Jaipur,Price_Sensitive,56.1,1,Residential,12,0.608,0.99,0.54,0.458,16.4,0.779
CUST02240,Delhi NCR,Convenience_First,61.7,0,Highway,6,0.759,0.248,0.869,0.738,27.0,0.278
CUST02241,Ahmedabad,Price_Sensitive,43.8,1,Residential,8,0.589,0.819,0.167,0.632,24.8,0.731
CUST02242,Kolkata,High_Mileage,76.0,0,Office_Commercial,15,0.626,0.712,0.608,0.859,28.0,0.554
CUST02243,Chennai,Price_Sensitive,46.1,0,Highway,8,0.448,0.826,0.817,0.397,26.0,0.626
CUST02244,Pune,Routine_Commuter,62.7,1,Residential,14,0.483,0.534,0.611,0.886,31.1,0.437
CUST02245,Bengaluru,Price_Sensitive,51.2,0,Office_Commercial,6,0.723,0.623,0.547,0.725,18.2,0.547
CUST02246,Ahmedabad,Routine_Commuter,55.6,0,Residential,14,0.537,0.537,0.618,0.576,18.6,0.489
CUST02247,Pune,High_Mileage,72.6,0,Highway,22,0.89,0.867,0.629,0.929,37.4,0.651
CUST02248,Mumbai,Price_Sensitive,53.5,0,Office_Commercial,9,0.579,0.647,0.226,0.575,27.1,0.632
CUST02249,Hyderabad,Price_Sensitive,48.4,1,Residential,12,0.591,0.864,0.23,0.405,16.0,0.778
CUST02250,Ahmedabad,Routine_Commuter,56.4,1,Office_Commercial,13,0.642,0.639,0.846,0.866,34.9,0.467
CUST02251,Delhi NCR,High_Mileage,60.4,0,Highway,24,0.529,0.745,0.8,0.786,23.6,0.535
CUST02252,Mumbai,Price_Sensitive,68.9,0,Office_Commercial,7,0.701,0.707,0.343,0.526,21.2,0.662
CUST02253,Jaipur,Convenience_First,52.8,0,Office_Commercial,9,0.927,0.257,0.857,0.83,17.8,0.288
CUST02254,Lucknow,Routine_Commuter,48.4,0,Transit_Public,9,0.656,0.468,0.99,0.718,19.7,0.367
CUST02255,Delhi NCR,Convenience_First,53.5,1,Mall_Retail,7,0.901,0.159,0.844,0.82,21.8,0.236
CUST02256,Mumbai,Routine_Commuter,48.1,1,Fleet,9,0.678,0.722,0.547,0.516,17.6,0.628
CUST02257,Chandigarh,Routine_Commuter,44.3,1,Office_Commercial,8,0.706,0.401,0.914,0.702,24.6,0.353
CUST02258,Delhi NCR,Price_Sensitive,53.1,1,Mall_Retail,8,0.509,0.893,0.475,0.547,24.4,0.715
CUST02259,Mumbai,Routine_Commuter,66.3,0,Office_Commercial,14,0.96,0.667,0.655,0.774,32.6,0.566
CUST02260,Chennai,Routine_Commuter,64.3,1,Office_Commercial,8,0.564,0.647,0.525,0.547,32.2,0.575
CUST02261,Pune,Routine_Commuter,45.3,1,Office_Commercial,8,0.88,0.497,0.742,0.57,25.9,0.478
CUST02262,Jaipur,Price_Sensitive,43.6,1,Residential,9,0.267,0.809,0.355,0.564,18.9,0.666
CUST02263,Jaipur,High_Mileage,61.7,0,Fleet,15,0.677,0.586,0.621,0.855,24.2,0.488
CUST02264,Mumbai,Convenience_First,57.5,0,Fleet,9,0.838,0.3,0.81,0.822,21.9,0.314
CUST02265,Chennai,Price_Sensitive,76.1,1,Office_Commercial,12,0.419,0.837,0.425,0.79,30.3,0.649
CUST02266,Mumbai,Routine_Commuter,54.6,0,Office_Commercial,12,0.802,0.565,0.854,0.812,28.2,0.448
CUST02267,Chandigarh,High_Mileage,89.3,0,Fleet,17,0.827,0.66,0.849,0.878,37.4,0.494
CUST02268,Ahmedabad,Convenience_First,60.5,0,Fleet,6,0.848,0.197,0.817,0.791,28.6,0.261
CUST02269,Chennai,Price_Sensitive,45.1,1,Fleet,8,0.625,0.782,0.396,0.893,15.5,0.629
CUST02270,Chennai,Routine_Commuter,52.4,1,Office_Commercial,10,0.474,0.687,0.455,0.705,27.0,0.579
CUST02271,Jaipur,Routine_Commuter,56.9,1,Office_Commercial,9,0.77,0.664,0.779,0.759,22.8,0.523
CUST02272,Bengaluru,Routine_Commuter,50.8,1,Transit_Public,10,0.767,0.223,0.664,0.826,22.7,0.293
CUST02273,Bengaluru,High_Mileage,81.7,0,Highway,20,0.545,0.576,0.751,0.836,36.5,0.445
CUST02274,Mumbai,Convenience_First,62.2,1,Fleet,7,0.827,0.235,0.929,0.872,31.8,0.245
CUST02275,Lucknow,Routine_Commuter,35.3,1,Residential,11,0.645,0.354,0.679,0.675,12.6,0.372
CUST02276,Ahmedabad,Price_Sensitive,47.5,0,Office_Commercial,9,0.614,0.756,0.611,0.375,17.4,0.649
CUST02277,Bengaluru,Convenience_First,48.8,0,Fleet,6,0.832,0.321,0.859,0.768,23.7,0.323
CUST02278,Chennai,Convenience_First,56.9,0,Transit_Public,7,0.899,0.26,0.971,0.698,17.4,0.284
CUST02279,Chandigarh,Price_Sensitive,61.3,0,Mall_Retail,10,0.78,0.816,0.397,0.655,27.0,0.699
CUST02280,Lucknow,Convenience_First,63.8,0,Mall_Retail,6,0.795,0.215,0.99,0.99,20.3,0.201
CUST02281,Pune,Routine_Commuter,65.4,0,Office_Commercial,11,0.699,0.68,0.69,0.852,33.8,0.528
CUST02282,Chennai,Convenience_First,56.9,0,Highway,9,0.9,0.337,0.836,0.896,20.0,0.324
CUST02283,Bengaluru,Routine_Commuter,60.4,0,Mall_Retail,10,0.613,0.572,0.75,0.713,22.7,0.469
CUST02284,Delhi NCR,Routine_Commuter,53.2,1,Mall_Retail,9,0.636,0.568,0.569,0.751,32.7,0.5
CUST02285,Hyderabad,Convenience_First,59.7,0,Residential,7,0.766,0.297,0.809,0.691,23.2,0.325
CUST02286,Chennai,Convenience_First,54.9,0,Fleet,6,0.845,0.473,0.967,0.99,27.4,0.353
CUST02287,Kolkata,Convenience_First,67.9,0,Fleet,10,0.885,0.298,0.719,0.788,29.9,0.341
CUST02288,Delhi NCR,Price_Sensitive,54.2,0,Residential,6,0.467,0.752,0.617,0.605,28.0,0.596
CUST02289,Bengaluru,High_Mileage,73.2,1,Highway,19,0.432,0.711,0.447,0.882,38.8,0.563
CUST02290,Bengaluru,Convenience_First,59.9,0,Highway,9,0.869,0.261,0.831,0.754,25.0,0.301
CUST02291,Kolkata,Routine_Commuter,45.9,1,Residential,9,0.768,0.541,0.751,0.667,19.9,0.474
CUST02292,Ahmedabad,Routine_Commuter,68.1,1,Office_Commercial,12,0.75,0.986,0.644,0.904,29.1,0.703
CUST02293,Lucknow,Convenience_First,67.7,1,Highway,6,0.741,0.234,0.837,0.627,19.9,0.291
CUST02294,Mumbai,Price_Sensitive,51.0,0,Office_Commercial,6,0.514,0.828,0.468,0.488,30.6,0.69
CUST02295,Mumbai,Convenience_First,58.2,0,Fleet,8,0.871,0.221,0.971,0.855,27.0,0.236
CUST02296,Hyderabad,Routine_Commuter,48.0,1,Mall_Retail,9,0.705,0.485,0.816,0.749,17.4,0.412
CUST02297,Delhi NCR,Routine_Commuter,46.7,0,Highway,14,0.785,0.414,0.558,0.944,21.7,0.403
CUST02298,Mumbai,Routine_Commuter,56.7,0,Mall_Retail,14,0.801,0.615,0.611,0.597,24.5,0.557
CUST02299,Ahmedabad,Price_Sensitive,55.6,0,Mall_Retail,6,0.399,0.664,0.554,0.422,28.4,0.581
CUST02300,Hyderabad,Price_Sensitive,57.5,1,Hotel,9,0.551,0.764,0.332,0.755,31.6,0.646
CUST02301,Chennai,Routine_Commuter,78.2,1,Office_Commercial,11,0.651,0.74,0.547,0.63,22.4,0.618
CUST02302,Delhi NCR,Convenience_First,85.1,0,Office_Commercial,5,0.957,0.061,0.754,0.788,27.4,0.21
CUST02303,Pune,Routine_Commuter,47.2,0,Transit_Public,10,0.708,0.483,0.634,0.63,19.7,0.465
CUST02304,Mumbai,Routine_Commuter,47.2,1,Transit_Public,12,0.837,0.439,0.661,0.917,21.0,0.405
CUST02305,Lucknow,Price_Sensitive,60.7,0,Hotel,6,0.498,0.84,0.43,0.574,20.2,0.69
CUST02306,Chandigarh,Price_Sensitive,38.7,1,Residential,8,0.651,0.725,0.4,0.496,19.6,0.66
CUST02307,Kolkata,Routine_Commuter,60.8,1,Highway,10,0.761,0.564,0.632,0.756,16.2,0.497
CUST02308,Bengaluru,Routine_Commuter,41.9,0,Mall_Retail,14,0.618,0.513,0.632,0.601,16.2,0.477
CUST02309,Jaipur,Convenience_First,56.0,1,Highway,7,0.852,0.237,0.864,0.809,30.9,0.272
CUST02310,Chennai,Routine_Commuter,43.2,1,Fleet,11,0.653,0.495,0.674,0.6,16.9,0.463
CUST02311,Ahmedabad,Routine_Commuter,52.2,0,Mall_Retail,12,0.607,0.629,0.806,0.849,15.1,0.468
CUST02312,Hyderabad,Price_Sensitive,61.2,1,Transit_Public,11,0.58,0.642,0.341,0.245,26.0,0.656
CUST02313,Delhi NCR,Routine_Commuter,77.5,1,Residential,11,0.696,0.507,0.729,0.772,30.0,0.437
CUST02314,Delhi NCR,Price_Sensitive,52.5,0,Office_Commercial,9,0.574,0.586,0.253,0.885,17.6,0.547
CUST02315,Ahmedabad,Convenience_First,65.7,0,Transit_Public,6,0.749,0.208,0.95,0.846,23.8,0.223
CUST02316,Chennai,Convenience_First,54.4,0,Office_Commercial,7,0.819,0.234,0.96,0.931,18.9,0.229
CUST02317,Pune,Convenience_First,59.6,1,Highway,7,0.727,0.175,0.742,0.813,17.7,0.248
CUST02318,Kolkata,Price_Sensitive,61.6,0,Mall_Retail,11,0.414,0.657,0.601,0.458,32.6,0.564
CUST02319,Mumbai,Convenience_First,53.1,0,Office_Commercial,7,0.762,0.266,0.874,0.757,20.3,0.284
CUST02320,Delhi NCR,Convenience_First,60.9,0,Hotel,5,0.853,0.236,0.876,0.857,32.9,0.262
CUST02321,Bengaluru,Routine_Commuter,56.6,1,Office_Commercial,8,0.692,0.543,0.543,0.762,17.0,0.495
CUST02322,Mumbai,Convenience_First,52.9,0,Fleet,9,0.844,0.278,0.99,0.826,24.1,0.266
CUST02323,Mumbai,Convenience_First,55.1,1,Highway,9,0.723,0.294,0.796,0.772,35.9,0.309
CUST02324,Delhi NCR,Routine_Commuter,59.3,0,Office_Commercial,12,0.636,0.696,0.583,0.718,20.8,0.572
CUST02325,Chennai,Price_Sensitive,56.8,0,Residential,9,0.276,0.813,0.462,0.578,28.1,0.646
CUST02326,Lucknow,Routine_Commuter,46.4,0,Office_Commercial,8,0.539,0.516,0.721,0.483,12.4,0.471
CUST02327,Mumbai,Routine_Commuter,54.1,1,Office_Commercial,11,0.743,0.458,0.722,0.844,22.6,0.405
CUST02328,Pune,Price_Sensitive,47.8,0,Mall_Retail,11,0.36,0.698,0.46,0.464,18.2,0.609
CUST02329,Pune,Price_Sensitive,57.3,0,Office_Commercial,8,0.46,0.878,0.324,0.783,25.8,0.697
CUST02330,Delhi NCR,Convenience_First,74.7,0,Highway,8,0.836,0.327,0.747,0.739,49.2,0.353
CUST02331,Chandigarh,Routine_Commuter,54.7,1,Office_Commercial,13,0.688,0.674,0.829,0.99,22.8,0.475
CUST02332,Bengaluru,High_Mileage,69.5,0,Highway,25,0.317,0.584,0.769,0.89,25.4,0.415
CUST02333,Pune,Convenience_First,55.1,1,Highway,7,0.809,0.255,0.856,0.736,19.1,0.289
CUST02334,Chennai,Routine_Commuter,56.1,0,Residential,9,0.83,0.4,0.788,0.744,17.3,0.384
CUST02335,Hyderabad,Routine_Commuter,49.3,0,Office_Commercial,8,0.763,0.711,0.688,0.924,25.3,0.541
CUST02336,Hyderabad,Routine_Commuter,55.6,1,Office_Commercial,8,0.858,0.476,0.809,0.984,25.2,0.388
CUST02337,Chennai,Convenience_First,57.6,1,Highway,8,0.927,0.246,0.821,0.972,20.3,0.268
CUST02338,Lucknow,Price_Sensitive,55.6,1,Office_Commercial,7,0.319,0.832,0.712,0.264,19.2,0.657
CUST02339,Lucknow,Convenience_First,74.2,1,Hotel,9,0.826,0.222,0.819,0.847,27.7,0.264
CUST02340,Mumbai,Routine_Commuter,42.6,1,Office_Commercial,8,0.542,0.57,0.554,0.778,20.2,0.49
CUST02341,Mumbai,Routine_Commuter,59.1,1,Residential,14,0.855,0.475,0.693,0.696,30.5,0.454
CUST02342,Chennai,Price_Sensitive,51.5,1,Residential,9,0.48,0.925,0.304,0.693,18.3,0.742
CUST02343,Mumbai,Convenience_First,42.4,1,Transit_Public,5,0.833,0.404,0.874,0.919,20.4,0.343
CUST02344,Jaipur,Convenience_First,62.8,1,Highway,7,0.863,0.036,0.975,0.716,20.8,0.153
CUST02345,Bengaluru,Routine_Commuter,46.8,0,Residential,12,0.819,0.317,0.574,0.77,15.7,0.376
CUST02346,Bengaluru,Routine_Commuter,60.8,1,Mall_Retail,10,0.567,0.55,0.594,0.735,29.4,0.48
CUST02347,Ahmedabad,High_Mileage,67.9,0,Transit_Public,25,0.734,0.73,0.557,0.797,39.4,0.594
CUST02348,Bengaluru,Price_Sensitive,51.2,0,Residential,8,0.393,0.72,0.461,0.554,21.2,0.61
CUST02349,Mumbai,Routine_Commuter,53.1,1,Residential,12,0.785,0.341,0.527,0.735,19.3,0.4
CUST02350,Bengaluru,Price_Sensitive,47.7,0,Transit_Public,7,0.337,0.76,0.56,0.546,19.5,0.607
CUST02351,Chandigarh,Routine_Commuter,50.3,1,Mall_Retail,9,0.56,0.619,0.589,0.719,18.4,0.521
CUST02352,Hyderabad,Convenience_First,65.0,1,Highway,5,0.933,0.322,0.805,0.99,30.6,0.311
CUST02353,Ahmedabad,Convenience_First,77.7,1,Highway,7,0.907,0.337,0.792,0.99,30.6,0.319
CUST02354,Kochi,Routine_Commuter,54.9,0,Office_Commercial,9,0.904,0.685,0.479,0.827,15.4,0.597
CUST02355,Hyderabad,Routine_Commuter,58.3,0,Fleet,12,0.73,0.329,0.734,0.847,28.1,0.33
CUST02356,Bengaluru,Convenience_First,52.2,1,Mall_Retail,5,0.855,0.31,0.9,0.694,22.9,0.322
CUST02357,Hyderabad,Routine_Commuter,54.2,1,Residential,12,0.482,0.339,0.38,0.865,22.2,0.379
CUST02358,Kochi,Convenience_First,61.8,1,Mall_Retail,6,0.85,0.418,0.73,0.793,23.3,0.4
CUST02359,Lucknow,Convenience_First,61.0,1,Highway,6,0.99,0.303,0.837,0.855,27.4,0.32
CUST02360,Kolkata,Convenience_First,71.9,0,Residential,7,0.881,0.303,0.742,0.828,28.3,0.332
CUST02361,Chennai,Routine_Commuter,59.7,0,Transit_Public,14,0.485,0.571,0.568,0.781,24.3,0.482
CUST02362,Bengaluru,Price_Sensitive,45.8,0,Highway,12,0.561,0.963,0.604,0.64,18.8,0.719
CUST02363,Lucknow,Convenience_First,63.4,0,Highway,7,0.755,0.143,0.87,0.766,27.6,0.215
CUST02364,Pune,Routine_Commuter,52.6,1,Office_Commercial,12,0.687,0.545,0.482,0.799,16.9,0.502
CUST02365,Ahmedabad,Convenience_First,62.5,0,Residential,6,0.867,0.263,0.786,0.689,22.8,0.321
CUST02366,Chennai,Routine_Commuter,66.5,1,Office_Commercial,11,0.745,0.726,0.555,0.821,36.3,0.59
CUST02367,Delhi NCR,Price_Sensitive,43.3,0,Hotel,7,0.216,0.88,0.558,0.338,19.3,0.693
CUST02368,Bengaluru,Routine_Commuter,64.9,0,Office_Commercial,9,0.755,0.632,0.744,0.669,27.7,0.524
CUST02369,Bengaluru,Convenience_First,54.6,0,Highway,6,0.842,0.414,0.878,0.808,19.2,0.365
CUST02370,Delhi NCR,Routine_Commuter,47.7,1,Residential,14,0.94,0.493,0.614,0.469,17.6,0.522
CUST02371,Chennai,Routine_Commuter,72.7,0,Residential,12,0.99,0.681,0.867,0.933,24.9,0.51
CUST02372,Hyderabad,Routine_Commuter,45.4,0,Residential,8,0.704,0.242,0.508,0.645,21.2,0.355
CUST02373,Delhi NCR,Routine_Commuter,59.2,0,Transit_Public,12,0.839,0.583,0.642,0.518,18.4,0.549
CUST02374,Chennai,Routine_Commuter,49.5,1,Mall_Retail,14,0.743,0.541,0.602,0.791,24.5,0.483
CUST02375,Delhi NCR,Convenience_First,79.0,0,Mall_Retail,9,0.645,0.398,0.704,0.859,34.4,0.364
CUST02376,Lucknow,Convenience_First,63.9,1,Highway,6,0.733,0.217,0.99,0.742,32.0,0.233
CUST02377,Jaipur,Convenience_First,55.2,0,Hotel,5,0.779,0.265,0.833,0.99,21.9,0.258
CUST02378,Bengaluru,Routine_Commuter,48.4,1,Office_Commercial,10,0.89,0.707,0.672,0.607,21.3,0.603
CUST02379,Lucknow,Convenience_First,71.2,0,Mall_Retail,10,0.687,0.191,0.774,0.779,28.0,0.252
CUST02380,Chandigarh,High_Mileage,82.8,0,Office_Commercial,15,0.422,0.62,0.779,0.963,32.0,0.433
CUST02381,Kochi,Routine_Commuter,63.7,0,Office_Commercial,12,0.671,0.574,0.732,0.579,29.9,0.499
CUST02382,Pune,Routine_Commuter,48.3,1,Office_Commercial,14,0.667,0.24,0.734,0.507,22.6,0.326
CUST02383,Hyderabad,Convenience_First,52.4,1,Office_Commercial,9,0.668,0.382,0.822,0.953,22.2,0.319
CUST02384,Bengaluru,Convenience_First,60.8,0,Hotel,10,0.925,0.331,0.794,0.877,25.3,0.334
CUST02385,Pune,Convenience_First,71.7,0,Office_Commercial,7,0.769,0.18,0.99,0.736,37.2,0.218
CUST02386,Pune,Price_Sensitive,35.3,0,Transit_Public,8,0.414,0.982,0.384,0.187,21.1,0.827
CUST02387,Lucknow,Convenience_First,57.7,0,Office_Commercial,7,0.828,0.405,0.797,0.859,24.6,0.367
CUST02388,Mumbai,Routine_Commuter,50.4,0,Hotel,12,0.581,0.24,0.662,0.818,25.4,0.285
CUST02389,Pune,Convenience_First,64.6,0,Mall_Retail,5,0.835,0.111,0.752,0.788,34.5,0.226
CUST02390,Hyderabad,Routine_Commuter,62.3,1,Residential,10,0.695,0.502,0.7,0.924,21.7,0.417
CUST02391,Chennai,Convenience_First,68.2,1,Highway,8,0.975,0.01,0.99,0.842,22.2,0.129
CUST02392,Delhi NCR,Price_Sensitive,58.3,1,Mall_Retail,10,0.492,0.964,0.456,0.536,28.9,0.758
CUST02393,Chandigarh,Routine_Commuter,40.0,0,Office_Commercial,13,0.8,0.638,0.718,0.59,17.6,0.549
CUST02394,Ahmedabad,Routine_Commuter,58.5,1,Office_Commercial,9,0.601,0.629,0.782,0.677,23.9,0.498
CUST02395,Pune,Routine_Commuter,56.6,1,Office_Commercial,9,0.824,0.465,0.406,0.693,22.3,0.503
CUST02396,Bengaluru,Convenience_First,62.6,0,Mall_Retail,5,0.81,0.175,0.946,0.582,26.3,0.251
CUST02397,Ahmedabad,Routine_Commuter,61.7,0,Residential,10,0.671,0.379,0.758,0.491,33.0,0.4
CUST02398,Jaipur,High_Mileage,80.8,0,Fleet,19,0.531,0.661,0.99,0.755,38.0,0.455
CUST02399,Mumbai,High_Mileage,65.8,1,Fleet,18,0.612,0.778,0.897,0.867,25.8,0.53
CUST02400,Jaipur,Routine_Commuter,51.2,1,Residential,11,0.63,0.34,0.547,0.651,23.0,0.393
CUST02401,Chennai,Price_Sensitive,60.8,0,Office_Commercial,9,0.195,0.707,0.563,0.584,26.3,0.558
CUST02402,Bengaluru,Price_Sensitive,52.4,0,Transit_Public,6,0.482,0.957,0.734,0.371,20.3,0.722
CUST02403,Bengaluru,Routine_Commuter,56.3,1,Office_Commercial,8,0.718,0.316,0.741,0.586,22.7,0.359
CUST02404,Chandigarh,Convenience_First,53.1,0,Residential,8,0.822,0.194,0.942,0.808,28.2,0.23
CUST02405,Mumbai,Convenience_First,57.6,0,Office_Commercial,8,0.865,0.429,0.956,0.69,22.6,0.378
CUST02406,Mumbai,Price_Sensitive,53.0,0,Highway,6,0.32,0.74,0.311,0.648,16.9,0.63
CUST02407,Ahmedabad,Convenience_First,54.2,0,Hotel,8,0.839,0.082,0.898,0.711,24.1,0.193
CUST02408,Mumbai,Price_Sensitive,45.8,1,Mall_Retail,12,0.695,0.99,0.64,0.852,22.2,0.708
CUST02409,Chandigarh,Routine_Commuter,56.4,1,Transit_Public,12,0.622,0.57,0.707,0.627,23.0,0.49
CUST02410,Mumbai,Convenience_First,56.7,0,Residential,8,0.818,0.227,0.99,0.838,23.5,0.233
CUST02411,Hyderabad,Price_Sensitive,53.6,0,Office_Commercial,10,0.282,0.768,0.315,0.557,22.3,0.654
CUST02412,Kolkata,Convenience_First,62.5,0,Residential,9,0.827,0.13,0.848,0.796,30.1,0.215
CUST02413,Pune,Price_Sensitive,62.7,1,Fleet,6,0.317,0.755,0.259,0.583,26.7,0.658
CUST02414,Hyderabad,High_Mileage,68.9,0,Highway,25,0.518,0.837,0.644,0.905,37.4,0.598
CUST02415,Delhi NCR,High_Mileage,84.5,0,Fleet,20,0.699,0.622,0.599,0.768,41.1,0.527
CUST02416,Pune,Convenience_First,60.3,1,Highway,7,0.827,0.502,0.925,0.752,32.2,0.411
CUST02417,Ahmedabad,Routine_Commuter,51.8,1,Office_Commercial,14,0.62,0.613,0.803,0.487,16.3,0.516
CUST02418,Jaipur,Routine_Commuter,51.8,0,Office_Commercial,13,0.713,0.58,0.796,0.67,21.5,0.481
CUST02419,Hyderabad,Convenience_First,72.0,0,Office_Commercial,7,0.985,0.257,0.838,0.99,19.7,0.274
CUST02420,Lucknow,Routine_Commuter,42.9,0,Office_Commercial,9,0.504,0.688,0.64,0.694,17.9,0.547
CUST02421,Ahmedabad,Routine_Commuter,46.3,1,Highway,12,0.576,0.419,0.765,0.598,20.1,0.395
CUST02422,Ahmedabad,Routine_Commuter,61.3,0,Office_Commercial,14,0.711,0.638,0.731,0.609,20.2,0.535
CUST02423,Mumbai,Routine_Commuter,56.2,0,Mall_Retail,11,0.544,0.405,0.741,0.664,23.0,0.379
CUST02424,Bengaluru,High_Mileage,69.1,0,Mall_Retail,24,0.799,0.683,0.78,0.889,30.6,0.516
CUST02425,Hyderabad,Routine_Commuter,35.3,0,Transit_Public,8,0.662,0.492,0.824,0.99,16.4,0.373
CUST02426,Chennai,Convenience_First,54.7,0,Hotel,9,0.823,0.306,0.897,0.819,26.3,0.298
CUST02427,Chandigarh,Price_Sensitive,46.6,0,Mall_Retail,9,0.529,0.629,0.373,0.432,20.1,0.609
CUST02428,Ahmedabad,Convenience_First,54.8,1,Residential,8,0.786,0.108,0.884,0.935,20.3,0.171
CUST02429,Hyderabad,Price_Sensitive,58.4,0,Office_Commercial,11,0.371,0.658,0.49,0.721,19.4,0.543
CUST02430,Mumbai,High_Mileage,60.8,0,Fleet,18,0.65,0.896,0.674,0.849,25.7,0.646
CUST02431,Ahmedabad,Routine_Commuter,50.2,0,Residential,10,0.761,0.498,0.542,0.492,20.5,0.518
CUST02432,Delhi NCR,Price_Sensitive,57.3,1,Fleet,8,0.298,0.941,0.456,0.445,32.3,0.739
CUST02433,Kochi,Convenience_First,66.8,1,Office_Commercial,5,0.837,0.391,0.828,0.99,22.0,0.335
CUST02434,Mumbai,High_Mileage,80.5,0,Transit_Public,17,0.413,0.555,0.834,0.698,24.8,0.425
CUST02435,Hyderabad,Price_Sensitive,54.6,1,Mall_Retail,11,0.258,0.99,0.347,0.314,21.3,0.804
CUST02436,Lucknow,Price_Sensitive,59.5,1,Highway,6,0.537,0.847,0.505,0.483,28.3,0.696
CUST02437,Jaipur,Price_Sensitive,56.0,1,Transit_Public,12,0.885,0.749,0.374,0.636,32.8,0.68
CUST02438,Bengaluru,Price_Sensitive,44.4,0,Office_Commercial,6,0.412,0.867,0.553,0.583,18.7,0.67
CUST02439,Kochi,Routine_Commuter,51.5,1,Residential,8,0.986,0.586,0.696,0.821,21.5,0.509
CUST02440,Lucknow,Routine_Commuter,49.7,1,Office_Commercial,9,0.807,0.625,0.721,0.621,23.7,0.537
CUST02441,Pune,Routine_Commuter,55.8,1,Office_Commercial,10,0.579,0.325,0.69,0.883,19.0,0.316
CUST02442,Hyderabad,Routine_Commuter,51.0,0,Residential,14,0.535,0.356,0.69,0.632,21.8,0.366
CUST02443,Jaipur,Routine_Commuter,68.2,1,Residential,14,0.782,0.513,0.605,0.71,28.9,0.483
CUST02444,Hyderabad,Routine_Commuter,51.2,0,Office_Commercial,13,0.67,0.659,0.446,0.777,21.4,0.574
CUST02445,Kochi,Routine_Commuter,56.8,0,Highway,12,0.817,0.303,0.725,0.807,30.0,0.332
CUST02446,Kochi,Routine_Commuter,52.6,1,Residential,10,0.567,0.739,0.607,0.823,19.5,0.568
CUST02447,Jaipur,Price_Sensitive,58.3,0,Office_Commercial,11,0.528,0.555,0.429,0.752,25.8,0.51
CUST02448,Chennai,Routine_Commuter,66.1,0,Residential,12,0.831,0.608,0.632,0.754,24.5,0.528
CUST02449,Ahmedabad,Convenience_First,42.5,0,Highway,7,0.63,0.439,0.79,0.72,16.8,0.389
CUST02450,Chandigarh,High_Mileage,79.3,0,Fleet,15,0.302,0.512,0.592,0.882,37.2,0.411
CUST02451,Mumbai,Routine_Commuter,51.8,1,Office_Commercial,9,0.886,0.758,0.776,0.766,28.2,0.586
CUST02452,Delhi NCR,Routine_Commuter,66.0,1,Office_Commercial,13,0.542,0.554,0.828,0.874,34.5,0.413
CUST02453,Chennai,Price_Sensitive,52.7,0,Office_Commercial,7,0.774,0.713,0.475,0.651,28.0,0.627
CUST02454,Bengaluru,Routine_Commuter,56.1,1,Residential,12,0.99,0.792,0.527,0.718,31.8,0.671
CUST02455,Chennai,Convenience_First,65.4,0,Office_Commercial,8,0.878,0.248,0.724,0.902,28.3,0.294
CUST02456,Delhi NCR,High_Mileage,76.7,1,Highway,18,0.675,0.772,0.689,0.897,38.1,0.57
CUST02457,Pune,Convenience_First,69.4,0,Highway,7,0.745,0.117,0.866,0.893,29.0,0.182
CUST02458,Bengaluru,Price_Sensitive,44.1,0,Mall_Retail,9,0.423,0.78,0.788,0.798,14.5,0.544
CUST02459,Chennai,Convenience_First,56.4,0,Office_Commercial,10,0.813,0.312,0.869,0.861,25.9,0.3
CUST02460,Mumbai,Convenience_First,78.8,0,Residential,5,0.782,0.21,0.84,0.976,39.1,0.229
CUST02461,Lucknow,Convenience_First,48.9,1,Residential,5,0.969,0.113,0.871,0.99,25.2,0.186
CUST02462,Chennai,Routine_Commuter,62.8,0,Residential,11,0.514,0.719,0.638,0.703,29.4,0.564
CUST02463,Lucknow,Routine_Commuter,49.3,1,Office_Commercial,10,0.585,0.499,0.81,0.612,22.9,0.429
CUST02464,Chandigarh,Price_Sensitive,51.4,0,Office_Commercial,7,0.429,0.871,0.458,0.412,17.9,0.719
CUST02465,Chandigarh,Price_Sensitive,45.9,1,Transit_Public,7,0.677,0.878,0.383,0.432,21.6,0.759
CUST02466,Pune,Routine_Commuter,52.0,0,Office_Commercial,11,0.785,0.314,0.753,0.734,19.6,0.341
CUST02467,Chandigarh,Price_Sensitive,57.6,0,Office_Commercial,7,0.407,0.707,0.357,0.432,21.3,0.643
CUST02468,Hyderabad,Routine_Commuter,50.6,0,Office_Commercial,12,0.729,0.731,0.672,0.841,18.0,0.565
CUST02469,Ahmedabad,High_Mileage,77.0,0,Transit_Public,16,0.602,0.641,0.766,0.755,32.6,0.496
CUST02470,Mumbai,Routine_Commuter,43.3,0,Residential,10,0.691,0.276,0.778,0.692,18.2,0.312
CUST02471,Lucknow,Routine_Commuter,50.5,1,Office_Commercial,11,0.565,0.499,0.575,0.871,27.2,0.435
CUST02472,Chandigarh,Price_Sensitive,61.3,0,Office_Commercial,7,0.543,0.815,0.49,0.756,36.9,0.641
CUST02473,Ahmedabad,Price_Sensitive,56.4,0,Office_Commercial,12,0.458,0.826,0.675,0.468,22.4,0.645
CUST02474,Delhi NCR,Routine_Commuter,62.4,1,Office_Commercial,12,0.595,0.505,0.99,0.957,23.0,0.345
CUST02475,Pune,Routine_Commuter,44.4,0,Residential,14,0.779,0.43,0.636,0.795,20.9,0.418
CUST02476,Mumbai,Price_Sensitive,51.4,0,Residential,9,0.329,0.728,0.325,0.599,25.0,0.628
CUST02477,Pune,Routine_Commuter,60.1,1,Office_Commercial,13,0.739,0.512,0.71,0.635,19.8,0.468
CUST02478,Bengaluru,Convenience_First,71.6,0,Mall_Retail,6,0.677,0.101,0.869,0.873,25.3,0.168
CUST02479,Chennai,Price_Sensitive,55.5,0,Mall_Retail,9,0.727,0.717,0.674,0.243,19.5,0.646
CUST02480,Mumbai,Convenience_First,49.8,0,Highway,5,0.904,0.409,0.87,0.718,24.1,0.384
CUST02481,Pune,Price_Sensitive,42.0,0,Hotel,11,0.63,0.95,0.387,0.555,18.1,0.775
CUST02482,Lucknow,Price_Sensitive,47.2,0,Residential,12,0.516,0.798,0.485,0.589,17.2,0.655
CUST02483,Mumbai,Convenience_First,53.9,0,Fleet,6,0.617,0.428,0.792,0.89,21.7,0.355
CUST02484,Pune,Price_Sensitive,35.6,0,Office_Commercial,8,0.439,0.627,0.39,0.99,20.2,0.512
CUST02485,Jaipur,Price_Sensitive,49.2,0,Fleet,7,0.61,0.802,0.365,0.546,24.3,0.697
CUST02486,Ahmedabad,Price_Sensitive,59.4,1,Office_Commercial,8,0.553,0.916,0.676,0.504,33.6,0.698
CUST02487,Pune,Convenience_First,55.4,0,Highway,6,0.71,0.123,0.803,0.864,27.1,0.198
CUST02488,Hyderabad,Routine_Commuter,47.9,0,Transit_Public,8,0.691,0.473,0.674,0.797,20.8,0.425
CUST02489,Hyderabad,Routine_Commuter,49.8,0,Mall_Retail,11,0.777,0.295,0.884,0.838,21.2,0.287
CUST02490,Pune,Price_Sensitive,50.6,0,Transit_Public,9,0.423,0.935,0.4,0.127,18.9,0.807
CUST02491,Bengaluru,Routine_Commuter,51.5,0,Mall_Retail,8,0.509,0.4,0.728,0.911,24.7,0.339
CUST02492,Mumbai,Price_Sensitive,47.9,1,Residential,11,0.612,0.839,0.441,0.515,15.5,0.707
CUST02493,Lucknow,Price_Sensitive,35.0,0,Office_Commercial,8,0.179,0.787,0.461,0.5,11.2,0.633
CUST02494,Lucknow,Convenience_First,63.4,0,Mall_Retail,6,0.777,0.196,0.874,0.675,29.1,0.259
CUST02495,Chennai,Routine_Commuter,50.3,1,Mall_Retail,8,0.69,0.317,0.689,0.689,30.6,0.352
CUST02496,Hyderabad,Routine_Commuter,40.9,0,Residential,12,0.725,0.568,0.811,0.853,17.3,0.445
CUST02497,Pune,Price_Sensitive,64.2,0,Office_Commercial,8,0.645,0.766,0.301,0.671,17.7,0.675
CUST02498,Chennai,Convenience_First,70.4,0,Highway,9,0.788,0.144,0.99,0.733,31.8,0.2
CUST02499,Chennai,Routine_Commuter,50.4,1,Office_Commercial,12,0.622,0.593,0.516,0.555,19.7,0.552
CUST02500,Chandigarh,Convenience_First,58.1,1,Transit_Public,10,0.889,0.233,0.866,0.789,22.5,0.276
CUST02501,Hyderabad,Price_Sensitive,46.4,1,Transit_Public,8,0.583,0.99,0.535,0.483,14.0,0.773
CUST02502,Kolkata,Price_Sensitive,47.9,1,Mall_Retail,6,0.618,0.671,0.52,0.585,20.7,0.589
CUST02503,Pune,Convenience_First,65.4,1,Highway,5,0.719,0.231,0.685,0.811,28.2,0.291
CUST02504,Bengaluru,Convenience_First,72.4,1,Transit_Public,6,0.876,0.122,0.871,0.679,23.2,0.229
CUST02505,Kochi,Price_Sensitive,35.0,1,Transit_Public,6,0.377,0.776,0.367,0.799,13.7,0.621
CUST02506,Chennai,Routine_Commuter,52.1,0,Highway,12,0.847,0.674,0.562,0.8,19.1,0.573
CUST02507,Mumbai,Price_Sensitive,46.5,0,Mall_Retail,8,0.469,0.857,0.517,0.365,21.7,0.71
CUST02508,Jaipur,Price_Sensitive,51.5,0,Mall_Retail,6,0.537,0.894,0.382,0.352,18.0,0.766
CUST02509,Pune,Routine_Commuter,57.5,1,Mall_Retail,12,0.743,0.427,0.813,0.789,28.8,0.379
CUST02510,Chennai,Price_Sensitive,48.6,1,Highway,12,0.471,0.99,0.399,0.36,15.2,0.808
CUST02511,Bengaluru,Convenience_First,58.2,0,Highway,7,0.934,0.321,0.99,0.835,29.0,0.297
CUST02512,Hyderabad,Convenience_First,61.9,0,Fleet,10,0.743,0.378,0.914,0.797,24.1,0.33
CUST02513,Delhi NCR,Routine_Commuter,59.3,0,Office_Commercial,13,0.544,0.561,0.78,0.848,14.8,0.43
CUST02514,Kolkata,Convenience_First,50.6,0,Highway,7,0.718,0.14,0.99,0.844,23.5,0.174
CUST02515,Kochi,Routine_Commuter,48.9,1,Residential,14,0.758,0.434,0.806,0.727,23.4,0.395
CUST02516,Mumbai,Routine_Commuter,57.7,0,Residential,13,0.805,0.49,0.477,0.742,27.4,0.493
CUST02517,Kolkata,Convenience_First,64.7,1,Office_Commercial,9,0.973,0.225,0.895,0.803,35.4,0.271
CUST02518,Hyderabad,Routine_Commuter,59.0,0,Residential,9,0.768,0.657,0.572,0.73,26.7,0.564
CUST02519,Ahmedabad,Price_Sensitive,58.5,1,Fleet,12,0.355,0.743,0.045,0.442,29.5,0.719
CUST02520,Ahmedabad,Routine_Commuter,56.5,1,Office_Commercial,10,0.456,0.451,0.732,0.717,26.7,0.39
CUST02521,Delhi NCR,Routine_Commuter,52.4,1,Residential,9,0.777,0.616,0.742,0.736,32.9,0.507
CUST02522,Chandigarh,Price_Sensitive,60.8,1,Highway,12,0.299,0.859,0.301,0.599,23.5,0.702
CUST02523,Bengaluru,Convenience_First,52.7,0,Transit_Public,9,0.823,0.202,0.827,0.841,28.0,0.252
CUST02524,Delhi NCR,Routine_Commuter,57.9,1,Highway,8,0.672,0.455,0.785,0.683,22.8,0.408
CUST02525,Delhi NCR,Price_Sensitive,42.6,1,Fleet,9,0.379,0.953,0.386,0.299,15.8,0.79
CUST02526,Pune,Convenience_First,49.6,0,Highway,6,0.814,0.305,0.93,0.99,24.1,0.265
CUST02527,Hyderabad,Price_Sensitive,43.3,1,Office_Commercial,9,0.519,0.82,0.496,0.715,17.5,0.647
CUST02528,Mumbai,Routine_Commuter,68.8,1,Office_Commercial,8,0.659,0.519,0.627,0.69,29.1,0.473
CUST02529,Kolkata,High_Mileage,57.1,0,Fleet,19,0.572,0.713,0.753,0.852,26.2,0.521
CUST02530,Ahmedabad,Convenience_First,73.8,0,Transit_Public,7,0.781,0.163,0.902,0.987,36.0,0.19
CUST02531,Pune,Price_Sensitive,64.0,1,Highway,9,0.428,0.878,0.619,0.401,31.0,0.692
CUST02532,Jaipur,Price_Sensitive,61.2,0,Mall_Retail,10,0.498,0.853,0.084,0.729,30.4,0.743
CUST02533,Kolkata,Price_Sensitive,45.1,1,Transit_Public,9,0.669,0.866,0.225,0.644,24.0,0.752
CUST02534,Delhi NCR,Price_Sensitive,50.7,1,Office_Commercial,7,0.581,0.922,0.347,0.582,18.8,0.759
CUST02535,Lucknow,Price_Sensitive,69.7,0,Office_Commercial,10,0.229,0.891,0.666,0.643,31.5,0.633
CUST02536,Bengaluru,Routine_Commuter,51.2,1,Mall_Retail,12,0.631,0.351,0.702,0.542,26.2,0.385
CUST02537,Kochi,Price_Sensitive,57.1,1,Mall_Retail,8,0.716,0.868,0.463,0.494,22.9,0.732
CUST02538,Mumbai,Price_Sensitive,43.9,0,Transit_Public,12,0.503,0.722,0.439,0.895,10.7,0.575
CUST02539,Bengaluru,High_Mileage,61.3,0,Highway,23,0.625,0.809,0.766,0.886,29.8,0.571
CUST02540,Lucknow,Price_Sensitive,44.0,0,Transit_Public,6,0.847,0.897,0.557,0.725,23.0,0.708
CUST02541,Kolkata,Price_Sensitive,48.2,1,Residential,8,0.592,0.844,0.288,0.605,27.1,0.725
CUST02542,Lucknow,Price_Sensitive,39.8,1,Mall_Retail,11,0.487,0.984,0.357,0.539,16.5,0.787
CUST02543,Pune,Routine_Commuter,63.7,1,Mall_Retail,12,0.646,0.763,0.676,0.814,23.5,0.577
CUST02544,Mumbai,Routine_Commuter,50.1,0,Mall_Retail,10,0.545,0.47,0.656,0.657,21.7,0.433
CUST02545,Pune,Convenience_First,64.2,0,Hotel,8,0.921,0.191,0.764,0.77,30.8,0.279
CUST02546,Chandigarh,High_Mileage,78.9,0,Fleet,25,0.551,0.99,0.834,0.901,26.8,0.648
CUST02547,Kochi,High_Mileage,52.4,0,Highway,20,0.593,0.64,0.561,0.931,22.8,0.509
CUST02548,Kochi,Price_Sensitive,58.9,0,Mall_Retail,12,0.411,0.645,0.389,0.562,20.2,0.584
CUST02549,Jaipur,Routine_Commuter,49.2,0,Office_Commercial,9,0.795,0.506,0.549,0.708,20.6,0.492
CUST02550,Mumbai,Convenience_First,53.6,1,Mall_Retail,9,0.98,0.147,0.698,0.937,32.7,0.249
CUST02551,Chandigarh,Convenience_First,56.3,1,Highway,8,0.828,0.348,0.856,0.912,21.5,0.316
CUST02552,Hyderabad,Convenience_First,60.7,0,Office_Commercial,10,0.864,0.202,0.923,0.952,35.9,0.22
CUST02553,Kochi,Routine_Commuter,63.2,1,Transit_Public,13,0.635,0.435,0.566,0.456,22.6,0.471
CUST02554,Bengaluru,Routine_Commuter,54.6,1,Mall_Retail,13,0.819,0.353,0.664,0.855,17.3,0.365
CUST02555,Mumbai,Routine_Commuter,59.8,1,Residential,8,0.734,0.875,0.768,0.696,23.0,0.647
CUST02556,Mumbai,Routine_Commuter,48.9,1,Mall_Retail,10,0.492,0.68,0.612,0.737,24.3,0.54
CUST02557,Chandigarh,Routine_Commuter,46.1,0,Office_Commercial,8,0.656,0.283,0.775,0.639,14.3,0.32
CUST02558,Mumbai,Routine_Commuter,56.9,1,Residential,12,0.781,0.541,0.806,0.62,29.0,0.471
CUST02559,Mumbai,Routine_Commuter,53.8,1,Residential,11,0.516,0.417,0.661,0.82,23.9,0.376
CUST02560,Bengaluru,Routine_Commuter,67.2,1,Office_Commercial,12,0.865,0.387,0.633,0.683,33.4,0.42
CUST02561,Hyderabad,Routine_Commuter,42.0,1,Mall_Retail,8,0.612,0.641,0.916,0.822,22.0,0.457
CUST02562,Delhi NCR,Routine_Commuter,66.8,1,Mall_Retail,9,0.593,0.576,0.573,0.75,33.2,0.499
CUST02563,Delhi NCR,Convenience_First,43.9,0,Highway,6,0.747,0.255,0.915,0.821,19.5,0.259
CUST02564,Pune,Routine_Commuter,41.9,1,Office_Commercial,12,0.831,0.49,0.473,0.775,19.7,0.492
CUST02565,Chennai,Price_Sensitive,46.6,1,Residential,10,0.372,0.892,0.387,0.673,16.1,0.699
CUST02566,Ahmedabad,Routine_Commuter,48.7,0,Office_Commercial,11,0.785,0.518,0.75,0.671,26.1,0.463
CUST02567,Lucknow,Price_Sensitive,51.5,1,Mall_Retail,11,0.406,0.72,0.641,0.674,23.7,0.557
CUST02568,Jaipur,Routine_Commuter,67.7,0,Mall_Retail,11,0.644,0.613,0.866,0.853,23.6,0.45
CUST02569,Mumbai,Price_Sensitive,58.5,0,Residential,10,0.741,0.741,0.769,0.539,21.3,0.597
CUST02570,Jaipur,Price_Sensitive,43.9,0,Mall_Retail,10,0.411,0.695,0.448,0.622,13.5,0.59
CUST02571,Lucknow,Price_Sensitive,45.7,0,Residential,10,0.532,0.948,0.718,0.625,17.8,0.687
CUST02572,Bengaluru,Price_Sensitive,38.7,1,Transit_Public,12,0.315,0.823,0.431,0.51,13.6,0.671
CUST02573,Pune,Convenience_First,67.9,0,Highway,9,0.753,0.17,0.707,0.924,35.9,0.239
CUST02574,Lucknow,High_Mileage,63.9,0,Transit_Public,25,0.454,0.78,0.971,0.856,20.6,0.502
CUST02575,Mumbai,Convenience_First,53.4,1,Highway,5,0.814,0.329,0.732,0.657,33.0,0.368
CUST02576,Chennai,Routine_Commuter,71.5,1,Mall_Retail,13,0.635,0.671,0.816,0.666,38.4,0.519
CUST02577,Chandigarh,Price_Sensitive,58.8,0,Office_Commercial,12,0.064,0.902,0.315,0.641,22.9,0.694
CUST02578,Mumbai,Price_Sensitive,40.5,1,Highway,7,0.466,0.791,0.362,0.271,16.0,0.719
CUST02579,Delhi NCR,Routine_Commuter,63.4,0,Residential,14,0.748,0.503,0.539,0.668,22.5,0.493
CUST02580,Chandigarh,Price_Sensitive,48.5,0,Mall_Retail,9,0.46,0.99,0.632,0.28,20.6,0.772
CUST02581,Hyderabad,Routine_Commuter,58.5,0,Transit_Public,11,0.816,0.623,0.683,0.625,22.8,0.544
CUST02582,Mumbai,Price_Sensitive,35.0,0,Residential,7,0.475,0.638,0.798,0.549,12.1,0.507
CUST02583,Bengaluru,Price_Sensitive,49.8,0,Mall_Retail,6,0.386,0.79,0.608,0.908,22.8,0.565
CUST02584,Bengaluru,Routine_Commuter,51.5,0,Mall_Retail,11,0.634,0.558,0.709,0.73,31.0,0.469
CUST02585,Bengaluru,High_Mileage,77.0,0,Office_Commercial,19,0.467,0.99,0.754,0.949,25.5,0.648
CUST02586,Delhi NCR,Price_Sensitive,54.2,0,Transit_Public,8,0.573,0.974,0.557,0.801,21.4,0.711
CUST02587,Bengaluru,High_Mileage,72.1,0,Residential,19,0.617,0.621,0.788,0.892,20.6,0.462
CUST02588,Hyderabad,Price_Sensitive,49.9,0,Mall_Retail,8,0.516,0.749,0.172,0.91,27.7,0.642
CUST02589,Kolkata,Routine_Commuter,58.6,1,Office_Commercial,8,0.589,0.884,0.65,0.819,27.7,0.642
CUST02590,Chennai,Price_Sensitive,42.8,1,Residential,10,0.806,0.778,0.202,0.375,17.9,0.762
CUST02591,Chennai,Price_Sensitive,59.6,1,Office_Commercial,12,0.383,0.919,0.56,0.803,28.8,0.661
CUST02592,Kochi,Price_Sensitive,44.3,1,Highway,10,0.615,0.808,0.495,0.529,19.3,0.677
CUST02593,Chennai,Price_Sensitive,35.0,0,Residential,10,0.455,0.752,0.453,0.394,16.8,0.659
CUST02594,Bengaluru,High_Mileage,82.1,0,Office_Commercial,23,0.557,0.76,0.831,0.915,52.9,0.52
CUST02595,Pune,High_Mileage,92.0,0,Highway,21,0.608,0.751,0.72,0.82,44.9,0.557
CUST02596,Kolkata,Routine_Commuter,60.2,1,Office_Commercial,9,0.555,0.532,0.498,0.749,28.9,0.486
CUST02597,Mumbai,Routine_Commuter,55.6,0,Office_Commercial,11,0.801,0.408,0.744,0.851,19.7,0.378
CUST02598,Mumbai,Routine_Commuter,71.3,1,Highway,11,0.819,0.821,0.76,0.575,24.1,0.645
CUST02599,Pune,Routine_Commuter,61.0,0,Transit_Public,13,0.434,0.503,0.774,0.38,21.4,0.459
CUST02600,Kochi,Price_Sensitive,54.3,0,Transit_Public,9,0.535,0.698,0.626,0.566,28.4,0.577
CUST02601,Delhi NCR,Routine_Commuter,51.6,0,Mall_Retail,13,0.813,0.579,0.881,0.633,18.8,0.478
CUST02602,Kochi,Routine_Commuter,58.4,1,Transit_Public,10,0.681,0.329,0.904,0.776,22.6,0.302
CUST02603,Chennai,Routine_Commuter,59.8,0,Residential,11,0.772,0.522,0.553,0.915,22.7,0.466
CUST02604,Hyderabad,Routine_Commuter,48.6,1,Residential,13,0.759,0.54,0.821,0.54,15.3,0.477
CUST02605,Mumbai,Convenience_First,57.6,0,Highway,6,0.858,0.099,0.873,0.834,27.8,0.191
CUST02606,Pune,Routine_Commuter,46.0,0,Office_Commercial,13,0.904,0.646,0.671,0.641,17.9,0.565
CUST02607,Lucknow,Price_Sensitive,40.7,0,Mall_Retail,8,0.482,0.99,0.394,0.395,13.6,0.805
CUST02608,Mumbai,Routine_Commuter,58.8,0,Mall_Retail,10,0.841,0.44,0.728,0.849,26.1,0.403
CUST02609,Hyderabad,Routine_Commuter,54.7,0,Mall_Retail,10,0.846,0.281,0.474,0.839,25.0,0.369
CUST02610,Bengaluru,Routine_Commuter,44.6,0,Office_Commercial,9,0.557,0.575,0.853,0.571,21.7,0.466
CUST02611,Mumbai,Convenience_First,66.4,0,Highway,8,0.952,0.343,0.882,0.585,38.0,0.37
CUST02612,Bengaluru,Routine_Commuter,68.8,1,Mall_Retail,9,0.896,0.622,0.772,0.899,33.5,0.492
CUST02613,Kochi,Routine_Commuter,43.9,1,Residential,10,0.585,0.602,0.728,0.701,11.1,0.489
CUST02614,Mumbai,Convenience_First,60.1,0,Office_Commercial,7,0.823,0.344,0.89,0.802,30.6,0.324
CUST02615,Jaipur,Convenience_First,58.6,0,Mall_Retail,10,0.894,0.338,0.887,0.756,22.3,0.335
CUST02616,Hyderabad,Routine_Commuter,38.6,0,Highway,11,0.715,0.336,0.698,0.791,18.4,0.348
CUST02617,Chennai,Routine_Commuter,53.7,1,Office_Commercial,8,0.806,0.352,0.664,0.563,20.1,0.407
CUST02618,Kolkata,Routine_Commuter,65.4,1,Mall_Retail,13,0.716,0.434,0.769,0.797,25.2,0.387
CUST02619,Mumbai,Routine_Commuter,53.0,1,Mall_Retail,9,0.49,0.583,0.743,0.633,17.3,0.476
CUST02620,Kochi,Price_Sensitive,61.1,1,Mall_Retail,6,0.734,0.909,0.462,0.563,32.9,0.747
CUST02621,Delhi NCR,Price_Sensitive,49.8,0,Office_Commercial,7,0.717,0.845,0.413,0.588,19.6,0.716
CUST02622,Bengaluru,Convenience_First,56.3,0,Mall_Retail,7,0.879,0.227,0.964,0.776,23.9,0.254
CUST02623,Lucknow,Price_Sensitive,56.8,0,Residential,11,0.835,0.866,0.332,0.379,28.0,0.786
CUST02624,Delhi NCR,Routine_Commuter,49.6,1,Transit_Public,12,0.759,0.435,0.661,0.777,24.7,0.416
CUST02625,Hyderabad,Convenience_First,66.1,0,Transit_Public,5,0.772,0.199,0.737,0.825,34.9,0.265
CUST02626,Bengaluru,Routine_Commuter,60.5,1,Office_Commercial,13,0.966,0.898,0.622,0.69,25.9,0.712
CUST02627,Chennai,Routine_Commuter,60.4,1,Office_Commercial,11,0.625,0.242,0.858,0.833,24.1,0.249
CUST02628,Kolkata,Price_Sensitive,70.6,1,Transit_Public,7,0.344,0.825,0.487,0.695,39.8,0.636
CUST02629,Chandigarh,Routine_Commuter,49.2,1,Office_Commercial,9,0.614,0.634,0.7,0.585,20.1,0.532
CUST02630,Delhi NCR,Routine_Commuter,62.9,0,Residential,8,0.779,0.552,0.786,0.751,30.1,0.462
CUST02631,Hyderabad,High_Mileage,56.1,0,Office_Commercial,21,0.677,0.8,0.687,0.832,21.0,0.595
CUST02632,Lucknow,Price_Sensitive,50.8,1,Office_Commercial,12,0.468,0.791,0.627,0.397,21.5,0.647
CUST02633,Chennai,Convenience_First,57.3,0,Mall_Retail,6,0.819,0.306,0.874,0.94,26.3,0.284
CUST02634,Kochi,Convenience_First,65.4,1,Residential,7,0.958,0.201,0.967,0.869,23.7,0.233
CUST02635,Hyderabad,Routine_Commuter,62.6,0,Residential,13,0.743,0.323,0.683,0.872,25.8,0.334
CUST02636,Jaipur,High_Mileage,73.9,0,Fleet,20,0.83,0.632,0.572,0.93,25.1,0.527
CUST02637,Kochi,Price_Sensitive,52.0,1,Mall_Retail,6,0.488,0.859,0.399,0.618,24.4,0.699
CUST02638,Kolkata,Convenience_First,55.1,0,Office_Commercial,10,0.673,0.154,0.809,0.72,21.3,0.232
CUST02639,Chandigarh,High_Mileage,59.5,0,Highway,22,0.575,0.829,0.667,0.864,25.4,0.601
CUST02640,Hyderabad,Routine_Commuter,48.2,1,Transit_Public,14,0.684,0.768,0.544,0.571,22.6,0.647
CUST02641,Pune,Price_Sensitive,55.9,1,Office_Commercial,11,0.437,0.983,0.062,0.56,17.4,0.838
CUST02642,Delhi NCR,Price_Sensitive,50.2,0,Mall_Retail,10,0.633,0.941,0.4,0.657,20.3,0.752
CUST02643,Bengaluru,Price_Sensitive,50.1,0,Office_Commercial,6,0.605,0.923,0.62,0.36,26.8,0.74
CUST02644,Ahmedabad,Convenience_First,69.2,0,Hotel,5,0.668,0.312,0.904,0.99,27.3,0.259
CUST02645,Chennai,Convenience_First,58.8,1,Mall_Retail,10,0.643,0.27,0.868,0.975,24.1,0.243
CUST02646,Mumbai,Routine_Commuter,53.2,1,Residential,13,0.65,0.49,0.768,0.639,33.5,0.435
CUST02647,Hyderabad,Price_Sensitive,42.0,0,Office_Commercial,7,0.366,0.726,0.356,0.636,19.9,0.619
CUST02648,Bengaluru,Routine_Commuter,41.9,1,Office_Commercial,9,0.614,0.562,0.556,0.968,18.6,0.464
CUST02649,Delhi NCR,Routine_Commuter,45.6,1,Transit_Public,11,0.99,0.491,0.699,0.654,20.8,0.481
CUST02650,Bengaluru,Routine_Commuter,61.2,0,Mall_Retail,12,0.64,0.579,0.873,0.768,28.7,0.443
CUST02651,Kochi,Convenience_First,54.4,0,Office_Commercial,10,0.864,0.246,0.886,0.806,27.3,0.274
CUST02652,Kochi,Routine_Commuter,73.1,0,Office_Commercial,14,0.667,0.458,0.715,0.847,33.9,0.399
CUST02653,Delhi NCR,Routine_Commuter,53.7,1,Mall_Retail,8,0.753,0.817,0.712,0.626,19.6,0.638
CUST02654,Bengaluru,Price_Sensitive,48.3,0,Office_Commercial,10,0.42,0.745,0.366,0.614,19.3,0.636
CUST02655,Mumbai,Routine_Commuter,51.3,1,Residential,14,0.703,0.275,0.91,0.806,21.3,0.269
CUST02656,Kolkata,Convenience_First,73.7,1,Highway,5,0.783,0.231,0.841,0.805,20.8,0.266
CUST02657,Pune,Convenience_First,52.2,0,Highway,7,0.906,0.24,0.935,0.947,24.1,0.244
CUST02658,Bengaluru,Routine_Commuter,53.6,0,Mall_Retail,9,0.769,0.715,0.672,0.782,15.3,0.569
CUST02659,Kolkata,Convenience_First,35.0,1,Mall_Retail,9,0.719,0.376,0.937,0.766,16.0,0.327
CUST02660,Hyderabad,Price_Sensitive,59.1,0,Highway,7,0.323,0.75,0.528,0.604,23.0,0.599
CUST02661,Jaipur,High_Mileage,75.2,0,Residential,25,0.397,0.833,0.65,0.987,32.6,0.57
CUST02662,Ahmedabad,Convenience_First,65.2,1,Office_Commercial,8,0.867,0.164,0.843,0.812,24.5,0.236
CUST02663,Chennai,Routine_Commuter,55.0,0,Transit_Public,11,0.791,0.434,0.657,0.749,21.7,0.424
CUST02664,Hyderabad,Routine_Commuter,52.5,1,Mall_Retail,9,0.781,0.44,0.662,0.912,23.0,0.401
CUST02665,Hyderabad,Convenience_First,75.9,1,Mall_Retail,6,0.819,0.316,0.966,0.653,22.1,0.314
CUST02666,Hyderabad,Price_Sensitive,52.0,1,Residential,7,0.584,0.823,0.442,0.729,21.8,0.663
CUST02667,Chennai,Price_Sensitive,64.2,0,Mall_Retail,8,0.617,0.85,0.504,0.787,23.6,0.661
CUST02668,Lucknow,Price_Sensitive,35.0,1,Office_Commercial,12,0.927,0.967,0.318,0.467,11.4,0.841
CUST02669,Mumbai,Price_Sensitive,43.6,1,Hotel,9,0.457,0.787,0.703,0.824,16.5,0.564
CUST02670,Kolkata,Price_Sensitive,49.3,0,Transit_Public,10,0.275,0.775,0.272,0.416,21.3,0.687
CUST02671,Lucknow,Price_Sensitive,35.0,0,Residential,8,0.466,0.785,0.443,0.617,10.3,0.647
CUST02672,Jaipur,Price_Sensitive,47.6,0,Mall_Retail,11,0.573,0.701,0.541,0.732,16.6,0.575
CUST02673,Jaipur,Price_Sensitive,63.6,0,Transit_Public,7,0.404,0.99,0.527,0.346,19.8,0.778
CUST02674,Bengaluru,Price_Sensitive,78.0,1,Highway,7,0.776,0.718,0.246,0.473,36.4,0.702
CUST02675,Bengaluru,Convenience_First,52.1,1,Highway,10,0.861,0.286,0.939,0.673,21.6,0.305
CUST02676,Chennai,Convenience_First,64.2,1,Residential,6,0.774,0.304,0.741,0.941,21.4,0.305
CUST02677,Delhi NCR,Price_Sensitive,56.7,1,Office_Commercial,9,0.396,0.839,0.345,0.622,15.4,0.689
CUST02678,Pune,Routine_Commuter,62.2,1,Office_Commercial,14,0.813,0.715,0.753,0.745,32.0,0.562
CUST02679,Chennai,Convenience_First,65.2,1,Mall_Retail,6,0.836,0.419,0.843,0.99,22.4,0.347
CUST02680,Lucknow,Routine_Commuter,48.8,1,Residential,13,0.875,0.536,0.688,0.58,15.0,0.507
CUST02681,Bengaluru,Price_Sensitive,52.9,0,Fleet,9,0.562,0.832,0.531,0.703,27.2,0.652
CUST02682,Pune,Routine_Commuter,62.2,1,Office_Commercial,14,0.767,0.388,0.398,0.744,28.1,0.449
CUST02683,Mumbai,Price_Sensitive,44.8,1,Mall_Retail,8,0.716,0.724,0.596,0.361,27.3,0.646
CUST02684,Bengaluru,High_Mileage,59.4,0,Residential,25,0.501,0.658,0.884,0.78,20.6,0.468
CUST02685,Bengaluru,Convenience_First,74.9,0,Office_Commercial,7,0.697,0.285,0.904,0.734,28.3,0.286
CUST02686,Kochi,Routine_Commuter,51.0,0,Residential,14,0.795,0.453,0.629,0.701,21.3,0.447
CUST02687,Delhi NCR,Convenience_First,55.4,0,Mall_Retail,10,0.907,0.1,0.905,0.676,30.5,0.213
CUST02688,Delhi NCR,Convenience_First,48.2,0,Residential,7,0.72,0.324,0.99,0.887,18.0,0.269
CUST02689,Lucknow,Routine_Commuter,55.9,0,Residential,9,0.715,0.436,0.708,0.886,22.8,0.387
CUST02690,Chennai,Price_Sensitive,47.2,0,Office_Commercial,6,0.48,0.78,0.206,0.708,17.1,0.679
CUST02691,Pune,Convenience_First,51.2,0,Highway,9,0.77,0.147,0.688,0.838,19.2,0.244
CUST02692,Chandigarh,Price_Sensitive,61.9,1,Transit_Public,7,0.382,0.819,0.496,0.379,27.2,0.683
CUST02693,Mumbai,High_Mileage,62.7,0,Fleet,19,0.666,0.684,0.834,0.988,24.2,0.478
CUST02694,Hyderabad,Price_Sensitive,55.9,1,Transit_Public,11,0.403,0.736,0.464,0.429,22.3,0.638
CUST02695,Mumbai,Price_Sensitive,58.4,0,Residential,10,0.625,0.776,0.536,0.341,18.8,0.681
CUST02696,Jaipur,Routine_Commuter,61.5,1,Hotel,9,0.643,0.211,0.724,0.586,31.7,0.297
CUST02697,Ahmedabad,Price_Sensitive,62.5,1,Office_Commercial,9,0.324,0.642,0.87,0.412,24.6,0.499
CUST02698,Kolkata,Convenience_First,57.5,0,Transit_Public,9,0.767,0.106,0.764,0.572,18.3,0.246
CUST02699,Bengaluru,Routine_Commuter,51.1,1,Office_Commercial,13,0.694,0.469,0.71,0.652,20.7,0.437
CUST02700,Kochi,Price_Sensitive,35.0,1,Office_Commercial,7,0.475,0.87,0.797,0.59,9.3,0.628
CUST02701,Hyderabad,High_Mileage,68.6,1,Highway,24,0.453,0.563,0.758,0.789,33.4,0.435
CUST02702,Delhi NCR,Convenience_First,48.2,0,Highway,8,0.817,0.313,0.86,0.973,15.9,0.286
CUST02703,Chandigarh,Convenience_First,49.8,0,Mall_Retail,7,0.801,0.294,0.822,0.769,21.1,0.312
CUST02704,Mumbai,Convenience_First,45.1,0,Hotel,7,0.685,0.173,0.764,0.929,15.7,0.221
CUST02705,Chandigarh,Routine_Commuter,74.3,0,Residential,14,0.693,0.463,0.716,0.667,27.5,0.43
CUST02706,Chennai,Price_Sensitive,68.8,0,Office_Commercial,12,0.544,0.83,0.459,0.365,26.6,0.714
CUST02707,Chandigarh,Routine_Commuter,61.3,0,Residential,10,0.717,0.521,0.579,0.682,24.8,0.49
CUST02708,Hyderabad,Routine_Commuter,55.4,0,Office_Commercial,11,0.521,0.34,0.86,0.577,21.8,0.33
CUST02709,Ahmedabad,Convenience_First,53.9,1,Residential,9,0.764,0.255,0.758,0.848,21.1,0.288
CUST02710,Pune,Price_Sensitive,46.2,0,Mall_Retail,9,0.58,0.915,0.655,0.898,22.9,0.645
CUST02711,Mumbai,Routine_Commuter,75.0,0,Highway,11,0.99,0.535,0.791,0.909,31.7,0.449
CUST02712,Ahmedabad,Routine_Commuter,67.5,1,Office_Commercial,9,0.528,0.58,0.734,0.595,26.1,0.486
CUST02713,Ahmedabad,Convenience_First,70.2,1,Office_Commercial,9,0.888,0.321,0.906,0.673,31.5,0.333
CUST02714,Pune,Convenience_First,66.1,0,Mall_Retail,8,0.966,0.12,0.86,0.689,20.7,0.238
CUST02715,Hyderabad,Routine_Commuter,56.4,0,Office_Commercial,12,0.737,0.636,0.53,0.646,18.5,0.571
CUST02716,Chennai,Convenience_First,59.8,0,Highway,7,0.887,0.431,0.858,0.815,29.5,0.382
CUST02717,Kolkata,Price_Sensitive,51.0,0,Residential,6,0.742,0.823,0.388,0.478,22.8,0.727
CUST02718,Mumbai,Routine_Commuter,49.7,1,Office_Commercial,12,0.642,0.776,0.756,0.775,17.7,0.573
CUST02719,Bengaluru,Routine_Commuter,52.6,1,Residential,11,0.541,0.335,0.656,0.618,26.4,0.364
CUST02720,Hyderabad,Routine_Commuter,60.0,1,Office_Commercial,10,0.752,0.532,0.57,0.803,21.9,0.483
CUST02721,Bengaluru,Convenience_First,43.5,1,Mall_Retail,9,0.859,0.227,0.832,0.817,22.0,0.272
CUST02722,Lucknow,Convenience_First,61.8,0,Office_Commercial,6,0.756,0.175,0.99,0.807,25.7,0.203
CUST02723,Hyderabad,Routine_Commuter,54.2,0,Transit_Public,10,0.734,0.604,0.456,0.587,19.5,0.576
CUST02724,Kochi,Routine_Commuter,62.1,1,Residential,9,0.728,0.621,0.419,0.65,25.5,0.583
CUST02725,Hyderabad,Price_Sensitive,55.7,0,Office_Commercial,7,0.795,0.849,0.345,0.32,25.9,0.779
CUST02726,Kochi,Routine_Commuter,63.3,0,Transit_Public,13,0.768,0.677,0.393,0.576,17.4,0.634
CUST02727,Bengaluru,Convenience_First,58.0,1,Hotel,8,0.833,0.244,0.712,0.762,28.4,0.311
CUST02728,Jaipur,Routine_Commuter,63.6,0,Mall_Retail,13,0.66,0.452,0.739,0.782,41.2,0.399
CUST02729,Bengaluru,Price_Sensitive,77.0,0,Residential,11,0.52,0.621,0.484,0.818,44.6,0.524
CUST02730,Delhi NCR,Convenience_First,63.8,0,Mall_Retail,7,0.791,0.133,0.835,0.719,30.2,0.227
CUST02731,Pune,Price_Sensitive,51.0,0,Highway,11,0.727,0.759,0.539,0.193,19.8,0.704
CUST02732,Mumbai,Routine_Commuter,63.5,1,Residential,8,0.807,0.49,0.692,0.661,41.2,0.462
CUST02733,Chandigarh,Convenience_First,58.8,0,Office_Commercial,9,0.734,0.327,0.916,0.699,26.3,0.316
CUST02734,Lucknow,Routine_Commuter,55.5,1,Transit_Public,8,0.819,0.522,0.812,0.748,30.2,0.444
CUST02735,Bengaluru,Price_Sensitive,57.6,1,Mall_Retail,9,0.707,0.845,0.445,0.616,25.4,0.704
CUST02736,Pune,Routine_Commuter,51.9,0,Office_Commercial,13,0.451,0.502,0.534,0.874,23.4,0.433
CUST02737,Ahmedabad,Routine_Commuter,54.2,0,Office_Commercial,14,0.861,0.676,0.923,0.754,22.8,0.51
CUST02738,Mumbai,Routine_Commuter,42.7,1,Transit_Public,14,0.851,0.498,0.496,0.702,10.9,0.505
CUST02739,Bengaluru,Price_Sensitive,48.0,0,Office_Commercial,9,0.528,0.729,0.378,0.504,23.8,0.652
CUST02740,Pune,Convenience_First,64.2,1,Mall_Retail,7,0.756,0.208,0.857,0.826,27.3,0.244
CUST02741,Pune,Convenience_First,61.4,0,Fleet,8,0.967,0.301,0.877,0.845,23.2,0.31
CUST02742,Mumbai,Convenience_First,62.6,0,Fleet,10,0.799,0.377,0.823,0.662,23.0,0.373
CUST02743,Bengaluru,Price_Sensitive,51.5,0,Mall_Retail,9,0.297,0.803,0.367,0.364,12.5,0.693
CUST02744,Ahmedabad,Price_Sensitive,48.4,0,Office_Commercial,11,0.285,0.948,0.392,0.581,18.0,0.734
CUST02745,Kolkata,Convenience_First,70.0,0,Fleet,5,0.937,0.251,0.949,0.862,30.1,0.263
CUST02746,Chennai,Convenience_First,60.0,1,Hotel,9,0.848,0.314,0.778,0.898,28.5,0.317
CUST02747,Delhi NCR,Routine_Commuter,50.8,0,Office_Commercial,9,0.853,0.605,0.704,0.805,19.7,0.506
CUST02748,Jaipur,High_Mileage,59.5,0,Office_Commercial,16,0.422,0.96,0.591,0.784,27.5,0.684
CUST02749,Bengaluru,Routine_Commuter,41.5,1,Office_Commercial,11,0.799,0.478,0.707,0.853,15.1,0.423
CUST02750,Bengaluru,Convenience_First,50.4,1,Residential,10,0.636,0.26,0.802,0.865,22.0,0.266
CUST02751,Mumbai,High_Mileage,65.3,0,Fleet,24,0.51,0.912,0.705,0.855,40.9,0.633
CUST02752,Mumbai,Convenience_First,68.9,0,Mall_Retail,7,0.744,0.18,0.775,0.746,34.9,0.256
CUST02753,Delhi NCR,Price_Sensitive,45.3,0,Transit_Public,8,0.544,0.962,0.218,0.666,13.4,0.79
CUST02754,Bengaluru,Convenience_First,56.4,0,Transit_Public,9,0.949,0.304,0.902,0.886,22.3,0.299
CUST02755,Ahmedabad,Price_Sensitive,53.4,1,Highway,10,0.489,0.795,0.374,0.528,23.3,0.682
CUST02756,Delhi NCR,Routine_Commuter,59.2,1,Transit_Public,11,0.915,0.667,0.795,0.594,20.7,0.56
CUST02757,Chandigarh,Routine_Commuter,52.7,1,Residential,9,0.627,0.378,0.77,0.637,16.2,0.371
CUST02758,Lucknow,Price_Sensitive,73.8,1,Hotel,7,0.623,0.945,0.291,0.513,30.9,0.797
CUST02759,Chennai,Convenience_First,48.9,1,Residential,10,0.765,0.191,0.836,0.727,19.3,0.255
CUST02760,Chennai,Routine_Commuter,49.7,0,Residential,10,0.664,0.68,0.752,0.697,15.9,0.535
CUST02761,Kolkata,Routine_Commuter,55.0,1,Residential,11,0.824,0.168,0.636,0.859,23.1,0.269
CUST02762,Chennai,Price_Sensitive,47.8,0,Office_Commercial,9,0.709,0.899,0.601,0.405,16.7,0.735
CUST02763,Mumbai,Price_Sensitive,40.1,0,Highway,10,0.494,0.805,0.31,0.794,13.0,0.661
CUST02764,Pune,Convenience_First,61.4,0,Fleet,10,0.789,0.14,0.899,0.764,21.9,0.211
CUST02765,Mumbai,Price_Sensitive,47.7,0,Residential,6,0.332,0.836,0.492,0.642,16.2,0.648
CUST02766,Mumbai,Routine_Commuter,61.0,0,Office_Commercial,9,0.588,0.365,0.668,0.654,21.5,0.378
CUST02767,Mumbai,High_Mileage,84.1,0,Hotel,23,0.559,0.608,0.645,0.858,32.6,0.483
CUST02768,Chennai,Price_Sensitive,43.2,0,Transit_Public,9,0.429,0.849,0.5,0.604,20.6,0.669
CUST02769,Lucknow,Price_Sensitive,55.4,1,Highway,11,0.516,0.955,0.493,0.58,16.2,0.741
CUST02770,Lucknow,Routine_Commuter,58.8,1,Highway,10,0.689,0.438,0.702,0.745,20.4,0.408
CUST02771,Bengaluru,Convenience_First,68.9,1,Fleet,10,0.961,0.023,0.898,0.891,27.3,0.146
CUST02772,Mumbai,Convenience_First,42.9,0,Highway,9,0.742,0.226,0.81,0.846,20.1,0.259
CUST02773,Pune,Convenience_First,66.1,0,Residential,5,0.954,0.232,0.722,0.822,24.1,0.305
CUST02774,Bengaluru,Price_Sensitive,49.4,0,Office_Commercial,11,0.479,0.782,0.428,0.555,26.9,0.659
CUST02775,Ahmedabad,Convenience_First,55.3,0,Mall_Retail,8,0.907,0.267,0.866,0.727,21.2,0.305
CUST02776,Kochi,Convenience_First,67.1,0,Highway,9,0.878,0.305,0.938,0.903,32.3,0.283
CUST02777,Chandigarh,Convenience_First,60.1,0,Fleet,7,0.706,0.377,0.797,0.738,19.6,0.358
CUST02778,Kochi,Price_Sensitive,51.9,0,Highway,11,0.708,0.825,0.65,0.607,23.6,0.653
CUST02779,Mumbai,Routine_Commuter,65.6,1,Highway,11,0.672,0.561,0.731,0.86,21.6,0.45
CUST02780,Pune,Convenience_First,46.4,0,Fleet,6,0.957,0.346,0.958,0.729,15.3,0.335
CUST02781,Pune,Routine_Commuter,55.1,1,Residential,8,0.736,0.423,0.748,0.64,26.1,0.411
CUST02782,Jaipur,Routine_Commuter,56.7,1,Transit_Public,14,0.789,0.234,0.82,0.57,17.1,0.308
CUST02783,Bengaluru,Convenience_First,46.2,1,Highway,8,0.746,0.214,0.829,0.857,18.6,0.248
CUST02784,Bengaluru,Routine_Commuter,57.6,1,Office_Commercial,12,0.893,0.659,0.585,0.884,19.4,0.552
CUST02785,Chennai,Routine_Commuter,55.3,1,Residential,14,0.723,0.435,0.929,0.628,16.1,0.382
CUST02786,Chennai,Routine_Commuter,49.8,1,Office_Commercial,13,0.817,0.64,0.804,0.675,21.2,0.522
CUST02787,Chennai,Price_Sensitive,63.5,1,Transit_Public,9,0.508,0.954,0.472,0.369,27.2,0.776
CUST02788,Mumbai,High_Mileage,61.1,0,Mall_Retail,23,0.433,0.638,0.725,0.99,26.8,0.451
CUST02789,Hyderabad,Routine_Commuter,70.1,0,Residential,11,0.723,0.792,0.684,0.759,26.5,0.607
CUST02790,Mumbai,Convenience_First,48.2,0,Highway,9,0.84,0.231,0.88,0.826,14.1,0.261
CUST02791,Hyderabad,Routine_Commuter,59.5,1,Office_Commercial,11,0.583,0.548,0.744,0.813,25.8,0.439
CUST02792,Ahmedabad,Routine_Commuter,36.5,0,Residential,13,0.678,0.261,0.78,0.756,12.6,0.292
CUST02793,Jaipur,Convenience_First,78.3,0,Hotel,9,0.736,0.17,0.99,0.837,31.8,0.194
CUST02794,Kochi,Price_Sensitive,48.3,0,Mall_Retail,10,0.492,0.855,0.527,0.502,19.1,0.689
CUST02795,Delhi NCR,Price_Sensitive,55.5,1,Hotel,11,0.67,0.621,0.525,0.349,24.3,0.601
CUST02796,Chennai,High_Mileage,80.1,0,Residential,17,0.665,0.701,0.87,0.835,32.1,0.503
CUST02797,Hyderabad,High_Mileage,63.1,0,Fleet,15,0.575,0.577,0.894,0.79,31.8,0.427
CUST02798,Chennai,Routine_Commuter,61.9,1,Residential,12,0.961,0.757,0.766,0.853,33.4,0.581
CUST02799,Delhi NCR,Convenience_First,64.9,1,Office_Commercial,10,0.956,0.287,0.92,0.837,24.9,0.294
CUST02800,Chennai,Price_Sensitive,47.9,0,Highway,10,0.479,0.689,0.344,0.416,19.0,0.646
CUST02801,Lucknow,Routine_Commuter,50.7,0,Mall_Retail,12,0.678,0.535,0.777,0.857,15.9,0.428
CUST02802,Delhi NCR,Price_Sensitive,58.2,1,Mall_Retail,9,0.642,0.656,0.413,0.665,30.0,0.593
CUST02803,Chennai,Convenience_First,58.3,0,Office_Commercial,10,0.841,0.3,0.977,0.825,16.2,0.28
CUST02804,Mumbai,Routine_Commuter,56.2,1,Transit_Public,13,0.69,0.663,0.794,0.714,30.3,0.518
CUST02805,Mumbai,Routine_Commuter,58.2,1,Transit_Public,12,0.68,0.388,0.521,0.776,22.2,0.411
CUST02806,Bengaluru,Price_Sensitive,54.4,1,Mall_Retail,10,0.266,0.727,0.415,0.719,22.8,0.586
CUST02807,Bengaluru,Routine_Commuter,65.1,0,Office_Commercial,9,0.645,0.311,0.608,0.82,27.7,0.341
CUST02808,Kolkata,Price_Sensitive,44.7,0,Fleet,9,0.346,0.774,0.307,0.661,19.2,0.65
CUST02809,Lucknow,Price_Sensitive,46.0,1,Transit_Public,6,0.607,0.875,0.329,0.484,19.0,0.753
CUST02810,Chandigarh,Routine_Commuter,42.2,0,Mall_Retail,11,0.523,0.753,0.661,0.449,22.3,0.617
CUST02811,Delhi NCR,Routine_Commuter,54.7,1,Office_Commercial,9,0.806,0.484,0.743,0.758,27.0,0.435
CUST02812,Ahmedabad,High_Mileage,60.6,0,Fleet,23,0.214,0.534,0.684,0.914,20.5,0.391
CUST02813,Delhi NCR,Price_Sensitive,63.5,0,Highway,8,0.311,0.921,0.557,0.633,20.9,0.681
CUST02814,Ahmedabad,Convenience_First,54.5,0,Highway,8,0.807,0.071,0.783,0.798,18.0,0.193
CUST02815,Hyderabad,Price_Sensitive,63.4,0,Highway,8,0.479,0.779,0.609,0.506,27.2,0.629
CUST02816,Ahmedabad,High_Mileage,72.7,0,Highway,22,0.531,0.792,0.654,0.916,28.5,0.571
CUST02817,Ahmedabad,Convenience_First,60.6,0,Residential,9,0.827,0.327,0.742,0.887,19.5,0.331
CUST02818,Delhi NCR,Price_Sensitive,39.7,1,Transit_Public,11,0.639,0.766,0.355,0.305,15.4,0.719
CUST02819,Ahmedabad,Price_Sensitive,47.0,0,Transit_Public,6,0.229,0.854,0.371,0.586,25.2,0.68
CUST02820,Pune,Price_Sensitive,71.6,0,Mall_Retail,8,0.493,0.915,0.365,0.411,19.2,0.768
CUST02821,Delhi NCR,High_Mileage,62.1,0,Highway,25,0.486,0.719,0.8,0.779,17.9,0.517
CUST02822,Bengaluru,Price_Sensitive,53.0,0,Mall_Retail,11,0.229,0.928,0.514,0.498,26.9,0.706
CUST02823,Pune,Routine_Commuter,42.8,1,Office_Commercial,10,0.731,0.74,0.353,0.647,10.0,0.663
CUST02824,Ahmedabad,Price_Sensitive,69.4,1,Mall_Retail,10,0.211,0.873,0.715,0.542,35.8,0.627
CUST02825,Bengaluru,High_Mileage,70.8,0,Fleet,22,0.44,0.375,0.805,0.898,26.6,0.305
CUST02826,Kochi,Routine_Commuter,51.6,0,Office_Commercial,13,0.795,0.465,0.675,0.776,28.0,0.434
CUST02827,Mumbai,Routine_Commuter,38.1,0,Office_Commercial,9,0.824,0.521,0.721,0.75,11.0,0.462
CUST02828,Kolkata,Routine_Commuter,61.2,1,Office_Commercial,11,0.763,0.628,0.734,0.61,26.0,0.533
CUST02829,Bengaluru,Price_Sensitive,40.4,0,Office_Commercial,12,0.674,0.877,0.48,0.795,20.8,0.684
CUST02830,Kolkata,Price_Sensitive,44.9,1,Hotel,11,0.394,0.856,0.48,0.557,12.5,0.681
CUST02831,Pune,Price_Sensitive,51.8,1,Mall_Retail,12,0.7,0.619,0.602,0.233,25.8,0.605
CUST02832,Pune,Convenience_First,60.9,0,Office_Commercial,6,0.685,0.147,0.936,0.837,29.1,0.187
CUST02833,Jaipur,Routine_Commuter,71.0,1,Mall_Retail,9,0.785,0.655,0.596,0.982,22.6,0.522
CUST02834,Pune,Price_Sensitive,60.9,0,Residential,8,0.71,0.925,0.515,0.579,18.2,0.74
CUST02835,Chandigarh,Routine_Commuter,60.2,1,Residential,14,0.99,0.507,0.716,0.759,23.7,0.471
CUST02836,Chennai,Routine_Commuter,52.9,0,Office_Commercial,14,0.768,0.681,0.653,0.546,21.8,0.589
CUST02837,Chennai,Convenience_First,64.8,0,Mall_Retail,7,0.717,0.259,0.95,0.743,33.3,0.263
CUST02838,Ahmedabad,Routine_Commuter,57.4,0,Office_Commercial,12,0.796,0.768,0.75,0.942,28.8,0.561
CUST02839,Kolkata,Convenience_First,48.0,0,Hotel,9,0.982,0.215,0.897,0.843,22.6,0.26
CUST02840,Delhi NCR,Convenience_First,55.2,0,Residential,5,0.693,0.344,0.79,0.927,16.0,0.311
CUST02841,Ahmedabad,Routine_Commuter,66.3,1,Residential,8,0.857,0.386,0.582,0.799,21.3,0.412
CUST02842,Delhi NCR,Price_Sensitive,61.0,1,Fleet,11,0.564,0.712,0.626,0.584,31.9,0.585
CUST02843,Jaipur,Routine_Commuter,57.7,1,Residential,12,0.696,0.554,0.661,0.776,24.0,0.476
CUST02844,Hyderabad,High_Mileage,64.6,0,Fleet,16,0.454,0.668,0.788,0.813,25.2,0.483
CUST02845,Mumbai,Price_Sensitive,71.6,0,Transit_Public,9,0.72,0.715,0.617,0.617,39.8,0.6
CUST02846,Bengaluru,Convenience_First,54.8,1,Office_Commercial,6,0.897,0.229,0.666,0.77,21.2,0.317
CUST02847,Kolkata,Price_Sensitive,35.0,1,Mall_Retail,7,0.509,0.741,0.52,0.461,13.5,0.635
CUST02848,Hyderabad,Convenience_First,60.2,0,Highway,8,0.763,0.336,0.742,0.817,21.4,0.34
CUST02849,Kolkata,Price_Sensitive,51.1,1,Office_Commercial,9,0.541,0.64,0.414,0.648,20.6,0.576
CUST02850,Hyderabad,Convenience_First,68.8,0,Office_Commercial,5,0.834,0.219,0.824,0.696,38.9,0.285
CUST02851,Ahmedabad,Routine_Commuter,59.6,1,Office_Commercial,13,0.75,0.502,0.572,0.69,24.3,0.483
CUST02852,Lucknow,Price_Sensitive,48.1,0,Residential,11,0.861,0.779,0.578,0.484,10.6,0.676
CUST02853,Chandigarh,Convenience_First,63.7,0,Residential,6,0.738,0.295,0.926,0.731,28.6,0.291
CUST02854,Hyderabad,Price_Sensitive,57.3,1,Office_Commercial,7,0.434,0.79,0.784,0.493,29.2,0.598
CUST02855,Lucknow,Price_Sensitive,44.7,1,Highway,12,0.431,0.647,0.495,0.563,20.2,0.566
CUST02856,Chennai,Convenience_First,73.6,0,Hotel,5,0.804,0.336,0.782,0.915,35.5,0.322
CUST02857,Pune,High_Mileage,68.1,0,Fleet,22,0.606,0.943,0.608,0.99,30.9,0.659
CUST02858,Chandigarh,Routine_Commuter,56.7,0,Mall_Retail,8,0.656,0.331,0.618,0.788,23.2,0.356
CUST02859,Ahmedabad,Convenience_First,51.1,0,Mall_Retail,8,0.934,0.294,0.916,0.855,22.6,0.294
CUST02860,Bengaluru,Routine_Commuter,50.5,1,Office_Commercial,9,0.467,0.623,0.6,0.692,25.3,0.516
CUST02861,Hyderabad,Convenience_First,72.3,0,Fleet,6,0.889,0.282,0.924,0.801,31.9,0.289
CUST02862,Kolkata,High_Mileage,67.3,0,Fleet,17,0.493,0.617,0.59,0.857,25.5,0.492
CUST02863,Delhi NCR,Price_Sensitive,52.2,1,Mall_Retail,8,0.336,0.687,0.532,0.527,21.5,0.576
CUST02864,Mumbai,Routine_Commuter,63.4,1,Office_Commercial,11,0.773,0.243,0.433,0.759,19.3,0.361
CUST02865,Pune,Price_Sensitive,53.2,0,Office_Commercial,6,0.574,0.762,0.321,0.649,21.7,0.665
CUST02866,Chennai,Convenience_First,68.5,0,Office_Commercial,9,0.737,0.197,0.863,0.613,37.6,0.268
CUST02867,Mumbai,High_Mileage,65.4,0,Fleet,18,0.8,0.856,0.64,0.834,30.9,0.648
CUST02868,Chennai,Routine_Commuter,50.4,1,Residential,10,0.584,0.775,0.587,0.641,20.2,0.621
CUST02869,Mumbai,Price_Sensitive,51.9,0,Fleet,11,0.527,0.711,0.59,0.665,22.0,0.576
CUST02870,Hyderabad,Convenience_First,53.5,0,Residential,9,0.71,0.01,0.809,0.628,17.9,0.17
CUST02871,Bengaluru,Routine_Commuter,67.8,1,Residential,14,0.849,0.526,0.791,0.684,28.6,0.463
CUST02872,Hyderabad,Price_Sensitive,54.2,1,Highway,11,0.62,0.608,0.427,0.659,30.2,0.562
CUST02873,Ahmedabad,Price_Sensitive,51.7,0,Office_Commercial,12,0.627,0.741,0.105,0.476,22.4,0.728
CUST02874,Pune,Convenience_First,35.0,0,Mall_Retail,8,0.86,0.279,0.93,0.718,11.5,0.296
CUST02875,Hyderabad,Convenience_First,70.2,0,Highway,9,0.81,0.26,0.677,0.625,29.4,0.345
CUST02876,Pune,Routine_Commuter,61.3,1,Mall_Retail,11,0.545,0.398,0.917,0.678,22.6,0.339
CUST02877,Bengaluru,Convenience_First,62.8,1,Highway,5,0.749,0.211,0.946,0.516,28.9,0.274
CUST02878,Lucknow,High_Mileage,93.2,0,Fleet,22,0.622,0.66,0.752,0.917,40.6,0.487
CUST02879,Chandigarh,Price_Sensitive,52.0,0,Transit_Public,7,0.222,0.835,0.579,0.138,14.3,0.695
CUST02880,Jaipur,Routine_Commuter,46.5,0,Hotel,10,0.809,0.572,0.606,0.737,22.5,0.514
CUST02881,Pune,Convenience_First,53.3,0,Hotel,10,0.823,0.232,0.963,0.803,26.6,0.247
CUST02882,Chennai,Price_Sensitive,58.1,0,Mall_Retail,8,0.791,0.683,0.474,0.787,24.0,0.592
CUST02883,Delhi NCR,Convenience_First,61.5,0,Highway,10,0.908,0.382,0.788,0.923,35.0,0.355
CUST02884,Kochi,Convenience_First,57.8,0,Office_Commercial,6,0.729,0.245,0.752,0.728,20.9,0.298
CUST02885,Chennai,Routine_Commuter,61.6,1,Office_Commercial,11,0.718,0.438,0.532,0.955,19.7,0.413
CUST02886,Pune,Convenience_First,78.9,1,Highway,5,0.642,0.273,0.887,0.768,31.7,0.272
CUST02887,Delhi NCR,Convenience_First,67.1,1,Highway,6,0.737,0.301,0.99,0.955,33.9,0.248
CUST02888,Lucknow,Routine_Commuter,40.1,0,Residential,11,0.683,0.709,0.77,0.856,18.6,0.526
CUST02889,Delhi NCR,Routine_Commuter,51.2,1,Residential,11,0.733,0.716,0.6,0.628,20.8,0.603
CUST02890,Bengaluru,Routine_Commuter,61.9,1,Office_Commercial,8,0.823,0.707,0.733,0.724,29.0,0.566
CUST02891,Pune,Price_Sensitive,53.0,0,Highway,7,0.372,0.947,0.461,0.555,29.6,0.732
CUST02892,Lucknow,Routine_Commuter,49.8,1,Office_Commercial,10,0.744,0.451,0.911,0.649,26.9,0.393
CUST02893,Pune,Routine_Commuter,59.0,1,Office_Commercial,9,0.719,0.478,0.556,0.661,32.7,0.474
CUST02894,Hyderabad,Convenience_First,53.4,0,Fleet,9,0.837,0.29,0.769,0.724,24.3,0.331
CUST02895,Kolkata,Routine_Commuter,49.2,0,Mall_Retail,14,0.71,0.471,0.678,0.812,25.7,0.423
CUST02896,Hyderabad,Price_Sensitive,49.3,0,Residential,11,0.546,0.769,0.3,0.424,20.6,0.704
CUST02897,Hyderabad,High_Mileage,77.6,0,Office_Commercial,24,0.739,0.678,0.692,0.699,24.6,0.553
CUST02898,Bengaluru,Convenience_First,45.8,1,Residential,10,0.632,0.13,0.874,0.84,22.9,0.184
CUST02899,Lucknow,Convenience_First,59.1,0,Highway,5,0.917,0.335,0.931,0.811,17.6,0.318
CUST02900,Bengaluru,Convenience_First,53.5,1,Hotel,6,0.862,0.316,0.979,0.808,24.7,0.293
CUST02901,Jaipur,Routine_Commuter,37.1,1,Office_Commercial,13,0.915,0.545,0.554,0.679,11.3,0.529
CUST02902,Chandigarh,Convenience_First,76.1,0,Hotel,6,0.973,0.295,0.757,0.798,33.4,0.338
CUST02903,Delhi NCR,Routine_Commuter,61.0,0,Office_Commercial,9,0.822,0.241,0.52,0.604,26.0,0.37
CUST02904,Kolkata,Convenience_First,56.1,1,Mall_Retail,8,0.818,0.283,0.877,0.779,29.7,0.295
CUST02905,Chennai,Price_Sensitive,51.8,1,Office_Commercial,7,0.785,0.786,0.38,0.481,29.9,0.713
CUST02906,Hyderabad,Price_Sensitive,55.1,1,Fleet,7,0.633,0.905,0.692,0.858,19.0,0.644
CUST02907,Delhi NCR,Routine_Commuter,62.2,1,Mall_Retail,8,0.53,0.529,0.773,0.69,39.1,0.436
CUST02908,Delhi NCR,Convenience_First,58.5,0,Highway,8,0.826,0.407,0.789,0.945,18.4,0.357
CUST02909,Delhi NCR,Routine_Commuter,57.0,1,Mall_Retail,14,0.636,0.746,0.611,0.592,31.3,0.613
CUST02910,Mumbai,Convenience_First,57.0,0,Highway,10,0.681,0.137,0.962,0.757,25.1,0.187
CUST02911,Kochi,Price_Sensitive,51.2,0,Transit_Public,12,0.427,0.784,0.427,0.696,26.7,0.634
CUST02912,Hyderabad,Routine_Commuter,53.1,0,Residential,10,0.724,0.725,0.717,0.87,26.1,0.547
CUST02913,Kolkata,Routine_Commuter,55.8,1,Office_Commercial,14,0.729,0.654,0.814,0.87,22.2,0.489
CUST02914,Hyderabad,Routine_Commuter,59.4,0,Residential,9,0.544,0.279,0.768,0.546,20.2,0.322
CUST02915,Lucknow,Convenience_First,61.5,1,Office_Commercial,8,0.82,0.29,0.909,0.893,24.9,0.276
CUST02916,Bengaluru,Routine_Commuter,53.7,0,Office_Commercial,8,0.565,0.589,0.806,0.679,26.4,0.468
CUST02917,Mumbai,Routine_Commuter,55.9,0,Office_Commercial,8,0.7,0.457,0.845,0.785,20.3,0.384
CUST02918,Bengaluru,Routine_Commuter,52.6,0,Office_Commercial,14,0.604,0.289,0.727,0.712,21.0,0.317
CUST02919,Hyderabad,Convenience_First,57.0,0,Highway,9,0.99,0.209,0.88,0.676,22.9,0.286
CUST02920,Chandigarh,Convenience_First,43.4,1,Transit_Public,8,0.739,0.342,0.717,0.788,16.1,0.35
CUST02921,Chennai,Price_Sensitive,48.8,0,Transit_Public,7,0.848,0.854,0.351,0.56,24.8,0.75
CUST02922,Delhi NCR,Convenience_First,63.6,0,Office_Commercial,6,0.774,0.28,0.765,0.795,27.6,0.309
CUST02923,Hyderabad,Convenience_First,55.7,1,Residential,8,0.799,0.263,0.743,0.852,13.7,0.298
CUST02924,Chennai,Routine_Commuter,56.5,1,Office_Commercial,13,0.768,0.436,0.566,0.668,19.5,0.453
CUST02925,Bengaluru,High_Mileage,67.1,0,Fleet,22,0.493,0.735,0.768,0.846,34.8,0.523
CUST02926,Ahmedabad,Routine_Commuter,49.5,1,Office_Commercial,11,0.882,0.148,0.778,0.874,13.8,0.233
CUST02927,Hyderabad,Convenience_First,53.6,1,Highway,9,0.856,0.306,0.839,0.846,25.0,0.309
CUST02928,Bengaluru,Price_Sensitive,57.8,1,Mall_Retail,10,0.573,0.741,0.295,0.485,24.7,0.683
CUST02929,Ahmedabad,Routine_Commuter,58.3,1,Highway,9,0.602,0.542,0.79,0.784,20.6,0.432
CUST02930,Ahmedabad,Convenience_First,60.9,1,Mall_Retail,7,0.792,0.296,0.954,0.646,26.3,0.305
CUST02931,Delhi NCR,Price_Sensitive,43.3,0,Transit_Public,11,0.699,0.99,0.478,0.484,20.5,0.796
CUST02932,Ahmedabad,Price_Sensitive,45.4,0,Office_Commercial,11,0.813,0.737,0.692,0.615,20.6,0.606
CUST02933,Kochi,Price_Sensitive,48.1,1,Mall_Retail,6,0.467,0.89,0.573,0.81,24.6,0.65
CUST02934,Bengaluru,Routine_Commuter,48.6,1,Transit_Public,13,0.782,0.444,0.735,0.544,20.2,0.444
CUST02935,Kolkata,Convenience_First,62.0,0,Mall_Retail,9,0.73,0.406,0.624,0.804,28.5,0.401
CUST02936,Bengaluru,Convenience_First,74.0,0,Office_Commercial,6,0.816,0.147,0.802,0.916,31.4,0.215
CUST02937,Kochi,Price_Sensitive,58.1,0,Office_Commercial,10,0.812,0.728,0.581,0.348,25.6,0.663
CUST02938,Delhi NCR,Routine_Commuter,56.1,1,Mall_Retail,14,0.709,0.628,0.699,0.803,12.6,0.506
CUST02939,Hyderabad,Routine_Commuter,54.9,0,Office_Commercial,14,0.877,0.443,0.555,0.99,28.0,0.422
CUST02940,Jaipur,Price_Sensitive,60.3,0,Transit_Public,8,0.453,0.728,0.487,0.26,24.7,0.659
CUST02941,Lucknow,Convenience_First,61.4,0,Fleet,9,0.721,0.212,0.843,0.693,33.4,0.266
CUST02942,Mumbai,Routine_Commuter,37.6,1,Office_Commercial,10,0.705,0.448,0.82,0.731,17.6,0.393
CUST02943,Chandigarh,Routine_Commuter,56.1,0,Residential,11,0.827,0.573,0.705,0.827,27.6,0.483
CUST02944,Delhi NCR,Price_Sensitive,51.4,0,Transit_Public,7,0.501,0.879,0.619,0.699,22.6,0.655
CUST02945,Pune,Routine_Commuter,59.1,0,Residential,14,0.99,0.309,0.699,0.765,30.4,0.365
CUST02946,Hyderabad,Routine_Commuter,50.4,1,Office_Commercial,13,0.834,0.613,0.564,0.655,24.4,0.56
CUST02947,Bengaluru,Price_Sensitive,41.4,0,Fleet,6,0.518,0.844,0.278,0.628,17.3,0.716
CUST02948,Kochi,Routine_Commuter,56.5,0,Transit_Public,10,0.613,0.548,0.716,0.86,16.8,0.441
CUST02949,Chennai,Routine_Commuter,53.6,1,Transit_Public,11,0.812,0.631,0.573,0.751,26.9,0.551
CUST02950,Kochi,Price_Sensitive,45.6,1,Transit_Public,7,0.419,0.823,0.404,0.4,19.4,0.704
CUST02951,Lucknow,Price_Sensitive,46.3,0,Mall_Retail,12,0.594,0.714,0.447,0.562,14.5,0.628
CUST02952,Delhi NCR,Convenience_First,60.0,0,Highway,6,0.767,0.181,0.895,0.543,29.2,0.266
CUST02953,Chennai,Price_Sensitive,52.2,1,Residential,11,0.583,0.92,0.304,0.437,19.2,0.788
CUST02954,Chennai,Convenience_First,51.1,0,Transit_Public,10,0.83,0.214,0.857,0.72,14.1,0.271
CUST02955,Chennai,Price_Sensitive,66.9,0,Hotel,7,0.306,0.773,0.393,0.854,31.0,0.599
CUST02956,Pune,Routine_Commuter,70.2,1,Mall_Retail,10,0.807,0.418,0.755,0.716,30.3,0.402
CUST02957,Kochi,Price_Sensitive,70.5,0,Office_Commercial,10,0.808,0.98,0.454,0.662,19.9,0.78
CUST02958,Jaipur,Routine_Commuter,57.6,0,Office_Commercial,8,0.87,0.618,0.722,0.6,20.7,0.542
CUST02959,Ahmedabad,Convenience_First,59.0,0,Mall_Retail,9,0.854,0.283,0.933,0.977,15.3,0.258
CUST02960,Delhi NCR,High_Mileage,59.7,0,Transit_Public,22,0.524,0.867,0.944,0.813,32.4,0.569
CUST02961,Chennai,Price_Sensitive,68.6,0,Residential,8,0.722,0.902,0.545,0.524,18.7,0.731
CUST02962,Bengaluru,Convenience_First,57.2,1,Office_Commercial,8,0.807,0.184,0.91,0.874,25.2,0.219
CUST02963,Delhi NCR,Routine_Commuter,44.1,0,Residential,8,0.648,0.799,0.637,0.598,16.3,0.637
CUST02964,Jaipur,Routine_Commuter,60.5,1,Mall_Retail,10,0.613,0.662,0.896,0.944,29.1,0.455
CUST02965,Chennai,High_Mileage,74.5,0,Fleet,16,0.85,0.708,0.99,0.77,40.4,0.511
CUST02966,Chandigarh,Price_Sensitive,53.9,0,Residential,10,0.196,0.868,0.591,0.512,27.0,0.652
CUST02967,Kolkata,Routine_Commuter,39.0,0,Highway,13,0.659,0.298,0.901,0.824,19.6,0.276
CUST02968,Chennai,Routine_Commuter,55.0,1,Transit_Public,10,0.643,0.431,0.685,0.665,19.7,0.415
CUST02969,Ahmedabad,High_Mileage,80.8,0,Hotel,17,0.698,0.68,0.784,0.852,28.7,0.509
CUST02970,Delhi NCR,Routine_Commuter,56.9,0,Residential,10,0.99,0.267,0.676,0.711,16.6,0.354
CUST02971,Bengaluru,High_Mileage,80.0,1,Fleet,23,0.617,0.47,0.723,0.897,43.2,0.391
CUST02972,Delhi NCR,Price_Sensitive,41.0,1,Residential,10,0.573,0.916,0.502,0.627,19.6,0.717
CUST02973,Kolkata,Routine_Commuter,63.8,1,Office_Commercial,14,0.606,0.449,0.724,0.811,21.3,0.391
CUST02974,Lucknow,Routine_Commuter,46.8,0,Residential,14,0.6,0.759,0.834,0.524,19.7,0.582
CUST02975,Bengaluru,Price_Sensitive,40.5,0,Transit_Public,6,0.272,0.846,0.573,0.227,12.7,0.694
CUST02976,Mumbai,Price_Sensitive,45.7,1,Mall_Retail,11,0.451,0.914,0.572,0.476,18.8,0.712
CUST02977,Mumbai,Routine_Commuter,56.0,0,Mall_Retail,13,0.84,0.37,0.475,0.657,19.1,0.444
CUST02978,Bengaluru,Price_Sensitive,56.0,0,Fleet,11,0.676,0.846,0.4,0.725,17.6,0.694
CUST02979,Bengaluru,Routine_Commuter,62.6,1,Hotel,8,0.521,0.612,0.754,0.887,24.6,0.455
CUST02980,Bengaluru,High_Mileage,79.7,0,Highway,22,0.561,0.75,0.895,0.822,28.4,0.516
CUST02981,Ahmedabad,Routine_Commuter,43.1,1,Transit_Public,8,0.578,0.499,0.839,0.598,23.4,0.425
CUST02982,Bengaluru,Routine_Commuter,47.7,1,Highway,9,0.92,0.708,0.616,0.893,20.6,0.574
CUST02983,Hyderabad,Price_Sensitive,42.4,1,Residential,8,0.473,0.762,0.486,0.755,17.7,0.606
CUST02984,Kochi,Price_Sensitive,40.0,1,Transit_Public,12,0.385,0.864,0.558,0.422,20.0,0.689
CUST02985,Mumbai,Routine_Commuter,54.6,1,Office_Commercial,12,0.688,0.52,0.531,0.638,17.9,0.503
CUST02986,Delhi NCR,Price_Sensitive,40.7,0,Hotel,7,0.392,0.83,0.34,0.727,17.6,0.668
CUST02987,Jaipur,Routine_Commuter,66.8,1,Transit_Public,11,0.867,0.424,0.597,0.682,34.4,0.448
CUST02988,Kolkata,Convenience_First,81.8,0,Mall_Retail,8,0.691,0.092,0.946,0.906,27.7,0.144
CUST02989,Bengaluru,Price_Sensitive,62.2,0,Mall_Retail,8,0.561,0.754,0.485,0.683,23.3,0.621
CUST02990,Kolkata,Price_Sensitive,48.4,0,Highway,10,0.519,0.712,0.474,0.381,20.0,0.642
CUST02991,Pune,Routine_Commuter,49.9,1,Transit_Public,10,0.816,0.541,0.593,0.837,21.9,0.485
CUST02992,Hyderabad,Routine_Commuter,72.6,1,Hotel,8,0.498,0.437,0.735,0.72,35.2,0.385
CUST02993,Kochi,High_Mileage,75.9,0,Fleet,24,0.539,0.423,0.778,0.894,40.8,0.347
CUST02994,Bengaluru,Price_Sensitive,53.1,0,Highway,12,0.609,0.769,0.592,0.495,31.8,0.641
CUST02995,Chandigarh,Price_Sensitive,60.8,0,Mall_Retail,11,0.371,0.833,0.423,0.713,25.4,0.654
CUST02996,Delhi NCR,Routine_Commuter,56.5,1,Residential,12,0.891,0.568,0.685,0.595,27.0,0.525
CUST02997,Chennai,Routine_Commuter,53.3,0,Residential,8,0.781,0.448,0.816,0.614,20.7,0.42
CUST02998,Chandigarh,High_Mileage,79.6,0,Highway,21,0.594,0.598,0.722,0.832,41.6,0.469
CUST02999,Delhi NCR,Routine_Commuter,53.0,1,Mall_Retail,8,0.765,0.6,0.542,0.748,27.6,0.536
CUST03000,Jaipur,Routine_Commuter,59.9,1,Mall_Retail,10,0.736,0.361,0.703,0.577,32.0,0.395
CUST03001,Mumbai,Routine_Commuter,72.9,0,Office_Commercial,13,0.575,0.822,0.627,0.562,31.5,0.65
CUST03002,Chennai,Price_Sensitive,46.9,1,Transit_Public,7,0.422,0.825,0.679,0.603,26.0,0.62
CUST03003,Jaipur,Convenience_First,73.1,1,Office_Commercial,5,0.792,0.088,0.714,0.933,35.1,0.194
CUST03004,Hyderabad,Price_Sensitive,55.0,1,Fleet,6,0.533,0.681,0.564,0.377,27.5,0.609
CUST03005,Chandigarh,Price_Sensitive,55.8,0,Mall_Retail,6,0.544,0.864,0.551,0.826,21.5,0.645
CUST03006,Kochi,Convenience_First,45.9,1,Hotel,9,0.868,0.064,0.805,0.876,18.1,0.179
CUST03007,Pune,Price_Sensitive,73.3,1,Mall_Retail,11,0.355,0.847,0.789,0.624,28.9,0.6
CUST03008,Kochi,Routine_Commuter,60.8,0,Office_Commercial,10,0.71,0.588,0.463,0.624,26.9,0.558
CUST03009,Bengaluru,Price_Sensitive,35.0,1,Transit_Public,8,0.272,0.769,0.469,0.581,17.5,0.619
CUST03010,Delhi NCR,Routine_Commuter,46.1,0,Fleet,12,0.783,0.474,0.786,0.693,15.8,0.428
CUST03011,Mumbai,High_Mileage,60.5,0,Fleet,22,0.667,0.566,0.836,0.956,22.2,0.418
CUST03012,Delhi NCR,Routine_Commuter,49.9,0,Office_Commercial,9,0.531,0.475,0.89,0.968,28.2,0.341
CUST03013,Mumbai,High_Mileage,64.8,0,Fleet,25,0.72,0.508,0.636,0.804,27.9,0.454
CUST03014,Pune,Routine_Commuter,60.1,1,Office_Commercial,11,0.639,0.546,0.499,0.443,23.4,0.548
CUST03015,Chandigarh,Price_Sensitive,42.0,0,Fleet,8,0.579,0.849,0.479,0.475,23.4,0.708
CUST03016,Chennai,Convenience_First,47.2,1,Fleet,7,0.791,0.196,0.78,0.786,18.0,0.263
CUST03017,Delhi NCR,Routine_Commuter,56.7,1,Residential,9,0.704,0.489,0.678,0.761,34.9,0.439
CUST03018,Chennai,Routine_Commuter,59.3,0,Mall_Retail,14,0.72,0.343,0.594,0.707,28.7,0.386
CUST03019,Chandigarh,Price_Sensitive,41.1,1,Highway,8,0.502,0.832,0.426,0.398,17.2,0.713
CUST03020,Pune,Convenience_First,46.2,0,Fleet,6,0.825,0.213,0.929,0.865,19.9,0.234
CUST03021,Hyderabad,Price_Sensitive,62.4,0,Residential,9,0.614,0.809,0.305,0.863,28.6,0.666
CUST03022,Lucknow,Price_Sensitive,52.0,1,Highway,8,0.664,0.813,0.32,0.75,22.7,0.687
CUST03023,Hyderabad,Convenience_First,67.8,1,Highway,9,0.736,0.384,0.99,0.902,21.3,0.302
CUST03024,Bengaluru,Convenience_First,59.2,0,Mall_Retail,8,0.847,0.221,0.778,0.801,15.8,0.28
CUST03025,Chennai,Routine_Commuter,49.0,1,Mall_Retail,10,0.723,0.658,0.619,0.788,17.4,0.542
CUST03026,Hyderabad,High_Mileage,72.8,0,Mall_Retail,18,0.641,0.695,0.843,0.844,32.6,0.501
CUST03027,Jaipur,Convenience_First,68.2,0,Highway,9,0.869,0.327,0.672,0.832,26.3,0.358
CUST03028,Chandigarh,Routine_Commuter,49.0,0,Residential,8,0.9,0.791,0.578,0.64,18.6,0.663
CUST03029,Hyderabad,Convenience_First,47.7,1,Hotel,6,0.915,0.387,0.883,0.923,25.5,0.339
CUST03030,Bengaluru,Routine_Commuter,53.0,1,Mall_Retail,9,0.71,0.447,0.555,0.663,25.7,0.457
CUST03031,Bengaluru,Routine_Commuter,49.6,1,Office_Commercial,13,0.751,0.601,0.729,0.73,20.9,0.5
CUST03032,Lucknow,Routine_Commuter,66.9,1,Residential,14,0.951,0.417,0.686,0.542,32.1,0.456
CUST03033,Mumbai,Price_Sensitive,45.9,1,Mall_Retail,7,0.383,0.939,0.577,0.675,22.2,0.688
CUST03034,Pune,Convenience_First,49.5,0,Transit_Public,8,0.88,0.153,0.807,0.816,26.2,0.238
CUST03035,Hyderabad,Convenience_First,72.3,1,Fleet,6,0.878,0.235,0.832,0.887,25.9,0.267
CUST03036,Ahmedabad,Price_Sensitive,52.6,0,Mall_Retail,11,0.308,0.99,0.562,0.475,22.4,0.742
CUST03037,Ahmedabad,Routine_Commuter,68.4,0,Office_Commercial,8,0.693,0.336,0.527,0.566,31.5,0.414
CUST03038,Hyderabad,Convenience_First,51.6,1,Office_Commercial,9,0.968,0.246,0.908,0.87,21.1,0.27
CUST03039,Bengaluru,High_Mileage,75.7,0,Highway,20,0.523,0.747,0.643,0.99,34.0,0.536
CUST03040,Mumbai,Price_Sensitive,52.1,0,Mall_Retail,9,0.602,0.695,0.511,0.515,18.4,0.613
CUST03041,Bengaluru,Price_Sensitive,46.2,1,Highway,11,0.424,0.791,0.603,0.408,21.8,0.646
CUST03042,Hyderabad,Routine_Commuter,39.9,1,Office_Commercial,13,0.733,0.326,0.701,0.863,11.5,0.333
CUST03043,Ahmedabad,Convenience_First,86.8,1,Hotel,5,0.795,0.281,0.99,0.821,34.3,0.263
CUST03044,Bengaluru,Routine_Commuter,43.7,1,Residential,8,0.672,0.327,0.839,0.837,21.6,0.304
CUST03045,Chennai,Routine_Commuter,48.8,0,Office_Commercial,11,0.722,0.574,0.57,0.209,24.8,0.593
CUST03046,Hyderabad,High_Mileage,66.8,0,Highway,15,0.274,0.479,0.593,0.905,23.9,0.387
CUST03047,Bengaluru,Convenience_First,57.5,0,Mall_Retail,7,0.909,0.031,0.903,0.752,19.5,0.165
CUST03048,Lucknow,Price_Sensitive,47.2,0,Transit_Public,12,0.491,0.859,0.646,0.419,16.2,0.679
CUST03049,Kochi,Price_Sensitive,48.0,0,Transit_Public,8,0.492,0.805,0.563,0.685,19.1,0.627
CUST03050,Chandigarh,Routine_Commuter,48.0,1,Mall_Retail,13,0.735,0.543,0.782,0.637,20.0,0.47
CUST03051,Kochi,Convenience_First,60.8,0,Mall_Retail,7,0.787,0.415,0.935,0.79,26.7,0.352
CUST03052,Mumbai,Price_Sensitive,57.2,1,Fleet,11,0.632,0.747,0.269,0.456,24.7,0.702
CUST03053,Lucknow,Convenience_First,65.3,0,Highway,5,0.827,0.211,0.99,0.809,33.1,0.23
CUST03054,Kolkata,Convenience_First,67.1,0,Highway,9,0.708,0.131,0.945,0.627,25.6,0.21
CUST03055,Jaipur,Convenience_First,72.8,0,Office_Commercial,5,0.69,0.129,0.728,0.92,24.4,0.206
CUST03056,Pune,Price_Sensitive,41.5,0,Office_Commercial,12,0.722,0.958,0.407,0.192,16.2,0.839
CUST03057,Pune,High_Mileage,52.5,1,Fleet,23,0.411,0.949,0.929,0.794,25.6,0.608
CUST03058,Chennai,Routine_Commuter,36.1,1,Mall_Retail,10,0.678,0.605,0.649,0.831,15.4,0.496
CUST03059,Kolkata,Convenience_First,61.0,0,Highway,8,0.734,0.213,0.825,0.695,21.0,0.271
CUST03060,Hyderabad,High_Mileage,68.8,0,Highway,22,0.548,0.588,0.776,0.785,35.4,0.455
CUST03061,Delhi NCR,Price_Sensitive,57.0,0,Transit_Public,8,0.405,0.705,0.028,0.829,22.0,0.648
CUST03062,Kolkata,Routine_Commuter,46.8,1,Office_Commercial,8,0.716,0.525,0.856,0.74,19.1,0.428
CUST03063,Kochi,Convenience_First,68.8,1,Highway,8,0.829,0.129,0.84,0.733,27.2,0.226
CUST03064,Delhi NCR,Price_Sensitive,44.9,0,Mall_Retail,10,0.438,0.829,0.448,0.804,20.4,0.64
CUST03065,Hyderabad,Routine_Commuter,60.3,1,Office_Commercial,12,0.793,0.712,0.429,0.589,21.5,0.647
CUST03066,Kolkata,Routine_Commuter,65.8,0,Residential,14,0.731,0.668,0.514,0.729,24.5,0.578
CUST03067,Chandigarh,Price_Sensitive,68.6,0,Highway,12,0.595,0.951,0.361,0.253,17.3,0.822
CUST03068,Chennai,Convenience_First,61.7,0,Highway,9,0.825,0.253,0.59,0.849,26.2,0.326
CUST03069,Lucknow,Routine_Commuter,52.0,0,Residential,8,0.777,0.56,0.902,0.633,22.4,0.46
CUST03070,Kochi,Routine_Commuter,65.2,1,Office_Commercial,10,0.782,0.305,0.701,0.601,29.2,0.366
CUST03071,Delhi NCR,High_Mileage,80.0,0,Fleet,20,0.448,0.985,0.871,0.884,34.1,0.63
CUST03072,Bengaluru,Routine_Commuter,62.0,0,Office_Commercial,12,0.722,0.586,0.777,0.545,31.1,0.507
CUST03073,Chandigarh,Price_Sensitive,49.5,1,Residential,11,0.529,0.909,0.255,0.398,21.1,0.792
CUST03074,Kochi,Convenience_First,59.7,0,Residential,10,0.872,0.243,0.833,0.795,20.7,0.285
CUST03075,Kolkata,Routine_Commuter,62.5,1,Mall_Retail,12,0.748,0.44,0.788,0.764,19.8,0.394
CUST03076,Mumbai,Convenience_First,66.8,0,Mall_Retail,6,0.817,0.13,0.942,0.671,37.7,0.214
CUST03077,Chandigarh,Routine_Commuter,63.6,1,Residential,14,0.635,0.447,0.951,0.712,23.6,0.362
CUST03078,Delhi NCR,High_Mileage,59.1,0,Highway,15,0.728,0.496,0.704,0.922,28.7,0.416
CUST03079,Jaipur,Convenience_First,65.6,0,Residential,9,0.898,0.227,0.94,0.741,30.8,0.266
CUST03080,Kolkata,Convenience_First,69.2,0,Mall_Retail,6,0.722,0.224,0.855,0.99,33.2,0.226
CUST03081,Pune,Routine_Commuter,62.2,0,Residential,10,0.809,0.53,0.523,0.469,25.9,0.548
CUST03082,Pune,Price_Sensitive,58.1,1,Residential,11,0.592,0.792,0.43,0.647,22.0,0.662
CUST03083,Mumbai,Routine_Commuter,54.8,1,Mall_Retail,10,0.763,0.823,0.706,0.7,22.0,0.633
CUST03084,Mumbai,Price_Sensitive,48.4,0,Mall_Retail,11,0.192,0.836,0.252,0.619,10.6,0.685
CUST03085,Chennai,Price_Sensitive,62.4,1,Mall_Retail,12,0.72,0.659,0.403,0.723,23.7,0.595
CUST03086,Chennai,Price_Sensitive,38.8,1,Office_Commercial,6,0.184,0.811,0.181,0.467,10.8,0.708
CUST03087,Pune,Price_Sensitive,46.5,0,Transit_Public,11,0.431,0.722,0.652,0.593,24.9,0.571
CUST03088,Lucknow,Price_Sensitive,51.5,0,Office_Commercial,9,0.564,0.731,0.332,0.783,19.3,0.624
CUST03089,Kochi,Routine_Commuter,53.1,0,Residential,13,0.658,0.551,0.701,0.867,21.4,0.449
CUST03090,Chennai,Convenience_First,46.4,0,Office_Commercial,10,0.715,0.47,0.817,0.829,25.7,0.392
CUST03091,Bengaluru,Routine_Commuter,55.7,1,Residential,13,0.734,0.494,0.674,0.769,21.5,0.445
CUST03092,Hyderabad,Routine_Commuter,49.6,0,Office_Commercial,11,0.771,0.277,0.622,0.459,17.7,0.386
CUST03093,Jaipur,Routine_Commuter,41.1,1,Residential,12,0.968,0.391,0.802,0.767,13.7,0.386
CUST03094,Jaipur,Routine_Commuter,47.0,0,Fleet,12,0.911,0.413,0.559,0.875,22.3,0.425
CUST03095,Jaipur,Convenience_First,50.2,0,Fleet,7,0.77,0.279,0.783,0.929,18.2,0.284
CUST03096,Chennai,Routine_Commuter,59.9,0,Mall_Retail,12,0.739,0.392,0.579,0.786,30.8,0.406
CUST03097,Chandigarh,Price_Sensitive,83.3,0,Mall_Retail,8,0.479,0.834,0.415,0.589,42.8,0.685
CUST03098,Lucknow,Convenience_First,49.7,0,Highway,7,0.851,0.223,0.932,0.814,20.0,0.249
CUST03099,Chennai,Price_Sensitive,40.7,1,Office_Commercial,12,0.734,0.771,0.577,0.496,17.0,0.658
CUST03100,Bengaluru,Convenience_First,51.5,0,Hotel,5,0.99,0.218,0.834,0.782,23.8,0.285
CUST03101,Ahmedabad,Routine_Commuter,57.6,0,Residential,14,0.612,0.555,0.7,0.777,26.4,0.46
CUST03102,Hyderabad,Routine_Commuter,35.2,1,Office_Commercial,10,0.684,0.531,0.527,0.971,9.4,0.459
CUST03103,Pune,Routine_Commuter,51.7,1,Office_Commercial,12,0.437,0.461,0.744,0.926,23.8,0.36
CUST03104,Mumbai,Price_Sensitive,49.1,0,Office_Commercial,12,0.572,0.788,0.356,0.452,12.2,0.701
CUST03105,Jaipur,Routine_Commuter,52.1,0,Highway,11,0.74,0.463,0.85,0.881,18.5,0.377
CUST03106,Delhi NCR,Convenience_First,74.0,1,Mall_Retail,9,0.719,0.056,0.794,0.842,32.0,0.167
CUST03107,Jaipur,Routine_Commuter,57.6,0,Office_Commercial,8,0.76,0.352,0.588,0.696,21.0,0.398
CUST03108,Chennai,Routine_Commuter,54.9,0,Office_Commercial,10,0.92,0.51,0.796,0.815,20.7,0.441
CUST03109,Chennai,Price_Sensitive,45.1,1,Mall_Retail,11,0.268,0.733,0.328,0.509,19.0,0.638
CUST03110,Pune,High_Mileage,62.9,0,Fleet,16,0.866,0.589,0.508,0.887,29.2,0.526
CUST03111,Delhi NCR,Routine_Commuter,41.5,1,Residential,8,0.858,0.209,0.521,0.621,17.1,0.354
CUST03112,Ahmedabad,Routine_Commuter,68.0,0,Office_Commercial,12,0.594,0.645,0.825,0.575,31.1,0.513
CUST03113,Bengaluru,Convenience_First,75.2,0,Mall_Retail,5,0.789,0.367,0.81,0.793,34.8,0.35
CUST03114,Jaipur,Routine_Commuter,54.8,1,Office_Commercial,14,0.759,0.48,0.953,0.817,26.1,0.377
CUST03115,Hyderabad,High_Mileage,70.4,0,Office_Commercial,21,0.701,0.508,0.763,0.794,21.5,0.428
CUST03116,Delhi NCR,Price_Sensitive,52.1,0,Residential,7,0.526,0.777,0.592,0.747,18.0,0.6
CUST03117,Chennai,Routine_Commuter,46.2,1,Office_Commercial,12,0.603,0.562,0.671,0.551,17.9,0.502
CUST03118,Bengaluru,Routine_Commuter,64.0,1,Office_Commercial,8,0.836,0.577,0.631,0.625,23.8,0.531
CUST03119,Hyderabad,High_Mileage,80.5,0,Highway,24,0.382,0.69,0.845,0.853,33.6,0.471
CUST03120,Chandigarh,Routine_Commuter,63.5,1,Highway,11,0.66,0.441,0.985,0.687,24.8,0.358
CUST03121,Chennai,Price_Sensitive,40.0,0,Residential,9,0.679,0.953,0.302,0.738,17.6,0.771
CUST03122,Hyderabad,Price_Sensitive,69.3,1,Fleet,9,0.453,0.817,0.313,0.502,38.2,0.707
CUST03123,Ahmedabad,Price_Sensitive,35.0,0,Highway,10,0.578,0.862,0.18,0.727,15.1,0.737
CUST03124,Pune,Routine_Commuter,44.5,0,Office_Commercial,12,0.754,0.577,0.905,0.792,23.2,0.443
CUST03125,Pune,High_Mileage,65.5,0,Office_Commercial,20,0.605,0.735,0.602,0.949,30.0,0.552
CUST03126,Chennai,Price_Sensitive,35.0,0,Residential,12,0.726,0.796,0.564,0.679,13.7,0.646
CUST03127,Bengaluru,Routine_Commuter,67.5,1,Office_Commercial,14,0.779,0.622,0.797,0.892,29.0,0.477
CUST03128,Hyderabad,Routine_Commuter,55.9,1,Mall_Retail,13,0.772,0.301,0.69,0.738,33.4,0.344
CUST03129,Mumbai,Convenience_First,60.1,0,Highway,10,0.839,0.267,0.759,0.682,23.8,0.327
CUST03130,Kochi,Routine_Commuter,52.8,0,Office_Commercial,13,0.824,0.44,0.626,0.776,14.7,0.433
CUST03131,Kochi,Routine_Commuter,62.5,1,Residential,14,0.827,0.606,0.872,0.982,16.7,0.444
CUST03132,Pune,Price_Sensitive,45.5,0,Highway,10,0.2,0.684,0.563,0.411,19.6,0.572
CUST03133,Delhi NCR,High_Mileage,78.8,0,Mall_Retail,21,0.501,0.39,0.436,0.854,41.8,0.399
CUST03134,Hyderabad,Convenience_First,56.5,0,Mall_Retail,6,0.817,0.224,0.734,0.917,17.7,0.271
CUST03135,Mumbai,Routine_Commuter,66.0,1,Office_Commercial,10,0.635,0.665,0.636,0.536,22.7,0.572
CUST03136,Mumbai,Routine_Commuter,50.0,1,Office_Commercial,11,0.94,0.529,0.605,0.922,22.1,0.476
CUST03137,Hyderabad,Routine_Commuter,48.4,1,Residential,10,0.645,0.613,0.7,0.826,14.7,0.488
CUST03138,Mumbai,Price_Sensitive,54.4,1,Mall_Retail,8,0.645,0.99,0.088,0.445,23.2,0.875
CUST03139,Chennai,Routine_Commuter,53.7,1,Residential,10,0.577,0.416,0.612,0.766,20.1,0.399
CUST03140,Delhi NCR,Routine_Commuter,56.4,1,Residential,14,0.884,0.355,0.814,0.803,25.5,0.351
CUST03141,Lucknow,Routine_Commuter,49.9,1,Residential,9,0.775,0.526,0.736,0.64,19.1,0.474
CUST03142,Pune,Price_Sensitive,51.3,1,Office_Commercial,9,0.429,0.951,0.59,0.55,18.1,0.715
CUST03143,Delhi NCR,Convenience_First,69.9,0,Mall_Retail,5,0.753,0.211,0.99,0.867,27.5,0.213
CUST03144,Jaipur,High_Mileage,62.8,0,Fleet,18,0.635,0.742,0.674,0.793,29.0,0.568
CUST03145,Kochi,Routine_Commuter,57.5,1,Office_Commercial,13,0.911,0.553,0.639,0.656,25.8,0.519
CUST03146,Ahmedabad,High_Mileage,64.3,0,Highway,16,0.596,0.601,0.657,0.86,25.0,0.48
CUST03147,Mumbai,Convenience_First,62.0,1,Highway,10,0.746,0.366,0.803,0.99,24.9,0.317
CUST03148,Kolkata,Routine_Commuter,51.5,1,Office_Commercial,10,0.843,0.353,0.865,0.792,25.5,0.337
CUST03149,Kochi,Routine_Commuter,53.6,0,Mall_Retail,11,0.857,0.485,0.747,0.762,29.4,0.439
CUST03150,Hyderabad,Routine_Commuter,57.6,1,Mall_Retail,8,0.917,0.752,0.728,0.935,18.1,0.569
CUST03151,Lucknow,Routine_Commuter,49.3,1,Residential,9,0.651,0.505,0.783,0.654,21.8,0.438
CUST03152,Chandigarh,Routine_Commuter,45.5,0,Transit_Public,11,0.696,0.918,0.757,0.785,22.4,0.655
CUST03153,Hyderabad,Routine_Commuter,60.8,0,Office_Commercial,8,0.793,0.786,0.868,0.872,24.5,0.557
CUST03154,Lucknow,Price_Sensitive,40.6,0,Residential,6,0.536,0.856,0.466,0.205,16.7,0.75
CUST03155,Bengaluru,Convenience_First,62.8,1,Hotel,8,0.82,0.342,0.95,0.727,26.0,0.321
CUST03156,Mumbai,Convenience_First,48.3,0,Transit_Public,9,0.842,0.225,0.817,0.654,16.1,0.296
CUST03157,Hyderabad,High_Mileage,87.2,0,Fleet,25,0.443,0.714,0.683,0.707,36.1,0.544
CUST03158,Chandigarh,Convenience_First,67.6,1,Mall_Retail,6,0.848,0.344,0.755,0.731,25.8,0.364
CUST03159,Lucknow,Convenience_First,68.5,1,Hotel,5,0.707,0.296,0.945,0.782,31.1,0.277
CUST03160,Mumbai,Price_Sensitive,59.5,0,Transit_Public,9,0.294,0.79,0.625,0.704,16.9,0.583
CUST03161,Bengaluru,Routine_Commuter,50.7,1,Residential,9,0.816,0.446,0.564,0.616,20.9,0.472
CUST03162,Mumbai,Price_Sensitive,80.5,1,Office_Commercial,6,0.408,0.764,0.586,0.55,31.8,0.612
CUST03163,Mumbai,Routine_Commuter,50.9,1,Highway,11,0.84,0.274,0.557,0.704,21.9,0.368
CUST03164,Ahmedabad,Price_Sensitive,45.4,0,Office_Commercial,10,0.477,0.971,0.53,0.685,24.8,0.723
CUST03165,Chandigarh,Routine_Commuter,59.4,0,Office_Commercial,9,0.769,0.495,0.582,0.791,31.9,0.464
CUST03166,Ahmedabad,Price_Sensitive,61.5,1,Residential,10,0.331,0.785,0.69,0.453,21.2,0.609
CUST03167,Ahmedabad,Convenience_First,59.2,1,Mall_Retail,10,0.95,0.181,0.736,0.637,30.4,0.301
CUST03168,Lucknow,Routine_Commuter,45.1,0,Office_Commercial,12,0.606,0.31,0.581,0.585,19.4,0.377
CUST03169,Delhi NCR,Routine_Commuter,60.2,0,Hotel,10,0.788,0.351,0.611,0.493,24.7,0.426
CUST03170,Mumbai,Routine_Commuter,49.7,1,Transit_Public,12,0.707,0.655,0.726,0.607,24.1,0.545
CUST03171,Mumbai,High_Mileage,72.4,0,Office_Commercial,22,0.627,0.686,0.927,0.823,34.0,0.481
CUST03172,Delhi NCR,Routine_Commuter,60.4,0,Office_Commercial,12,0.557,0.46,0.505,0.685,26.8,0.455
CUST03173,Mumbai,Price_Sensitive,52.4,0,Mall_Retail,12,0.365,0.836,0.495,0.589,24.8,0.659
CUST03174,Bengaluru,Convenience_First,63.8,0,Highway,9,0.724,0.337,0.816,0.84,34.9,0.318
CUST03175,Hyderabad,High_Mileage,91.0,0,Fleet,20,0.763,0.651,0.706,0.99,47.0,0.495
CUST03176,Ahmedabad,Convenience_First,49.7,0,Mall_Retail,9,0.725,0.12,0.99,0.801,18.3,0.17
CUST03177,Pune,Routine_Commuter,55.5,1,Residential,12,0.748,0.437,0.59,0.544,21.9,0.466
CUST03178,Bengaluru,Routine_Commuter,64.1,0,Highway,11,0.808,0.425,0.517,0.493,26.3,0.487
CUST03179,Pune,Convenience_First,65.0,0,Office_Commercial,9,0.814,0.214,0.782,0.843,31.4,0.266
CUST03180,Hyderabad,Convenience_First,68.2,1,Highway,10,0.722,0.235,0.885,0.693,34.8,0.271
CUST03181,Hyderabad,Routine_Commuter,57.4,1,Residential,14,0.782,0.515,0.573,0.891,23.4,0.463
CUST03182,Delhi NCR,Convenience_First,61.8,1,Hotel,5,0.835,0.306,0.99,0.756,15.2,0.29
CUST03183,Delhi NCR,Routine_Commuter,50.5,1,Office_Commercial,13,0.926,0.391,0.534,0.904,25.0,0.415
CUST03184,Lucknow,Convenience_First,70.0,1,Hotel,10,0.921,0.282,0.798,0.766,25.6,0.323
CUST03185,Ahmedabad,Routine_Commuter,68.0,0,Transit_Public,13,0.879,0.547,0.616,0.85,29.0,0.488
CUST03186,Kochi,Routine_Commuter,51.1,0,Office_Commercial,11,0.764,0.362,0.691,0.764,17.5,0.373
CUST03187,Bengaluru,High_Mileage,68.7,0,Fleet,20,0.606,0.631,0.662,0.97,33.4,0.48
CUST03188,Jaipur,Routine_Commuter,66.7,1,Mall_Retail,12,0.693,0.538,0.7,0.627,30.3,0.481
CUST03189,Hyderabad,Routine_Commuter,52.1,1,Residential,11,0.719,0.839,0.87,0.739,20.5,0.599
CUST03190,Lucknow,Price_Sensitive,67.1,0,Residential,9,0.34,0.847,0.463,0.409,30.9,0.696
CUST03191,Chennai,Price_Sensitive,57.5,1,Highway,6,0.712,0.855,0.521,0.708,21.1,0.681
CUST03192,Hyderabad,High_Mileage,65.2,0,Highway,16,0.535,0.448,0.528,0.855,28.1,0.416
CUST03193,Chennai,Price_Sensitive,56.0,0,Residential,11,0.708,0.833,0.677,0.49,21.8,0.67
CUST03194,Bengaluru,Convenience_First,58.3,0,Highway,8,0.852,0.227,0.74,0.795,31.8,0.293
CUST03195,Mumbai,Convenience_First,49.5,0,Mall_Retail,10,0.717,0.187,0.947,0.67,13.8,0.235
CUST03196,Kolkata,Routine_Commuter,54.1,1,Transit_Public,11,0.737,0.415,0.769,0.735,31.2,0.388
CUST03197,Kochi,Price_Sensitive,45.9,1,Residential,12,0.439,0.832,0.613,0.649,18.8,0.632
CUST03198,Chennai,Routine_Commuter,50.4,0,Mall_Retail,8,0.538,0.53,0.676,0.652,29.7,0.462
CUST03199,Bengaluru,Routine_Commuter,46.2,1,Office_Commercial,10,0.757,0.645,0.843,0.731,14.1,0.502
CUST03200,Pune,Price_Sensitive,49.3,0,Residential,6,0.293,0.707,0.65,0.515,15.7,0.561
CUST03201,Chandigarh,Routine_Commuter,57.5,0,Office_Commercial,14,0.802,0.476,0.667,0.636,27.2,0.463
CUST03202,Delhi NCR,Price_Sensitive,61.1,1,Mall_Retail,6,0.428,0.895,0.549,0.57,23.1,0.69
CUST03203,Delhi NCR,Price_Sensitive,38.8,0,Office_Commercial,11,0.5,0.689,0.541,0.57,12.9,0.585
CUST03204,Delhi NCR,Routine_Commuter,52.5,1,Residential,12,0.568,0.35,0.753,0.736,22.5,0.339
CUST03205,Pune,Price_Sensitive,45.9,1,Office_Commercial,10,0.771,0.96,0.719,0.464,17.3,0.742
CUST03206,Ahmedabad,Routine_Commuter,35.0,0,Office_Commercial,11,0.557,0.538,0.618,0.718,10.5,0.47
CUST03207,Delhi NCR,Routine_Commuter,53.1,1,Office_Commercial,14,0.774,0.618,0.573,0.689,21.6,0.55
CUST03208,Delhi NCR,Price_Sensitive,49.1,0,Residential,7,0.647,0.925,0.501,0.624,20.5,0.73
CUST03209,Kochi,Routine_Commuter,48.6,1,Residential,8,0.848,0.826,0.667,0.776,13.9,0.639
CUST03210,Chandigarh,Routine_Commuter,44.6,0,Office_Commercial,12,0.585,0.845,0.569,0.682,21.7,0.657
CUST03211,Chennai,Routine_Commuter,54.7,1,Residential,11,0.39,0.611,0.614,0.938,21.8,0.461
CUST03212,Mumbai,Routine_Commuter,51.3,1,Residential,12,0.89,0.327,0.471,0.82,17.1,0.402
CUST03213,Mumbai,Routine_Commuter,63.0,0,Residential,13,0.593,0.631,0.821,0.707,22.5,0.486
CUST03214,Pune,Convenience_First,56.0,0,Office_Commercial,10,0.767,0.252,0.79,0.684,29.1,0.305
CUST03215,Delhi NCR,Convenience_First,66.2,1,Hotel,8,0.713,0.122,0.942,0.826,24.5,0.176
CUST03216,Mumbai,Routine_Commuter,57.5,1,Office_Commercial,8,0.737,0.54,0.802,0.733,26.4,0.45
CUST03217,Hyderabad,Routine_Commuter,50.4,1,Residential,9,0.63,0.503,0.489,0.655,18.9,0.494
CUST03218,Pune,Routine_Commuter,44.9,1,Mall_Retail,14,0.634,0.549,0.755,0.949,18.9,0.422
CUST03219,Chandigarh,Routine_Commuter,49.3,1,Transit_Public,13,0.418,0.492,0.666,0.691,19.9,0.426
CUST03220,Bengaluru,Routine_Commuter,58.8,1,Office_Commercial,12,0.792,0.345,0.77,0.584,14.4,0.377
CUST03221,Hyderabad,Routine_Commuter,49.7,0,Office_Commercial,9,0.828,0.726,0.863,0.704,15.5,0.554
CUST03222,Jaipur,Convenience_First,53.1,0,Mall_Retail,8,0.762,0.287,0.795,0.829,19.3,0.301
CUST03223,Kochi,Price_Sensitive,51.6,0,Hotel,8,0.587,0.853,0.561,0.462,17.5,0.696
CUST03224,Delhi NCR,Price_Sensitive,49.3,0,Mall_Retail,10,0.18,0.635,0.47,0.553,15.3,0.541
CUST03225,Pune,Routine_Commuter,56.0,0,Office_Commercial,14,0.713,0.408,0.423,0.412,30.4,0.5
CUST03226,Mumbai,Routine_Commuter,69.7,1,Fleet,13,0.753,0.196,0.787,0.869,36.8,0.246
CUST03227,Delhi NCR,Price_Sensitive,48.9,0,Mall_Retail,6,0.396,0.847,0.322,0.549,20.5,0.709
CUST03228,Mumbai,High_Mileage,59.5,0,Fleet,24,0.426,0.766,0.634,0.906,27.3,0.551
CUST03229,Bengaluru,Routine_Commuter,67.2,0,Office_Commercial,10,0.731,0.409,0.498,0.788,33.0,0.43
CUST03230,Kolkata,Convenience_First,61.3,0,Transit_Public,8,0.913,0.409,0.771,0.671,31.7,0.411
CUST03231,Mumbai,Routine_Commuter,63.4,0,Mall_Retail,13,0.524,0.529,0.822,0.866,24.4,0.399
CUST03232,Chennai,Routine_Commuter,45.1,1,Office_Commercial,8,0.561,0.372,0.663,0.573,22.5,0.392
CUST03233,Mumbai,Routine_Commuter,44.7,1,Residential,8,0.97,0.444,0.709,0.649,17.9,0.452
CUST03234,Mumbai,Price_Sensitive,61.2,0,Mall_Retail,11,0.686,0.909,0.211,0.467,23.8,0.807
CUST03235,Bengaluru,High_Mileage,88.1,0,Highway,18,0.52,0.63,0.715,0.931,41.7,0.466
CUST03236,Mumbai,High_Mileage,72.3,0,Fleet,17,0.609,0.616,0.778,0.952,45.4,0.451
CUST03237,Mumbai,Routine_Commuter,45.3,0,Office_Commercial,14,0.74,0.492,0.803,0.847,20.6,0.407
CUST03238,Lucknow,Price_Sensitive,53.3,0,Mall_Retail,11,0.32,0.746,0.285,0.573,26.9,0.649
CUST03239,Kochi,Convenience_First,55.7,1,Highway,8,0.866,0.249,0.75,0.756,22.5,0.31
CUST03240,Bengaluru,Routine_Commuter,59.7,0,Transit_Public,11,0.93,0.497,0.627,0.683,21.9,0.488
CUST03241,Chennai,Routine_Commuter,54.3,1,Office_Commercial,14,0.65,0.479,0.685,0.627,18.1,0.447
CUST03242,Mumbai,Convenience_First,70.5,0,Mall_Retail,5,0.943,0.078,0.823,0.797,32.7,0.203
CUST03243,Delhi NCR,Price_Sensitive,44.3,0,Residential,9,0.544,0.661,0.473,0.622,23.3,0.58
CUST03244,Ahmedabad,Routine_Commuter,51.3,0,Residential,9,0.549,0.575,0.791,0.713,18.7,0.456
CUST03245,Hyderabad,Routine_Commuter,50.8,1,Highway,9,0.504,0.287,0.708,0.674,18.9,0.315
CUST03246,Lucknow,Routine_Commuter,55.4,1,Transit_Public,10,0.778,0.438,0.722,0.834,20.5,0.399
CUST03247,Mumbai,Price_Sensitive,68.0,0,Hotel,8,0.572,0.731,0.469,0.519,25.6,0.638
CUST03248,Ahmedabad,Routine_Commuter,53.0,0,Hotel,8,0.715,0.35,0.632,0.508,16.4,0.411
CUST03249,Jaipur,High_Mileage,72.6,1,Fleet,17,0.817,0.896,0.757,0.942,54.2,0.632
CUST03250,Kolkata,Routine_Commuter,53.8,1,Residential,14,0.778,0.586,0.669,0.811,25.2,0.495
CUST03251,Ahmedabad,Routine_Commuter,53.0,1,Hotel,8,0.835,0.513,0.626,0.635,20.9,0.495
CUST03252,Mumbai,Routine_Commuter,54.6,1,Hotel,12,0.732,0.448,0.833,0.707,29.5,0.397
CUST03253,Kolkata,Routine_Commuter,44.8,0,Office_Commercial,10,0.532,0.691,0.667,0.541,17.3,0.569
CUST03254,Bengaluru,Routine_Commuter,58.4,1,Mall_Retail,9,0.606,0.452,0.749,0.685,26.5,0.407
CUST03255,Chennai,High_Mileage,65.4,0,Highway,23,0.714,0.574,0.795,0.862,28.1,0.449
CUST03256,Hyderabad,Convenience_First,44.6,0,Transit_Public,8,0.72,0.204,0.974,0.894,18.6,0.205
CUST03257,Mumbai,Routine_Commuter,73.8,0,Highway,11,0.752,0.46,0.669,0.802,35.8,0.424
CUST03258,Delhi NCR,Routine_Commuter,55.0,1,Residential,8,0.76,0.429,0.734,0.855,23.5,0.387
CUST03259,Delhi NCR,High_Mileage,90.9,0,Highway,22,0.765,0.372,0.75,0.869,38.9,0.35
CUST03260,Hyderabad,Routine_Commuter,54.4,1,Mall_Retail,14,0.64,0.626,0.711,0.686,19.8,0.513
CUST03261,Delhi NCR,Routine_Commuter,59.4,1,Residential,8,0.776,0.475,0.535,0.801,24.6,0.462
CUST03262,Chennai,Price_Sensitive,44.6,0,Transit_Public,12,0.253,0.713,0.521,0.47,18.5,0.593
CUST03263,Mumbai,Routine_Commuter,52.6,1,Residential,10,0.47,0.331,0.73,0.554,19.5,0.35
CUST03264,Mumbai,Convenience_First,57.0,0,Transit_Public,7,0.753,0.167,0.923,0.659,26.0,0.234
CUST03265,Bengaluru,Routine_Commuter,57.9,1,Office_Commercial,12,0.831,0.399,0.578,0.882,17.7,0.404
CUST03266,Bengaluru,Price_Sensitive,50.7,0,Residential,8,0.363,0.711,0.473,0.333,22.9,0.633
CUST03267,Mumbai,Price_Sensitive,37.5,0,Office_Commercial,8,0.639,0.798,0.743,0.456,16.7,0.636
CUST03268,Mumbai,Routine_Commuter,61.7,1,Residential,11,0.846,0.446,0.739,0.801,25.6,0.412
CUST03269,Kochi,Routine_Commuter,43.3,0,Residential,13,0.686,0.657,0.704,0.659,25.6,0.54
CUST03270,Delhi NCR,Convenience_First,56.0,1,Hotel,9,0.841,0.089,0.722,0.752,25.5,0.226
CUST03271,Mumbai,Convenience_First,58.3,1,Hotel,5,0.852,0.283,0.847,0.734,29.8,0.311
CUST03272,Lucknow,Routine_Commuter,57.1,0,Office_Commercial,12,0.603,0.31,0.775,0.777,18.0,0.309
CUST03273,Mumbai,Convenience_First,59.3,1,Mall_Retail,8,0.915,0.214,0.878,0.823,26.8,0.26
CUST03274,Bengaluru,Routine_Commuter,45.5,1,Mall_Retail,12,0.677,0.544,0.636,0.706,16.5,0.484
CUST03275,Jaipur,Routine_Commuter,50.8,1,Residential,12,0.605,0.218,0.862,0.719,19.2,0.25
CUST03276,Ahmedabad,High_Mileage,48.3,0,Transit_Public,24,0.76,0.822,0.693,0.848,23.1,0.613
CUST03277,Chandigarh,Price_Sensitive,62.3,1,Mall_Retail,12,0.671,0.818,0.673,0.552,31.6,0.65
CUST03278,Ahmedabad,Routine_Commuter,58.7,0,Transit_Public,14,0.758,0.588,0.836,0.663,25.9,0.482
CUST03279,Chandigarh,Convenience_First,42.7,0,Residential,5,0.769,0.212,0.888,0.827,14.1,0.242
CUST03280,Lucknow,Price_Sensitive,54.3,0,Transit_Public,10,0.704,0.645,0.335,0.385,18.1,0.65
CUST03281,Kochi,Routine_Commuter,65.1,1,Residential,10,0.781,0.457,0.51,0.79,16.6,0.459
CUST03282,Bengaluru,Routine_Commuter,62.0,1,Office_Commercial,10,0.683,0.596,0.656,0.839,16.5,0.489
CUST03283,Delhi NCR,Convenience_First,57.0,1,Hotel,5,0.685,0.263,0.741,0.813,24.9,0.293
CUST03284,Delhi NCR,Convenience_First,73.7,0,Hotel,5,0.772,0.449,0.84,0.816,35.2,0.384
CUST03285,Kolkata,Routine_Commuter,50.0,1,Residential,11,0.781,0.451,0.702,0.912,17.6,0.399
CUST03286,Pune,Convenience_First,60.0,0,Mall_Retail,8,0.96,0.332,0.773,0.808,21.5,0.353
CUST03287,Chandigarh,Price_Sensitive,64.3,0,Mall_Retail,10,0.774,0.769,0.407,0.385,26.9,0.711
CUST03288,Hyderabad,High_Mileage,62.3,0,Highway,25,0.796,0.593,0.629,0.772,21.2,0.514
CUST03289,Lucknow,Price_Sensitive,38.8,1,Highway,6,0.312,0.931,0.72,0.753,12.0,0.636
CUST03290,Jaipur,Routine_Commuter,49.9,1,Residential,14,0.788,0.207,0.641,0.834,20.5,0.289
CUST03291,Mumbai,Price_Sensitive,44.1,1,Highway,11,0.543,0.879,0.494,0.51,22.4,0.712
CUST03292,Bengaluru,Convenience_First,64.0,0,Residential,9,0.766,0.161,0.839,0.676,19.5,0.246
CUST03293,Lucknow,Convenience_First,79.5,0,Fleet,6,0.643,0.127,0.728,0.812,25.0,0.217
CUST03294,Chennai,Routine_Commuter,57.7,1,Residential,8,0.769,0.571,0.687,0.702,21.8,0.498
CUST03295,Chennai,Price_Sensitive,60.2,1,Transit_Public,10,0.664,0.99,0.639,0.678,28.2,0.731
CUST03296,Chennai,Routine_Commuter,56.8,0,Office_Commercial,14,0.786,0.443,0.36,0.718,19.8,0.493
CUST03297,Bengaluru,Convenience_First,63.7,0,Mall_Retail,8,0.893,0.242,0.722,0.818,34.0,0.305
CUST03298,Jaipur,Routine_Commuter,53.9,1,Mall_Retail,13,0.81,0.724,0.907,0.873,19.6,0.517
CUST03299,Kochi,Routine_Commuter,58.3,1,Residential,13,0.798,0.808,0.55,0.674,28.2,0.663
CUST03300,Lucknow,Price_Sensitive,55.9,0,Mall_Retail,11,0.672,0.85,0.204,0.506,26.8,0.768
CUST03301,Mumbai,Routine_Commuter,55.6,1,Office_Commercial,10,0.743,0.519,0.526,0.668,17.1,0.505
CUST03302,Bengaluru,High_Mileage,63.3,0,Mall_Retail,21,0.476,0.581,0.71,0.99,16.8,0.427
CUST03303,Chennai,Price_Sensitive,74.7,1,Residential,12,0.608,0.99,0.428,0.495,31.1,0.795
CUST03304,Chennai,Price_Sensitive,47.0,1,Transit_Public,11,0.276,0.8,0.295,0.604,19.8,0.668
CUST03305,Kolkata,Routine_Commuter,60.3,0,Residential,11,0.745,0.286,0.707,0.881,26.0,0.308
CUST03306,Kochi,High_Mileage,65.0,0,Mall_Retail,18,0.667,0.423,0.61,0.775,27.8,0.411
CUST03307,Ahmedabad,Routine_Commuter,59.0,1,Mall_Retail,11,0.885,0.266,0.773,0.659,18.3,0.331
CUST03308,Bengaluru,Routine_Commuter,62.7,1,Office_Commercial,11,0.665,0.805,0.764,0.67,23.3,0.606
CUST03309,Kochi,Price_Sensitive,52.1,0,Transit_Public,11,0.525,0.909,0.497,0.866,24.4,0.673
CUST03310,Lucknow,Convenience_First,55.1,0,Mall_Retail,9,0.844,0.239,0.869,0.76,27.3,0.278
CUST03311,Kolkata,Price_Sensitive,63.3,1,Residential,6,0.388,0.721,0.445,0.605,20.6,0.605
CUST03312,Pune,Routine_Commuter,54.0,1,Residential,8,0.805,0.489,0.735,0.913,19.3,0.416
CUST03313,Chennai,Routine_Commuter,66.4,0,Residential,14,0.551,0.584,0.759,0.817,32.4,0.452
CUST03314,Bengaluru,Price_Sensitive,35.0,1,Residential,10,0.36,0.767,0.567,0.238,16.0,0.659
CUST03315,Chandigarh,Routine_Commuter,59.3,0,Office_Commercial,14,0.52,0.481,0.598,0.717,28.1,0.44
CUST03316,Kolkata,Convenience_First,56.3,0,Mall_Retail,6,0.681,0.356,0.862,0.68,25.5,0.34
CUST03317,Jaipur,Routine_Commuter,46.1,0,Residential,14,0.616,0.511,0.511,0.661,23.6,0.491
CUST03318,Bengaluru,High_Mileage,65.1,0,Hotel,21,0.487,0.791,0.817,0.811,30.1,0.549
CUST03319,Mumbai,Routine_Commuter,44.4,1,Mall_Retail,12,0.55,0.718,0.706,0.805,14.6,0.538
CUST03320,Chennai,Routine_Commuter,65.6,1,Office_Commercial,11,0.636,0.484,0.739,0.467,31.2,0.462
CUST03321,Delhi NCR,High_Mileage,77.2,0,Highway,23,0.471,0.698,0.631,0.852,32.9,0.527
CUST03322,Chandigarh,Price_Sensitive,61.1,0,Mall_Retail,6,0.607,0.869,0.605,0.496,20.3,0.693
CUST03323,Bengaluru,Convenience_First,62.5,0,Highway,5,0.839,0.159,0.728,0.758,23.6,0.262
CUST03324,Hyderabad,Routine_Commuter,52.4,0,Office_Commercial,14,0.711,0.665,0.775,0.698,26.6,0.527
CUST03325,Jaipur,Price_Sensitive,46.7,1,Fleet,11,0.507,0.959,0.559,0.696,17.9,0.712
CUST03326,Hyderabad,Convenience_First,55.1,1,Highway,9,0.874,0.303,0.847,0.832,20.6,0.31
CUST03327,Bengaluru,Convenience_First,59.5,1,Highway,6,0.75,0.108,0.762,0.733,26.5,0.222
CUST03328,Mumbai,High_Mileage,63.2,0,Highway,21,0.831,0.822,0.764,0.782,28.2,0.615
CUST03329,Delhi NCR,High_Mileage,69.9,1,Office_Commercial,20,0.728,0.82,0.627,0.819,28.7,0.625
CUST03330,Ahmedabad,Price_Sensitive,63.1,1,Office_Commercial,10,0.581,0.863,0.366,0.343,24.7,0.758
CUST03331,Delhi NCR,Convenience_First,63.3,1,Mall_Retail,10,0.801,0.347,0.795,0.731,18.7,0.352
CUST03332,Kochi,Price_Sensitive,57.2,0,Transit_Public,8,0.405,0.749,0.144,0.566,24.0,0.688
CUST03333,Ahmedabad,Routine_Commuter,60.5,0,Office_Commercial,14,0.589,0.531,0.582,0.495,28.4,0.51
CUST03334,Delhi NCR,Routine_Commuter,43.6,0,Office_Commercial,10,0.818,0.574,0.514,0.707,14.7,0.538
CUST03335,Lucknow,Routine_Commuter,51.6,1,Residential,13,0.818,0.426,0.772,0.58,22.9,0.425
CUST03336,Chennai,Price_Sensitive,56.2,0,Mall_Retail,9,0.503,0.873,0.756,0.978,22.5,0.583
CUST03337,Pune,Routine_Commuter,58.0,1,Office_Commercial,9,0.85,0.315,0.562,0.65,24.4,0.398
CUST03338,Jaipur,Price_Sensitive,62.7,1,Office_Commercial,6,0.426,0.99,0.592,0.477,25.4,0.747
CUST03339,Mumbai,Price_Sensitive,44.0,1,Mall_Retail,9,0.232,0.857,0.451,0.69,21.5,0.651
CUST03340,Ahmedabad,Routine_Commuter,41.9,0,Office_Commercial,11,0.811,0.577,0.776,0.687,9.9,0.49
CUST03341,Kolkata,High_Mileage,83.7,0,Highway,15,0.577,0.69,0.822,0.877,33.1,0.491
CUST03342,Lucknow,Price_Sensitive,48.1,0,Residential,11,0.71,0.79,0.117,0.637,18.9,0.737
CUST03343,Delhi NCR,Convenience_First,67.3,0,Fleet,10,0.883,0.274,0.95,0.824,26.0,0.275
CUST03344,Delhi NCR,Convenience_First,69.8,0,Transit_Public,10,0.742,0.01,0.897,0.873,29.3,0.119
CUST03345,Kolkata,High_Mileage,71.7,0,Transit_Public,15,0.533,0.478,0.661,0.86,38.2,0.405
CUST03346,Kolkata,Routine_Commuter,51.2,0,Office_Commercial,14,0.653,0.458,0.575,0.595,17.8,0.463
CUST03347,Bengaluru,Routine_Commuter,62.9,1,Mall_Retail,10,0.712,0.556,0.559,0.612,30.7,0.523
CUST03348,Hyderabad,High_Mileage,63.8,0,Highway,20,0.726,0.748,0.76,0.729,30.9,0.573
CUST03349,Mumbai,Routine_Commuter,59.6,0,Transit_Public,11,0.652,0.48,0.664,0.89,25.6,0.413
CUST03350,Kolkata,Price_Sensitive,42.2,1,Highway,12,0.785,0.776,0.62,0.618,12.7,0.638
CUST03351,Kolkata,Routine_Commuter,38.5,1,Residential,14,0.746,0.699,0.682,0.655,21.7,0.575
CUST03352,Delhi NCR,High_Mileage,80.5,0,Transit_Public,25,0.546,0.607,0.801,0.897,31.6,0.444
CUST03353,Bengaluru,Convenience_First,52.9,0,Office_Commercial,5,0.824,0.301,0.871,0.831,20.2,0.299
CUST03354,Delhi NCR,Price_Sensitive,45.5,0,Transit_Public,9,0.5,0.975,0.452,0.691,19.2,0.742
CUST03355,Bengaluru,Routine_Commuter,57.3,1,Hotel,8,0.64,0.95,0.514,0.748,21.5,0.722
CUST03356,Jaipur,Routine_Commuter,60.4,0,Residential,12,0.702,0.427,0.584,0.552,20.7,0.456
CUST03357,Pune,Routine_Commuter,55.6,1,Transit_Public,14,0.723,0.413,0.732,0.641,25.9,0.407
CUST03358,Chennai,Routine_Commuter,50.6,1,Office_Commercial,8,0.966,0.679,0.722,0.635,23.9,0.581
CUST03359,Chennai,High_Mileage,73.0,1,Transit_Public,20,0.508,0.752,0.831,0.682,25.9,0.546
CUST03360,Bengaluru,Convenience_First,71.0,0,Office_Commercial,9,0.71,0.343,0.922,0.834,42.3,0.3
CUST03361,Kochi,Routine_Commuter,42.5,1,Transit_Public,14,0.628,0.462,0.56,0.922,21.8,0.417
CUST03362,Mumbai,Convenience_First,52.1,0,Mall_Retail,8,0.853,0.168,0.844,0.749,23.2,0.246
CUST03363,Chennai,Routine_Commuter,62.1,0,Office_Commercial,11,0.726,0.417,0.59,0.925,22.9,0.395
CUST03364,Mumbai,Convenience_First,58.2,0,Fleet,5,0.833,0.283,0.777,0.951,25.9,0.291
CUST03365,Lucknow,High_Mileage,59.6,0,Fleet,25,0.424,0.568,0.703,0.818,24.6,0.441
CUST03366,Pune,Routine_Commuter,60.9,1,Highway,9,0.885,0.554,0.68,0.601,26.5,0.517
CUST03367,Delhi NCR,Price_Sensitive,49.4,1,Office_Commercial,10,0.494,0.722,0.708,0.541,18.1,0.574
CUST03368,Hyderabad,Convenience_First,68.0,0,Mall_Retail,9,0.708,0.347,0.914,0.718,21.9,0.321
CUST03369,Pune,Routine_Commuter,53.8,0,Office_Commercial,9,0.722,0.66,0.655,0.831,27.3,0.53
CUST03370,Hyderabad,Convenience_First,46.4,1,Fleet,6,0.767,0.406,0.98,0.732,20.0,0.344
CUST03371,Kolkata,Convenience_First,56.7,0,Mall_Retail,5,0.709,0.329,0.829,0.692,28.9,0.332
CUST03372,Hyderabad,High_Mileage,82.2,0,Residential,15,0.5,0.45,0.738,0.792,31.3,0.381
CUST03373,Bengaluru,Routine_Commuter,60.2,1,Office_Commercial,11,0.753,0.565,0.669,0.815,20.4,0.48
CUST03374,Pune,Convenience_First,42.7,0,Hotel,9,0.867,0.204,0.963,0.984,20.2,0.209
CUST03375,Mumbai,Routine_Commuter,65.2,1,Residential,11,0.858,0.334,0.49,0.447,31.7,0.454
CUST03376,Kochi,Price_Sensitive,35.0,1,Mall_Retail,11,0.308,0.944,0.31,0.491,18.2,0.764
CUST03377,Delhi NCR,Routine_Commuter,49.8,0,Office_Commercial,10,0.707,0.538,0.743,0.714,27.6,0.461
CUST03378,Ahmedabad,Convenience_First,63.4,1,Hotel,8,0.844,0.191,0.846,0.687,34.1,0.267
CUST03379,Kolkata,Price_Sensitive,50.6,1,Mall_Retail,10,0.236,0.875,0.477,0.553,22.4,0.676
CUST03380,Chandigarh,Price_Sensitive,45.9,0,Transit_Public,12,0.48,0.865,0.615,0.533,16.8,0.67
CUST03381,Chandigarh,Convenience_First,63.3,0,Mall_Retail,6,0.908,0.067,0.872,0.718,30.7,0.196
CUST03382,Mumbai,High_Mileage,62.6,0,Mall_Retail,19,0.376,0.8,0.842,0.91,21.8,0.523
CUST03383,Delhi NCR,Convenience_First,66.4,1,Highway,6,0.99,0.329,0.807,0.728,28.4,0.36
CUST03384,Hyderabad,Routine_Commuter,41.1,1,Transit_Public,10,0.579,0.596,0.713,0.856,14.4,0.465
CUST03385,Hyderabad,Routine_Commuter,60.5,1,Residential,12,0.654,0.459,0.65,0.697,35.7,0.433
CUST03386,Hyderabad,Routine_Commuter,60.6,1,Residential,13,0.697,0.506,0.585,0.811,17.0,0.459
CUST03387,Delhi NCR,Routine_Commuter,58.0,1,Fleet,13,0.714,0.456,0.703,0.553,28.7,0.449
CUST03388,Kochi,Routine_Commuter,59.7,0,Office_Commercial,10,0.789,0.445,0.583,0.636,21.1,0.462
CUST03389,Pune,Price_Sensitive,80.4,0,Residential,6,0.496,0.896,0.379,0.218,34.4,0.784
CUST03390,Delhi NCR,Routine_Commuter,45.1,1,Office_Commercial,11,0.709,0.709,0.754,0.826,21.8,0.536
CUST03391,Hyderabad,Routine_Commuter,54.3,1,Mall_Retail,10,0.905,0.584,0.702,0.745,23.9,0.509
CUST03392,Hyderabad,Convenience_First,51.5,1,Office_Commercial,9,0.947,0.295,0.926,0.817,24.4,0.299
CUST03393,Delhi NCR,Price_Sensitive,55.6,0,Residential,12,0.536,0.807,0.724,0.61,17.7,0.611
CUST03394,Kochi,Routine_Commuter,53.3,1,Residential,9,0.742,0.652,0.691,0.678,26.9,0.543
CUST03395,Chennai,High_Mileage,74.0,0,Residential,16,0.466,0.818,0.898,0.751,17.9,0.554
CUST03396,Mumbai,Convenience_First,42.8,0,Office_Commercial,5,0.93,0.156,0.858,0.746,19.1,0.245
CUST03397,Kochi,Convenience_First,50.7,1,Office_Commercial,5,0.773,0.327,0.99,0.83,25.7,0.285
CUST03398,Hyderabad,Convenience_First,58.6,1,Highway,10,0.668,0.342,0.799,0.815,18.9,0.323
CUST03399,Jaipur,Routine_Commuter,49.7,0,Fleet,13,0.804,0.517,0.574,0.642,21.2,0.504
CUST03400,Lucknow,High_Mileage,72.6,0,Mall_Retail,17,0.674,0.683,0.533,0.815,31.9,0.564
CUST03401,Bengaluru,Convenience_First,61.2,0,Highway,10,0.822,0.221,0.99,0.79,28.0,0.237
CUST03402,Jaipur,Convenience_First,48.7,0,Mall_Retail,8,0.887,0.326,0.917,0.731,26.0,0.325
CUST03403,Chennai,Routine_Commuter,65.3,1,Office_Commercial,13,0.921,0.458,0.542,0.75,31.5,0.473
CUST03404,Bengaluru,Convenience_First,65.6,1,Office_Commercial,5,0.697,0.322,0.7,0.653,40.1,0.359
CUST03405,Bengaluru,Price_Sensitive,57.1,0,Office_Commercial,12,0.452,0.785,0.523,0.431,25.5,0.658
CUST03406,Ahmedabad,Convenience_First,59.5,0,Mall_Retail,6,0.801,0.044,0.867,0.86,27.1,0.152
CUST03407,Delhi NCR,Price_Sensitive,63.2,0,Residential,12,0.268,0.773,0.282,0.714,28.7,0.638
CUST03408,Bengaluru,Convenience_First,61.8,0,Highway,10,0.876,0.464,0.877,0.802,25.0,0.397
CUST03409,Pune,Price_Sensitive,53.8,1,Transit_Public,6,0.847,0.818,0.523,0.59,31.2,0.691
CUST03410,Chennai,High_Mileage,58.6,0,Highway,20,0.698,0.603,0.658,0.801,26.7,0.5
CUST03411,Mumbai,Routine_Commuter,54.7,1,Mall_Retail,13,0.788,0.224,0.718,0.669,19.7,0.308
CUST03412,Kolkata,Routine_Commuter,40.1,1,Residential,10,0.598,0.319,0.743,0.612,21.5,0.345
CUST03413,Kochi,Routine_Commuter,47.2,0,Office_Commercial,14,0.788,0.532,0.651,0.909,19.9,0.455
CUST03414,Kochi,Convenience_First,46.5,0,Office_Commercial,10,0.781,0.06,0.888,0.811,17.1,0.162
CUST03415,Chennai,Convenience_First,72.9,0,Mall_Retail,10,0.856,0.236,0.925,0.827,16.3,0.257
CUST03416,Pune,Price_Sensitive,51.5,1,Residential,6,0.58,0.986,0.434,0.477,21.5,0.792
CUST03417,Kolkata,Price_Sensitive,60.2,0,Transit_Public,10,0.505,0.914,0.315,0.534,32.0,0.761
CUST03418,Jaipur,Convenience_First,49.7,0,Fleet,10,0.768,0.203,0.917,0.68,24.4,0.253
CUST03419,Mumbai,Convenience_First,55.4,0,Hotel,5,0.803,0.01,0.823,0.924,36.1,0.132
CUST03420,Kochi,High_Mileage,70.0,0,Mall_Retail,19,0.346,0.457,0.652,0.926,28.7,0.367
CUST03421,Delhi NCR,Price_Sensitive,36.1,1,Residential,8,0.339,0.839,0.372,0.549,15.6,0.689
CUST03422,Ahmedabad,Routine_Commuter,54.8,0,Office_Commercial,10,0.728,0.337,0.691,0.689,27.8,0.367
CUST03423,Kochi,Routine_Commuter,66.2,0,Hotel,12,0.781,0.468,0.694,0.704,32.9,0.441
CUST03424,Chandigarh,High_Mileage,74.9,0,Mall_Retail,22,0.672,0.849,0.721,0.867,28.8,0.61
CUST03425,Kochi,Price_Sensitive,41.1,0,Office_Commercial,12,0.202,0.842,0.381,0.55,20.2,0.674
CUST03426,Lucknow,Price_Sensitive,38.1,0,Transit_Public,7,0.472,0.814,0.485,0.417,17.2,0.685
CUST03427,Delhi NCR,Price_Sensitive,49.9,1,Mall_Retail,9,0.491,0.821,0.443,0.485,25.2,0.69
CUST03428,Ahmedabad,Routine_Commuter,61.1,1,Office_Commercial,14,0.713,0.335,0.547,0.684,27.6,0.394
CUST03429,Mumbai,Routine_Commuter,51.8,1,Office_Commercial,8,0.6,0.653,0.806,0.593,20.4,0.519
CUST03430,Pune,Routine_Commuter,70.6,1,Residential,10,0.679,0.593,0.545,0.906,37.1,0.499
CUST03431,Bengaluru,Convenience_First,56.8,0,Mall_Retail,9,0.669,0.171,0.884,0.741,30.8,0.223
CUST03432,Ahmedabad,Routine_Commuter,51.9,1,Residential,8,0.804,0.382,0.611,0.665,18.9,0.419
CUST03433,Hyderabad,Price_Sensitive,45.6,0,Office_Commercial,6,0.591,0.758,0.636,0.656,13.7,0.6
CUST03434,Chandigarh,Routine_Commuter,47.6,0,Office_Commercial,11,0.579,0.633,0.912,0.765,20.4,0.459
CUST03435,Chennai,Price_Sensitive,49.2,1,Residential,10,0.384,0.911,0.373,0.136,18.8,0.794
CUST03436,Lucknow,Price_Sensitive,45.4,1,Mall_Retail,8,0.519,0.855,0.452,0.612,21.2,0.69
CUST03437,Bengaluru,Convenience_First,62.0,0,Mall_Retail,7,0.714,0.082,0.908,0.934,32.1,0.145
CUST03438,Kolkata,Convenience_First,60.1,0,Highway,7,0.673,0.189,0.904,0.99,24.6,0.192
CUST03439,Chennai,Routine_Commuter,69.1,1,Mall_Retail,8,0.737,0.441,0.951,0.863,43.0,0.347
CUST03440,Jaipur,Price_Sensitive,61.9,0,Office_Commercial,9,0.336,0.737,0.468,0.888,20.3,0.562
CUST03441,Jaipur,Routine_Commuter,65.8,1,Residential,8,0.888,0.709,0.72,0.761,29.0,0.57
CUST03442,Delhi NCR,High_Mileage,85.3,0,Highway,25,0.645,0.711,0.728,0.848,37.7,0.533
CUST03443,Pune,Price_Sensitive,66.1,0,Fleet,10,0.607,0.897,0.309,0.686,27.2,0.739
CUST03444,Bengaluru,Routine_Commuter,49.8,0,Office_Commercial,14,0.679,0.578,0.787,0.866,20.5,0.448
CUST03445,Lucknow,Price_Sensitive,48.2,1,Office_Commercial,8,0.589,0.804,0.503,0.746,19.5,0.639
CUST03446,Delhi NCR,Price_Sensitive,39.6,0,Highway,12,0.246,0.889,0.592,0.569,18.6,0.66
CUST03447,Chandigarh,Routine_Commuter,55.1,0,Residential,11,0.759,0.218,0.548,0.757,24.8,0.323
CUST03448,Chandigarh,Routine_Commuter,59.7,1,Hotel,9,0.924,0.386,0.678,0.682,32.0,0.417
CUST03449,Chennai,Price_Sensitive,40.4,1,Residential,6,0.566,0.888,0.582,0.798,19.4,0.659
CUST03450,Hyderabad,High_Mileage,63.6,1,Highway,25,0.816,0.494,0.805,0.789,12.1,0.424
CUST03451,Pune,High_Mileage,51.8,0,Residential,24,0.557,0.649,0.699,0.723,23.3,0.514
CUST03452,Bengaluru,Price_Sensitive,49.5,0,Highway,9,0.615,0.741,0.513,0.503,11.5,0.641
CUST03453,Kochi,Routine_Commuter,62.7,0,Highway,11,0.859,0.317,0.321,0.819,20.9,0.423
CUST03454,Ahmedabad,Convenience_First,44.8,0,Mall_Retail,6,0.811,0.301,0.746,0.744,19.6,0.336
CUST03455,Hyderabad,Price_Sensitive,43.3,1,Office_Commercial,8,0.873,0.841,0.433,0.49,15.0,0.74
CUST03456,Bengaluru,Convenience_First,70.6,0,Office_Commercial,7,0.809,0.058,0.859,0.72,34.2,0.183
CUST03457,Lucknow,Routine_Commuter,42.9,1,Transit_Public,13,0.825,0.341,0.817,0.642,15.9,0.36
CUST03458,Chennai,Convenience_First,64.9,0,Residential,7,0.825,0.35,0.89,0.633,24.0,0.352
CUST03459,Lucknow,Convenience_First,65.7,1,Office_Commercial,5,0.875,0.344,0.938,0.758,27.7,0.325
CUST03460,Mumbai,Routine_Commuter,57.2,1,Transit_Public,14,0.698,0.524,0.646,0.906,23.1,0.443
CUST03461,Chennai,Routine_Commuter,42.3,1,Office_Commercial,13,0.833,0.531,0.478,0.794,17.7,0.511
CUST03462,Pune,Price_Sensitive,45.6,1,Fleet,9,0.513,0.99,0.514,0.59,23.4,0.755
CUST03463,Chandigarh,Routine_Commuter,47.2,1,Office_Commercial,14,0.525,0.579,0.629,0.802,19.9,0.475
CUST03464,Ahmedabad,High_Mileage,85.5,0,Highway,20,0.429,0.751,0.699,0.896,33.7,0.532
CUST03465,Lucknow,Routine_Commuter,54.7,1,Office_Commercial,11,0.717,0.811,0.731,0.814,26.9,0.6
CUST03466,Lucknow,Convenience_First,69.6,0,Office_Commercial,10,0.908,0.264,0.848,0.746,30.8,0.304
CUST03467,Delhi NCR,Routine_Commuter,53.5,0,Office_Commercial,13,0.712,0.713,0.65,0.764,23.0,0.568
CUST03468,Kolkata,Convenience_First,55.5,0,Residential,10,0.931,0.265,0.875,0.777,28.5,0.297
CUST03469,Pune,Convenience_First,51.4,1,Mall_Retail,9,0.807,0.265,0.775,0.856,13.1,0.293
CUST03470,Kochi,Convenience_First,53.2,0,Hotel,9,0.845,0.177,0.944,0.762,20.6,0.229
CUST03471,Ahmedabad,Convenience_First,72.2,0,Transit_Public,7,0.733,0.189,0.888,0.6,30.6,0.26
CUST03472,Hyderabad,Convenience_First,71.0,0,Office_Commercial,7,0.588,0.138,0.809,0.705,28.2,0.217
CUST03473,Bengaluru,Routine_Commuter,62.6,1,Office_Commercial,13,0.694,0.422,0.708,0.666,27.5,0.41
CUST03474,Delhi NCR,Routine_Commuter,54.2,1,Residential,8,0.685,0.525,0.781,0.426,19.3,0.487
CUST03475,Kolkata,Convenience_First,76.1,0,Hotel,9,0.779,0.184,0.958,0.591,32.7,0.248
CUST03476,Mumbai,Convenience_First,55.3,1,Residential,7,0.99,0.094,0.875,0.628,27.6,0.231
CUST03477,Ahmedabad,Price_Sensitive,51.3,0,Office_Commercial,10,0.416,0.749,0.398,0.113,23.7,0.707
CUST03478,Chandigarh,Routine_Commuter,65.4,0,Transit_Public,12,0.625,0.625,0.751,0.881,35.7,0.474
CUST03479,Ahmedabad,Routine_Commuter,46.4,1,Mall_Retail,12,0.775,0.596,0.799,0.557,16.0,0.512
CUST03480,Pune,Routine_Commuter,51.8,1,Residential,9,0.686,0.497,0.643,0.778,23.7,0.447
CUST03481,Lucknow,Convenience_First,65.8,0,Highway,10,0.926,0.398,0.887,0.62,30.2,0.391
CUST03482,Delhi NCR,Convenience_First,52.5,1,Mall_Retail,7,0.9,0.282,0.876,0.933,15.7,0.28
CUST03483,Chandigarh,Routine_Commuter,55.4,1,Office_Commercial,9,0.724,0.483,0.68,0.805,19.1,0.432
CUST03484,Hyderabad,Convenience_First,67.7,0,Residential,6,0.734,0.569,0.99,0.814,29.9,0.416
CUST03485,Mumbai,Price_Sensitive,51.3,0,Mall_Retail,10,0.703,0.976,0.52,0.897,29.9,0.719
CUST03486,Ahmedabad,Price_Sensitive,50.6,0,Mall_Retail,12,0.442,0.735,0.367,0.572,19.6,0.639
CUST03487,Mumbai,Routine_Commuter,59.1,1,Residential,14,0.739,0.656,0.78,0.688,21.9,0.526
CUST03488,Mumbai,Convenience_First,59.3,1,Hotel,6,0.963,0.341,0.795,0.984,22.8,0.327
CUST03489,Pune,Routine_Commuter,62.3,1,Mall_Retail,13,0.727,0.586,0.557,0.507,21.7,0.557
CUST03490,Kochi,Routine_Commuter,59.5,0,Office_Commercial,12,0.86,0.605,0.756,0.791,21.5,0.499
CUST03491,Chennai,Routine_Commuter,44.6,1,Office_Commercial,14,0.741,0.474,0.804,0.82,18.8,0.401
CUST03492,Pune,Price_Sensitive,45.8,0,Hotel,6,0.357,0.894,0.873,0.609,23.8,0.611
CUST03493,Mumbai,Routine_Commuter,59.3,1,Office_Commercial,13,0.702,0.68,0.485,0.723,29.9,0.589
CUST03494,Lucknow,Routine_Commuter,59.4,0,Office_Commercial,14,0.826,0.331,0.59,0.554,26.6,0.413
CUST03495,Mumbai,Convenience_First,57.5,0,Mall_Retail,5,0.651,0.209,0.672,0.833,27.3,0.271
CUST03496,Chennai,Convenience_First,55.1,0,Highway,7,0.747,0.082,0.958,0.933,19.6,0.138
CUST03497,Mumbai,Convenience_First,44.9,0,Mall_Retail,10,0.99,0.215,0.942,0.835,24.3,0.253
CUST03498,Bengaluru,Convenience_First,70.8,0,Mall_Retail,8,0.807,0.362,0.868,0.91,27.4,0.32
CUST03499,Jaipur,Convenience_First,57.5,0,Office_Commercial,7,0.834,0.219,0.875,0.772,24.9,0.263
CUST03500,Mumbai,Convenience_First,56.0,1,Highway,6,0.813,0.055,0.99,0.764,26.4,0.149
CUST03501,Hyderabad,Routine_Commuter,65.1,1,Office_Commercial,8,0.836,0.399,0.743,0.43,22.3,0.44
CUST03502,Bengaluru,Routine_Commuter,52.0,1,Transit_Public,8,0.788,0.396,0.745,0.787,23.3,0.38
CUST03503,Bengaluru,Price_Sensitive,76.7,0,Office_Commercial,6,0.575,0.947,0.364,0.502,27.6,0.78
CUST03504,Hyderabad,Routine_Commuter,45.2,0,Office_Commercial,9,0.644,0.78,0.69,0.665,18.3,0.605
CUST03505,Pune,Price_Sensitive,60.1,0,Hotel,10,0.406,0.904,0.554,0.653,27.1,0.679
CUST03506,Jaipur,Price_Sensitive,51.3,1,Transit_Public,11,0.688,0.691,0.329,0.459,17.5,0.664
CUST03507,Mumbai,Routine_Commuter,69.3,1,Residential,9,0.685,0.512,0.733,0.74,32.1,0.442
CUST03508,Kolkata,Routine_Commuter,60.6,0,Office_Commercial,11,0.732,0.789,0.672,0.56,26.2,0.639
CUST03509,Kochi,Convenience_First,61.0,1,Highway,5,0.841,0.219,0.955,0.598,21.4,0.274
CUST03510,Chandigarh,Routine_Commuter,62.3,0,Fleet,14,0.781,0.343,0.625,0.691,28.4,0.388
CUST03511,Delhi NCR,Convenience_First,56.8,0,Hotel,5,0.763,0.274,0.926,0.866,15.1,0.262
CUST03512,Hyderabad,Routine_Commuter,56.8,0,Office_Commercial,14,0.899,0.354,0.863,0.877,21.0,0.33
CUST03513,Kolkata,Convenience_First,52.8,0,Fleet,9,0.75,0.269,0.747,0.798,18.3,0.304
CUST03514,Delhi NCR,Routine_Commuter,61.9,1,Transit_Public,9,0.752,0.59,0.697,0.73,22.7,0.501
CUST03515,Ahmedabad,Price_Sensitive,59.5,1,Residential,7,0.468,0.828,0.269,0.386,32.9,0.74
CUST03516,Bengaluru,Routine_Commuter,64.2,1,Mall_Retail,11,0.693,0.743,0.833,0.837,23.0,0.536
CUST03517,Mumbai,Convenience_First,75.3,0,Residential,8,0.783,0.233,0.82,0.675,40.8,0.291
CUST03518,Hyderabad,Convenience_First,46.8,0,Hotel,7,0.775,0.154,0.801,0.734,18.1,0.242
CUST03519,Mumbai,Routine_Commuter,51.1,1,Office_Commercial,13,0.94,0.51,0.786,0.7,16.3,0.463
CUST03520,Hyderabad,Routine_Commuter,48.0,0,Mall_Retail,8,0.75,0.557,0.744,0.948,25.8,0.44
CUST03521,Mumbai,Price_Sensitive,56.4,1,Transit_Public,11,0.468,0.905,0.574,0.558,24.1,0.696
CUST03522,Delhi NCR,Convenience_First,51.2,1,Highway,7,0.891,0.246,0.764,0.895,21.9,0.287
CUST03523,Mumbai,Routine_Commuter,51.7,1,Office_Commercial,14,0.484,0.567,0.548,0.73,25.8,0.491
CUST03524,Jaipur,Routine_Commuter,50.3,1,Residential,13,0.659,0.444,0.696,0.677,12.6,0.419
CUST03525,Lucknow,Routine_Commuter,55.9,1,Mall_Retail,14,0.702,0.581,0.814,0.668,17.4,0.476
CUST03526,Pune,Routine_Commuter,45.3,0,Office_Commercial,12,0.611,0.312,0.594,0.612,21.7,0.372
CUST03527,Kolkata,High_Mileage,71.2,0,Fleet,23,0.534,0.76,0.653,0.882,21.5,0.558
CUST03528,Kochi,Routine_Commuter,65.1,0,Residential,8,0.621,0.522,0.709,0.754,28.4,0.445
CUST03529,Ahmedabad,Routine_Commuter,42.2,0,Transit_Public,11,0.701,0.5,0.809,0.741,17.2,0.422
CUST03530,Delhi NCR,Routine_Commuter,49.1,1,Mall_Retail,14,0.59,0.345,0.896,0.962,19.5,0.275
CUST03531,Bengaluru,Routine_Commuter,61.8,0,Office_Commercial,13,0.502,0.55,0.602,0.841,18.3,0.456
CUST03532,Bengaluru,Price_Sensitive,64.1,0,Transit_Public,11,0.429,0.796,0.766,0.7,28.2,0.572
CUST03533,Bengaluru,Price_Sensitive,57.2,0,Mall_Retail,8,0.465,0.686,0.36,0.476,15.9,0.63
CUST03534,Bengaluru,Price_Sensitive,44.3,1,Office_Commercial,12,0.567,0.77,0.32,0.793,16.0,0.647
CUST03535,Bengaluru,Routine_Commuter,49.8,1,Office_Commercial,8,0.862,0.583,0.633,0.854,18.2,0.502
CUST03536,Chandigarh,Routine_Commuter,52.9,1,Hotel,9,0.633,0.524,0.629,0.634,24.0,0.481
CUST03537,Kochi,Price_Sensitive,64.1,0,Transit_Public,7,0.392,0.803,0.565,0.711,22.2,0.611
CUST03538,Mumbai,Routine_Commuter,49.1,0,Office_Commercial,8,0.775,0.35,0.535,0.572,19.0,0.427
CUST03539,Bengaluru,Convenience_First,60.7,0,Hotel,5,0.96,0.071,0.99,0.809,22.5,0.165
CUST03540,Ahmedabad,Routine_Commuter,54.9,1,Office_Commercial,11,0.84,0.721,0.679,0.756,15.3,0.582
CUST03541,Bengaluru,Routine_Commuter,53.7,1,Mall_Retail,13,0.634,0.45,0.9,0.561,22.7,0.397
CUST03542,Kolkata,Price_Sensitive,60.3,0,Residential,10,0.357,0.865,0.465,0.65,24.1,0.671
CUST03543,Bengaluru,Routine_Commuter,46.7,0,Transit_Public,11,0.942,0.521,0.632,0.658,18.8,0.506
CUST03544,Hyderabad,High_Mileage,74.4,0,Residential,18,0.107,0.669,0.766,0.676,39.2,0.474
CUST03545,Delhi NCR,Routine_Commuter,51.1,1,Office_Commercial,9,0.7,0.769,0.729,0.614,20.8,0.605
CUST03546,Kolkata,Convenience_First,51.8,0,Hotel,8,0.785,0.306,0.841,0.945,13.5,0.287
CUST03547,Mumbai,Price_Sensitive,42.4,0,Fleet,10,0.149,0.826,0.256,0.255,18.1,0.73
CUST03548,Mumbai,Convenience_First,50.5,0,Fleet,8,0.84,0.456,0.804,0.741,19.4,0.413
CUST03549,Mumbai,Convenience_First,53.5,1,Office_Commercial,7,0.794,0.352,0.863,0.929,25.8,0.311
CUST03550,Kolkata,Convenience_First,64.0,0,Hotel,9,0.834,0.051,0.839,0.902,28.8,0.158
CUST03551,Lucknow,High_Mileage,80.2,0,Residential,19,0.422,0.93,0.706,0.99,41.9,0.614
CUST03552,Chennai,Routine_Commuter,49.5,0,Office_Commercial,10,0.475,0.472,0.481,0.787,18.3,0.443
CUST03553,Bengaluru,Price_Sensitive,57.4,0,Fleet,8,0.579,0.914,0.578,0.614,22.0,0.703
CUST03554,Kochi,Price_Sensitive,55.1,1,Office_Commercial,10,0.761,0.91,0.389,0.631,29.0,0.754
CUST03555,Kochi,Convenience_First,60.6,0,Office_Commercial,7,0.906,0.213,0.866,0.812,21.1,0.263
CUST03556,Mumbai,Convenience_First,38.1,0,Transit_Public,7,0.914,0.284,0.886,0.708,16.5,0.314
CUST03557,Bengaluru,Routine_Commuter,46.8,0,Office_Commercial,14,0.653,0.379,0.685,0.716,19.3,0.379
CUST03558,Chennai,Convenience_First,63.3,0,Residential,5,0.772,0.346,0.94,0.683,25.5,0.327
CUST03559,Pune,High_Mileage,58.8,1,Mall_Retail,20,0.64,0.713,0.783,0.838,26.8,0.524
CUST03560,Hyderabad,Convenience_First,64.5,1,Fleet,6,0.827,0.378,0.928,0.726,36.0,0.346
CUST03561,Bengaluru,Routine_Commuter,56.4,0,Residential,10,0.641,0.407,0.614,0.75,19.9,0.402
CUST03562,Bengaluru,High_Mileage,61.5,0,Fleet,16,0.465,0.625,0.99,0.921,27.2,0.404
CUST03563,Delhi NCR,Routine_Commuter,51.4,1,Residential,8,0.727,0.544,0.494,0.893,18.3,0.489
CUST03564,Bengaluru,Routine_Commuter,68.7,0,Hotel,9,0.485,0.448,0.627,0.699,28.0,0.415
CUST03565,Pune,Routine_Commuter,56.7,1,Office_Commercial,11,0.669,0.517,0.835,0.739,21.0,0.423
CUST03566,Pune,Convenience_First,47.1,0,Highway,6,0.882,0.046,0.917,0.782,22.1,0.163
CUST03567,Hyderabad,Routine_Commuter,60.0,1,Office_Commercial,9,0.716,0.497,0.441,0.83,27.7,0.482
CUST03568,Mumbai,Price_Sensitive,35.0,0,Residential,6,0.636,0.585,0.701,0.678,13.0,0.493
CUST03569,Chandigarh,Routine_Commuter,52.3,1,Office_Commercial,14,0.871,0.529,0.676,0.852,26.8,0.465
CUST03570,Delhi NCR,Routine_Commuter,53.1,1,Residential,8,0.593,0.22,0.858,0.612,24.5,0.267
CUST03571,Lucknow,Routine_Commuter,50.3,0,Residential,9,0.705,0.377,0.558,0.923,21.7,0.378
CUST03572,Kolkata,Price_Sensitive,70.6,1,Fleet,11,0.392,0.843,0.577,0.506,26.3,0.662
CUST03573,Pune,Price_Sensitive,55.5,1,Residential,12,0.549,0.936,0.307,0.41,24.7,0.797
CUST03574,Mumbai,High_Mileage,56.9,0,Highway,24,0.584,0.543,0.775,0.879,23.5,0.42
CUST03575,Kolkata,Routine_Commuter,45.4,1,Residential,8,0.635,0.598,0.99,0.736,23.6,0.434
CUST03576,Kolkata,Price_Sensitive,49.8,1,Fleet,11,0.5,0.968,0.428,0.559,23.6,0.763
CUST03577,Lucknow,Price_Sensitive,52.2,0,Highway,12,0.451,0.919,0.491,0.333,23.6,0.752
CUST03578,Hyderabad,Routine_Commuter,59.2,1,Mall_Retail,13,0.604,0.609,0.58,0.683,18.2,0.527
CUST03579,Delhi NCR,Convenience_First,56.9,0,Highway,7,0.876,0.299,0.947,0.776,20.2,0.296
CUST03580,Chennai,Convenience_First,72.0,0,Hotel,10,0.78,0.119,0.827,0.658,27.0,0.229
CUST03581,Delhi NCR,High_Mileage,82.7,1,Fleet,20,0.837,0.486,0.855,0.84,39.1,0.404
CUST03582,Bengaluru,Routine_Commuter,60.0,0,Office_Commercial,14,0.707,0.739,0.659,0.824,28.6,0.572
CUST03583,Kochi,Routine_Commuter,58.6,0,Transit_Public,10,0.695,0.841,0.633,0.676,26.5,0.654
CUST03584,Lucknow,Convenience_First,75.2,0,Office_Commercial,5,0.824,0.228,0.942,0.661,40.4,0.27
CUST03585,Pune,Price_Sensitive,49.2,0,Office_Commercial,9,0.483,0.882,0.33,0.533,21.1,0.738
CUST03586,Delhi NCR,Price_Sensitive,36.8,0,Office_Commercial,12,0.396,0.951,0.465,0.726,15.0,0.711
CUST03587,Delhi NCR,Routine_Commuter,52.9,1,Residential,8,0.809,0.351,0.764,0.758,23.7,0.357
CUST03588,Pune,Routine_Commuter,65.2,1,Office_Commercial,9,0.583,0.255,0.541,0.734,23.2,0.33
CUST03589,Chandigarh,Price_Sensitive,44.4,1,Mall_Retail,8,0.473,0.9,0.442,0.347,20.9,0.752
CUST03590,Chennai,Routine_Commuter,52.7,0,Office_Commercial,13,0.607,0.424,0.529,0.792,26.2,0.419
CUST03591,Ahmedabad,Convenience_First,61.8,0,Transit_Public,10,0.801,0.038,0.99,0.78,25.4,0.136
CUST03592,Hyderabad,Price_Sensitive,61.3,1,Residential,12,0.634,0.872,0.459,0.428,20.4,0.737
CUST03593,Jaipur,Routine_Commuter,54.4,1,Residential,9,0.69,0.686,0.799,0.725,25.5,0.528
CUST03594,Hyderabad,Price_Sensitive,63.2,0,Transit_Public,12,0.368,0.99,0.569,0.505,23.7,0.742
CUST03595,Chennai,Price_Sensitive,49.3,1,Mall_Retail,12,0.38,0.844,0.384,0.642,29.6,0.679
CUST03596,Chennai,Convenience_First,62.9,0,Highway,9,0.836,0.298,0.942,0.896,26.0,0.275
CUST03597,Delhi NCR,Routine_Commuter,55.4,0,Office_Commercial,9,0.685,0.537,0.977,0.706,20.4,0.413
CUST03598,Jaipur,Price_Sensitive,65.1,1,Mall_Retail,6,0.365,0.797,0.501,0.47,22.3,0.654
CUST03599,Chennai,Convenience_First,56.8,0,Office_Commercial,9,0.814,0.21,0.776,0.803,24.2,0.271
CUST03600,Hyderabad,Price_Sensitive,40.4,0,Transit_Public,7,0.385,0.711,0.347,0.442,21.1,0.644
CUST03601,Chennai,Routine_Commuter,48.6,1,Residential,11,0.514,0.547,0.487,0.71,19.0,0.498
CUST03602,Mumbai,Convenience_First,47.6,1,Transit_Public,7,0.862,0.176,0.891,0.832,15.6,0.23
CUST03603,Kochi,Routine_Commuter,60.9,1,Office_Commercial,13,0.671,0.572,0.726,0.549,29.3,0.504
CUST03604,Lucknow,Price_Sensitive,46.6,1,Office_Commercial,6,0.739,0.832,0.446,0.52,14.5,0.714
CUST03605,Jaipur,Routine_Commuter,59.2,1,Office_Commercial,14,0.865,0.651,0.749,0.704,35.0,0.539
CUST03606,Pune,Convenience_First,62.1,0,Office_Commercial,9,0.899,0.29,0.808,0.69,25.7,0.335
CUST03607,Kochi,Routine_Commuter,65.6,0,Residential,9,0.779,0.273,0.547,0.662,14.7,0.37
CUST03608,Chennai,Convenience_First,62.6,0,Hotel,5,0.845,0.125,0.99,0.952,30.4,0.163
CUST03609,Delhi NCR,Routine_Commuter,52.9,1,Office_Commercial,8,0.568,0.407,0.603,0.774,22.4,0.394
CUST03610,Kolkata,Price_Sensitive,55.7,1,Office_Commercial,8,0.587,0.984,0.477,0.84,26.6,0.728
CUST03611,Mumbai,Routine_Commuter,58.1,0,Office_Commercial,14,0.675,0.562,0.696,0.857,21.9,0.459
CUST03612,Ahmedabad,Price_Sensitive,45.3,0,Office_Commercial,8,0.337,0.9,0.64,0.446,19.9,0.684
CUST03613,Mumbai,Convenience_First,46.6,0,Residential,10,0.745,0.334,0.781,0.884,22.1,0.319
CUST03614,Pune,Price_Sensitive,41.5,0,Office_Commercial,8,0.412,0.789,0.379,0.808,21.0,0.628
CUST03615,Pune,Routine_Commuter,62.2,1,Office_Commercial,14,0.737,0.466,0.805,0.69,28.0,0.416
CUST03616,Delhi NCR,Routine_Commuter,69.0,1,Office_Commercial,8,0.754,0.528,0.706,0.769,43.1,0.459
CUST03617,Lucknow,Price_Sensitive,35.0,1,Mall_Retail,8,0.719,0.912,0.731,0.61,10.4,0.686
CUST03618,Pune,Convenience_First,85.8,1,Fleet,6,0.94,0.411,0.802,0.759,33.0,0.396
CUST03619,Bengaluru,Convenience_First,64.7,1,Transit_Public,9,0.745,0.213,0.816,0.77,27.2,0.263
CUST03620,Pune,Routine_Commuter,50.3,1,Fleet,13,0.848,0.531,0.701,0.489,25.4,0.513
CUST03621,Lucknow,Routine_Commuter,57.9,0,Mall_Retail,14,0.736,0.427,0.578,0.697,21.3,0.438
CUST03622,Hyderabad,Routine_Commuter,36.9,1,Office_Commercial,14,0.667,0.693,0.645,0.571,16.4,0.583
CUST03623,Kolkata,Routine_Commuter,51.9,0,Transit_Public,10,0.711,0.346,0.909,0.668,23.7,0.33
CUST03624,Lucknow,Routine_Commuter,67.8,1,Residential,13,0.785,0.427,0.854,0.718,23.6,0.385
CUST03625,Jaipur,High_Mileage,75.2,0,Fleet,16,0.548,0.99,0.797,0.804,34.0,0.669
CUST03626,Chennai,Price_Sensitive,39.9,0,Highway,12,0.667,0.64,0.495,0.438,16.0,0.604
CUST03627,Mumbai,Convenience_First,56.9,1,Transit_Public,5,0.783,0.408,0.83,0.605,23.4,0.396
CUST03628,Hyderabad,Price_Sensitive,53.2,1,Hotel,6,0.622,0.908,0.383,0.333,19.9,0.785
CUST03629,Ahmedabad,Price_Sensitive,68.3,0,Highway,6,0.655,0.953,0.72,0.758,25.5,0.682
CUST03630,Mumbai,Routine_Commuter,58.7,1,Hotel,9,0.99,0.383,0.787,0.893,26.3,0.369
CUST03631,Pune,Routine_Commuter,61.3,1,Residential,10,0.729,0.314,0.893,0.675,27.1,0.316
CUST03632,Pune,Routine_Commuter,49.7,1,Mall_Retail,12,0.64,0.528,0.635,0.99,17.2,0.429
CUST03633,Lucknow,Routine_Commuter,52.6,0,Residential,14,0.478,0.41,0.612,0.659,27.2,0.402
CUST03634,Pune,Routine_Commuter,52.3,0,Office_Commercial,9,0.827,0.425,0.639,0.768,18.5,0.423
CUST03635,Kolkata,Routine_Commuter,58.2,0,Residential,14,0.784,0.545,0.504,0.58,22.1,0.54
CUST03636,Bengaluru,High_Mileage,59.5,0,Fleet,24,0.662,0.517,0.75,0.749,26.6,0.438
CUST03637,Delhi NCR,Convenience_First,80.1,1,Mall_Retail,9,0.819,0.06,0.936,0.692,32.6,0.174
CUST03638,Ahmedabad,Routine_Commuter,60.2,1,Residential,10,0.842,0.622,0.805,0.646,25.8,0.518
CUST03639,Pune,High_Mileage,83.4,0,Hotel,24,0.686,0.575,0.567,0.939,30.9,0.481
CUST03640,Bengaluru,Routine_Commuter,51.7,0,Residential,11,0.536,0.542,0.607,0.678,21.7,0.479
CUST03641,Chennai,Routine_Commuter,45.4,1,Transit_Public,10,0.696,0.635,0.669,0.489,26.1,0.562
CUST03642,Kochi,Routine_Commuter,62.3,0,Mall_Retail,13,0.893,0.541,0.724,0.757,27.8,0.479
CUST03643,Ahmedabad,Convenience_First,64.1,1,Office_Commercial,9,0.787,0.245,0.806,0.834,32.9,0.277
CUST03644,Lucknow,Routine_Commuter,64.0,0,Transit_Public,13,0.63,0.844,0.822,0.807,13.3,0.592
CUST03645,Chandigarh,High_Mileage,67.2,0,Residential,15,0.742,0.706,0.566,0.911,33.0,0.563
CUST03646,Lucknow,High_Mileage,72.7,0,Fleet,25,0.44,0.813,0.601,0.765,28.4,0.606
CUST03647,Kochi,Convenience_First,58.7,0,Office_Commercial,6,0.661,0.33,0.875,0.837,32.5,0.297
CUST03648,Mumbai,Routine_Commuter,62.7,1,Residential,9,0.711,0.504,0.494,0.578,21.7,0.513
CUST03649,Lucknow,High_Mileage,45.8,0,Mall_Retail,21,0.33,0.802,0.85,0.635,19.1,0.559
CUST03650,Delhi NCR,Routine_Commuter,40.1,1,Mall_Retail,12,0.612,0.518,0.599,0.629,15.8,0.482
CUST03651,Pune,Routine_Commuter,45.7,1,Office_Commercial,9,0.843,0.763,0.951,0.727,15.4,0.555
CUST03652,Lucknow,High_Mileage,74.8,1,Fleet,22,0.559,0.659,0.782,0.99,30.3,0.464
CUST03653,Chandigarh,Convenience_First,56.6,0,Office_Commercial,5,0.603,0.229,0.849,0.684,32.5,0.264
CUST03654,Jaipur,Routine_Commuter,56.7,1,Mall_Retail,10,0.684,0.552,0.863,0.863,22.3,0.42
CUST03655,Delhi NCR,Routine_Commuter,59.6,1,Office_Commercial,10,0.959,0.435,0.79,0.71,20.8,0.42
CUST03656,Mumbai,Routine_Commuter,57.7,1,Hotel,14,0.664,0.447,0.704,0.567,18.1,0.436
CUST03657,Delhi NCR,Convenience_First,55.7,0,Residential,10,0.793,0.388,0.928,0.752,20.7,0.344
CUST03658,Chennai,Routine_Commuter,54.3,1,Residential,11,0.64,0.656,0.944,0.792,29.4,0.467
CUST03659,Chennai,Routine_Commuter,46.4,1,Residential,13,0.634,0.613,0.493,0.694,16.7,0.548
CUST03660,Bengaluru,Price_Sensitive,44.8,1,Hotel,7,0.663,0.947,0.362,0.766,16.5,0.75
CUST03661,Chennai,Price_Sensitive,46.0,1,Residential,6,0.537,0.559,0.514,0.376,18.7,0.552
CUST03662,Hyderabad,High_Mileage,75.6,1,Fleet,21,0.831,0.676,0.564,0.804,26.3,0.572
CUST03663,Lucknow,Routine_Commuter,63.1,0,Highway,14,0.716,0.532,0.626,0.595,27.3,0.5
CUST03664,Delhi NCR,Convenience_First,66.3,0,Highway,8,0.749,0.204,0.99,0.851,33.4,0.211
CUST03665,Pune,Routine_Commuter,46.8,1,Residential,13,0.771,0.663,0.541,0.59,26.9,0.595
CUST03666,Lucknow,Price_Sensitive,41.1,0,Office_Commercial,8,0.467,0.913,0.538,0.852,19.1,0.663
CUST03667,Kochi,Routine_Commuter,66.0,1,Office_Commercial,13,0.673,0.671,0.58,0.862,30.4,0.541
CUST03668,Bengaluru,Price_Sensitive,42.1,0,Fleet,11,0.582,0.886,0.29,0.543,17.7,0.756
CUST03669,Lucknow,Price_Sensitive,55.4,0,Hotel,12,0.593,0.766,0.598,0.357,26.7,0.658
CUST03670,Kochi,Convenience_First,59.4,1,Residential,5,0.825,0.069,0.791,0.722,26.2,0.204
CUST03671,Mumbai,Price_Sensitive,58.8,0,Transit_Public,12,0.669,0.49,0.709,0.766,25.3,0.43
CUST03672,Ahmedabad,Routine_Commuter,44.5,0,Office_Commercial,13,0.767,0.569,0.597,0.712,22.2,0.513
CUST03673,Mumbai,Convenience_First,47.6,0,Transit_Public,9,0.908,0.186,0.887,0.909,16.0,0.229
CUST03674,Bengaluru,Routine_Commuter,48.7,0,Residential,12,0.668,0.308,0.7,0.697,15.0,0.341
CUST03675,Jaipur,Convenience_First,67.1,0,Transit_Public,5,0.765,0.405,0.848,0.79,33.7,0.361
CUST03676,Jaipur,Convenience_First,75.8,0,Mall_Retail,10,0.788,0.291,0.84,0.826,45.7,0.297
CUST03677,Kochi,Routine_Commuter,63.5,1,Transit_Public,14,0.64,0.351,0.791,0.709,29.2,0.343
CUST03678,Chennai,Convenience_First,66.6,0,Highway,7,0.791,0.285,0.868,0.944,32.0,0.271
CUST03679,Lucknow,Convenience_First,66.6,0,Hotel,8,0.909,0.176,0.854,0.684,25.4,0.264
CUST03680,Delhi NCR,Routine_Commuter,55.4,0,Residential,13,0.663,0.087,0.818,0.725,20.5,0.192
CUST03681,Bengaluru,Price_Sensitive,60.0,0,Hotel,8,0.641,0.983,0.541,0.527,24.1,0.768
CUST03682,Kolkata,Price_Sensitive,46.9,1,Residential,11,0.455,0.811,0.229,0.48,9.8,0.723
CUST03683,Mumbai,Routine_Commuter,50.9,1,Office_Commercial,13,0.595,0.661,0.477,0.755,23.2,0.564
CUST03684,Delhi NCR,Routine_Commuter,44.8,1,Office_Commercial,13,0.578,0.574,0.538,0.665,14.7,0.516
CUST03685,Kolkata,Price_Sensitive,35.0,1,Mall_Retail,12,0.933,0.913,0.656,0.267,12.8,0.774
CUST03686,Hyderabad,Convenience_First,71.7,0,Office_Commercial,6,0.802,0.233,0.911,0.99,36.3,0.228
CUST03687,Kolkata,Routine_Commuter,51.8,0,Residential,12,0.883,0.605,0.591,0.662,28.4,0.553
CUST03688,Delhi NCR,Price_Sensitive,46.8,1,Residential,8,0.574,0.81,0.621,0.629,16.9,0.635
CUST03689,Bengaluru,High_Mileage,70.5,1,Highway,18,0.568,0.511,0.792,0.972,40.9,0.384
CUST03690,Lucknow,Price_Sensitive,52.3,0,Fleet,9,0.377,0.978,0.512,0.959,26.6,0.679
CUST03691,Pune,Convenience_First,44.2,0,Mall_Retail,8,0.931,0.355,0.811,0.755,19.8,0.363
CUST03692,Kochi,Routine_Commuter,55.0,1,Office_Commercial,10,0.896,0.27,0.624,0.739,25.5,0.353
CUST03693,Kolkata,Convenience_First,44.2,0,Transit_Public,8,0.859,0.217,0.86,0.822,19.0,0.26
CUST03694,Bengaluru,Price_Sensitive,62.9,1,Hotel,11,0.591,0.721,0.118,0.815,26.0,0.66
CUST03695,Kolkata,Routine_Commuter,68.8,1,Office_Commercial,9,0.678,0.369,0.74,0.689,40.4,0.369
CUST03696,Bengaluru,Routine_Commuter,65.1,1,Residential,11,0.721,0.718,0.451,0.88,25.4,0.595
CUST03697,Pune,Price_Sensitive,65.4,1,Transit_Public,11,0.539,0.847,0.552,0.453,33.0,0.691
CUST03698,Chennai,Routine_Commuter,58.0,0,Transit_Public,11,0.865,0.279,0.646,0.646,21.0,0.364
CUST03699,Hyderabad,Routine_Commuter,36.2,1,Residential,14,0.699,0.675,0.753,0.722,16.1,0.532
CUST03700,Lucknow,Routine_Commuter,58.5,0,Residential,8,0.888,0.63,0.525,0.521,23.6,0.602
CUST03701,Lucknow,Routine_Commuter,44.8,1,Office_Commercial,14,0.99,0.405,0.602,0.636,16.2,0.456
CUST03702,Ahmedabad,Convenience_First,62.4,1,Mall_Retail,6,0.907,0.224,0.894,0.636,26.4,0.29
CUST03703,Bengaluru,Price_Sensitive,35.0,1,Hotel,6,0.769,0.915,0.422,0.268,12.0,0.806
CUST03704,Mumbai,High_Mileage,69.2,0,Fleet,20,0.614,0.692,0.639,0.785,28.2,0.546
CUST03705,Bengaluru,Price_Sensitive,43.8,1,Highway,9,0.424,0.824,0.2,0.604,13.3,0.715
CUST03706,Mumbai,Convenience_First,63.6,0,Office_Commercial,9,0.934,0.396,0.988,0.658,34.1,0.365
CUST03707,Kochi,Routine_Commuter,39.0,1,Residential,14,0.785,0.443,0.682,0.709,16.9,0.429
CUST03708,Ahmedabad,Convenience_First,74.5,0,Hotel,7,0.823,0.209,0.677,0.879,40.2,0.28
CUST03709,Mumbai,High_Mileage,77.8,0,Fleet,16,0.99,0.762,0.748,0.931,37.3,0.579
CUST03710,Ahmedabad,High_Mileage,68.3,0,Highway,15,0.782,0.781,0.709,0.693,32.2,0.612
CUST03711,Mumbai,Routine_Commuter,65.6,0,Fleet,8,0.689,0.518,0.645,0.555,30.1,0.491
CUST03712,Mumbai,Price_Sensitive,62.6,0,Transit_Public,8,0.584,0.853,0.134,0.633,35.8,0.756
CUST03713,Kochi,Convenience_First,74.1,0,Residential,8,0.85,0.255,0.838,0.809,26.8,0.286
CUST03714,Mumbai,Routine_Commuter,48.6,1,Transit_Public,12,0.99,0.516,0.515,0.742,19.5,0.518
CUST03715,Bengaluru,Convenience_First,68.0,0,Residential,6,0.746,0.2,0.799,0.803,30.3,0.254
CUST03716,Kochi,Price_Sensitive,48.8,0,Fleet,9,0.383,0.899,0.351,0.459,16.8,0.744
CUST03717,Jaipur,Convenience_First,60.6,0,Mall_Retail,6,0.736,0.276,0.831,0.866,24.4,0.279
CUST03718,Mumbai,Routine_Commuter,47.8,0,Mall_Retail,14,0.902,0.477,0.603,0.742,20.6,0.471
CUST03719,Bengaluru,Price_Sensitive,42.5,1,Mall_Retail,10,0.26,0.787,0.405,0.224,19.6,0.694
CUST03720,Mumbai,Convenience_First,59.4,0,Mall_Retail,8,0.917,0.253,0.981,0.677,26.9,0.283
CUST03721,Chandigarh,Price_Sensitive,48.1,0,Transit_Public,6,0.416,0.76,0.212,0.608,13.8,0.676
CUST03722,Kochi,Convenience_First,54.1,1,Fleet,7,0.621,0.242,0.779,0.689,14.1,0.286
CUST03723,Hyderabad,Price_Sensitive,49.8,1,Fleet,8,0.35,0.789,0.428,0.557,27.2,0.65
CUST03724,Ahmedabad,High_Mileage,97.8,0,Residential,24,0.379,0.764,0.641,0.99,46.2,0.531
CUST03725,Delhi NCR,Convenience_First,69.2,0,Hotel,10,0.99,0.065,0.744,0.831,35.8,0.211
CUST03726,Chennai,Price_Sensitive,57.7,1,Office_Commercial,8,0.669,0.865,0.568,0.444,24.8,0.713
CUST03727,Lucknow,Routine_Commuter,44.4,0,Office_Commercial,14,0.598,0.615,0.682,0.625,17.4,0.518
CUST03728,Chandigarh,Price_Sensitive,44.6,0,Highway,12,0.662,0.902,0.471,0.67,19.5,0.717
CUST03729,Bengaluru,Routine_Commuter,59.6,0,Office_Commercial,13,0.502,0.782,0.874,0.582,23.6,0.568
CUST03730,Pune,Routine_Commuter,58.1,0,Highway,11,0.92,0.757,0.819,0.73,29.7,0.585
CUST03731,Mumbai,Routine_Commuter,51.0,1,Office_Commercial,12,0.446,0.583,0.801,0.718,20.5,0.448
CUST03732,Pune,High_Mileage,70.7,0,Highway,25,0.404,0.635,0.926,0.835,18.1,0.429
CUST03733,Bengaluru,Routine_Commuter,69.2,0,Office_Commercial,8,0.6,0.568,0.774,0.774,31.8,0.451
CUST03734,Chandigarh,Routine_Commuter,51.0,1,Mall_Retail,12,0.856,0.56,0.536,0.81,24.4,0.515
CUST03735,Pune,Convenience_First,62.8,0,Mall_Retail,5,0.8,0.045,0.803,0.705,26.0,0.189
CUST03736,Lucknow,Convenience_First,45.6,0,Transit_Public,8,0.911,0.226,0.888,0.767,22.6,0.273
CUST03737,Pune,High_Mileage,79.1,0,Highway,19,0.388,0.648,0.821,0.81,35.8,0.46
CUST03738,Mumbai,Routine_Commuter,53.7,1,Residential,8,0.787,0.618,0.543,0.704,18.5,0.555
CUST03739,Chennai,Routine_Commuter,54.6,1,Residential,9,0.965,0.481,0.911,0.699,25.3,0.424
CUST03740,Kochi,Convenience_First,63.5,1,Office_Commercial,10,0.812,0.335,0.874,0.897,25.1,0.306
CUST03741,Mumbai,Routine_Commuter,52.7,1,Residential,14,0.552,0.474,0.593,0.765,23.4,0.432
CUST03742,Bengaluru,Routine_Commuter,53.5,0,Office_Commercial,14,0.532,0.355,0.657,0.815,18.7,0.345
CUST03743,Mumbai,Routine_Commuter,48.6,1,Residential,14,0.942,0.515,0.652,0.719,15.0,0.489
CUST03744,Chandigarh,High_Mileage,68.5,0,Fleet,21,0.473,0.657,0.617,0.988,39.9,0.487
CUST03745,Jaipur,High_Mileage,70.7,0,Transit_Public,20,0.43,0.724,0.857,0.871,33.8,0.489
CUST03746,Chennai,Routine_Commuter,38.8,1,Office_Commercial,11,0.859,0.449,0.733,0.725,16.7,0.428
CUST03747,Mumbai,Routine_Commuter,56.9,1,Office_Commercial,12,0.612,0.553,0.973,0.459,22.3,0.452
CUST03748,Pune,Convenience_First,60.4,0,Mall_Retail,6,0.625,0.378,0.95,0.739,32.0,0.319
CUST03749,Kochi,Price_Sensitive,37.8,0,Residential,7,0.725,0.786,0.546,0.207,16.3,0.714
CUST03750,Bengaluru,Routine_Commuter,55.3,0,Transit_Public,12,0.677,0.547,0.402,0.776,17.1,0.522
CUST03751,Kolkata,Convenience_First,56.0,1,Highway,10,0.762,0.331,0.773,0.799,32.2,0.334
CUST03752,Delhi NCR,Price_Sensitive,48.0,1,Office_Commercial,11,0.287,0.68,0.697,0.315,15.4,0.566
CUST03753,Mumbai,Convenience_First,58.9,0,Transit_Public,6,0.843,0.353,0.807,0.754,11.9,0.354
CUST03754,Bengaluru,Convenience_First,59.4,1,Residential,9,0.843,0.368,0.717,0.674,29.0,0.392
CUST03755,Ahmedabad,Routine_Commuter,42.6,1,Residential,14,0.692,0.46,0.622,0.747,18.2,0.436
CUST03756,Pune,Convenience_First,41.4,1,Mall_Retail,9,0.917,0.093,0.854,0.821,13.0,0.199
CUST03757,Jaipur,Routine_Commuter,61.4,1,Transit_Public,12,0.705,0.395,0.814,0.742,28.0,0.364
CUST03758,Delhi NCR,Price_Sensitive,52.4,0,Residential,12,0.437,0.79,0.805,0.6,21.1,0.577
CUST03759,Jaipur,Price_Sensitive,49.7,0,Office_Commercial,10,0.475,0.746,0.219,0.62,21.8,0.671
CUST03760,Pune,Routine_Commuter,51.7,1,Office_Commercial,12,0.712,0.736,0.576,0.561,25.3,0.627
CUST03761,Ahmedabad,High_Mileage,77.3,0,Mall_Retail,21,0.529,0.584,0.605,0.705,32.8,0.497
CUST03762,Mumbai,Price_Sensitive,43.9,0,Residential,8,0.737,0.87,0.35,0.314,15.8,0.785
CUST03763,Chennai,Routine_Commuter,58.1,0,Transit_Public,11,0.668,0.76,0.662,0.86,26.3,0.573
CUST03764,Bengaluru,Routine_Commuter,58.7,1,Office_Commercial,11,0.508,0.556,0.601,0.654,33.9,0.488
CUST03765,Bengaluru,Convenience_First,71.5,0,Office_Commercial,8,0.859,0.271,0.971,0.736,39.1,0.28
CUST03766,Jaipur,Price_Sensitive,46.4,0,Transit_Public,9,0.587,0.833,0.427,0.704,19.7,0.676
CUST03767,Hyderabad,Routine_Commuter,59.1,1,Residential,13,0.533,0.469,0.575,0.836,23.6,0.421
CUST03768,Hyderabad,Routine_Commuter,57.1,1,Office_Commercial,9,0.797,0.478,0.787,0.823,19.1,0.412
CUST03769,Kolkata,Routine_Commuter,54.2,0,Mall_Retail,12,0.668,0.607,0.882,0.765,27.7,0.46
CUST03770,Chennai,Convenience_First,53.4,1,Office_Commercial,10,0.691,0.289,0.79,0.839,17.5,0.294
CUST03771,Kochi,Price_Sensitive,59.3,1,Residential,10,0.136,0.837,0.328,0.77,25.0,0.643
CUST03772,Delhi NCR,Price_Sensitive,69.5,0,Highway,12,0.426,0.821,0.196,0.715,28.5,0.698
CUST03773,Chennai,Routine_Commuter,46.4,1,Office_Commercial,10,0.73,0.419,0.753,0.658,19.3,0.404
CUST03774,Mumbai,Routine_Commuter,56.7,0,Residential,10,0.818,0.432,0.678,0.796,29.2,0.414
CUST03775,Ahmedabad,Convenience_First,71.4,0,Hotel,8,0.972,0.207,0.767,0.795,27.3,0.288
CUST03776,Pune,Price_Sensitive,55.4,0,Mall_Retail,6,0.296,0.742,0.389,0.672,20.5,0.609
CUST03777,Bengaluru,Price_Sensitive,59.5,0,Residential,6,0.754,0.726,0.327,0.368,27.9,0.704
CUST03778,Pune,Routine_Commuter,43.4,0,Residential,13,0.831,0.515,0.643,0.754,17.7,0.475
CUST03779,Delhi NCR,Convenience_First,61.5,1,Mall_Retail,8,0.804,0.24,0.655,0.718,32.3,0.324
CUST03780,Delhi NCR,Convenience_First,49.9,1,Hotel,8,0.885,0.152,0.802,0.98,18.7,0.215
CUST03781,Pune,Convenience_First,66.7,0,Office_Commercial,9,0.832,0.359,0.823,0.81,26.1,0.344
CUST03782,Ahmedabad,High_Mileage,69.2,0,Office_Commercial,24,0.53,0.619,0.866,0.748,20.4,0.458
CUST03783,Lucknow,High_Mileage,66.4,0,Office_Commercial,20,0.485,0.527,0.878,0.902,31.4,0.377
CUST03784,Mumbai,Routine_Commuter,59.7,1,Mall_Retail,9,0.647,0.563,0.644,0.585,26.1,0.508
CUST03785,Pune,Convenience_First,56.7,1,Transit_Public,5,0.777,0.306,0.88,0.767,25.7,0.305
CUST03786,Lucknow,High_Mileage,56.9,0,Hotel,24,0.543,0.679,0.667,0.912,21.9,0.507
CUST03787,Delhi NCR,Price_Sensitive,54.8,0,Transit_Public,8,0.58,0.816,0.62,0.717,27.7,0.625
CUST03788,Delhi NCR,Price_Sensitive,56.8,1,Mall_Retail,11,0.805,0.99,0.429,0.508,27.4,0.813
CUST03789,Chennai,Routine_Commuter,66.1,1,Residential,12,0.75,0.354,0.771,0.42,27.8,0.403
CUST03790,Chennai,Routine_Commuter,44.5,1,Transit_Public,13,0.766,0.631,0.65,0.771,23.4,0.528
CUST03791,Bengaluru,Convenience_First,51.4,1,Mall_Retail,10,0.844,0.431,0.735,0.789,21.4,0.406
CUST03792,Delhi NCR,Convenience_First,64.9,0,Highway,9,0.89,0.262,0.909,0.832,21.0,0.276
CUST03793,Chennai,Routine_Commuter,56.1,0,Office_Commercial,8,0.702,0.46,0.955,0.89,29.3,0.349
CUST03794,Ahmedabad,Price_Sensitive,59.1,1,Office_Commercial,12,0.526,0.771,0.504,0.861,26.8,0.597
CUST03795,Mumbai,Routine_Commuter,50.6,1,Hotel,13,0.697,0.405,0.778,0.452,18.5,0.419
CUST03796,Kochi,Routine_Commuter,46.4,1,Office_Commercial,13,0.907,0.649,0.791,0.728,22.1,0.53
CUST03797,Bengaluru,Routine_Commuter,52.5,1,Residential,9,0.625,0.43,0.849,0.812,24.8,0.358
CUST03798,Bengaluru,Price_Sensitive,66.7,1,Residential,7,0.498,0.961,0.344,0.558,20.8,0.776
CUST03799,Mumbai,Price_Sensitive,39.5,0,Office_Commercial,8,0.251,0.725,0.511,0.297,15.6,0.627
CUST03800,Hyderabad,Convenience_First,42.4,0,Fleet,9,0.81,0.332,0.87,0.623,18.7,0.346
CUST03801,Jaipur,Convenience_First,51.4,0,Fleet,6,0.86,0.319,0.786,0.852,20.9,0.327
CUST03802,Bengaluru,High_Mileage,70.2,0,Fleet,25,0.334,0.741,0.884,0.761,27.6,0.5
CUST03803,Mumbai,Routine_Commuter,52.2,1,Transit_Public,9,0.734,0.382,0.676,0.672,22.0,0.398
CUST03804,Chennai,Price_Sensitive,58.1,0,Mall_Retail,9,0.188,0.915,0.592,0.421,22.0,0.69
CUST03805,Delhi NCR,Price_Sensitive,46.7,1,Residential,7,0.436,0.786,0.591,0.56,14.7,0.624
CUST03806,Jaipur,Routine_Commuter,52.5,1,Office_Commercial,12,0.685,0.212,0.592,0.667,26.0,0.317
CUST03807,Chennai,Convenience_First,54.7,0,Highway,10,0.791,0.299,0.863,0.838,17.2,0.296
CUST03808,Hyderabad,Price_Sensitive,47.5,1,Mall_Retail,11,0.703,0.903,0.344,0.646,18.6,0.751
CUST03809,Kolkata,Price_Sensitive,40.2,0,Residential,6,0.355,0.733,0.623,0.619,19.1,0.571
CUST03810,Delhi NCR,Convenience_First,68.5,0,Hotel,7,0.99,0.096,0.811,0.644,30.0,0.243
CUST03811,Hyderabad,Convenience_First,60.8,1,Hotel,7,0.845,0.189,0.822,0.784,32.4,0.256
CUST03812,Kochi,Routine_Commuter,56.0,1,Office_Commercial,12,0.612,0.798,0.963,0.944,22.4,0.516
CUST03813,Delhi NCR,Convenience_First,60.0,0,Highway,6,0.99,0.394,0.849,0.953,21.4,0.353
CUST03814,Pune,Routine_Commuter,58.4,1,Highway,11,0.621,0.553,0.805,0.83,23.6,0.431
CUST03815,Kolkata,Price_Sensitive,54.0,0,Mall_Retail,11,0.305,0.965,0.37,0.37,22.7,0.782
CUST03816,Mumbai,High_Mileage,60.6,0,Residential,23,0.575,0.415,0.845,0.75,25.9,0.354
CUST03817,Pune,Convenience_First,65.5,0,Hotel,8,0.801,0.236,0.951,0.99,13.8,0.221
CUST03818,Mumbai,Convenience_First,47.2,1,Transit_Public,9,0.785,0.232,0.733,0.715,23.6,0.303
CUST03819,Hyderabad,Convenience_First,81.7,0,Office_Commercial,6,0.779,0.464,0.86,0.747,22.3,0.399
CUST03820,Hyderabad,Price_Sensitive,55.7,0,Highway,6,0.287,0.795,0.614,0.624,17.8,0.599
CUST03821,Bengaluru,Routine_Commuter,66.4,1,Office_Commercial,12,0.702,0.308,0.616,0.669,21.2,0.366
CUST03822,Hyderabad,Routine_Commuter,45.8,1,Mall_Retail,11,0.708,0.46,0.661,0.822,21.4,0.418
CUST03823,Hyderabad,Routine_Commuter,54.8,0,Mall_Retail,9,0.708,0.534,0.795,0.621,24.5,0.462
CUST03824,Bengaluru,Convenience_First,64.0,0,Fleet,7,0.871,0.166,0.792,0.778,23.9,0.253
CUST03825,Kochi,Routine_Commuter,53.3,1,Transit_Public,12,0.736,0.452,0.631,0.555,20.4,0.463
CUST03826,Kolkata,Routine_Commuter,64.3,1,Office_Commercial,14,0.791,0.782,0.937,0.477,31.0,0.601
CUST03827,Pune,Routine_Commuter,69.9,1,Residential,14,0.653,0.387,0.822,0.615,20.7,0.371
CUST03828,Hyderabad,Price_Sensitive,55.8,1,Residential,7,0.225,0.99,0.466,0.385,22.5,0.766
CUST03829,Kolkata,Convenience_First,48.1,0,Transit_Public,10,0.957,0.268,0.892,0.721,15.4,0.307
CUST03830,Mumbai,Price_Sensitive,39.9,1,Office_Commercial,11,0.479,0.758,0.581,0.287,18.9,0.656
CUST03831,Jaipur,Price_Sensitive,60.6,1,Mall_Retail,8,0.411,0.843,0.686,0.618,26.1,0.625
CUST03832,Chennai,Price_Sensitive,57.9,0,Transit_Public,8,0.337,0.856,0.46,0.572,26.8,0.677
CUST03833,Pune,Routine_Commuter,70.4,1,Hotel,13,0.775,0.469,0.734,0.622,40.4,0.445
CUST03834,Kolkata,Convenience_First,57.4,0,Highway,5,0.897,0.274,0.814,0.745,26.9,0.316
CUST03835,Mumbai,Price_Sensitive,68.4,0,Transit_Public,12,0.583,0.665,0.507,0.569,24.4,0.587
CUST03836,Jaipur,Routine_Commuter,49.3,1,Transit_Public,13,0.77,0.593,0.777,0.601,14.7,0.507
CUST03837,Bengaluru,Price_Sensitive,49.6,0,Mall_Retail,8,0.44,0.843,0.325,0.611,18.7,0.701
CUST03838,Hyderabad,Routine_Commuter,56.5,1,Mall_Retail,12,0.723,0.559,0.621,0.706,19.7,0.5
CUST03839,Chennai,Price_Sensitive,35.0,0,Residential,11,0.287,0.688,0.381,0.519,11.6,0.603
CUST03840,Ahmedabad,Convenience_First,63.7,0,Office_Commercial,9,0.907,0.269,0.914,0.697,28.6,0.301
CUST03841,Lucknow,Convenience_First,60.8,0,Office_Commercial,9,0.833,0.204,0.927,0.905,25.6,0.224
CUST03842,Delhi NCR,High_Mileage,78.1,0,Mall_Retail,18,0.48,0.551,0.752,0.956,32.9,0.407
CUST03843,Mumbai,Price_Sensitive,36.4,1,Mall_Retail,6,0.49,0.769,0.572,0.7,15.0,0.603
CUST03844,Kochi,Convenience_First,73.7,0,Highway,9,0.904,0.154,0.779,0.69,25.7,0.266
CUST03845,Delhi NCR,Routine_Commuter,54.4,1,Residential,12,0.738,0.209,0.524,0.751,20.3,0.321
CUST03846,Pune,High_Mileage,49.4,0,Fleet,15,0.624,0.531,0.649,0.717,20.3,0.467
CUST03847,Chandigarh,Routine_Commuter,36.7,0,Residential,11,0.466,0.568,0.551,0.735,14.7,0.489
CUST03848,Bengaluru,Price_Sensitive,37.8,0,Highway,11,0.452,0.883,0.368,0.446,12.1,0.74
CUST03849,Ahmedabad,Routine_Commuter,62.2,1,Residential,13,0.624,0.637,0.632,0.525,15.8,0.558
CUST03850,Pune,Routine_Commuter,70.2,1,Office_Commercial,14,0.744,0.566,0.51,0.453,32.1,0.566
CUST03851,Lucknow,Convenience_First,53.5,0,Highway,6,0.99,0.175,0.802,0.862,30.3,0.256
CUST03852,Delhi NCR,Price_Sensitive,46.1,1,Highway,8,0.658,0.716,0.332,0.455,24.5,0.675
CUST03853,Pune,Routine_Commuter,41.4,0,Residential,14,0.598,0.686,0.666,0.645,17.8,0.557
CUST03854,Kolkata,Routine_Commuter,45.6,1,Transit_Public,13,0.677,0.591,0.788,0.9,22.7,0.45
CUST03855,Mumbai,Routine_Commuter,51.2,1,Transit_Public,11,0.893,0.545,0.674,0.708,25.1,0.498
CUST03856,Bengaluru,Convenience_First,52.9,1,Highway,8,0.895,0.254,0.797,0.684,24.0,0.317
CUST03857,Chennai,Convenience_First,72.4,1,Transit_Public,6,0.883,0.178,0.725,0.718,33.2,0.283
CUST03858,Delhi NCR,Routine_Commuter,55.9,1,Office_Commercial,9,0.581,0.244,0.951,0.736,27.4,0.241
CUST03859,Kochi,Routine_Commuter,68.5,1,Highway,9,0.86,0.594,0.42,0.582,25.3,0.591
CUST03860,Chennai,Routine_Commuter,45.4,1,Mall_Retail,13,0.816,0.597,0.755,0.712,18.9,0.502
CUST03861,Kolkata,Convenience_First,70.6,0,Hotel,10,0.844,0.284,0.916,0.723,28.7,0.299
CUST03862,Delhi NCR,Routine_Commuter,53.2,1,Office_Commercial,10,0.808,0.531,0.915,0.816,25.3,0.417
CUST03863,Jaipur,Routine_Commuter,36.4,1,Residential,12,0.575,0.596,0.812,0.756,17.1,0.459
CUST03864,Kolkata,Price_Sensitive,58.7,0,Residential,8,0.461,0.864,0.511,0.314,22.3,0.722
CUST03865,Kochi,Routine_Commuter,60.2,0,Office_Commercial,8,0.86,0.664,0.489,0.768,16.5,0.588
CUST03866,Mumbai,Price_Sensitive,59.3,1,Mall_Retail,9,0.644,0.974,0.347,0.791,25.9,0.762
CUST03867,Delhi NCR,Convenience_First,75.4,1,Office_Commercial,7,0.764,0.311,0.828,0.922,33.3,0.294
CUST03868,Mumbai,Convenience_First,56.2,1,Hotel,10,0.765,0.27,0.78,0.879,21.4,0.287
CUST03869,Bengaluru,Convenience_First,60.2,1,Residential,7,0.982,0.269,0.815,0.76,25.0,0.319
CUST03870,Bengaluru,Price_Sensitive,58.3,0,Transit_Public,11,0.754,0.823,0.695,0.753,33.0,0.626
CUST03871,Lucknow,Price_Sensitive,51.0,1,Mall_Retail,6,0.608,0.683,0.472,0.583,16.2,0.605
CUST03872,Ahmedabad,Convenience_First,55.3,0,Highway,5,0.896,0.311,0.933,0.826,22.2,0.3
CUST03873,Chennai,Routine_Commuter,56.0,0,Office_Commercial,14,0.723,0.372,0.99,0.621,27.1,0.336
CUST03874,Bengaluru,Routine_Commuter,54.6,1,Residential,9,0.754,0.485,0.51,0.582,24.4,0.503
CUST03875,Ahmedabad,Price_Sensitive,51.3,0,Residential,6,0.429,0.977,0.42,0.437,22.1,0.78
CUST03876,Ahmedabad,Price_Sensitive,37.3,1,Hotel,10,0.293,0.784,0.403,0.482,10.8,0.657
CUST03877,Chennai,Convenience_First,44.5,0,Transit_Public,8,0.824,0.194,0.744,0.711,16.6,0.284
CUST03878,Mumbai,Convenience_First,63.3,1,Highway,10,0.746,0.187,0.846,0.81,33.4,0.237
CUST03879,Mumbai,Price_Sensitive,74.0,1,Fleet,6,0.465,0.809,0.276,0.39,37.1,0.728
CUST03880,Lucknow,Price_Sensitive,52.2,0,Office_Commercial,8,0.538,0.955,0.636,0.797,22.6,0.682
CUST03881,Jaipur,High_Mileage,81.6,0,Fleet,24,0.56,0.796,0.591,0.781,33.7,0.608
CUST03882,Bengaluru,Convenience_First,61.2,1,Highway,9,0.786,0.384,0.78,0.75,22.2,0.371
CUST03883,Pune,Convenience_First,60.9,1,Residential,9,0.839,0.238,0.87,0.649,23.6,0.294
CUST03884,Lucknow,Routine_Commuter,49.8,0,Residential,10,0.758,0.39,0.544,0.813,22.8,0.409
CUST03885,Mumbai,Routine_Commuter,60.8,1,Office_Commercial,14,0.746,0.484,0.532,0.746,29.4,0.473
CUST03886,Bengaluru,Convenience_First,58.6,0,Mall_Retail,6,0.841,0.226,0.858,0.667,21.7,0.287
CUST03887,Pune,Routine_Commuter,48.6,0,Office_Commercial,10,0.572,0.393,0.864,0.596,23.8,0.361
CUST03888,Delhi NCR,High_Mileage,75.9,0,Mall_Retail,19,0.498,0.643,0.951,0.748,27.8,0.451
CUST03889,Lucknow,Price_Sensitive,64.6,0,Highway,9,0.511,0.909,0.426,0.699,13.6,0.711
CUST03890,Pune,Price_Sensitive,65.2,1,Office_Commercial,7,0.539,0.911,0.398,0.633,34.4,0.73
CUST03891,Chennai,High_Mileage,64.6,0,Fleet,20,0.492,0.536,0.709,0.99,23.2,0.404
CUST03892,Hyderabad,High_Mileage,79.1,0,Highway,20,0.603,0.781,0.691,0.912,29.4,0.565
CUST03893,Pune,Routine_Commuter,63.1,1,Office_Commercial,11,0.574,0.527,0.813,0.781,22.1,0.418
CUST03894,Hyderabad,Routine_Commuter,62.7,0,Transit_Public,13,0.68,0.281,0.828,0.731,28.6,0.297
CUST03895,Mumbai,Price_Sensitive,40.7,0,Residential,6,0.71,0.915,0.565,0.372,17.6,0.755
CUST03896,Mumbai,Price_Sensitive,50.4,0,Transit_Public,9,0.567,0.761,0.612,0.643,29.7,0.607
CUST03897,Pune,Price_Sensitive,52.5,0,Residential,8,0.219,0.734,0.399,0.702,20.7,0.591
CUST03898,Hyderabad,High_Mileage,88.2,0,Mall_Retail,20,0.509,0.553,0.803,0.769,40.3,0.429
CUST03899,Chennai,Price_Sensitive,59.4,0,Mall_Retail,7,0.514,0.872,0.357,0.391,32.2,0.751
CUST03900,Chennai,Routine_Commuter,55.4,1,Residential,10,0.541,0.441,0.54,0.772,30.0,0.423
CUST03901,Ahmedabad,Routine_Commuter,61.8,1,Mall_Retail,8,0.691,0.506,0.738,0.832,23.4,0.425
CUST03902,Chennai,Price_Sensitive,45.5,0,Residential,6,0.175,0.863,0.52,0.671,16.7,0.638
CUST03903,Bengaluru,Price_Sensitive,64.6,0,Office_Commercial,6,0.668,0.823,0.571,0.357,27.8,0.702
CUST03904,Bengaluru,Routine_Commuter,35.5,1,Transit_Public,11,0.651,0.624,0.911,0.717,18.1,0.469
CUST03905,Mumbai,Routine_Commuter,50.6,1,Residential,11,0.836,0.6,0.596,0.806,24.9,0.523
CUST03906,Pune,Routine_Commuter,41.9,0,Residential,8,0.741,0.465,0.682,0.611,13.1,0.452
CUST03907,Chennai,Routine_Commuter,52.6,1,Office_Commercial,12,0.566,0.514,0.814,0.822,23.8,0.403
CUST03908,Kolkata,Routine_Commuter,47.3,1,Mall_Retail,14,0.753,0.681,0.737,0.776,23.2,0.536
CUST03909,Chennai,Price_Sensitive,49.1,1,Mall_Retail,10,0.498,0.874,0.561,0.533,25.1,0.688
CUST03910,Mumbai,Routine_Commuter,45.9,0,Office_Commercial,10,0.968,0.547,0.804,0.708,18.3,0.48
CUST03911,Chennai,Price_Sensitive,56.9,1,Office_Commercial,10,0.438,0.939,0.763,0.551,22.0,0.675
CUST03912,Hyderabad,Price_Sensitive,45.7,0,Office_Commercial,8,0.213,0.776,0.369,0.691,22.1,0.621
CUST03913,Pune,Price_Sensitive,35.7,1,Residential,6,0.226,0.869,0.646,0.748,14.1,0.609
CUST03914,Jaipur,Routine_Commuter,35.0,1,Residential,13,0.559,0.607,0.916,0.94,8.2,0.415
CUST03915,Bengaluru,Price_Sensitive,46.8,1,Office_Commercial,12,0.558,0.763,0.49,0.637,14.6,0.632
CUST03916,Mumbai,Routine_Commuter,48.5,1,Transit_Public,8,0.647,0.278,0.708,0.824,16.8,0.302
CUST03917,Jaipur,Routine_Commuter,70.9,1,Hotel,11,0.657,0.413,0.801,0.692,24.4,0.379
CUST03918,Delhi NCR,High_Mileage,73.8,0,Fleet,19,0.3,0.812,0.744,0.804,33.5,0.557
CUST03919,Hyderabad,Convenience_First,52.2,1,Mall_Retail,9,0.817,0.268,0.958,0.683,16.0,0.285
CUST03920,Chennai,Routine_Commuter,44.4,0,Transit_Public,12,0.924,0.644,0.709,0.836,23.1,0.529
CUST03921,Mumbai,Convenience_First,61.1,1,Fleet,10,0.929,0.35,0.869,0.758,28.0,0.348
CUST03922,Bengaluru,Routine_Commuter,62.1,1,Office_Commercial,11,0.759,0.283,0.584,0.793,27.9,0.346
CUST03923,Delhi NCR,Price_Sensitive,50.9,0,Fleet,8,0.343,0.859,0.774,0.402,20.7,0.641
CUST03924,Bengaluru,High_Mileage,84.1,0,Hotel,22,0.397,0.754,0.818,0.815,29.8,0.518
CUST03925,Hyderabad,Price_Sensitive,52.5,0,Fleet,7,0.468,0.869,0.699,0.678,24.7,0.633
CUST03926,Ahmedabad,High_Mileage,81.6,0,Highway,17,0.661,0.608,0.835,0.881,31.7,0.451
CUST03927,Chennai,Convenience_First,50.5,0,Hotel,7,0.765,0.378,0.903,0.814,22.9,0.332
CUST03928,Delhi NCR,Convenience_First,58.1,0,Highway,7,0.872,0.284,0.853,0.843,22.1,0.296
CUST03929,Jaipur,Convenience_First,56.2,0,Office_Commercial,8,0.79,0.433,0.939,0.787,15.9,0.361
CUST03930,Jaipur,Routine_Commuter,48.9,0,Office_Commercial,13,0.984,0.485,0.697,0.774,14.5,0.46
CUST03931,Hyderabad,Convenience_First,71.6,0,Mall_Retail,5,0.865,0.375,0.897,0.801,32.7,0.343
CUST03932,Hyderabad,Routine_Commuter,59.0,1,Hotel,14,0.688,0.516,0.694,0.666,33.3,0.464
CUST03933,Bengaluru,Price_Sensitive,55.5,0,Mall_Retail,9,0.46,0.797,0.326,0.869,13.7,0.639
CUST03934,Lucknow,Convenience_First,66.7,0,Highway,8,0.855,0.294,0.937,0.849,39.5,0.282
CUST03935,Kochi,Convenience_First,76.4,0,Office_Commercial,6,0.744,0.229,0.892,0.81,45.5,0.251
CUST03936,Jaipur,Price_Sensitive,47.9,1,Office_Commercial,12,0.478,0.597,0.683,0.563,21.7,0.505
CUST03937,Bengaluru,Routine_Commuter,46.0,1,Office_Commercial,14,0.798,0.447,0.772,0.658,14.0,0.423
CUST03938,Bengaluru,Convenience_First,58.8,0,Mall_Retail,6,0.598,0.129,0.835,0.844,19.1,0.187
CUST03939,Ahmedabad,Price_Sensitive,57.8,1,Residential,9,0.598,0.643,0.4,0.875,26.3,0.552
CUST03940,Kolkata,High_Mileage,74.8,0,Transit_Public,24,0.419,0.543,0.771,0.89,31.7,0.403
CUST03941,Ahmedabad,Routine_Commuter,47.2,1,Hotel,12,0.642,0.435,0.625,0.924,20.8,0.39
CUST03942,Mumbai,Convenience_First,59.6,1,Mall_Retail,6,0.825,0.266,0.79,0.823,18.1,0.297
CUST03943,Delhi NCR,Routine_Commuter,50.9,1,Highway,11,0.742,0.496,0.659,0.99,22.2,0.417
CUST03944,Mumbai,Convenience_First,56.1,1,Fleet,10,0.843,0.252,0.82,0.89,22.2,0.276
CUST03945,Kochi,Price_Sensitive,49.9,0,Residential,12,0.376,0.706,0.394,0.924,20.2,0.558
CUST03946,Bengaluru,Convenience_First,66.1,1,Fleet,5,0.763,0.34,0.987,0.844,21.7,0.289
CUST03947,Chandigarh,Routine_Commuter,62.1,0,Residential,8,0.574,0.555,0.642,0.652,21.2,0.486
CUST03948,Chennai,Routine_Commuter,51.8,0,Mall_Retail,10,0.875,0.567,0.491,0.565,24.1,0.566
CUST03949,Kochi,Convenience_First,56.2,1,Residential,5,0.64,0.332,0.967,0.879,33.8,0.272
CUST03950,Ahmedabad,High_Mileage,59.2,0,Office_Commercial,20,0.699,0.699,0.638,0.901,22.8,0.541
CUST03951,Kolkata,Convenience_First,63.7,0,Highway,5,0.601,0.483,0.796,0.788,37.1,0.399
CUST03952,Bengaluru,Routine_Commuter,63.0,1,Residential,11,0.654,0.439,0.835,0.931,26.4,0.35
CUST03953,Pune,Convenience_First,48.9,0,Office_Commercial,7,0.933,0.37,0.874,0.648,23.1,0.375
CUST03954,Kochi,Price_Sensitive,38.3,0,Office_Commercial,12,0.36,0.957,0.708,0.295,20.3,0.727
CUST03955,Hyderabad,Routine_Commuter,54.6,0,Transit_Public,9,0.621,0.582,0.922,0.737,19.1,0.437
CUST03956,Bengaluru,Price_Sensitive,49.2,1,Office_Commercial,7,0.108,0.742,0.581,0.499,29.6,0.578
CUST03957,Chennai,Convenience_First,59.2,0,Fleet,5,0.783,0.309,0.847,0.785,31.8,0.311
CUST03958,Pune,Routine_Commuter,55.3,0,Residential,13,0.661,0.409,0.875,0.59,21.9,0.378
CUST03959,Bengaluru,Convenience_First,53.1,0,Transit_Public,5,0.838,0.401,0.656,0.836,23.3,0.398
CUST03960,Ahmedabad,Convenience_First,51.5,0,Highway,10,0.83,0.238,0.852,0.808,20.0,0.272
CUST03961,Delhi NCR,Price_Sensitive,54.1,1,Residential,7,0.699,0.909,0.494,0.7,8.0,0.716
CUST03962,Pune,High_Mileage,78.0,0,Fleet,24,0.633,0.861,0.737,0.83,34.3,0.615
CUST03963,Mumbai,Routine_Commuter,52.9,1,Residential,13,0.661,0.363,0.586,0.938,18.6,0.358
CUST03964,Mumbai,Routine_Commuter,62.5,0,Office_Commercial,13,0.613,0.571,0.499,0.856,22.2,0.497
CUST03965,Bengaluru,Routine_Commuter,59.2,0,Residential,12,0.594,0.667,0.699,0.735,27.0,0.526
CUST03966,Bengaluru,High_Mileage,67.5,0,Highway,18,0.784,0.683,0.592,0.947,30.4,0.544
CUST03967,Jaipur,Routine_Commuter,71.4,0,Mall_Retail,13,0.945,0.565,0.649,0.52,35.8,0.548
CUST03968,Bengaluru,Routine_Commuter,57.2,1,Transit_Public,14,0.708,0.52,0.797,0.791,25.9,0.429
CUST03969,Lucknow,Routine_Commuter,65.9,0,Office_Commercial,8,0.69,0.539,0.612,0.99,26.5,0.445
CUST03970,Chennai,High_Mileage,82.3,0,Highway,23,0.647,0.821,0.494,0.788,39.4,0.649
CUST03971,Jaipur,Routine_Commuter,60.2,1,Office_Commercial,14,0.583,0.522,0.802,0.663,32.8,0.436
CUST03972,Mumbai,Price_Sensitive,41.2,1,Hotel,10,0.545,0.774,0.401,0.592,19.2,0.661
CUST03973,Bengaluru,Convenience_First,72.6,0,Residential,9,0.79,0.169,0.742,0.827,32.0,0.25
CUST03974,Bengaluru,High_Mileage,68.8,0,Mall_Retail,15,0.65,0.753,0.714,0.851,32.3,0.559
CUST03975,Lucknow,Routine_Commuter,45.8,1,Office_Commercial,12,0.735,0.386,0.776,0.67,21.5,0.38
CUST03976,Bengaluru,Price_Sensitive,52.0,1,Transit_Public,7,0.462,0.815,0.389,0.629,23.8,0.672
CUST03977,Delhi NCR,High_Mileage,69.9,0,Mall_Retail,25,0.668,0.453,0.722,0.848,28.8,0.394
CUST03978,Chandigarh,High_Mileage,57.9,0,Fleet,16,0.409,0.497,0.812,0.733,30.5,0.392
CUST03979,Chandigarh,Price_Sensitive,60.9,0,Hotel,11,0.078,0.746,0.57,0.5,27.7,0.579
CUST03980,Chennai,High_Mileage,55.8,0,Office_Commercial,18,0.42,0.579,0.99,0.759,31.5,0.398
CUST03981,Jaipur,Routine_Commuter,44.3,0,Residential,13,0.757,0.265,0.804,0.451,16.7,0.343
CUST03982,Chandigarh,Routine_Commuter,59.5,1,Residential,8,0.624,0.431,0.758,0.754,24.8,0.385
CUST03983,Ahmedabad,Price_Sensitive,49.3,1,Office_Commercial,8,0.432,0.787,0.64,0.706,17.8,0.592
CUST03984,Hyderabad,High_Mileage,82.0,0,Office_Commercial,18,0.658,0.735,0.755,0.847,24.3,0.542
CUST03985,Kolkata,Price_Sensitive,47.1,0,Office_Commercial,9,0.744,0.785,0.441,0.344,16.8,0.717
CUST03986,Bengaluru,Price_Sensitive,57.6,1,Office_Commercial,7,0.698,0.697,0.527,0.598,26.2,0.608
CUST03987,Chennai,Routine_Commuter,45.4,1,Transit_Public,8,0.588,0.263,0.494,0.502,21.3,0.379
CUST03988,Pune,Price_Sensitive,49.4,1,Transit_Public,8,0.822,0.879,0.506,0.569,21.3,0.729
CUST03989,Pune,Convenience_First,54.5,0,Mall_Retail,10,0.77,0.299,0.798,0.805,23.4,0.311
CUST03990,Ahmedabad,Routine_Commuter,69.5,1,Office_Commercial,8,0.703,0.475,0.555,0.73,37.3,0.461
CUST03991,Jaipur,Convenience_First,74.5,0,Mall_Retail,10,0.816,0.172,0.789,0.914,25.9,0.231
CUST03992,Ahmedabad,Routine_Commuter,36.6,1,Residential,14,0.769,0.411,0.696,0.705,11.7,0.408
CUST03993,Jaipur,Price_Sensitive,35.0,0,Transit_Public,9,0.507,0.884,0.545,0.363,16.5,0.724
CUST03994,Pune,Routine_Commuter,51.0,1,Mall_Retail,14,0.61,0.618,0.571,0.967,26.9,0.491
CUST03995,Bengaluru,Convenience_First,60.6,1,Office_Commercial,8,0.845,0.377,0.884,0.708,27.3,0.359
CUST03996,Kolkata,Routine_Commuter,61.2,1,Office_Commercial,13,0.625,0.498,0.499,0.614,22.8,0.494
CUST03997,Chandigarh,Routine_Commuter,58.8,1,Residential,8,0.769,0.599,0.565,0.746,24.5,0.531
CUST03998,Jaipur,High_Mileage,65.2,1,Fleet,21,0.379,0.574,0.815,0.883,24.1,0.408
CUST03999,Delhi NCR,High_Mileage,58.4,0,Highway,17,0.335,0.5,0.693,0.869,25.8,0.39
CUST04000,Pune,Routine_Commuter,58.3,1,Hotel,12,0.785,0.476,0.79,0.837,16.8,0.407
CUST04001,Hyderabad,Routine_Commuter,71.4,1,Residential,8,0.555,0.851,0.747,0.619,27.4,0.631
CUST04002,Lucknow,High_Mileage,73.0,0,Fleet,25,0.781,0.794,0.727,0.696,26.5,0.615
CUST04003,Kolkata,Price_Sensitive,51.3,0,Hotel,7,0.663,0.643,0.591,0.605,19.7,0.561
CUST04004,Mumbai,Convenience_First,46.3,0,Highway,6,0.684,0.3,0.849,0.778,14.7,0.297
CUST04005,Hyderabad,High_Mileage,74.4,0,Highway,24,0.657,0.605,0.671,0.787,31.3,0.496
CUST04006,Ahmedabad,Routine_Commuter,45.1,1,Office_Commercial,8,0.684,0.154,0.633,0.517,15.9,0.299
CUST04007,Mumbai,Convenience_First,71.7,1,Highway,9,0.782,0.254,0.956,0.585,25.0,0.289
CUST04008,Hyderabad,Routine_Commuter,43.1,1,Residential,8,0.739,0.252,0.761,0.783,12.6,0.293
CUST04009,Lucknow,Routine_Commuter,50.1,1,Office_Commercial,8,0.785,0.389,0.805,0.691,25.3,0.378
CUST04010,Lucknow,Price_Sensitive,39.2,0,Residential,12,0.402,0.681,0.484,0.557,20.0,0.585
CUST04011,Lucknow,Convenience_First,52.0,0,Office_Commercial,7,0.82,0.305,0.812,0.988,26.1,0.289
CUST04012,Hyderabad,High_Mileage,75.7,0,Highway,18,0.561,0.715,0.78,0.98,21.2,0.496
CUST04013,Pune,Price_Sensitive,54.0,1,Office_Commercial,9,0.465,0.791,0.579,0.833,21.8,0.591
CUST04014,Kochi,Routine_Commuter,45.9,1,Residential,12,0.86,0.386,0.5,0.708,23.1,0.442
CUST04015,Kolkata,Price_Sensitive,50.7,0,Highway,9,0.397,0.953,0.554,0.461,19.8,0.734
CUST04016,Jaipur,Convenience_First,50.2,0,Office_Commercial,9,0.954,0.133,0.856,0.871,19.4,0.217
CUST04017,Kochi,Price_Sensitive,36.8,0,Office_Commercial,12,0.846,0.774,0.568,0.633,18.6,0.652
CUST04018,Kochi,Price_Sensitive,44.4,1,Office_Commercial,7,0.2,0.902,0.508,0.582,14.6,0.677
CUST04019,Hyderabad,Convenience_First,60.7,0,Fleet,9,0.692,0.299,0.826,0.746,30.8,0.306
CUST04020,Ahmedabad,High_Mileage,80.2,0,Highway,20,0.75,0.43,0.809,0.847,26.9,0.373
CUST04021,Mumbai,Routine_Commuter,66.9,0,Mall_Retail,11,0.701,0.376,0.636,0.831,30.5,0.375
CUST04022,Pune,Price_Sensitive,45.2,1,Office_Commercial,11,0.514,0.792,0.456,0.612,17.4,0.654
CUST04023,Bengaluru,Price_Sensitive,44.1,1,Office_Commercial,7,0.542,0.869,0.498,0.01,21.7,0.781
CUST04024,Delhi NCR,Convenience_First,53.4,1,Hotel,6,0.821,0.246,0.91,0.566,20.3,0.3
CUST04025,Bengaluru,Price_Sensitive,55.1,0,Fleet,8,0.422,0.865,0.442,0.279,22.3,0.738
CUST04026,Delhi NCR,Convenience_First,44.6,0,Office_Commercial,10,0.842,0.136,0.878,0.734,19.2,0.224
CUST04027,Chandigarh,Routine_Commuter,56.5,0,Office_Commercial,12,0.828,0.478,0.743,0.673,30.6,0.446
CUST04028,Pune,Convenience_First,66.9,0,Fleet,5,0.744,0.344,0.819,0.856,33.3,0.321
CUST04029,Kochi,Convenience_First,49.9,0,Mall_Retail,5,0.696,0.106,0.982,0.701,19.9,0.176
CUST04030,Kochi,High_Mileage,54.0,1,Fleet,15,0.347,0.585,0.661,0.802,16.0,0.454
CUST04031,Bengaluru,Routine_Commuter,49.8,0,Mall_Retail,12,0.864,0.181,0.592,0.556,17.6,0.334
CUST04032,Hyderabad,High_Mileage,52.0,0,Highway,21,0.502,0.567,0.551,0.948,18.7,0.46
CUST04033,Mumbai,Routine_Commuter,55.9,1,Transit_Public,9,0.629,0.633,0.742,0.953,23.5,0.47
CUST04034,Delhi NCR,Convenience_First,65.4,1,Highway,10,0.762,0.2,0.903,0.873,32.5,0.225
CUST04035,Bengaluru,Price_Sensitive,50.9,1,Transit_Public,8,0.034,0.894,0.363,0.429,17.9,0.708
CUST04036,Chandigarh,Price_Sensitive,49.8,0,Mall_Retail,11,0.384,0.904,0.455,0.692,28.6,0.691
CUST04037,Hyderabad,Routine_Commuter,63.0,0,Office_Commercial,10,0.55,0.632,0.745,0.574,25.2,0.518
CUST04038,Bengaluru,Price_Sensitive,44.1,0,Residential,8,0.554,0.793,0.2,0.53,22.9,0.722
CUST04039,Mumbai,Convenience_First,53.8,0,Highway,5,0.696,0.219,0.807,0.99,20.0,0.23
CUST04040,Mumbai,Price_Sensitive,52.6,0,Transit_Public,6,0.559,0.773,0.351,0.625,22.2,0.667
CUST04041,Ahmedabad,Price_Sensitive,48.9,1,Transit_Public,10,0.434,0.809,0.26,0.444,23.5,0.72
CUST04042,Mumbai,Price_Sensitive,55.4,0,Residential,8,0.63,0.866,0.449,0.494,23.8,0.725
CUST04043,Jaipur,Convenience_First,68.9,0,Highway,6,0.805,0.154,0.774,0.791,34.9,0.242
CUST04044,Pune,Price_Sensitive,56.1,0,Office_Commercial,11,0.816,0.866,0.602,0.38,11.9,0.73
CUST04045,Lucknow,Convenience_First,54.3,1,Residential,9,0.941,0.196,0.804,0.683,22.6,0.289
CUST04046,Kolkata,Routine_Commuter,54.0,1,Residential,10,0.906,0.466,0.513,0.666,25.2,0.494
CUST04047,Lucknow,High_Mileage,80.9,0,Mall_Retail,16,0.567,0.523,0.763,0.868,32.7,0.412
CUST04048,Bengaluru,Price_Sensitive,60.2,1,Mall_Retail,7,0.751,0.757,0.36,0.542,14.3,0.688
CUST04049,Kolkata,Price_Sensitive,47.0,0,Mall_Retail,11,0.642,0.633,0.435,0.704,24.1,0.57
CUST04050,Chandigarh,Convenience_First,59.5,1,Mall_Retail,7,0.843,0.344,0.85,0.897,28.1,0.319
CUST04051,Ahmedabad,Price_Sensitive,56.8,0,Mall_Retail,12,0.535,0.874,0.699,0.389,23.8,0.686
CUST04052,Lucknow,Price_Sensitive,49.7,0,Mall_Retail,12,0.732,0.666,0.561,0.161,20.5,0.653
CUST04053,Delhi NCR,High_Mileage,48.1,0,Fleet,19,0.713,0.859,0.598,0.844,18.3,0.648
CUST04054,Hyderabad,Price_Sensitive,56.2,0,Office_Commercial,12,0.393,0.621,0.368,0.531,27.8,0.577
CUST04055,Chennai,Routine_Commuter,55.8,1,Mall_Retail,13,0.584,0.346,0.542,0.591,27.7,0.401
CUST04056,Kolkata,High_Mileage,70.5,0,Highway,18,0.716,0.688,0.97,0.949,28.9,0.463
CUST04057,Hyderabad,Convenience_First,63.7,0,Residential,6,0.801,0.131,0.815,0.64,22.4,0.243
CUST04058,Mumbai,Routine_Commuter,51.6,1,Residential,8,0.843,0.605,0.84,0.91,17.1,0.463
CUST04059,Lucknow,Routine_Commuter,56.0,1,Residential,11,0.591,0.508,0.787,0.634,25.2,0.436
CUST04060,Bengaluru,Routine_Commuter,55.2,0,Office_Commercial,9,0.64,0.52,0.505,0.657,30.2,0.501
CUST04061,Ahmedabad,Routine_Commuter,48.3,0,Office_Commercial,8,0.752,0.337,0.662,0.734,16.9,0.368
CUST04062,Kolkata,Price_Sensitive,48.9,0,Transit_Public,10,0.518,0.873,0.336,0.513,22.8,0.738
CUST04063,Ahmedabad,Convenience_First,56.1,0,Fleet,7,0.835,0.184,0.818,0.822,29.6,0.248
CUST04064,Mumbai,Convenience_First,48.2,1,Fleet,8,0.867,0.298,0.929,0.806,15.9,0.294
CUST04065,Delhi NCR,Routine_Commuter,55.6,0,Residential,11,0.694,0.69,0.711,0.723,20.1,0.548
CUST04066,Pune,Routine_Commuter,50.1,1,Residential,10,0.579,0.407,0.589,0.752,19.1,0.401
CUST04067,Chennai,Routine_Commuter,56.9,0,Mall_Retail,11,0.958,0.516,0.655,0.42,27.5,0.536
CUST04068,Mumbai,Routine_Commuter,53.9,1,Office_Commercial,13,0.801,0.39,0.753,0.788,15.4,0.376
CUST04069,Pune,High_Mileage,67.8,0,Transit_Public,17,0.692,0.718,0.449,0.908,23.5,0.588
CUST04070,Delhi NCR,Routine_Commuter,53.3,0,Highway,11,0.755,0.628,0.77,0.742,19.5,0.506
CUST04071,Bengaluru,Routine_Commuter,46.8,1,Transit_Public,11,0.936,0.279,0.815,0.572,21.9,0.348
CUST04072,Ahmedabad,Price_Sensitive,44.8,0,Mall_Retail,8,0.543,0.818,0.489,0.44,20.8,0.69
CUST04073,Hyderabad,Routine_Commuter,46.7,1,Residential,11,0.791,0.563,0.732,0.616,21.9,0.5
CUST04074,Bengaluru,Routine_Commuter,54.7,1,Transit_Public,14,0.547,0.336,0.599,0.666,26.0,0.37
CUST04075,Chennai,Routine_Commuter,60.8,1,Office_Commercial,10,0.833,0.641,0.601,0.706,21.9,0.56
CUST04076,Mumbai,Routine_Commuter,49.5,0,Residential,9,0.99,0.247,0.562,0.792,24.9,0.353
CUST04077,Chandigarh,High_Mileage,60.3,0,Highway,23,0.342,0.601,0.794,0.99,21.9,0.408
CUST04078,Pune,Routine_Commuter,59.8,1,Mall_Retail,12,0.783,0.473,0.821,0.704,29.1,0.419
CUST04079,Kolkata,Routine_Commuter,47.4,1,Office_Commercial,13,0.67,0.573,0.756,0.622,12.1,0.488
CUST04080,Pune,Routine_Commuter,48.9,1,Residential,14,0.58,0.353,0.718,0.754,19.5,0.346
CUST04081,Jaipur,Price_Sensitive,36.5,1,Residential,7,0.488,0.799,0.545,0.613,21.0,0.637
CUST04082,Kolkata,Convenience_First,60.6,0,Office_Commercial,10,0.811,0.215,0.945,0.822,24.7,0.237
CUST04083,Pune,Price_Sensitive,41.9,1,Mall_Retail,11,0.238,0.79,0.414,0.465,18.9,0.656
CUST04084,Mumbai,Routine_Commuter,53.1,1,Office_Commercial,11,0.954,0.463,0.889,0.81,21.4,0.401
CUST04085,Chennai,Routine_Commuter,49.4,1,Residential,9,0.656,0.467,0.608,0.629,18.6,0.456
CUST04086,Hyderabad,Routine_Commuter,47.9,1,Residential,11,0.935,0.561,0.77,0.744,24.7,0.486
CUST04087,Kolkata,Routine_Commuter,52.4,0,Highway,9,0.818,0.422,0.654,0.403,21.9,0.473
CUST04088,Kochi,Routine_Commuter,62.7,1,Mall_Retail,8,0.691,0.314,0.669,0.669,22.9,0.358
CUST04089,Bengaluru,Routine_Commuter,59.2,0,Residential,13,0.3,0.513,0.821,0.658,29.3,0.399
CUST04090,Pune,Routine_Commuter,54.6,1,Residential,10,0.476,0.511,0.753,0.835,20.9,0.403
CUST04091,Delhi NCR,Price_Sensitive,53.7,0,Fleet,10,0.479,0.897,0.322,0.689,25.2,0.723
CUST04092,Chennai,Price_Sensitive,50.2,1,Mall_Retail,11,0.543,0.99,0.493,0.528,19.6,0.771
CUST04093,Ahmedabad,High_Mileage,67.5,0,Office_Commercial,18,0.693,0.683,0.658,0.848,20.6,0.536
CUST04094,Jaipur,High_Mileage,64.3,1,Fleet,24,0.435,0.779,0.942,0.926,23.9,0.495
CUST04095,Lucknow,Convenience_First,62.5,0,Residential,10,0.688,0.394,0.813,0.774,30.5,0.357
CUST04096,Hyderabad,Convenience_First,50.7,0,Hotel,6,0.912,0.19,0.721,0.982,19.2,0.254
CUST04097,Delhi NCR,Price_Sensitive,48.2,1,Mall_Retail,10,0.576,0.882,0.564,0.483,23.8,0.707
CUST04098,Mumbai,Routine_Commuter,45.7,1,Office_Commercial,14,0.661,0.677,0.75,0.748,15.8,0.526
CUST04099,Delhi NCR,Price_Sensitive,48.3,0,Highway,7,0.699,0.714,0.34,0.661,15.0,0.646
CUST04100,Jaipur,Routine_Commuter,41.4,0,Office_Commercial,14,0.831,0.515,0.733,0.748,19.9,0.458
CUST04101,Kolkata,Routine_Commuter,59.8,0,Mall_Retail,13,0.563,0.541,0.567,0.99,29.5,0.442
CUST04102,Chandigarh,Price_Sensitive,41.0,0,Mall_Retail,11,0.656,0.798,0.368,0.449,17.4,0.714
CUST04103,Jaipur,High_Mileage,80.3,0,Fleet,23,0.574,0.514,0.737,0.916,38.5,0.405
CUST04104,Chennai,Routine_Commuter,67.4,1,Residential,9,0.971,0.513,0.744,0.384,26.6,0.523
CUST04105,Bengaluru,Convenience_First,50.7,0,Office_Commercial,6,0.864,0.355,0.886,0.643,20.2,0.358
CUST04106,Chandigarh,Routine_Commuter,50.1,1,Office_Commercial,8,0.795,0.593,0.732,0.686,21.0,0.507
CUST04107,Kolkata,Routine_Commuter,47.5,1,Residential,11,0.47,0.555,0.697,0.655,24.5,0.464
CUST04108,Delhi NCR,Routine_Commuter,47.7,1,Residential,13,0.883,0.668,0.63,0.57,25.0,0.595
CUST04109,Ahmedabad,Routine_Commuter,62.2,1,Office_Commercial,9,0.695,0.398,0.5,0.759,26.5,0.424
CUST04110,Mumbai,Convenience_First,39.9,0,Mall_Retail,9,0.864,0.244,0.866,0.681,18.5,0.295
CUST04111,Hyderabad,High_Mileage,70.3,0,Highway,21,0.167,0.749,0.763,0.925,30.9,0.487
CUST04112,Ahmedabad,Routine_Commuter,41.6,1,Highway,14,0.777,0.558,0.657,0.828,15.2,0.479
CUST04113,Bengaluru,Convenience_First,58.0,1,Office_Commercial,10,0.809,0.167,0.956,0.771,27.5,0.216
CUST04114,Ahmedabad,Routine_Commuter,68.3,1,Residential,14,0.662,0.434,0.65,0.658,29.1,0.426
CUST04115,Delhi NCR,Convenience_First,67.2,0,Transit_Public,6,0.806,0.232,0.99,0.693,35.5,0.256
CUST04116,Lucknow,High_Mileage,54.3,0,Mall_Retail,17,0.664,0.796,0.778,0.775,23.1,0.582
CUST04117,Bengaluru,Price_Sensitive,64.5,0,Residential,12,0.096,0.639,0.4,0.569,25.0,0.546
CUST04118,Bengaluru,Price_Sensitive,50.5,0,Residential,12,0.501,0.796,0.313,0.344,21.6,0.724
CUST04119,Pune,Price_Sensitive,64.9,1,Residential,9,0.406,0.879,0.441,0.706,24.4,0.68
CUST04120,Jaipur,Routine_Commuter,54.3,1,Office_Commercial,13,0.937,0.618,0.606,0.661,22.8,0.563
CUST04121,Bengaluru,Price_Sensitive,48.3,0,Mall_Retail,9,0.314,0.9,0.327,0.561,24.1,0.727
CUST04122,Mumbai,Routine_Commuter,51.6,1,Office_Commercial,11,0.709,0.698,0.592,0.708,25.4,0.58
CUST04123,Pune,Price_Sensitive,50.9,1,Residential,8,0.757,0.846,0.361,0.543,21.8,0.737
CUST04124,Ahmedabad,Price_Sensitive,65.0,1,Residential,10,0.458,0.909,0.37,0.704,32.7,0.716
CUST04125,Pune,Convenience_First,58.4,0,Mall_Retail,9,0.809,0.238,0.99,0.799,26.2,0.244
CUST04126,Chandigarh,Convenience_First,50.2,0,Mall_Retail,10,0.653,0.39,0.869,0.831,21.3,0.331
CUST04127,Hyderabad,Price_Sensitive,45.8,0,Fleet,12,0.618,0.907,0.58,0.704,17.5,0.689
CUST04128,Ahmedabad,Convenience_First,42.1,0,Mall_Retail,7,0.895,0.269,0.99,0.747,14.0,0.278
CUST04129,Delhi NCR,Convenience_First,74.4,0,Transit_Public,9,0.758,0.402,0.87,0.773,30.8,0.357
CUST04130,Chennai,Price_Sensitive,52.0,0,Mall_Retail,7,0.439,0.933,0.674,0.656,29.2,0.674
CUST04131,Delhi NCR,Convenience_First,63.7,0,Office_Commercial,7,0.806,0.223,0.904,0.724,26.0,0.264
CUST04132,Pune,Price_Sensitive,40.0,0,Highway,7,0.393,0.944,0.508,0.291,15.6,0.763
CUST04133,Pune,Routine_Commuter,61.7,1,Residential,10,0.577,0.362,0.755,0.964,15.9,0.311
CUST04134,Delhi NCR,Price_Sensitive,64.6,1,Mall_Retail,8,0.784,0.929,0.769,0.819,18.5,0.663
CUST04135,Kochi,High_Mileage,87.2,0,Highway,19,0.54,0.48,0.914,0.892,31.9,0.351
CUST04136,Mumbai,Convenience_First,48.0,1,Transit_Public,9,0.733,0.427,0.863,0.846,25.0,0.358
CUST04137,Kolkata,Convenience_First,64.4,0,Highway,10,0.905,0.203,0.973,0.915,27.4,0.22
CUST04138,Mumbai,Convenience_First,62.7,0,Residential,6,0.817,0.163,0.739,0.628,28.9,0.28
CUST04139,Delhi NCR,Routine_Commuter,53.1,1,Residential,10,0.689,0.579,0.445,0.451,23.4,0.58
CUST04140,Jaipur,Convenience_First,67.0,1,Transit_Public,9,0.873,0.137,0.727,0.747,22.6,0.255
CUST04141,Delhi NCR,Routine_Commuter,54.1,0,Office_Commercial,12,0.64,0.45,0.367,0.821,20.5,0.465
CUST04142,Jaipur,Routine_Commuter,68.4,1,Office_Commercial,9,0.892,0.707,0.839,0.648,26.4,0.563
CUST04143,Pune,Convenience_First,58.4,0,Highway,5,0.833,0.304,0.893,0.866,17.7,0.292
CUST04144,Bengaluru,Routine_Commuter,41.9,1,Transit_Public,11,0.706,0.23,0.498,0.781,14.6,0.33
CUST04145,Hyderabad,Routine_Commuter,53.2,1,Residential,12,0.786,0.366,0.574,0.855,11.8,0.387
CUST04146,Bengaluru,Price_Sensitive,53.3,0,Residential,12,0.3,0.714,0.44,0.532,20.1,0.605
CUST04147,Mumbai,Routine_Commuter,64.8,1,Office_Commercial,12,0.8,0.515,0.615,0.681,39.2,0.488
CUST04148,Delhi NCR,Price_Sensitive,40.6,1,Highway,11,0.468,0.856,0.023,0.714,14.6,0.756
CUST04149,Hyderabad,Price_Sensitive,59.0,0,Highway,12,0.706,0.99,0.495,0.515,24.6,0.789
CUST04150,Lucknow,Price_Sensitive,45.6,0,Office_Commercial,11,0.538,0.9,0.244,0.444,22.3,0.783
CUST04151,Mumbai,Routine_Commuter,55.7,1,Hotel,10,0.983,0.483,0.571,0.494,23.8,0.526
CUST04152,Jaipur,Routine_Commuter,45.8,1,Office_Commercial,10,0.688,0.362,0.795,0.833,19.0,0.334
CUST04153,Delhi NCR,Routine_Commuter,40.1,0,Mall_Retail,11,0.833,0.577,0.449,0.463,16.6,0.592
CUST04154,Lucknow,Price_Sensitive,40.6,1,Mall_Retail,6,0.683,0.652,0.53,0.603,16.9,0.581
CUST04155,Bengaluru,Routine_Commuter,43.5,1,Office_Commercial,10,0.747,0.577,0.273,0.656,21.6,0.589
CUST04156,Lucknow,Routine_Commuter,44.4,1,Mall_Retail,14,0.607,0.413,0.791,0.607,25.3,0.389
CUST04157,Bengaluru,Convenience_First,51.4,0,Mall_Retail,7,0.73,0.284,0.955,0.829,19.7,0.264
CUST04158,Mumbai,Routine_Commuter,46.7,1,Residential,11,0.748,0.591,0.513,0.66,19.9,0.548
CUST04159,Kochi,Convenience_First,58.7,0,Transit_Public,8,0.712,0.295,0.774,0.704,20.2,0.323
CUST04160,Delhi NCR,Price_Sensitive,49.8,1,Transit_Public,9,0.562,0.745,0.459,0.801,23.7,0.604
CUST04161,Ahmedabad,Routine_Commuter,53.2,0,Office_Commercial,8,0.848,0.606,0.653,0.552,21.3,0.555
CUST04162,Bengaluru,Routine_Commuter,47.3,1,Residential,11,0.555,0.386,0.883,0.786,28.5,0.323
CUST04163,Kochi,Price_Sensitive,46.4,1,Residential,8,0.634,0.969,0.414,0.774,16.7,0.747
CUST04164,Bengaluru,Convenience_First,69.0,0,Highway,7,0.969,0.383,0.863,0.703,24.4,0.379
CUST04165,Ahmedabad,Price_Sensitive,49.0,0,Office_Commercial,7,0.394,0.864,0.57,0.45,18.2,0.683
CUST04166,Delhi NCR,High_Mileage,49.0,0,Transit_Public,21,0.694,0.7,0.638,0.99,22.4,0.528
CUST04167,Pune,Price_Sensitive,57.9,1,Highway,12,0.547,0.811,0.211,0.824,20.9,0.685
CUST04168,Bengaluru,Price_Sensitive,43.9,0,Mall_Retail,10,0.574,0.719,0.643,0.597,18.1,0.585
CUST04169,Pune,Convenience_First,70.7,0,Highway,9,0.902,0.261,0.838,0.824,39.1,0.292
CUST04170,Delhi NCR,Price_Sensitive,57.9,1,Residential,10,0.682,0.766,0.529,0.85,22.1,0.606
CUST04171,Ahmedabad,Routine_Commuter,44.2,0,Office_Commercial,10,0.742,0.664,0.748,0.468,18.6,0.57
CUST04172,Pune,High_Mileage,61.5,1,Fleet,22,0.562,0.75,0.669,0.911,24.4,0.548
CUST04173,Chennai,Routine_Commuter,61.4,1,Office_Commercial,13,0.598,0.654,0.81,0.695,32.9,0.503
CUST04174,Jaipur,Price_Sensitive,62.1,0,Office_Commercial,12,0.37,0.97,0.446,0.463,21.2,0.762
CUST04175,Chandigarh,High_Mileage,66.8,1,Fleet,20,0.639,0.703,0.794,0.704,33.7,0.536
CUST04176,Mumbai,Convenience_First,63.0,0,Fleet,8,0.821,0.3,0.93,0.584,36.9,0.324
CUST04177,Ahmedabad,Routine_Commuter,48.8,1,Office_Commercial,10,0.706,0.554,0.746,0.827,16.8,0.452
CUST04178,Chennai,High_Mileage,77.7,0,Mall_Retail,17,0.946,0.805,0.79,0.981,36.8,0.582
CUST04179,Chandigarh,Convenience_First,73.1,0,Mall_Retail,7,0.656,0.143,0.99,0.808,28.5,0.175
CUST04180,Bengaluru,Routine_Commuter,50.1,1,Residential,8,0.685,0.629,0.734,0.778,18.0,0.501
CUST04181,Mumbai,Convenience_First,55.4,0,Highway,6,0.688,0.135,0.891,0.869,28.5,0.185
CUST04182,Kochi,Convenience_First,73.0,0,Fleet,7,0.918,0.219,0.797,0.889,39.6,0.269
CUST04183,Ahmedabad,Price_Sensitive,69.1,0,Highway,12,0.435,0.933,0.314,0.357,30.2,0.79
CUST04184,Jaipur,High_Mileage,56.2,0,Fleet,21,0.775,0.725,0.658,0.884,23.9,0.562
CUST04185,Chandigarh,Convenience_First,76.3,1,Fleet,5,0.867,0.229,0.687,0.81,35.6,0.303
CUST04186,Bengaluru,Price_Sensitive,35.0,0,Mall_Retail,10,0.325,0.832,0.411,0.609,16.7,0.667
CUST04187,Kochi,High_Mileage,78.1,0,Fleet,19,0.67,0.886,0.648,0.826,23.2,0.651
CUST04188,Delhi NCR,Price_Sensitive,49.8,1,Transit_Public,12,0.486,0.857,0.46,0.48,20.7,0.706
CUST04189,Hyderabad,Price_Sensitive,53.8,0,Mall_Retail,6,0.454,0.988,0.664,0.47,28.2,0.735
CUST04190,Pune,Routine_Commuter,64.9,0,Office_Commercial,9,0.758,0.484,0.519,0.736,31.3,0.478
CUST04191,Lucknow,High_Mileage,80.1,0,Highway,22,0.612,0.558,0.911,0.816,33.5,0.414
CUST04192,Delhi NCR,Convenience_First,77.0,0,Mall_Retail,6,0.81,0.339,0.943,0.758,36.1,0.315
CUST04193,Delhi NCR,Routine_Commuter,47.1,1,Office_Commercial,8,0.744,0.037,0.564,0.801,13.1,0.212
CUST04194,Mumbai,Convenience_First,60.8,1,Office_Commercial,5,0.933,0.042,0.866,0.653,22.9,0.195
CUST04195,Pune,Routine_Commuter,48.4,1,Residential,12,0.697,0.537,0.68,0.631,19.6,0.484
CUST04196,Lucknow,Routine_Commuter,51.1,1,Hotel,12,0.696,0.412,0.731,0.815,20.7,0.378
CUST04197,Lucknow,Price_Sensitive,63.0,0,Office_Commercial,9,0.499,0.99,0.475,0.776,26.5,0.733
CUST04198,Delhi NCR,Convenience_First,49.0,0,Fleet,7,0.796,0.417,0.91,0.895,20.4,0.343
CUST04199,Lucknow,Routine_Commuter,67.2,1,Residential,8,0.849,0.48,0.775,0.963,40.8,0.399
CUST04200,Chandigarh,Routine_Commuter,56.0,1,Residential,10,0.907,0.684,0.452,0.847,25.4,0.599
CUST04201,Pune,Price_Sensitive,48.0,1,Mall_Retail,8,0.447,0.9,0.435,0.278,23.2,0.761
CUST04202,Hyderabad,Routine_Commuter,57.4,1,Residential,11,0.708,0.335,0.651,0.728,24.4,0.365
CUST04203,Delhi NCR,High_Mileage,77.9,0,Transit_Public,17,0.626,0.527,0.894,0.925,17.9,0.385
CUST04204,Delhi NCR,High_Mileage,65.9,0,Mall_Retail,15,0.382,0.758,0.751,0.971,12.9,0.509
CUST04205,Delhi NCR,Routine_Commuter,60.8,1,Highway,9,0.437,0.614,0.69,0.73,25.8,0.484
CUST04206,Hyderabad,Routine_Commuter,47.2,1,Hotel,14,0.728,0.646,0.639,0.603,25.1,0.56
CUST04207,Hyderabad,High_Mileage,74.5,0,Fleet,22,0.465,0.663,0.808,0.748,34.0,0.488
CUST04208,Jaipur,Convenience_First,57.7,1,Highway,6,0.85,0.189,0.879,0.737,17.0,0.253
CUST04209,Kolkata,Price_Sensitive,50.3,0,Residential,7,0.608,0.802,0.342,0.407,24.8,0.723
CUST04210,Jaipur,Routine_Commuter,57.8,1,Residential,8,0.61,0.531,0.73,0.729,28.0,0.448
CUST04211,Bengaluru,Routine_Commuter,41.9,1,Office_Commercial,9,0.811,0.412,0.564,0.772,16.3,0.429
CUST04212,Bengaluru,Routine_Commuter,51.8,1,Residential,11,0.69,0.641,0.715,0.712,14.8,0.522
CUST04213,Hyderabad,High_Mileage,59.5,0,Office_Commercial,15,0.734,0.56,0.547,0.962,29.4,0.478
CUST04214,Bengaluru,Convenience_First,59.9,0,Highway,10,0.749,0.38,0.838,0.861,30.3,0.337
CUST04215,Hyderabad,Price_Sensitive,53.0,0,Residential,7,0.01,0.884,0.39,0.321,24.6,0.711
CUST04216,Delhi NCR,Routine_Commuter,52.0,0,Office_Commercial,10,0.773,0.283,0.674,0.749,20.6,0.336
CUST04217,Pune,Routine_Commuter,65.4,1,Residential,13,0.879,0.301,0.567,0.799,28.9,0.37
CUST04218,Bengaluru,Routine_Commuter,72.1,1,Residential,13,0.575,0.291,0.99,0.728,32.4,0.26
CUST04219,Kolkata,Routine_Commuter,55.3,1,Residential,13,0.494,0.3,0.577,0.655,24.4,0.351
CUST04220,Ahmedabad,Routine_Commuter,61.2,0,Mall_Retail,12,0.548,0.653,0.536,0.906,25.7,0.521
CUST04221,Chandigarh,Price_Sensitive,55.1,0,Hotel,11,0.78,0.83,0.313,0.633,27.3,0.727
CUST04222,Mumbai,Convenience_First,70.1,0,Transit_Public,6,0.75,0.298,0.809,0.673,36.8,0.326
CUST04223,Hyderabad,Convenience_First,63.2,0,Highway,6,0.721,0.178,0.99,0.79,28.5,0.203
CUST04224,Pune,Convenience_First,78.3,0,Residential,6,0.86,0.249,0.95,0.746,31.4,0.271
CUST04225,Hyderabad,Routine_Commuter,54.0,1,Residential,8,0.8,0.518,0.913,0.668,23.1,0.432
CUST04226,Lucknow,Routine_Commuter,52.0,1,Residential,11,0.99,0.39,0.684,0.922,21.6,0.388
CUST04227,Bengaluru,Price_Sensitive,53.8,1,Transit_Public,9,0.433,0.555,0.475,0.56,30.2,0.519
CUST04228,Lucknow,Routine_Commuter,42.6,1,Office_Commercial,13,0.596,0.479,0.56,0.875,18.8,0.43
CUST04229,Jaipur,Price_Sensitive,42.5,1,Office_Commercial,8,0.519,0.728,0.384,0.482,16.1,0.653
CUST04230,Kolkata,Price_Sensitive,57.0,1,Residential,11,0.882,0.722,0.541,0.585,27.1,0.639
CUST04231,Bengaluru,Convenience_First,59.5,1,Highway,5,0.829,0.199,0.791,0.737,26.4,0.274
CUST04232,Kochi,Routine_Commuter,67.3,0,Office_Commercial,10,0.69,0.411,0.629,0.762,33.5,0.405
CUST04233,Hyderabad,Routine_Commuter,71.7,1,Residential,12,0.548,0.612,0.623,0.759,38.8,0.503
CUST04234,Lucknow,Routine_Commuter,65.6,1,Office_Commercial,12,0.74,0.379,0.702,0.673,26.1,0.391
CUST04235,Bengaluru,Price_Sensitive,54.1,1,Highway,12,0.327,0.774,0.532,0.716,17.9,0.595
CUST04236,Delhi NCR,Convenience_First,64.1,0,Highway,7,0.884,0.076,0.916,0.718,25.1,0.189
CUST04237,Pune,Routine_Commuter,57.2,0,Office_Commercial,13,0.714,0.491,0.768,0.948,28.7,0.396
CUST04238,Chennai,Routine_Commuter,58.6,1,Hotel,10,0.713,0.655,0.754,0.598,23.3,0.541
CUST04239,Mumbai,Convenience_First,72.0,0,Highway,9,0.845,0.392,0.863,0.819,27.6,0.355
CUST04240,Bengaluru,Price_Sensitive,64.1,1,Mall_Retail,11,0.22,0.932,0.602,0.733,32.1,0.654
CUST04241,Chandigarh,Price_Sensitive,48.1,0,Transit_Public,11,0.491,0.912,0.399,0.436,19.9,0.756
CUST04242,Pune,Price_Sensitive,59.1,1,Residential,8,0.522,0.837,0.484,0.475,26.6,0.694
CUST04243,Delhi NCR,Price_Sensitive,44.9,0,Mall_Retail,7,0.433,0.786,0.669,0.49,17.5,0.619
CUST04244,Jaipur,Price_Sensitive,52.0,0,Mall_Retail,7,0.445,0.99,0.537,0.646,24.2,0.735
CUST04245,Jaipur,Routine_Commuter,63.4,1,Residential,13,0.678,0.579,0.69,0.976,21.1,0.452
CUST04246,Hyderabad,Convenience_First,51.9,0,Office_Commercial,7,0.791,0.218,0.872,0.779,19.5,0.258
CUST04247,Hyderabad,Routine_Commuter,65.9,1,Transit_Public,9,0.535,0.667,0.793,0.65,31.0,0.514
CUST04248,Bengaluru,High_Mileage,61.7,0,Fleet,19,0.565,0.471,0.652,0.99,27.2,0.387
CUST04249,Ahmedabad,Routine_Commuter,63.9,1,Transit_Public,9,0.829,0.734,0.617,0.796,20.5,0.594
CUST04250,Jaipur,Convenience_First,54.3,0,Fleet,8,0.758,0.318,0.943,0.81,26.5,0.291
CUST04251,Mumbai,Price_Sensitive,36.3,0,Fleet,12,0.264,0.761,0.462,0.369,19.8,0.647
CUST04252,Mumbai,Routine_Commuter,46.5,0,Mall_Retail,12,0.781,0.704,0.786,0.679,15.4,0.556
CUST04253,Jaipur,Routine_Commuter,50.5,0,Residential,10,0.888,0.309,0.684,0.57,21.8,0.386
CUST04254,Ahmedabad,Routine_Commuter,60.9,1,Office_Commercial,12,0.871,0.458,0.738,0.697,25.5,0.437
CUST04255,Ahmedabad,Convenience_First,35.0,0,Highway,8,0.757,0.248,0.798,0.725,12.3,0.294
CUST04256,Kolkata,Routine_Commuter,58.6,1,Residential,14,0.797,0.697,0.7,0.823,29.0,0.55
CUST04257,Hyderabad,Routine_Commuter,62.1,1,Mall_Retail,11,0.702,0.483,0.727,0.763,25.2,0.426
CUST04258,Delhi NCR,Price_Sensitive,47.8,1,Mall_Retail,11,0.501,0.794,0.694,0.481,15.7,0.626
CUST04259,Delhi NCR,Routine_Commuter,50.9,1,Highway,14,0.749,0.368,0.581,0.528,26.9,0.432
CUST04260,Mumbai,Routine_Commuter,58.0,1,Residential,12,0.576,0.778,0.78,0.594,23.5,0.59
CUST04261,Chennai,Price_Sensitive,46.1,0,Office_Commercial,12,0.503,0.798,0.01,0.8,19.4,0.717
CUST04262,Chennai,Convenience_First,63.7,1,Hotel,9,0.82,0.368,0.827,0.854,22.3,0.341
CUST04263,Hyderabad,Convenience_First,45.6,0,Highway,9,0.78,0.364,0.894,0.831,24.2,0.325
CUST04264,Delhi NCR,High_Mileage,66.9,0,Highway,15,0.709,0.602,0.75,0.7,32.9,0.497
CUST04265,Pune,High_Mileage,56.8,0,Highway,19,0.531,0.802,0.987,0.858,20.4,0.518
CUST04266,Hyderabad,Routine_Commuter,54.9,1,Office_Commercial,9,0.936,0.616,0.546,0.99,18.5,0.525
CUST04267,Pune,Routine_Commuter,62.3,1,Residential,9,0.4,0.658,0.778,0.665,25.1,0.496
CUST04268,Bengaluru,Price_Sensitive,56.7,1,Residential,10,0.711,0.948,0.544,0.493,28.1,0.76
CUST04269,Hyderabad,Convenience_First,71.9,0,Highway,8,0.737,0.305,0.838,0.9,27.2,0.289
CUST04270,Hyderabad,Convenience_First,60.5,1,Highway,8,0.81,0.432,0.753,0.8,24.0,0.398
CUST04271,Hyderabad,Routine_Commuter,52.3,1,Residential,9,0.859,0.314,0.488,0.834,19.7,0.386
CUST04272,Jaipur,Price_Sensitive,49.3,0,Mall_Retail,10,0.553,0.91,0.691,0.302,19.9,0.722
CUST04273,Chennai,Routine_Commuter,46.1,1,Residential,13,0.756,0.468,0.746,0.779,20.3,0.417
CUST04274,Lucknow,Routine_Commuter,46.5,1,Hotel,10,0.881,0.521,0.856,0.893,20.7,0.419
CUST04275,Bengaluru,Convenience_First,59.7,1,Residential,8,0.77,0.415,0.825,0.874,26.5,0.359
CUST04276,Chennai,Routine_Commuter,74.7,0,Mall_Retail,14,0.779,0.544,0.803,0.759,34.0,0.453
CUST04277,Jaipur,High_Mileage,70.2,0,Transit_Public,16,0.53,0.745,0.644,0.814,23.5,0.562
CUST04278,Delhi NCR,Price_Sensitive,58.9,1,Mall_Retail,8,0.695,0.675,0.533,0.4,21.4,0.624
CUST04279,Jaipur,Convenience_First,59.9,0,Highway,5,0.848,0.226,0.88,0.698,26.8,0.278
CUST04280,Ahmedabad,Routine_Commuter,60.5,1,Fleet,10,0.659,0.748,0.723,0.741,25.7,0.572
CUST04281,Kochi,Convenience_First,55.9,1,Transit_Public,5,0.81,0.323,0.834,0.835,21.3,0.317
CUST04282,Mumbai,Routine_Commuter,53.9,1,Residential,10,0.654,0.575,0.524,0.8,31.1,0.507
CUST04283,Ahmedabad,Routine_Commuter,43.9,1,Office_Commercial,14,0.825,0.402,0.816,0.716,15.7,0.383
CUST04284,Delhi NCR,Convenience_First,64.5,1,Mall_Retail,6,0.824,0.371,0.953,0.806,29.2,0.325
CUST04285,Delhi NCR,Routine_Commuter,43.0,1,Residential,9,0.684,0.479,0.852,0.754,19.9,0.398
CUST04286,Chennai,Price_Sensitive,41.7,0,Mall_Retail,9,0.65,0.933,0.602,0.439,10.1,0.742
CUST04287,Mumbai,High_Mileage,69.1,0,Fleet,23,0.751,0.665,0.699,0.965,27.2,0.506
CUST04288,Jaipur,Price_Sensitive,47.0,0,Residential,8,0.508,0.775,0.331,0.582,20.5,0.674
CUST04289,Jaipur,Convenience_First,67.6,0,Mall_Retail,5,0.771,0.322,0.899,0.81,25.1,0.303
CUST04290,Hyderabad,High_Mileage,76.3,0,Office_Commercial,25,0.507,0.607,0.659,0.884,20.5,0.47
CUST04291,Mumbai,Convenience_First,41.3,1,Mall_Retail,6,0.848,0.267,0.987,0.632,19.3,0.29
CUST04292,Ahmedabad,Price_Sensitive,38.2,1,Mall_Retail,12,0.559,0.78,0.401,0.62,16.8,0.661
CUST04293,Hyderabad,Routine_Commuter,62.6,1,Mall_Retail,13,0.757,0.476,0.583,0.686,21.8,0.468
CUST04294,Delhi NCR,Convenience_First,57.7,0,Office_Commercial,6,0.837,0.306,0.9,0.753,29.0,0.309
CUST04295,Bengaluru,Price_Sensitive,51.3,0,Mall_Retail,11,0.653,0.783,0.304,0.525,13.3,0.707
CUST04296,Ahmedabad,Routine_Commuter,51.6,0,Office_Commercial,10,0.778,0.813,0.563,0.635,21.9,0.667
CUST04297,Bengaluru,Convenience_First,73.2,0,Highway,10,0.743,0.23,0.777,0.898,31.1,0.261
CUST04298,Kochi,High_Mileage,61.3,0,Fleet,24,0.749,0.66,0.688,0.869,14.2,0.52
CUST04299,Chennai,Convenience_First,65.5,1,Transit_Public,6,0.662,0.2,0.817,0.794,31.0,0.244
CUST04300,Bengaluru,Routine_Commuter,66.9,0,Residential,13,0.592,0.321,0.612,0.765,28.3,0.349
CUST04301,Kolkata,Convenience_First,61.0,0,Highway,9,0.937,0.248,0.881,0.759,32.9,0.29
CUST04302,Lucknow,Price_Sensitive,47.1,1,Residential,7,0.638,0.806,0.508,0.515,23.2,0.678
CUST04303,Delhi NCR,Convenience_First,44.3,0,Highway,6,0.92,0.177,0.8,0.747,23.4,0.267
CUST04304,Chandigarh,Routine_Commuter,50.2,0,Office_Commercial,10,0.488,0.721,0.652,0.921,17.3,0.527
CUST04305,Hyderabad,Convenience_First,65.1,1,Residential,8,0.826,0.545,0.727,0.635,28.9,0.492
CUST04306,Hyderabad,Routine_Commuter,47.8,1,Office_Commercial,8,0.711,0.532,0.626,0.687,17.0,0.486
CUST04307,Kolkata,Price_Sensitive,51.6,0,Office_Commercial,6,0.437,0.594,0.519,0.421,25.0,0.553
CUST04308,Mumbai,High_Mileage,78.2,1,Mall_Retail,19,0.606,0.581,0.607,0.764,34.2,0.494
CUST04309,Kochi,Convenience_First,55.1,1,Transit_Public,8,0.947,0.47,0.812,0.973,22.7,0.395
CUST04310,Pune,Routine_Commuter,53.4,1,Office_Commercial,8,0.882,0.594,0.864,0.617,18.1,0.5
CUST04311,Chennai,Routine_Commuter,45.6,0,Highway,10,0.734,0.668,0.548,0.673,14.8,0.58
CUST04312,Lucknow,High_Mileage,62.7,0,Fleet,19,0.44,0.519,0.578,0.91,35.4,0.428
CUST04313,Delhi NCR,Convenience_First,57.7,0,Transit_Public,9,0.793,0.329,0.775,0.918,21.1,0.317
CUST04314,Chandigarh,High_Mileage,82.3,0,Fleet,19,0.99,0.7,0.646,0.733,49.9,0.595
CUST04315,Delhi NCR,Price_Sensitive,51.6,0,Mall_Retail,12,0.696,0.9,0.291,0.763,20.7,0.742
CUST04316,Bengaluru,Price_Sensitive,50.6,0,Fleet,8,0.656,0.764,0.45,0.196,22.6,0.717
CUST04317,Chennai,Convenience_First,68.9,0,Residential,8,0.842,0.269,0.886,0.742,23.3,0.294
CUST04318,Bengaluru,High_Mileage,42.8,0,Mall_Retail,23,0.834,0.601,0.608,0.889,14.7,0.509
CUST04319,Kochi,Price_Sensitive,42.4,0,Mall_Retail,9,0.547,0.767,0.562,0.781,17.9,0.597
CUST04320,Delhi NCR,Routine_Commuter,54.5,1,Office_Commercial,14,0.584,0.547,0.618,0.679,28.9,0.484
CUST04321,Delhi NCR,Convenience_First,63.7,1,Office_Commercial,10,0.744,0.264,0.829,0.99,29.6,0.255
CUST04322,Pune,Routine_Commuter,52.7,0,Residential,11,0.707,0.637,0.604,0.854,24.5,0.522
CUST04323,Hyderabad,Price_Sensitive,54.5,0,Hotel,8,0.591,0.498,0.357,0.577,13.8,0.525
CUST04324,Delhi NCR,Convenience_First,56.8,0,Hotel,6,0.83,0.27,0.82,0.895,24.1,0.283
CUST04325,Kolkata,High_Mileage,61.7,0,Highway,21,0.759,0.768,0.854,0.799,22.2,0.558
CUST04326,Chandigarh,Convenience_First,61.2,1,Mall_Retail,7,0.881,0.279,0.842,0.746,28.7,0.311
CUST04327,Lucknow,Routine_Commuter,56.0,0,Mall_Retail,11,0.758,0.457,0.695,0.704,15.3,0.432
CUST04328,Mumbai,Convenience_First,54.7,1,Office_Commercial,6,0.833,0.133,0.793,0.728,32.4,0.238
CUST04329,Bengaluru,Price_Sensitive,54.2,1,Mall_Retail,8,0.495,0.99,0.724,0.432,22.4,0.735
CUST04330,Hyderabad,Convenience_First,62.1,0,Mall_Retail,8,0.949,0.169,0.937,0.692,24.5,0.247
CUST04331,Hyderabad,Routine_Commuter,68.9,1,Mall_Retail,14,0.649,0.599,0.796,0.673,19.4,0.484
CUST04332,Chandigarh,Routine_Commuter,53.6,0,Office_Commercial,14,0.641,0.608,0.338,0.794,21.2,0.561
CUST04333,Pune,Price_Sensitive,61.1,0,Residential,12,0.561,0.803,0.833,0.584,20.5,0.593
CUST04334,Ahmedabad,Convenience_First,55.7,0,Office_Commercial,5,0.892,0.188,0.898,0.641,21.2,0.267
CUST04335,Kolkata,Routine_Commuter,67.5,0,Office_Commercial,9,0.792,0.538,0.591,0.821,27.6,0.484
CUST04336,Kochi,High_Mileage,80.8,0,Residential,22,0.692,0.704,0.749,0.808,31.9,0.535
CUST04337,Chennai,Convenience_First,58.5,1,Fleet,5,0.916,0.166,0.922,0.863,22.1,0.219
CUST04338,Mumbai,Convenience_First,65.6,0,Transit_Public,8,0.806,0.189,0.805,0.753,29.4,0.261
CUST04339,Hyderabad,Routine_Commuter,44.0,1,Highway,12,0.72,0.333,0.547,0.792,12.6,0.377
CUST04340,Lucknow,Convenience_First,70.5,1,Office_Commercial,6,0.875,0.29,0.799,0.663,36.3,0.338
CUST04341,Chennai,Price_Sensitive,44.6,1,Mall_Retail,12,0.333,0.668,0.244,0.883,18.2,0.57
CUST04342,Ahmedabad,Convenience_First,39.3,0,Hotel,8,0.756,0.298,0.777,0.756,19.2,0.321
CUST04343,Kolkata,Convenience_First,62.3,0,Mall_Retail,5,0.855,0.276,0.784,0.807,25.5,0.309
CUST04344,Ahmedabad,Price_Sensitive,54.5,1,Office_Commercial,10,0.803,0.846,0.378,0.625,18.8,0.726
CUST04345,Chennai,Convenience_First,57.7,0,Highway,10,0.904,0.294,0.941,0.844,24.6,0.288
CUST04346,Mumbai,Convenience_First,54.5,0,Highway,10,0.82,0.072,0.942,0.835,20.7,0.158
CUST04347,Mumbai,Convenience_First,63.6,0,Mall_Retail,8,0.845,0.172,0.832,0.885,37.0,0.23
CUST04348,Mumbai,High_Mileage,71.6,1,Fleet,21,0.711,0.99,0.632,0.891,32.1,0.706
CUST04349,Delhi NCR,Convenience_First,47.0,0,Mall_Retail,7,0.774,0.295,0.819,0.787,15.7,0.308
CUST04350,Hyderabad,High_Mileage,74.2,0,Highway,17,0.497,0.559,0.826,0.933,29.2,0.402
CUST04351,Chennai,Routine_Commuter,63.1,1,Mall_Retail,9,0.602,0.695,0.705,0.867,30.3,0.521
CUST04352,Lucknow,Convenience_First,59.3,0,Mall_Retail,8,0.833,0.224,0.856,0.731,28.7,0.276
CUST04353,Delhi NCR,High_Mileage,47.4,0,Mall_Retail,24,0.451,0.57,0.656,0.898,20.6,0.443
CUST04354,Kochi,Price_Sensitive,43.4,0,Mall_Retail,9,0.3,0.99,0.609,0.589,19.1,0.714
CUST04355,Delhi NCR,Convenience_First,50.4,0,Residential,7,0.851,0.233,0.887,0.736,20.1,0.275
CUST04356,Hyderabad,Price_Sensitive,47.6,1,Office_Commercial,11,0.683,0.823,0.505,0.532,23.1,0.69
CUST04357,Chennai,Convenience_First,57.1,1,Highway,10,0.901,0.391,0.894,0.649,29.2,0.379
CUST04358,Lucknow,Convenience_First,49.4,0,Highway,5,0.789,0.223,0.773,0.644,17.2,0.301
CUST04359,Chennai,Price_Sensitive,62.8,1,Mall_Retail,7,0.175,0.99,0.638,0.68,26.3,0.682
CUST04360,Pune,Price_Sensitive,56.4,0,Mall_Retail,9,0.613,0.794,0.566,0.283,28.9,0.692
CUST04361,Delhi NCR,Convenience_First,67.6,0,Mall_Retail,8,0.985,0.154,0.971,0.931,25.4,0.199
CUST04362,Bengaluru,Convenience_First,79.8,0,Transit_Public,5,0.799,0.14,0.912,0.963,33.2,0.18
CUST04363,Delhi NCR,Convenience_First,61.5,1,Residential,9,0.795,0.358,0.912,0.635,30.0,0.349
CUST04364,Delhi NCR,Routine_Commuter,57.2,1,Office_Commercial,14,0.985,0.411,0.728,0.814,27.4,0.407
CUST04365,Jaipur,Price_Sensitive,50.1,1,Residential,8,0.307,0.832,0.724,0.407,23.4,0.633
CUST04366,Hyderabad,Routine_Commuter,64.4,1,Residential,11,0.576,0.522,0.811,0.773,13.0,0.417
CUST04367,Hyderabad,Routine_Commuter,59.2,0,Residential,14,0.694,0.212,0.668,0.867,15.8,0.272
CUST04368,Mumbai,Price_Sensitive,54.6,1,Office_Commercial,6,0.635,0.71,0.647,0.677,26.0,0.573
CUST04369,Kochi,Price_Sensitive,58.3,0,Transit_Public,12,0.756,0.799,0.693,0.597,31.2,0.637
CUST04370,Delhi NCR,Routine_Commuter,53.1,1,Office_Commercial,13,0.723,0.484,0.516,0.503,23.4,0.51
CUST04371,Jaipur,Convenience_First,66.3,0,Mall_Retail,8,0.828,0.262,0.916,0.831,30.0,0.269
CUST04372,Delhi NCR,Price_Sensitive,53.2,0,Mall_Retail,6,0.177,0.851,0.34,0.762,18.9,0.654
CUST04373,Pune,Price_Sensitive,42.2,1,Office_Commercial,6,0.419,0.719,0.424,0.533,17.1,0.623
CUST04374,Chennai,Routine_Commuter,35.0,0,Residential,9,0.768,0.555,0.657,0.802,15.0,0.48
CUST04375,Chennai,Routine_Commuter,58.8,0,Office_Commercial,14,0.807,0.326,0.707,0.566,24.3,0.384
CUST04376,Lucknow,Routine_Commuter,53.9,1,Office_Commercial,10,0.742,0.656,0.727,0.548,24.4,0.557
CUST04377,Kochi,Price_Sensitive,47.0,0,Transit_Public,11,0.438,0.754,0.572,0.658,14.7,0.596
CUST04378,Chandigarh,Convenience_First,58.4,1,Fleet,10,0.761,0.312,0.854,0.742,14.0,0.316
CUST04379,Delhi NCR,Routine_Commuter,71.1,1,Residential,13,0.773,0.553,0.674,0.895,26.4,0.463
CUST04380,Mumbai,Routine_Commuter,58.3,0,Hotel,10,0.421,0.496,0.859,0.767,29.2,0.378
CUST04381,Ahmedabad,High_Mileage,81.0,0,Mall_Retail,16,0.642,0.545,0.611,0.924,35.3,0.453
CUST04382,Jaipur,Routine_Commuter,60.3,1,Mall_Retail,13,0.664,0.571,0.591,0.79,24.6,0.494
CUST04383,Chandigarh,Convenience_First,66.8,0,Highway,5,0.766,0.321,0.899,0.789,27.5,0.305
CUST04384,Lucknow,Routine_Commuter,44.9,1,Transit_Public,13,0.721,0.539,0.701,0.789,8.8,0.46
CUST04385,Hyderabad,Convenience_First,62.2,0,Mall_Retail,5,0.78,0.064,0.824,0.821,27.3,0.175
CUST04386,Kolkata,Convenience_First,66.6,0,Highway,9,0.81,0.389,0.837,0.869,24.6,0.347
CUST04387,Mumbai,Convenience_First,69.3,0,Hotel,10,0.835,0.094,0.862,0.778,28.9,0.196
CUST04388,Hyderabad,Routine_Commuter,44.6,1,Residential,13,0.695,0.416,0.731,0.549,15.7,0.42
CUST04389,Kochi,Convenience_First,57.4,0,Hotel,8,0.876,0.17,0.99,0.747,33.7,0.221
CUST04390,Chennai,Price_Sensitive,35.0,0,Transit_Public,7,0.401,0.868,0.481,0.462,15.6,0.702
CUST04391,Bengaluru,High_Mileage,62.7,0,Residential,15,0.7,0.64,0.596,0.838,32.7,0.527
CUST04392,Delhi NCR,Routine_Commuter,56.3,1,Residential,9,0.587,0.453,0.576,0.577,22.0,0.456
CUST04393,Bengaluru,Routine_Commuter,55.3,1,Office_Commercial,14,0.766,0.402,0.788,0.578,25.7,0.404
CUST04394,Kolkata,Convenience_First,67.7,0,Highway,9,0.902,0.181,0.823,0.813,29.7,0.253
CUST04395,Bengaluru,Routine_Commuter,44.7,1,Mall_Retail,13,0.674,0.507,0.72,0.623,11.6,0.459
CUST04396,Chennai,Convenience_First,53.8,0,Fleet,5,0.93,0.229,0.904,0.757,17.1,0.275
CUST04397,Pune,Convenience_First,42.2,1,Highway,5,0.61,0.251,0.901,0.648,17.7,0.272
CUST04398,Kolkata,Routine_Commuter,61.5,0,Residential,8,0.908,0.395,0.669,0.532,25.2,0.445
CUST04399,Delhi NCR,Convenience_First,79.6,0,Highway,6,0.759,0.342,0.826,0.755,26.4,0.336
CUST04400,Pune,High_Mileage,80.9,0,Fleet,25,0.4,0.613,0.639,0.899,21.3,0.464
CUST04401,Chennai,Price_Sensitive,52.2,1,Highway,11,0.579,0.913,0.425,0.506,21.3,0.749
CUST04402,Kolkata,Convenience_First,76.7,0,Fleet,6,0.903,0.425,0.921,0.823,33.1,0.366
CUST04403,Delhi NCR,High_Mileage,75.1,1,Highway,20,0.697,0.538,0.786,0.792,37.0,0.44
CUST04404,Delhi NCR,Price_Sensitive,40.9,0,Residential,7,0.572,0.611,0.437,0.537,8.0,0.575
CUST04405,Chennai,Convenience_First,59.9,0,Transit_Public,6,0.818,0.391,0.826,0.709,21.4,0.375
CUST04406,Chennai,Price_Sensitive,53.9,1,Hotel,10,0.567,0.72,0.294,0.378,23.5,0.687
CUST04407,Kochi,Routine_Commuter,65.8,1,Office_Commercial,10,0.775,0.582,0.592,0.591,25.5,0.54
CUST04408,Chandigarh,Price_Sensitive,57.9,0,Residential,11,0.402,0.765,0.773,0.657,28.8,0.558
CUST04409,Pune,Price_Sensitive,41.1,0,Highway,7,0.37,0.727,0.414,0.381,17.9,0.647
CUST04410,Kolkata,Routine_Commuter,39.8,1,Residential,9,0.693,0.436,0.771,0.76,13.2,0.391
CUST04411,Delhi NCR,Routine_Commuter,59.9,1,Office_Commercial,10,0.621,0.553,0.561,0.572,25.1,0.518
CUST04412,Hyderabad,Price_Sensitive,56.0,1,Mall_Retail,9,0.597,0.658,0.387,0.537,19.9,0.613
CUST04413,Mumbai,Price_Sensitive,43.7,1,Highway,8,0.614,0.925,0.415,0.654,20.3,0.739
CUST04414,Delhi NCR,Convenience_First,67.7,1,Transit_Public,7,0.735,0.242,0.904,0.99,23.9,0.227
CUST04415,Kochi,Convenience_First,58.1,0,Mall_Retail,7,0.736,0.314,0.87,0.835,24.0,0.297
CUST04416,Chandigarh,Routine_Commuter,52.8,0,Office_Commercial,14,0.99,0.492,0.878,0.41,19.5,0.482
CUST04417,Bengaluru,Routine_Commuter,53.2,0,Residential,12,0.977,0.669,0.619,0.692,17.2,0.588
CUST04418,Bengaluru,Price_Sensitive,58.2,0,Mall_Retail,7,0.397,0.835,0.335,0.462,25.9,0.713
CUST04419,Mumbai,Routine_Commuter,56.3,0,Office_Commercial,12,0.7,0.58,0.717,0.517,25.9,0.518
CUST04420,Delhi NCR,Routine_Commuter,49.3,0,Transit_Public,8,0.838,0.257,0.848,0.691,22.7,0.302
CUST04421,Bengaluru,Routine_Commuter,63.5,1,Office_Commercial,13,0.645,0.393,0.583,0.743,30.4,0.403
CUST04422,Pune,Price_Sensitive,42.7,0,Transit_Public,8,0.676,0.853,0.438,0.502,19.9,0.724
CUST04423,Delhi NCR,Convenience_First,58.8,1,Hotel,10,0.793,0.358,0.909,0.817,30.7,0.322
CUST04424,Chandigarh,Routine_Commuter,51.1,1,Office_Commercial,11,0.603,0.339,0.57,0.753,22.4,0.37
CUST04425,Hyderabad,Routine_Commuter,61.6,1,Office_Commercial,8,0.629,0.507,0.733,0.735,26.1,0.435
CUST04426,Chennai,Convenience_First,63.6,1,Hotel,7,0.771,0.155,0.865,0.635,27.5,0.244
CUST04427,Delhi NCR,Convenience_First,62.3,0,Residential,5,0.938,0.334,0.957,0.763,25.8,0.322
CUST04428,Hyderabad,Routine_Commuter,60.4,1,Office_Commercial,9,0.727,0.644,0.61,0.566,19.9,0.57
CUST04429,Mumbai,Routine_Commuter,56.8,1,Mall_Retail,11,0.592,0.413,0.662,0.862,22.0,0.375
CUST04430,Kolkata,Routine_Commuter,56.3,1,Mall_Retail,10,0.968,0.251,0.838,0.983,24.9,0.27
CUST04431,Pune,Convenience_First,64.1,0,Highway,10,0.783,0.269,0.932,0.828,36.3,0.266
CUST04432,Kolkata,Price_Sensitive,52.5,1,Residential,6,0.85,0.924,0.592,0.597,15.6,0.735
CUST04433,Pune,Routine_Commuter,43.4,1,Office_Commercial,14,0.798,0.477,0.565,0.889,16.1,0.446
CUST04434,Bengaluru,Routine_Commuter,54.1,1,Residential,9,0.99,0.372,0.99,0.851,24.2,0.328
CUST04435,Kolkata,Price_Sensitive,45.5,0,Hotel,6,0.529,0.721,0.544,0.608,18.6,0.599
CUST04436,Kochi,Convenience_First,58.3,1,Residential,8,0.937,0.292,0.788,0.889,21.7,0.313
CUST04437,Mumbai,Routine_Commuter,49.6,1,Office_Commercial,12,0.65,0.375,0.748,0.592,18.1,0.383
CUST04438,Chandigarh,Routine_Commuter,52.5,1,Office_Commercial,8,0.617,0.428,0.957,0.836,20.3,0.33
CUST04439,Jaipur,High_Mileage,51.8,0,Fleet,24,0.57,0.876,0.788,0.933,15.4,0.591
CUST04440,Chandigarh,Routine_Commuter,54.6,1,Office_Commercial,10,0.794,0.451,0.779,0.484,25.5,0.449
CUST04441,Hyderabad,Routine_Commuter,55.8,1,Transit_Public,13,0.841,0.465,0.643,0.986,19.8,0.413
CUST04442,Pune,Convenience_First,45.0,0,Highway,9,0.812,0.349,0.854,0.731,22.4,0.342
CUST04443,Pune,Price_Sensitive,43.7,1,Fleet,12,0.407,0.856,0.377,0.699,22.6,0.681
CUST04444,Pune,Routine_Commuter,48.2,0,Office_Commercial,12,0.748,0.538,0.645,0.663,21.6,0.492
CUST04445,Mumbai,Price_Sensitive,59.0,0,Mall_Retail,10,0.695,0.915,0.33,0.41,22.1,0.795
CUST04446,Hyderabad,High_Mileage,69.3,0,Highway,25,0.282,0.813,0.871,0.834,25.1,0.526
CUST04447,Lucknow,Routine_Commuter,48.9,1,Transit_Public,9,0.801,0.895,0.592,0.729,25.2,0.694
CUST04448,Chennai,Routine_Commuter,57.7,0,Residential,10,0.615,0.51,0.541,0.717,22.0,0.476
CUST04449,Pune,Routine_Commuter,68.2,0,Office_Commercial,8,0.527,0.621,0.745,0.742,33.4,0.484
CUST04450,Delhi NCR,Price_Sensitive,37.2,1,Transit_Public,7,0.656,0.912,0.671,0.616,19.3,0.691
CUST04451,Jaipur,Price_Sensitive,53.5,1,Office_Commercial,8,0.168,0.738,0.425,0.495,18.9,0.613
CUST04452,Chennai,Price_Sensitive,67.1,0,Office_Commercial,10,0.629,0.916,0.424,0.545,31.0,0.75
CUST04453,Pune,Price_Sensitive,68.8,1,Highway,12,0.567,0.791,0.384,0.436,27.7,0.699
CUST04454,Delhi NCR,Price_Sensitive,67.6,1,Highway,6,0.58,0.735,0.25,0.433,21.2,0.698
CUST04455,Mumbai,Routine_Commuter,53.7,0,Residential,10,0.665,0.501,0.982,0.773,18.9,0.38
CUST04456,Mumbai,Price_Sensitive,55.2,0,Mall_Retail,12,0.493,0.668,0.449,0.417,22.8,0.614
CUST04457,Lucknow,Routine_Commuter,61.0,1,Mall_Retail,11,0.485,0.56,0.646,0.694,24.7,0.473
CUST04458,Delhi NCR,Price_Sensitive,46.2,0,Transit_Public,9,0.428,0.662,0.536,0.551,24.9,0.567
CUST04459,Chennai,High_Mileage,66.0,0,Fleet,25,0.451,0.692,0.622,0.872,24.9,0.52
CUST04460,Chennai,High_Mileage,58.9,0,Highway,16,0.411,0.748,0.83,0.937,24.2,0.496
CUST04461,Ahmedabad,Routine_Commuter,50.6,1,Residential,9,0.742,0.162,0.759,0.897,22.5,0.227
CUST04462,Pune,Price_Sensitive,58.4,1,Mall_Retail,6,0.33,0.779,0.614,0.63,32.8,0.594
CUST04463,Bengaluru,Routine_Commuter,49.4,0,Office_Commercial,10,0.571,0.462,0.748,0.554,24.6,0.428
CUST04464,Bengaluru,Convenience_First,67.1,1,Highway,5,0.967,0.367,0.877,0.786,36.8,0.355
CUST04465,Kolkata,Routine_Commuter,53.0,1,Office_Commercial,12,0.774,0.513,0.764,0.553,20.0,0.474
CUST04466,Chennai,Routine_Commuter,54.7,1,Office_Commercial,11,0.732,0.479,0.688,0.7,24.5,0.444
CUST04467,Pune,High_Mileage,63.7,0,Highway,21,0.592,0.515,0.714,0.743,26.2,0.438
CUST04468,Kolkata,High_Mileage,81.8,0,Office_Commercial,23,0.895,0.601,0.906,0.773,32.5,0.473
CUST04469,Bengaluru,Routine_Commuter,62.2,0,Office_Commercial,12,0.867,0.224,0.659,0.59,18.1,0.34
CUST04470,Delhi NCR,Routine_Commuter,45.0,1,Residential,8,0.483,0.612,0.547,0.659,25.7,0.527
CUST04471,Chennai,Convenience_First,76.2,0,Highway,8,0.914,0.322,0.99,0.896,27.3,0.286
CUST04472,Delhi NCR,Routine_Commuter,50.2,1,Office_Commercial,12,0.633,0.599,0.612,0.72,18.5,0.512
CUST04473,Pune,Convenience_First,69.3,0,Fleet,7,0.717,0.272,0.746,0.625,25.5,0.328
CUST04474,Pune,Convenience_First,55.4,1,Office_Commercial,8,0.738,0.342,0.832,0.728,24.3,0.336
CUST04475,Kolkata,Price_Sensitive,54.5,0,Hotel,8,0.55,0.908,0.439,0.704,17.4,0.711
CUST04476,Chennai,Routine_Commuter,55.0,1,Residential,8,0.693,0.687,0.74,0.706,23.3,0.543
CUST04477,Lucknow,Price_Sensitive,46.9,0,Office_Commercial,7,0.386,0.848,0.508,0.312,21.3,0.706
CUST04478,Lucknow,Routine_Commuter,56.1,1,Hotel,12,0.667,0.589,0.649,0.78,21.2,0.494
CUST04479,Ahmedabad,Price_Sensitive,53.0,0,Residential,12,0.792,0.912,0.062,0.429,23.7,0.854
CUST04480,Jaipur,Routine_Commuter,62.3,0,Highway,14,0.667,0.402,0.741,0.773,24.4,0.374
CUST04481,Bengaluru,Routine_Commuter,54.0,0,Office_Commercial,10,0.71,0.56,0.92,0.648,24.4,0.448
CUST04482,Mumbai,Routine_Commuter,53.0,1,Office_Commercial,9,0.702,0.836,0.432,0.686,20.4,0.691
CUST04483,Delhi NCR,Routine_Commuter,47.1,0,Residential,13,0.821,0.501,0.719,0.705,16.6,0.458
CUST04484,Pune,Convenience_First,59.0,0,Highway,6,0.956,0.303,0.838,0.709,24.1,0.339
CUST04485,Delhi NCR,Routine_Commuter,70.6,1,Residential,14,0.696,0.328,0.551,0.679,34.8,0.388
CUST04486,Kolkata,Convenience_First,56.2,0,Highway,8,0.721,0.175,0.733,0.778,20.6,0.255
CUST04487,Lucknow,Price_Sensitive,54.4,0,Mall_Retail,11,0.495,0.856,0.278,0.623,21.0,0.722
CUST04488,Kolkata,Routine_Commuter,49.2,1,Office_Commercial,10,0.661,0.456,0.756,0.654,25.5,0.418
CUST04489,Delhi NCR,Price_Sensitive,47.0,0,Residential,8,0.499,0.864,0.528,0.636,19.9,0.674
CUST04490,Mumbai,Convenience_First,52.1,0,Fleet,10,0.732,0.229,0.897,0.746,26.4,0.258
CUST04491,Ahmedabad,Routine_Commuter,67.8,0,Residential,10,0.718,0.7,0.703,0.696,32.1,0.562
CUST04492,Ahmedabad,Price_Sensitive,39.2,0,Residential,8,0.275,0.968,0.31,0.664,16.6,0.748
CUST04493,Delhi NCR,High_Mileage,65.7,0,Office_Commercial,21,0.659,0.643,0.783,0.946,23.2,0.471
CUST04494,Chandigarh,Convenience_First,52.6,1,Residential,10,0.711,0.343,0.854,0.685,24.0,0.336
CUST04495,Delhi NCR,Routine_Commuter,52.4,1,Hotel,12,0.691,0.769,0.652,0.823,18.8,0.588
CUST04496,Delhi NCR,Convenience_First,65.2,0,Office_Commercial,10,0.667,0.157,0.915,0.866,33.1,0.19
CUST04497,Bengaluru,Convenience_First,64.9,0,Highway,10,0.764,0.18,0.823,0.726,27.4,0.252
CUST04498,Hyderabad,Routine_Commuter,52.8,1,Mall_Retail,8,0.866,0.468,0.764,0.806,27.6,0.42
CUST04499,Chandigarh,Routine_Commuter,59.0,0,Residential,14,0.652,0.762,0.576,0.737,28.9,0.609
CUST04500,Delhi NCR,Routine_Commuter,61.5,1,Mall_Retail,9,0.536,0.413,0.501,0.812,29.5,0.408
CUST04501,Mumbai,Routine_Commuter,47.8,1,Residential,14,0.618,0.619,0.712,0.793,14.3,0.491
CUST04502,Delhi NCR,Routine_Commuter,46.3,0,Office_Commercial,11,0.924,0.403,0.673,0.965,20.9,0.385
CUST04503,Lucknow,Price_Sensitive,38.9,0,Office_Commercial,10,0.524,0.725,0.454,0.46,19.8,0.641
CUST04504,Kolkata,Convenience_First,61.8,0,Mall_Retail,9,0.667,0.17,0.664,0.99,38.5,0.229
CUST04505,Bengaluru,Price_Sensitive,55.9,0,Residential,10,0.82,0.697,0.675,0.538,20.3,0.6
CUST04506,Pune,Routine_Commuter,48.7,1,Office_Commercial,10,0.771,0.343,0.697,0.648,19.1,0.379
CUST04507,Lucknow,Price_Sensitive,43.8,0,Mall_Retail,8,0.176,0.934,0.342,0.585,15.2,0.725
CUST04508,Jaipur,High_Mileage,67.6,0,Fleet,23,0.751,0.459,0.896,0.902,33.9,0.363
CUST04509,Mumbai,High_Mileage,69.0,0,Fleet,22,0.444,0.776,0.724,0.841,25.6,0.55
CUST04510,Pune,Convenience_First,49.4,1,Residential,6,0.76,0.211,0.857,0.72,24.4,0.263
CUST04511,Delhi NCR,High_Mileage,68.4,0,Fleet,15,0.553,0.654,0.897,0.933,27.0,0.446
CUST04512,Ahmedabad,Price_Sensitive,64.9,0,Mall_Retail,11,0.681,0.742,0.569,0.808,31.1,0.591
CUST04513,Delhi NCR,Price_Sensitive,53.0,0,Residential,8,0.223,0.733,0.376,0.348,25.7,0.648
CUST04514,Mumbai,Price_Sensitive,55.2,0,Residential,11,0.533,0.748,0.299,0.692,24.2,0.651
CUST04515,Jaipur,Routine_Commuter,55.7,0,Residential,13,0.739,0.811,0.671,0.96,25.3,0.592
CUST04516,Mumbai,Convenience_First,75.1,1,Residential,6,0.912,0.398,0.712,0.901,37.2,0.382
CUST04517,Delhi NCR,Routine_Commuter,67.5,1,Office_Commercial,14,0.837,0.462,0.625,0.771,31.9,0.447
CUST04518,Mumbai,Price_Sensitive,61.7,0,Mall_Retail,8,0.35,0.7,0.188,0.468,22.7,0.662
CUST04519,Bengaluru,Routine_Commuter,58.1,0,Transit_Public,10,0.877,0.73,0.714,0.712,21.7,0.59
CUST04520,Kochi,Convenience_First,56.1,0,Mall_Retail,6,0.82,0.272,0.904,0.711,25.2,0.295
CUST04521,Hyderabad,Price_Sensitive,47.3,1,Transit_Public,12,0.496,0.83,0.682,0.41,27.6,0.658
CUST04522,Mumbai,Price_Sensitive,43.5,0,Office_Commercial,9,0.689,0.869,0.415,0.813,16.7,0.692
CUST04523,Pune,Price_Sensitive,64.3,1,Mall_Retail,6,0.729,0.854,0.489,0.675,25.9,0.693
CUST04524,Mumbai,High_Mileage,61.3,0,Transit_Public,21,0.395,0.608,0.805,0.795,34.1,0.444
CUST04525,Delhi NCR,Price_Sensitive,36.6,1,Residential,12,0.393,0.895,0.347,0.498,13.5,0.737
CUST04526,Delhi NCR,High_Mileage,61.5,0,Fleet,23,0.488,0.742,0.836,0.976,29.4,0.493
CUST04527,Pune,Routine_Commuter,52.3,0,Residential,11,0.641,0.686,0.624,0.62,19.8,0.574
CUST04528,Bengaluru,Price_Sensitive,47.9,0,Residential,8,0.347,0.728,0.585,0.434,18.5,0.603
CUST04529,Chandigarh,Price_Sensitive,57.6,0,Highway,8,0.758,0.883,0.424,0.625,22.8,0.733
CUST04530,Chandigarh,High_Mileage,47.4,0,Highway,15,0.415,0.763,0.814,0.99,21.5,0.5
CUST04531,Bengaluru,Convenience_First,61.7,0,Highway,8,0.799,0.351,0.794,0.792,29.1,0.345
CUST04532,Chandigarh,Convenience_First,52.9,1,Highway,6,0.728,0.313,0.858,0.765,18.2,0.309
CUST04533,Chandigarh,Price_Sensitive,50.4,0,Transit_Public,10,0.638,0.829,0.571,0.475,17.1,0.684
CUST04534,Kolkata,Price_Sensitive,39.1,0,Office_Commercial,9,0.484,0.728,0.447,0.449,20.4,0.642
CUST04535,Kolkata,High_Mileage,69.8,0,Fleet,19,0.378,0.99,0.55,0.99,33.7,0.674
CUST04536,Jaipur,Routine_Commuter,61.0,0,Mall_Retail,11,0.75,0.79,0.758,0.626,28.1,0.614
CUST04537,Jaipur,Routine_Commuter,44.5,1,Mall_Retail,14,0.801,0.787,0.757,0.544,15.1,0.63
CUST04538,Kolkata,Price_Sensitive,44.5,0,Mall_Retail,6,0.604,0.817,0.315,0.264,19.9,0.757
CUST04539,Hyderabad,Routine_Commuter,61.1,0,Office_Commercial,12,0.838,0.38,0.482,0.72,26.6,0.438
CUST04540,Chandigarh,Price_Sensitive,57.6,1,Highway,7,0.717,0.652,0.415,0.463,22.9,0.628
CUST04541,Chandigarh,High_Mileage,58.4,0,Office_Commercial,19,0.276,0.747,0.848,0.946,26.8,0.477
CUST04542,Pune,Convenience_First,72.9,0,Hotel,10,0.719,0.349,0.697,0.816,30.3,0.352
CUST04543,Hyderabad,Price_Sensitive,61.7,1,Transit_Public,11,0.697,0.905,0.484,0.457,27.0,0.752
CUST04544,Mumbai,Convenience_First,67.2,0,Hotel,8,0.826,0.464,0.932,0.78,32.6,0.384
CUST04545,Jaipur,Routine_Commuter,58.4,1,Residential,12,0.77,0.586,0.718,0.788,25.0,0.487
CUST04546,Ahmedabad,Price_Sensitive,61.9,0,Highway,11,0.346,0.647,0.775,0.419,25.3,0.522
CUST04547,Chennai,Routine_Commuter,51.7,0,Mall_Retail,8,0.628,0.495,0.676,0.852,14.4,0.422
CUST04548,Hyderabad,Routine_Commuter,49.4,1,Transit_Public,9,0.772,0.551,0.6,0.59,20.1,0.522
CUST04549,Hyderabad,Price_Sensitive,43.4,0,Residential,6,0.604,0.949,0.287,0.896,23.5,0.741
CUST04550,Ahmedabad,High_Mileage,69.3,0,Highway,17,0.397,0.846,0.865,0.807,36.6,0.561
CUST04551,Lucknow,Routine_Commuter,61.5,0,Mall_Retail,14,0.53,0.339,0.751,0.748,35.9,0.327
CUST04552,Delhi NCR,Convenience_First,57.1,1,Mall_Retail,8,0.603,0.198,0.827,0.833,23.1,0.229
CUST04553,Hyderabad,High_Mileage,57.7,0,Fleet,24,0.721,0.599,0.788,0.846,20.7,0.467
CUST04554,Ahmedabad,Routine_Commuter,59.1,1,Residential,9,0.871,0.429,0.661,0.854,27.4,0.413
CUST04555,Mumbai,Convenience_First,61.7,0,Highway,8,0.798,0.232,0.956,0.818,24.5,0.244
CUST04556,Hyderabad,Convenience_First,46.8,0,Hotel,8,0.744,0.142,0.844,0.742,23.0,0.222
CUST04557,Delhi NCR,Convenience_First,48.1,0,Fleet,7,0.852,0.205,0.942,0.73,16.2,0.25
CUST04558,Delhi NCR,Routine_Commuter,43.4,1,Residential,12,0.703,0.889,0.664,0.81,18.2,0.655
CUST04559,Kolkata,Price_Sensitive,52.7,1,Residential,8,0.291,0.705,0.506,0.569,22.7,0.58
CUST04560,Hyderabad,Convenience_First,51.4,0,Hotel,8,0.922,0.26,0.956,0.751,17.0,0.282
CUST04561,Pune,Convenience_First,54.6,1,Hotel,6,0.696,0.209,0.753,0.751,21.2,0.271
CUST04562,Lucknow,Price_Sensitive,71.8,1,Office_Commercial,7,0.577,0.843,0.584,0.669,32.1,0.654
CUST04563,Hyderabad,Convenience_First,55.6,1,Highway,9,0.865,0.29,0.776,0.62,22.6,0.348
CUST04564,Kochi,Convenience_First,44.7,0,Mall_Retail,7,0.751,0.225,0.794,0.814,13.6,0.268
CUST04565,Mumbai,Routine_Commuter,45.7,0,Mall_Retail,10,0.638,0.63,0.413,0.801,25.1,0.558
CUST04566,Ahmedabad,Price_Sensitive,38.0,0,Residential,8,0.635,0.874,0.503,0.476,21.1,0.722
CUST04567,Ahmedabad,Convenience_First,64.7,0,Office_Commercial,9,0.75,0.168,0.816,0.712,28.2,0.248
CUST04568,Pune,Convenience_First,60.5,0,Transit_Public,5,0.709,0.29,0.872,0.83,20.8,0.282
CUST04569,Kolkata,Routine_Commuter,63.1,1,Office_Commercial,8,0.929,0.479,0.715,0.665,35.7,0.464
CUST04570,Delhi NCR,Convenience_First,70.1,0,Highway,7,0.764,0.333,0.815,0.982,40.1,0.299
CUST04571,Mumbai,Convenience_First,69.2,0,Mall_Retail,6,0.835,0.343,0.702,0.915,22.8,0.344
CUST04572,Mumbai,Convenience_First,47.6,0,Office_Commercial,9,0.939,0.228,0.955,0.866,17.9,0.248
CUST04573,Delhi NCR,Routine_Commuter,37.7,1,Mall_Retail,13,0.807,0.58,0.65,0.803,11.5,0.499
CUST04574,Ahmedabad,High_Mileage,79.7,0,Highway,21,0.615,0.667,0.672,0.84,36.5,0.518
CUST04575,Chandigarh,Convenience_First,53.3,0,Mall_Retail,5,0.942,0.302,0.767,0.73,26.0,0.347
CUST04576,Pune,Routine_Commuter,61.9,0,Residential,9,0.794,0.448,0.659,0.786,25.4,0.426
CUST04577,Pune,Convenience_First,54.8,0,Fleet,9,0.812,0.152,0.99,0.802,33.2,0.197
CUST04578,Chandigarh,Routine_Commuter,58.8,1,Mall_Retail,9,0.528,0.521,0.737,0.68,26.7,0.44
CUST04579,Ahmedabad,Routine_Commuter,51.2,1,Hotel,9,0.66,0.553,0.826,0.575,18.2,0.468
CUST04580,Chandigarh,Price_Sensitive,41.3,1,Transit_Public,9,0.45,0.697,0.632,0.599,15.3,0.562
CUST04581,Mumbai,High_Mileage,64.9,0,Transit_Public,16,0.639,0.51,0.709,0.974,29.5,0.407
CUST04582,Chennai,High_Mileage,63.7,1,Highway,15,0.792,0.445,0.774,0.856,30.9,0.391
CUST04583,Hyderabad,Price_Sensitive,74.2,1,Mall_Retail,11,0.705,0.778,0.474,0.517,25.5,0.676
CUST04584,Delhi NCR,Convenience_First,51.0,0,Fleet,10,0.795,0.24,0.805,0.929,17.6,0.261
CUST04585,Kochi,Routine_Commuter,57.7,1,Office_Commercial,13,0.921,0.468,0.99,0.812,18.1,0.38
CUST04586,Pune,Routine_Commuter,62.8,0,Office_Commercial,8,0.624,0.768,0.668,0.536,26.3,0.621
CUST04587,Chennai,Convenience_First,62.2,0,Fleet,10,0.867,0.038,0.855,0.83,26.3,0.162
CUST04588,Hyderabad,Convenience_First,52.3,1,Fleet,8,0.766,0.148,0.77,0.79,21.1,0.235
CUST04589,Ahmedabad,Price_Sensitive,70.8,1,Fleet,8,0.709,0.986,0.41,0.666,29.9,0.781
CUST04590,Mumbai,Routine_Commuter,62.2,0,Residential,13,0.851,0.541,0.569,0.759,25.9,0.505
CUST04591,Hyderabad,Routine_Commuter,55.2,1,Transit_Public,13,0.676,0.563,0.658,0.534,18.0,0.516
CUST04592,Chennai,Convenience_First,61.8,0,Mall_Retail,9,0.846,0.093,0.84,0.752,21.1,0.205
CUST04593,Chennai,Convenience_First,54.7,0,Mall_Retail,9,0.938,0.261,0.866,0.672,15.3,0.313
CUST04594,Kolkata,Routine_Commuter,57.6,1,Hotel,13,0.864,0.255,0.555,0.492,26.9,0.392
CUST04595,Delhi NCR,Routine_Commuter,61.6,1,Residential,10,0.627,0.528,0.74,0.685,28.3,0.453
CUST04596,Kolkata,Price_Sensitive,43.4,1,Mall_Retail,7,0.64,0.924,0.475,0.306,21.7,0.782
CUST04597,Kochi,Convenience_First,47.3,0,Mall_Retail,7,0.948,0.011,0.86,0.876,18.5,0.147
CUST04598,Mumbai,Routine_Commuter,65.9,1,Transit_Public,12,0.592,0.586,0.794,0.768,28.0,0.457
CUST04599,Mumbai,Price_Sensitive,47.0,0,Office_Commercial,8,0.565,0.757,0.364,0.406,18.2,0.689
CUST04600,Pune,Price_Sensitive,59.0,0,Mall_Retail,9,0.371,0.776,0.395,0.584,26.4,0.647
CUST04601,Bengaluru,Routine_Commuter,61.8,1,Hotel,14,0.786,0.583,0.856,0.798,23.1,0.459
CUST04602,Bengaluru,Routine_Commuter,62.7,1,Mall_Retail,12,0.609,0.391,0.725,0.701,23.8,0.376
CUST04603,Kochi,Routine_Commuter,53.7,1,Office_Commercial,13,0.712,0.865,0.656,0.756,21.8,0.652
CUST04604,Hyderabad,Convenience_First,59.6,1,Office_Commercial,8,0.909,0.173,0.712,0.849,28.1,0.266
CUST04605,Pune,Convenience_First,77.4,1,Highway,10,0.847,0.286,0.803,0.664,40.9,0.332
CUST04606,Jaipur,Price_Sensitive,55.4,1,Fleet,6,0.534,0.848,0.495,0.639,27.0,0.675
CUST04607,Delhi NCR,Routine_Commuter,60.6,1,Residential,14,0.81,0.614,0.837,0.89,29.3,0.468
CUST04608,Chennai,Convenience_First,53.4,0,Office_Commercial,5,0.87,0.226,0.832,0.784,20.1,0.277
CUST04609,Hyderabad,Price_Sensitive,44.7,1,Transit_Public,10,0.501,0.824,0.355,0.825,18.6,0.659
CUST04610,Jaipur,Price_Sensitive,54.0,1,Office_Commercial,9,0.713,0.801,0.476,0.484,14.6,0.694
CUST04611,Lucknow,Convenience_First,68.7,0,Residential,5,0.809,0.199,0.803,0.735,18.4,0.269
CUST04612,Jaipur,Routine_Commuter,53.8,1,Office_Commercial,8,0.749,0.438,0.585,0.647,23.7,0.452
CUST04613,Bengaluru,Routine_Commuter,50.0,1,Office_Commercial,11,0.637,0.614,0.839,0.666,18.4,0.484
CUST04614,Kochi,Price_Sensitive,43.8,0,Hotel,9,0.497,0.619,0.573,0.78,18.8,0.509
CUST04615,Kochi,Price_Sensitive,51.8,1,Mall_Retail,10,0.367,0.711,0.645,0.281,20.2,0.606
CUST04616,Delhi NCR,Convenience_First,63.6,1,Office_Commercial,7,0.806,0.047,0.849,0.776,24.6,0.17
CUST04617,Chennai,High_Mileage,65.1,0,Highway,15,0.702,0.484,0.742,0.782,21.4,0.42
CUST04618,Kochi,Routine_Commuter,61.5,0,Mall_Retail,14,0.632,0.741,0.819,0.606,22.3,0.566
CUST04619,Chandigarh,Price_Sensitive,47.5,0,Transit_Public,10,0.36,0.949,0.501,0.485,23.2,0.735
CUST04620,Mumbai,Routine_Commuter,58.6,1,Residential,10,0.721,0.267,0.676,0.758,25.8,0.32
CUST04621,Chennai,Convenience_First,67.2,0,Hotel,8,0.77,0.347,0.87,0.818,34.2,0.321
CUST04622,Bengaluru,High_Mileage,65.9,0,Highway,23,0.809,0.632,0.742,0.99,27.9,0.482
CUST04623,Pune,Convenience_First,71.2,0,Highway,7,0.951,0.175,0.9,0.803,21.7,0.241
CUST04624,Kolkata,Convenience_First,45.5,0,Office_Commercial,10,0.808,0.261,0.833,0.965,13.4,0.263
CUST04625,Chennai,Convenience_First,51.6,0,Transit_Public,9,0.756,0.173,0.786,0.709,21.5,0.257
CUST04626,Hyderabad,Routine_Commuter,54.8,0,Residential,13,0.569,0.624,0.515,0.681,24.1,0.545
CUST04627,Chandigarh,Price_Sensitive,55.4,1,Mall_Retail,7,0.753,0.513,0.694,0.415,27.1,0.507
CUST04628,Pune,Convenience_First,70.4,1,Office_Commercial,8,0.844,0.23,0.835,0.924,20.7,0.256
CUST04629,Bengaluru,Routine_Commuter,63.9,0,Residential,14,0.714,0.429,0.734,0.718,22.4,0.403
CUST04630,Ahmedabad,Routine_Commuter,81.2,0,Office_Commercial,12,0.879,0.622,0.597,0.674,29.7,0.56
CUST04631,Chandigarh,Routine_Commuter,48.6,0,Office_Commercial,9,0.707,0.587,0.489,0.66,15.1,0.547
CUST04632,Bengaluru,Price_Sensitive,51.6,1,Highway,8,0.538,0.726,0.438,0.445,21.6,0.649
CUST04633,Chennai,Routine_Commuter,62.8,1,Hotel,11,0.764,0.263,0.466,0.68,33.7,0.376
CUST04634,Chandigarh,Convenience_First,72.1,1,Fleet,5,0.692,0.215,0.791,0.954,26.8,0.236
CUST04635,Hyderabad,Convenience_First,55.8,0,Mall_Retail,7,0.887,0.294,0.829,0.874,28.0,0.304
CUST04636,Jaipur,High_Mileage,71.4,0,Transit_Public,23,0.664,0.744,0.716,0.883,31.3,0.55
CUST04637,Delhi NCR,Routine_Commuter,62.9,1,Office_Commercial,8,0.654,0.333,0.77,0.797,26.7,0.325
CUST04638,Kochi,Routine_Commuter,42.8,0,Office_Commercial,14,0.629,0.485,0.637,0.735,12.3,0.442
CUST04639,Lucknow,Price_Sensitive,76.2,0,Mall_Retail,6,0.728,0.739,0.165,0.382,32.7,0.739
CUST04640,Ahmedabad,Routine_Commuter,51.6,1,Office_Commercial,8,0.788,0.705,0.704,0.809,30.1,0.554
CUST04641,Hyderabad,Price_Sensitive,48.4,0,Residential,6,0.671,0.834,0.558,0.394,18.3,0.705
CUST04642,Mumbai,Routine_Commuter,48.2,1,Transit_Public,12,0.462,0.44,0.938,0.781,21.8,0.333
CUST04643,Mumbai,Price_Sensitive,52.4,0,Transit_Public,10,0.519,0.969,0.561,0.581,27.3,0.735
CUST04644,Mumbai,Routine_Commuter,62.9,0,Residential,10,0.614,0.437,0.526,0.69,29.9,0.443
CUST04645,Mumbai,Routine_Commuter,39.4,1,Mall_Retail,9,0.663,0.417,0.575,0.674,15.0,0.429
CUST04646,Hyderabad,Routine_Commuter,68.4,0,Residential,11,0.524,0.618,0.767,0.631,32.5,0.494
CUST04647,Jaipur,Routine_Commuter,57.5,1,Residential,11,0.794,0.408,0.638,0.792,28.1,0.408
CUST04648,Pune,Routine_Commuter,47.7,1,Office_Commercial,14,0.874,0.459,0.598,0.625,23.8,0.476
CUST04649,Pune,High_Mileage,68.0,0,Fleet,21,0.58,0.71,0.805,0.828,28.1,0.514
CUST04650,Mumbai,Routine_Commuter,61.1,1,Transit_Public,14,0.667,0.579,0.921,0.657,22.6,0.452
CUST04651,Mumbai,Price_Sensitive,48.2,1,Hotel,10,0.731,0.963,0.509,0.644,24.0,0.754
CUST04652,Jaipur,Routine_Commuter,37.6,1,Office_Commercial,9,0.99,0.574,0.526,0.583,13.3,0.572
CUST04653,Kolkata,Price_Sensitive,46.7,1,Mall_Retail,7,0.592,0.656,0.32,0.624,20.4,0.612
CUST04654,Hyderabad,Routine_Commuter,47.4,1,Office_Commercial,11,0.789,0.415,0.82,0.746,25.6,0.381
CUST04655,Ahmedabad,Price_Sensitive,42.9,0,Mall_Retail,7,0.449,0.93,0.204,0.446,17.4,0.799
CUST04656,Delhi NCR,High_Mileage,73.9,0,Fleet,18,0.723,0.755,0.892,0.785,27.9,0.541
CUST04657,Jaipur,High_Mileage,67.1,0,Hotel,23,0.781,0.75,0.716,0.904,30.6,0.562
CUST04658,Lucknow,Convenience_First,65.4,1,Residential,8,0.644,0.241,0.801,0.776,31.0,0.27
CUST04659,Bengaluru,Price_Sensitive,46.5,0,Residential,8,0.511,0.798,0.704,0.891,20.3,0.566
CUST04660,Lucknow,Convenience_First,71.5,0,Transit_Public,10,0.981,0.316,0.99,0.62,30.1,0.331
CUST04661,Delhi NCR,Routine_Commuter,54.1,1,Office_Commercial,14,0.834,0.245,0.86,0.767,19.4,0.281
CUST04662,Mumbai,Routine_Commuter,45.0,0,Mall_Retail,11,0.696,0.323,0.739,0.708,19.9,0.343
CUST04663,Kochi,Price_Sensitive,61.0,0,Office_Commercial,12,0.526,0.941,0.606,0.477,27.8,0.727
CUST04664,Mumbai,Routine_Commuter,55.6,0,Residential,9,0.756,0.521,0.645,0.642,24.6,0.487
CUST04665,Kolkata,Convenience_First,68.8,0,Residential,7,0.764,0.08,0.755,0.672,32.2,0.219
CUST04666,Kolkata,Price_Sensitive,35.0,0,Highway,12,0.681,0.975,0.682,0.442,9.2,0.752
CUST04667,Chennai,Convenience_First,62.3,0,Fleet,5,0.959,0.298,0.795,0.813,19.8,0.329
CUST04668,Bengaluru,Convenience_First,62.6,0,Fleet,9,0.788,0.274,0.78,0.99,20.9,0.275
CUST04669,Jaipur,Convenience_First,55.9,0,Transit_Public,7,0.99,0.272,0.864,0.597,27.0,0.336
CUST04670,Ahmedabad,Price_Sensitive,64.3,0,Mall_Retail,7,0.482,0.758,0.373,0.587,29.5,0.652
CUST04671,Hyderabad,Price_Sensitive,50.5,0,Transit_Public,6,0.577,0.669,0.256,0.341,21.1,0.673
CUST04672,Mumbai,Price_Sensitive,60.9,0,Hotel,10,0.49,0.9,0.283,0.444,25.4,0.771
CUST04673,Kochi,Price_Sensitive,44.6,1,Mall_Retail,7,0.507,0.818,0.238,0.63,10.6,0.709
CUST04674,Hyderabad,Price_Sensitive,35.0,0,Transit_Public,11,0.67,0.826,0.518,0.755,17.0,0.655
CUST04675,Pune,Convenience_First,68.3,1,Residential,10,0.736,0.121,0.99,0.743,29.0,0.181
CUST04676,Hyderabad,High_Mileage,83.5,1,Highway,20,0.825,0.798,0.812,0.937,31.0,0.569
CUST04677,Lucknow,Price_Sensitive,55.3,0,Residential,9,0.516,0.765,0.577,0.599,25.7,0.617
CUST04678,Delhi NCR,Routine_Commuter,55.7,1,Residential,10,0.752,0.446,0.654,0.873,28.3,0.409
CUST04679,Bengaluru,Routine_Commuter,63.3,1,Residential,13,0.674,0.59,0.63,0.762,30.0,0.501
CUST04680,Hyderabad,Routine_Commuter,55.2,1,Office_Commercial,13,0.828,0.787,0.576,0.633,24.4,0.656
CUST04681,Hyderabad,Convenience_First,61.0,1,Residential,10,0.683,0.387,0.91,0.791,24.6,0.33
CUST04682,Hyderabad,Convenience_First,47.4,1,Highway,10,0.973,0.221,0.799,0.805,20.8,0.288
CUST04683,Lucknow,Price_Sensitive,49.8,1,Office_Commercial,10,0.6,0.893,0.785,0.661,24.3,0.645
CUST04684,Mumbai,High_Mileage,58.2,0,Highway,17,0.611,0.816,0.773,0.881,24.9,0.573
CUST04685,Kolkata,Price_Sensitive,48.5,0,Office_Commercial,12,0.593,0.82,0.121,0.518,23.7,0.758
CUST04686,Mumbai,Price_Sensitive,42.2,1,Mall_Retail,10,0.398,0.852,0.362,0.531,16.2,0.706
CUST04687,Kochi,Price_Sensitive,48.0,1,Residential,7,0.55,0.694,0.615,0.578,25.2,0.577
CUST04688,Lucknow,High_Mileage,66.2,0,Office_Commercial,21,0.557,0.809,0.898,0.826,26.0,0.547
CUST04689,Pune,Convenience_First,60.6,0,Office_Commercial,9,0.778,0.325,0.914,0.782,30.1,0.306
CUST04690,Chandigarh,Routine_Commuter,52.8,1,Mall_Retail,11,0.854,0.352,0.618,0.706,25.5,0.4
CUST04691,Pune,Price_Sensitive,70.0,1,Fleet,12,0.654,0.779,0.398,0.414,26.5,0.702
CUST04692,Mumbai,High_Mileage,76.5,0,Mall_Retail,25,0.322,0.605,0.693,0.894,28.1,0.442
CUST04693,Hyderabad,Routine_Commuter,47.8,1,Office_Commercial,11,0.891,0.769,0.601,0.818,21.6,0.619
CUST04694,Chennai,Price_Sensitive,44.7,1,Transit_Public,8,0.394,0.911,0.377,0.345,23.1,0.763
CUST04695,Kolkata,Convenience_First,67.2,1,Highway,7,0.886,0.332,0.943,0.99,34.4,0.284
CUST04696,Pune,Routine_Commuter,58.7,1,Mall_Retail,12,0.669,0.488,0.743,0.657,25.6,0.438
CUST04697,Ahmedabad,Routine_Commuter,40.9,1,Mall_Retail,13,0.718,0.582,0.655,0.685,16.4,0.508
CUST04698,Bengaluru,High_Mileage,66.9,0,Highway,15,0.715,0.686,0.609,0.845,21.5,0.55
CUST04699,Bengaluru,Convenience_First,61.5,0,Mall_Retail,8,0.793,0.263,0.797,0.773,25.7,0.298
CUST04700,Mumbai,Price_Sensitive,44.3,0,Mall_Retail,8,0.58,0.846,0.641,0.558,17.8,0.662
CUST04701,Delhi NCR,Price_Sensitive,43.8,1,Residential,9,0.413,0.732,0.364,0.525,12.3,0.642
CUST04702,Mumbai,Price_Sensitive,50.8,1,Transit_Public,6,0.398,0.99,0.232,0.558,21.2,0.804
CUST04703,Chennai,High_Mileage,95.0,0,Fleet,20,0.648,0.838,0.515,0.841,32.0,0.647
CUST04704,Lucknow,Price_Sensitive,49.6,0,Residential,9,0.653,0.668,0.365,0.55,19.4,0.627
CUST04705,Jaipur,Price_Sensitive,61.6,1,Residential,7,0.613,0.85,0.375,0.731,33.8,0.694
CUST04706,Mumbai,Convenience_First,75.4,1,Residential,8,0.975,0.316,0.823,0.765,45.7,0.342
CUST04707,Bengaluru,Routine_Commuter,49.0,1,Residential,14,0.743,0.49,0.459,0.84,20.1,0.476
CUST04708,Ahmedabad,Convenience_First,59.7,0,Office_Commercial,10,0.797,0.19,0.85,0.711,25.7,0.258
CUST04709,Chandigarh,Price_Sensitive,61.4,0,Office_Commercial,7,0.303,0.749,0.544,0.572,20.1,0.598
CUST04710,Hyderabad,Price_Sensitive,53.0,1,Highway,9,0.754,0.917,0.725,0.532,21.6,0.705
CUST04711,Chandigarh,Routine_Commuter,40.4,1,Mall_Retail,11,0.725,0.698,0.681,0.557,16.3,0.587
CUST04712,Delhi NCR,High_Mileage,77.6,0,Fleet,24,0.728,0.728,0.642,0.816,42.1,0.572
CUST04713,Delhi NCR,Convenience_First,64.0,1,Residential,9,0.99,0.091,0.9,0.769,28.7,0.204
CUST04714,Mumbai,Convenience_First,56.6,1,Office_Commercial,7,0.953,0.201,0.814,0.834,13.8,0.268
CUST04715,Kolkata,Price_Sensitive,44.5,0,Residential,9,0.693,0.857,0.617,0.446,19.8,0.7
CUST04716,Delhi NCR,Routine_Commuter,57.2,1,Residential,8,0.796,0.506,0.623,0.819,24.7,0.461
CUST04717,Ahmedabad,Price_Sensitive,55.2,1,Mall_Retail,6,0.486,0.868,0.559,0.573,19.5,0.678
CUST04718,Bengaluru,Routine_Commuter,59.1,0,Office_Commercial,8,0.706,0.615,0.707,0.576,28.3,0.531
CUST04719,Kochi,Routine_Commuter,48.9,1,Residential,11,0.755,0.51,0.605,0.601,15.2,0.495
CUST04720,Kolkata,Routine_Commuter,46.3,1,Residential,9,0.752,0.571,0.841,0.798,17.6,0.451
CUST04721,Jaipur,Price_Sensitive,45.1,1,Office_Commercial,8,0.505,0.764,0.522,0.453,22.0,0.648
CUST04722,Kochi,Routine_Commuter,52.5,1,Transit_Public,9,0.846,0.457,0.802,0.572,18.5,0.44
CUST04723,Delhi NCR,Price_Sensitive,47.3,1,Highway,7,0.467,0.781,0.728,0.503,17.1,0.605
CUST04724,Chennai,High_Mileage,58.9,0,Highway,24,0.458,0.564,0.792,0.843,26.3,0.421
CUST04725,Mumbai,Routine_Commuter,47.4,0,Office_Commercial,8,0.871,0.506,0.712,0.766,18.4,0.458
CUST04726,Chennai,Price_Sensitive,47.9,1,Mall_Retail,12,0.525,0.673,0.455,0.54,25.8,0.601
CUST04727,Jaipur,Routine_Commuter,58.1,1,Mall_Retail,11,0.642,0.57,0.704,0.672,27.6,0.486
CUST04728,Chennai,High_Mileage,52.8,1,Fleet,16,0.745,0.719,0.983,0.846,24.5,0.496
CUST04729,Hyderabad,Routine_Commuter,51.4,0,Fleet,12,0.755,0.788,0.58,0.711,18.4,0.636
CUST04730,Delhi NCR,Routine_Commuter,44.8,1,Residential,11,0.577,0.403,0.677,0.667,19.3,0.394
CUST04731,Lucknow,Routine_Commuter,48.5,1,Mall_Retail,14,0.762,0.399,0.819,0.663,21.9,0.382
CUST04732,Bengaluru,Routine_Commuter,60.2,0,Residential,9,0.451,0.41,0.501,0.83,19.5,0.396
CUST04733,Delhi NCR,Price_Sensitive,40.0,0,Office_Commercial,12,0.41,0.813,0.418,0.27,17.0,0.714
CUST04734,Pune,Price_Sensitive,46.9,0,Mall_Retail,10,0.549,0.741,0.776,0.533,18.3,0.577
CUST04735,Kochi,Price_Sensitive,42.1,1,Hotel,9,0.647,0.805,0.746,0.627,18.7,0.614
CUST04736,Delhi NCR,Price_Sensitive,56.0,0,Highway,7,0.756,0.881,0.204,0.646,21.1,0.773
CUST04737,Mumbai,Routine_Commuter,37.7,1,Residential,12,0.687,0.596,0.622,0.837,16.3,0.496
CUST04738,Chandigarh,Convenience_First,73.7,1,Office_Commercial,10,0.704,0.211,0.812,0.855,27.6,0.246
CUST04739,Mumbai,Convenience_First,69.8,0,Highway,5,0.751,0.182,0.89,0.664,36.3,0.248
CUST04740,Lucknow,Convenience_First,51.9,1,Transit_Public,5,0.931,0.278,0.902,0.86,14.4,0.287
CUST04741,Chennai,Routine_Commuter,43.7,1,Office_Commercial,13,0.795,0.342,0.591,0.552,22.2,0.417
CUST04742,Delhi NCR,Routine_Commuter,53.3,0,Residential,13,0.594,0.472,0.571,0.786,14.1,0.437
CUST04743,Pune,Price_Sensitive,37.3,1,Office_Commercial,12,0.555,0.876,0.579,0.53,15.9,0.692
CUST04744,Kolkata,Convenience_First,62.1,0,Hotel,10,0.81,0.129,0.902,0.751,19.4,0.209
CUST04745,Chennai,Convenience_First,58.5,1,Mall_Retail,8,0.946,0.333,0.882,0.701,29.1,0.346
CUST04746,Chandigarh,Convenience_First,61.1,1,Mall_Retail,8,0.899,0.483,0.84,0.748,19.9,0.425
CUST04747,Chennai,Routine_Commuter,59.5,0,Office_Commercial,12,0.599,0.293,0.976,0.82,25.9,0.253
CUST04748,Kochi,Price_Sensitive,36.6,1,Mall_Retail,12,0.483,0.779,0.365,0.464,12.7,0.684
CUST04749,Chandigarh,Price_Sensitive,43.2,1,Highway,11,0.498,0.69,0.396,0.635,19.3,0.605
CUST04750,Pune,Routine_Commuter,53.2,0,Office_Commercial,10,0.833,0.458,0.897,0.619,21.3,0.413
CUST04751,Mumbai,Convenience_First,55.6,0,Mall_Retail,6,0.781,0.027,0.924,0.698,12.5,0.153
CUST04752,Delhi NCR,Convenience_First,53.1,0,Mall_Retail,8,0.818,0.333,0.781,0.795,22.2,0.34
CUST04753,Delhi NCR,Price_Sensitive,72.0,1,Residential,8,0.64,0.743,0.503,0.644,29.7,0.626
CUST04754,Bengaluru,Routine_Commuter,61.4,1,Mall_Retail,10,0.832,0.304,0.76,0.833,23.8,0.324
CUST04755,Chandigarh,Convenience_First,62.6,0,Office_Commercial,5,0.826,0.342,0.849,0.816,29.8,0.329
CUST04756,Ahmedabad,Routine_Commuter,48.2,0,Office_Commercial,8,0.897,0.225,0.826,0.706,22.2,0.292
CUST04757,Bengaluru,Convenience_First,59.3,0,Hotel,5,0.882,0.273,0.697,0.668,21.3,0.349
CUST04758,Kolkata,Routine_Commuter,63.7,1,Hotel,10,0.664,0.294,0.807,0.662,26.6,0.318
CUST04759,Pune,Routine_Commuter,51.7,0,Mall_Retail,8,0.956,0.49,0.806,0.778,19.8,0.437
CUST04760,Mumbai,Routine_Commuter,69.4,1,Transit_Public,9,0.658,0.603,0.985,0.782,36.1,0.433
CUST04761,Pune,Routine_Commuter,47.4,1,Hotel,13,0.722,0.645,0.558,0.913,27.7,0.528
CUST04762,Hyderabad,Routine_Commuter,60.1,0,Office_Commercial,14,0.791,0.255,0.669,0.669,27.7,0.335
CUST04763,Pune,Convenience_First,56.9,0,Mall_Retail,9,0.99,0.216,0.914,0.834,23.3,0.26
CUST04764,Hyderabad,Routine_Commuter,63.4,1,Residential,9,0.57,0.593,0.728,0.759,28.9,0.474
CUST04765,Chennai,Price_Sensitive,53.6,1,Residential,7,0.434,0.794,0.396,0.499,12.3,0.676
CUST04766,Mumbai,High_Mileage,71.5,0,Transit_Public,23,0.379,0.367,0.71,0.833,26.6,0.323
CUST04767,Chennai,High_Mileage,57.6,0,Highway,15,0.373,0.805,0.787,0.976,28.2,0.526
CUST04768,Pune,Routine_Commuter,46.5,1,Office_Commercial,10,0.823,0.456,0.807,0.958,15.9,0.378
CUST04769,Ahmedabad,Routine_Commuter,44.7,0,Mall_Retail,10,0.626,0.668,0.707,0.812,17.0,0.517
CUST04770,Pune,Convenience_First,51.2,0,Mall_Retail,10,0.885,0.07,0.666,0.831,24.1,0.219
CUST04771,Hyderabad,Price_Sensitive,45.6,0,Mall_Retail,10,0.452,0.862,0.477,0.309,16.6,0.727
CUST04772,Hyderabad,High_Mileage,72.3,0,Transit_Public,17,0.756,0.513,0.706,0.756,34.2,0.453
CUST04773,Mumbai,Routine_Commuter,61.7,1,Residential,11,0.639,0.515,0.615,0.956,25.3,0.431
CUST04774,Delhi NCR,Routine_Commuter,48.0,1,Hotel,9,0.631,0.496,0.558,0.502,22.5,0.499
CUST04775,Delhi NCR,Routine_Commuter,51.6,1,Residential,11,0.738,0.545,0.645,0.954,30.0,0.452
CUST04776,Bengaluru,Price_Sensitive,45.0,1,Mall_Retail,9,0.335,0.98,0.493,0.506,16.4,0.748
CUST04777,Jaipur,Routine_Commuter,48.5,1,Mall_Retail,11,0.595,0.389,0.681,0.724,23.4,0.379
CUST04778,Pune,Routine_Commuter,48.3,1,Residential,13,0.97,0.511,0.603,0.885,17.9,0.474
CUST04779,Hyderabad,Routine_Commuter,63.1,0,Transit_Public,10,0.915,0.516,0.668,0.369,26.7,0.536
CUST04780,Hyderabad,Price_Sensitive,47.1,1,Mall_Retail,10,0.469,0.894,0.438,0.475,21.4,0.73
CUST04781,Bengaluru,Price_Sensitive,46.9,0,Residential,9,0.626,0.806,0.595,0.515,20.7,0.66
CUST04782,Ahmedabad,Price_Sensitive,43.3,0,Highway,7,0.055,0.866,0.612,0.704,20.1,0.604
CUST04783,Kolkata,Convenience_First,40.2,0,Highway,5,0.985,0.418,0.856,0.819,15.0,0.384
CUST04784,Lucknow,Convenience_First,56.3,0,Residential,9,0.853,0.513,0.925,0.708,28.8,0.426
CUST04785,Pune,Convenience_First,65.6,1,Mall_Retail,5,0.862,0.378,0.984,0.677,24.3,0.346
CUST04786,Delhi NCR,Routine_Commuter,76.9,1,Transit_Public,14,0.611,0.562,0.684,0.523,35.9,0.505
CUST04787,Chennai,High_Mileage,71.2,0,Fleet,23,0.635,0.593,0.707,0.977,25.5,0.451
CUST04788,Jaipur,Price_Sensitive,67.5,0,Residential,9,0.389,0.924,0.567,0.183,27.4,0.756
CUST04789,Kochi,Price_Sensitive,39.5,1,Office_Commercial,12,0.773,0.657,0.263,0.481,14.7,0.664
CUST04790,Bengaluru,Routine_Commuter,56.3,0,Transit_Public,13,0.548,0.676,0.777,0.707,16.3,0.515
CUST04791,Kolkata,High_Mileage,62.8,0,Fleet,24,0.427,0.613,0.771,0.82,28.3,0.453
CUST04792,Ahmedabad,Routine_Commuter,64.9,1,Fleet,14,0.773,0.501,0.781,0.549,23.2,0.464
CUST04793,Ahmedabad,Routine_Commuter,48.0,0,Office_Commercial,12,0.729,0.417,0.564,0.841,16.1,0.413
CUST04794,Chandigarh,Routine_Commuter,57.3,1,Residential,14,0.905,0.47,0.557,0.764,21.5,0.473
CUST04795,Kolkata,Convenience_First,55.3,1,Fleet,7,0.893,0.245,0.945,0.829,27.7,0.261
CUST04796,Chennai,Price_Sensitive,38.5,1,Residential,6,0.521,0.803,0.678,0.464,19.3,0.638
CUST04797,Ahmedabad,Price_Sensitive,56.6,1,Highway,7,0.493,0.754,0.134,0.414,19.4,0.725
CUST04798,Pune,Convenience_First,53.4,0,Mall_Retail,5,0.756,0.178,0.984,0.693,16.6,0.223
CUST04799,Hyderabad,Convenience_First,51.7,0,Residential,10,0.798,0.294,0.99,0.759,20.5,0.279
CUST04800,Kochi,Price_Sensitive,35.0,0,Mall_Retail,10,0.402,0.637,0.426,0.468,14.2,0.585
CUST04801,Kolkata,Routine_Commuter,58.5,0,Residential,9,0.948,0.576,0.638,0.679,26.6,0.532
CUST04802,Mumbai,Convenience_First,57.9,1,Highway,5,0.746,0.222,0.897,0.644,30.8,0.271
CUST04803,Kochi,Routine_Commuter,51.8,1,Transit_Public,11,0.932,0.643,0.696,0.663,20.2,0.558
CUST04804,Kolkata,Price_Sensitive,60.6,1,Residential,10,0.724,0.877,0.445,0.596,29.6,0.727
CUST04805,Kolkata,Routine_Commuter,50.1,1,Office_Commercial,11,0.708,0.234,0.733,0.67,19.7,0.303
CUST04806,Delhi NCR,High_Mileage,77.7,0,Highway,16,0.835,0.732,0.889,0.972,25.9,0.512
CUST04807,Bengaluru,Price_Sensitive,61.8,0,Office_Commercial,6,0.26,0.543,0.325,0.57,23.6,0.524
CUST04808,Hyderabad,High_Mileage,68.1,0,Hotel,20,0.587,0.536,0.787,0.893,30.5,0.412
CUST04809,Chandigarh,Convenience_First,53.8,1,Transit_Public,5,0.687,0.35,0.954,0.936,23.3,0.28
CUST04810,Delhi NCR,High_Mileage,77.5,1,Hotel,20,0.5,0.843,0.749,0.99,24.4,0.565
CUST04811,Kolkata,Routine_Commuter,51.3,0,Residential,11,0.686,0.462,0.707,0.559,28.1,0.447
CUST04812,Jaipur,High_Mileage,72.2,1,Fleet,25,0.401,0.757,0.69,0.809,30.7,0.547
CUST04813,Pune,Price_Sensitive,70.5,0,Transit_Public,12,0.371,0.851,0.462,0.909,31.2,0.626
CUST04814,Delhi NCR,Routine_Commuter,52.1,1,Office_Commercial,10,0.657,0.583,0.671,0.662,23.1,0.503
CUST04815,Kolkata,Price_Sensitive,59.3,0,Residential,11,0.442,0.719,0.424,0.735,20.4,0.594
CUST04816,Bengaluru,Routine_Commuter,55.9,1,Mall_Retail,8,0.642,0.643,0.726,0.402,26.1,0.562
CUST04817,Pune,Routine_Commuter,66.4,1,Mall_Retail,12,0.715,0.546,0.611,0.851,30.0,0.472
CUST04818,Kochi,Convenience_First,74.9,0,Highway,9,0.865,0.193,0.701,0.75,36.9,0.29
CUST04819,Chennai,Convenience_First,63.3,0,Office_Commercial,6,0.744,0.272,0.901,0.707,27.4,0.288
CUST04820,Pune,Convenience_First,45.2,0,Highway,10,0.744,0.256,0.958,0.797,19.7,0.254
CUST04821,Pune,Routine_Commuter,52.9,0,Hotel,8,0.685,0.376,0.703,0.74,24.8,0.374
CUST04822,Ahmedabad,Routine_Commuter,58.6,1,Transit_Public,9,0.517,0.542,0.883,0.647,19.5,0.426
CUST04823,Mumbai,Price_Sensitive,46.6,0,Office_Commercial,8,0.437,0.828,0.231,0.99,15.0,0.654
CUST04824,Delhi NCR,Routine_Commuter,69.8,0,Highway,11,0.68,0.755,0.511,0.621,31.5,0.638
CUST04825,Bengaluru,Routine_Commuter,46.8,0,Mall_Retail,9,0.557,0.808,0.719,0.896,20.4,0.572
CUST04826,Hyderabad,Price_Sensitive,36.5,1,Mall_Retail,10,0.575,0.803,0.5,0.502,14.3,0.674
CUST04827,Pune,Routine_Commuter,50.0,0,Office_Commercial,14,0.653,0.386,0.771,0.743,27.8,0.362
CUST04828,Mumbai,Routine_Commuter,51.3,0,Mall_Retail,8,0.979,0.468,0.585,0.671,24.0,0.488
CUST04829,Hyderabad,Convenience_First,59.4,1,Office_Commercial,10,0.79,0.225,0.867,0.755,27.3,0.266
CUST04830,Ahmedabad,Routine_Commuter,68.5,1,Residential,13,0.756,0.537,0.616,0.753,29.3,0.485
CUST04831,Bengaluru,Price_Sensitive,56.1,0,Mall_Retail,6,0.381,0.899,0.661,0.913,26.5,0.614
CUST04832,Mumbai,Routine_Commuter,46.1,1,Transit_Public,9,0.92,0.436,0.621,0.694,21.4,0.454
CUST04833,Kochi,Price_Sensitive,52.4,1,Highway,8,0.592,0.76,0.038,0.497,18.4,0.745
CUST04834,Mumbai,Routine_Commuter,53.5,0,Residential,9,0.851,0.345,0.673,0.815,24.2,0.368
CUST04835,Kolkata,Routine_Commuter,53.2,1,Hotel,11,0.688,0.483,0.742,0.684,14.0,0.433
CUST04836,Mumbai,Convenience_First,63.1,0,Office_Commercial,5,0.783,0.284,0.834,0.87,27.8,0.287
CUST04837,Chandigarh,High_Mileage,61.0,0,Transit_Public,17,0.288,0.708,0.812,0.806,29.6,0.485
CUST04838,Chandigarh,Routine_Commuter,47.2,1,Residential,9,0.859,0.532,0.638,0.856,21.1,0.472
CUST04839,Pune,Routine_Commuter,43.8,1,Office_Commercial,14,0.774,0.518,0.744,0.803,16.9,0.443
CUST04840,Chandigarh,Routine_Commuter,58.1,1,Office_Commercial,10,0.838,0.387,0.646,0.646,21.5,0.42
CUST04841,Ahmedabad,Routine_Commuter,60.2,0,Office_Commercial,9,0.752,0.429,0.47,0.822,20.3,0.444
CUST04842,Hyderabad,Price_Sensitive,53.5,0,Office_Commercial,12,0.558,0.77,0.546,0.733,25.5,0.61
CUST04843,Chennai,Routine_Commuter,59.2,1,Residential,11,0.758,0.554,0.784,0.668,23.5,0.473
CUST04844,Kolkata,Price_Sensitive,47.2,0,Office_Commercial,7,0.344,0.682,0.449,0.808,18.4,0.549
CUST04845,Delhi NCR,Routine_Commuter,59.0,1,Transit_Public,12,0.92,0.595,0.806,0.689,20.3,0.505
CUST04846,Ahmedabad,Routine_Commuter,50.2,1,Hotel,12,0.7,0.451,0.761,0.665,16.2,0.416
CUST04847,Delhi NCR,Price_Sensitive,69.2,0,Office_Commercial,8,0.495,0.938,0.697,0.67,20.5,0.675
CUST04848,Kochi,Price_Sensitive,45.2,0,Mall_Retail,10,0.914,0.82,0.327,0.704,15.6,0.721
CUST04849,Bengaluru,Routine_Commuter,57.2,1,Residential,12,0.762,0.765,0.634,0.815,28.9,0.598
CUST04850,Ahmedabad,Routine_Commuter,62.4,1,Mall_Retail,9,0.805,0.468,0.884,0.866,28.6,0.382
CUST04851,Chandigarh,Price_Sensitive,47.7,0,Mall_Retail,6,0.365,0.945,0.378,0.545,21.3,0.749
CUST04852,Chandigarh,Convenience_First,73.6,1,Highway,8,0.84,0.24,0.865,0.837,34.5,0.267
CUST04853,Kolkata,High_Mileage,76.7,0,Fleet,23,0.384,0.685,0.863,0.822,35.1,0.469
CUST04854,Bengaluru,Price_Sensitive,42.6,0,Highway,10,0.471,0.794,0.329,0.648,16.8,0.671
CUST04855,Chennai,Price_Sensitive,68.2,0,Transit_Public,10,0.457,0.836,0.245,0.428,29.8,0.742
CUST04856,Pune,High_Mileage,62.2,0,Fleet,15,0.518,0.737,0.815,0.871,22.8,0.514
CUST04857,Pune,Price_Sensitive,44.8,1,Mall_Retail,8,0.453,0.849,0.277,0.476,20.6,0.736
CUST04858,Bengaluru,Convenience_First,78.9,0,Fleet,8,0.762,0.309,0.929,0.807,49.0,0.289
CUST04859,Hyderabad,Convenience_First,50.5,0,Transit_Public,10,0.866,0.274,0.807,0.711,17.0,0.319
CUST04860,Delhi NCR,Convenience_First,56.4,0,Transit_Public,6,0.824,0.301,0.86,0.895,18.5,0.292
CUST04861,Bengaluru,Routine_Commuter,57.5,1,Hotel,10,0.759,0.714,0.694,0.709,23.1,0.574
CUST04862,Chennai,Convenience_First,52.2,1,Hotel,6,0.933,0.159,0.854,0.898,17.4,0.225
CUST04863,Chennai,Convenience_First,35.0,0,Fleet,10,0.833,0.267,0.952,0.691,14.9,0.286
CUST04864,Bengaluru,High_Mileage,57.8,0,Highway,16,0.6,0.945,0.603,0.901,21.1,0.674
CUST04865,Hyderabad,Price_Sensitive,47.5,1,Mall_Retail,12,0.53,0.936,0.316,0.418,21.5,0.792
CUST04866,Delhi NCR,Convenience_First,61.9,1,Highway,8,0.847,0.112,0.907,0.821,26.3,0.192
CUST04867,Delhi NCR,Routine_Commuter,52.3,0,Office_Commercial,12,0.909,0.423,0.688,0.86,21.8,0.407
CUST04868,Lucknow,Convenience_First,67.8,0,Office_Commercial,9,0.892,0.091,0.961,0.681,25.3,0.195
CUST04869,Mumbai,Price_Sensitive,46.2,1,Highway,10,0.461,0.72,0.811,0.452,22.9,0.562
CUST04870,Kolkata,Convenience_First,68.4,0,Office_Commercial,10,0.87,0.165,0.813,0.798,17.2,0.246
CUST04871,Delhi NCR,Routine_Commuter,57.7,1,Mall_Retail,12,0.552,0.571,0.99,0.743,20.5,0.41
CUST04872,Mumbai,Price_Sensitive,54.0,1,Mall_Retail,9,0.431,0.88,0.715,0.609,32.5,0.643
CUST04873,Hyderabad,Convenience_First,60.9,1,Mall_Retail,7,0.981,0.319,0.855,0.75,23.6,0.34
CUST04874,Kochi,Price_Sensitive,36.0,1,Residential,10,0.575,0.819,0.263,0.99,17.0,0.657
CUST04875,Jaipur,High_Mileage,75.7,0,Office_Commercial,15,0.644,0.729,0.663,0.94,30.4,0.542
CUST04876,Pune,Routine_Commuter,55.7,0,Mall_Retail,11,0.822,0.593,0.453,0.645,25.8,0.571
CUST04877,Delhi NCR,Convenience_First,54.2,0,Highway,10,0.747,0.376,0.966,0.799,22.0,0.319
CUST04878,Bengaluru,Routine_Commuter,35.9,0,Residential,8,0.662,0.533,0.639,0.613,16.0,0.49
CUST04879,Bengaluru,Routine_Commuter,66.1,0,Residential,14,0.749,0.534,0.772,0.837,25.2,0.439
CUST04880,Bengaluru,Price_Sensitive,44.8,0,Mall_Retail,9,0.481,0.887,0.428,0.458,10.1,0.732
CUST04881,Kolkata,Convenience_First,59.7,1,Fleet,9,0.837,0.137,0.861,0.513,28.7,0.26
CUST04882,Mumbai,Price_Sensitive,63.1,0,Office_Commercial,12,0.384,0.909,0.415,0.788,23.4,0.687
CUST04883,Hyderabad,Price_Sensitive,49.1,1,Mall_Retail,6,0.634,0.819,0.444,0.815,21.3,0.653
CUST04884,Hyderabad,Convenience_First,51.1,0,Mall_Retail,5,0.623,0.143,0.838,0.831,26.9,0.199
CUST04885,Delhi NCR,Price_Sensitive,49.3,0,Residential,6,0.778,0.667,0.419,0.31,15.6,0.664
CUST04886,Kochi,Routine_Commuter,52.1,1,Transit_Public,8,0.658,0.419,0.822,0.509,27.3,0.405
CUST04887,Delhi NCR,Convenience_First,50.7,0,Residential,5,0.758,0.01,0.826,0.879,19.8,0.134
CUST04888,Hyderabad,Routine_Commuter,65.2,1,Office_Commercial,12,0.657,0.757,0.557,0.804,30.2,0.6
CUST04889,Jaipur,Routine_Commuter,61.0,0,Hotel,10,0.69,0.75,0.748,0.729,28.0,0.573
CUST04890,Pune,Price_Sensitive,51.3,1,Office_Commercial,8,0.641,0.801,0.565,0.654,17.0,0.643
CUST04891,Jaipur,High_Mileage,91.7,1,Mall_Retail,17,0.441,0.732,0.764,0.935,30.9,0.503
CUST04892,Jaipur,Price_Sensitive,64.3,1,Highway,11,0.57,0.82,0.418,0.474,35.9,0.703
CUST04893,Kochi,Convenience_First,79.3,0,Mall_Retail,10,0.699,0.121,0.917,0.831,38.7,0.179
CUST04894,Chandigarh,Price_Sensitive,35.0,0,Office_Commercial,7,0.382,0.786,0.313,0.608,17.2,0.667
CUST04895,Pune,Routine_Commuter,66.4,1,Office_Commercial,14,0.583,0.467,0.772,0.603,32.6,0.42
CUST04896,Lucknow,Price_Sensitive,57.2,0,Residential,8,0.322,0.792,0.551,0.344,24.3,0.656
CUST04897,Delhi NCR,Price_Sensitive,35.0,0,Residential,9,0.619,0.99,0.505,0.447,13.6,0.788
CUST04898,Delhi NCR,High_Mileage,65.6,0,Mall_Retail,24,0.644,0.793,0.696,0.895,29.7,0.577
CUST04899,Bengaluru,Convenience_First,58.8,0,Mall_Retail,5,0.798,0.232,0.837,0.835,20.4,0.265
CUST04900,Ahmedabad,Routine_Commuter,46.3,1,Office_Commercial,9,0.661,0.613,0.855,0.661,18.8,0.483
CUST04901,Bengaluru,Convenience_First,89.2,1,Highway,8,0.786,0.224,0.892,0.816,40.7,0.251
CUST04902,Ahmedabad,Convenience_First,43.1,0,Transit_Public,5,0.811,0.3,0.8,0.72,25.6,0.328
CUST04903,Mumbai,Convenience_First,70.2,0,Transit_Public,10,0.923,0.225,0.801,0.787,26.1,0.288
CUST04904,Kolkata,Routine_Commuter,51.6,1,Office_Commercial,11,0.628,0.295,0.704,0.766,16.1,0.319
CUST04905,Ahmedabad,Convenience_First,42.6,0,Highway,5,0.945,0.282,0.848,0.777,17.2,0.313
CUST04906,Mumbai,Price_Sensitive,40.3,1,Office_Commercial,8,0.365,0.654,0.413,0.382,19.9,0.606
CUST04907,Pune,Price_Sensitive,44.0,1,Fleet,10,0.568,0.878,0.721,0.363,17.7,0.691
CUST04908,Kochi,Convenience_First,52.0,0,Mall_Retail,9,0.99,0.34,0.762,0.758,20.0,0.37
CUST04909,Mumbai,Routine_Commuter,54.2,1,Office_Commercial,10,0.919,0.301,0.537,0.911,20.9,0.363
CUST04910,Mumbai,Routine_Commuter,51.0,1,Residential,9,0.725,0.436,0.624,0.799,23.0,0.418
CUST04911,Mumbai,High_Mileage,63.8,0,Fleet,23,0.561,0.782,0.675,0.857,27.9,0.573
CUST04912,Mumbai,Convenience_First,61.1,0,Transit_Public,7,0.824,0.172,0.971,0.83,21.1,0.208
CUST04913,Delhi NCR,Routine_Commuter,40.6,0,Residential,13,0.754,0.666,0.787,0.773,16.4,0.519
CUST04914,Ahmedabad,Price_Sensitive,53.2,1,Highway,11,0.691,0.823,0.452,0.559,27.4,0.698
CUST04915,Mumbai,Routine_Commuter,60.2,1,Residential,14,0.751,0.427,0.843,0.9,20.9,0.356
CUST04916,Delhi NCR,Price_Sensitive,39.8,1,Transit_Public,6,0.573,0.942,0.466,0.491,15.8,0.758
CUST04917,Ahmedabad,Routine_Commuter,64.5,1,Residential,9,0.798,0.503,0.859,0.578,32.0,0.448
CUST04918,Ahmedabad,Routine_Commuter,54.9,1,Transit_Public,11,0.687,0.764,0.746,0.359,25.7,0.636
CUST04919,Kolkata,Price_Sensitive,55.6,1,Mall_Retail,6,0.734,0.687,0.271,0.37,23.2,0.692
CUST04920,Mumbai,Price_Sensitive,63.9,0,Transit_Public,8,0.744,0.798,0.526,0.561,26.8,0.674
CUST04921,Kolkata,Convenience_First,56.1,0,Fleet,6,0.734,0.065,0.809,0.829,18.3,0.173
CUST04922,Delhi NCR,Price_Sensitive,53.2,0,Residential,8,0.807,0.669,0.356,0.554,19.2,0.644
CUST04923,Chennai,Routine_Commuter,58.5,1,Residential,13,0.66,0.657,0.706,0.907,26.4,0.5
CUST04924,Chennai,Convenience_First,54.2,0,Office_Commercial,8,0.873,0.125,0.9,0.88,22.7,0.194
CUST04925,Hyderabad,Convenience_First,63.6,1,Mall_Retail,5,0.621,0.253,0.826,0.859,28.8,0.257
CUST04926,Pune,Price_Sensitive,51.0,0,Residential,11,0.471,0.595,0.653,0.565,25.7,0.509
CUST04927,Mumbai,High_Mileage,82.3,0,Mall_Retail,22,0.636,0.394,0.662,0.895,41.4,0.364
CUST04928,Ahmedabad,Convenience_First,57.6,1,Fleet,7,0.772,0.261,0.841,0.583,26.4,0.315
CUST04929,Chandigarh,Price_Sensitive,45.2,0,Office_Commercial,8,0.503,0.812,0.617,0.465,24.7,0.654
CUST04930,Mumbai,Routine_Commuter,49.1,0,Residential,10,0.63,0.636,0.693,0.653,26.0,0.527
CUST04931,Pune,Convenience_First,63.9,1,Hotel,7,0.801,0.272,0.74,0.857,24.4,0.303
CUST04932,Delhi NCR,Price_Sensitive,43.2,1,Mall_Retail,9,0.681,0.826,0.447,0.491,19.5,0.709
CUST04933,Kochi,Convenience_First,53.1,0,Mall_Retail,5,0.916,0.26,0.929,0.683,28.1,0.296
CUST04934,Pune,Routine_Commuter,60.0,1,Office_Commercial,12,0.99,0.508,0.835,0.686,33.6,0.459
CUST04935,Pune,Routine_Commuter,61.1,1,Residential,12,0.647,0.441,0.618,0.577,29.4,0.447
CUST04936,Mumbai,Routine_Commuter,58.3,0,Residential,9,0.533,0.747,0.677,0.558,25.2,0.595
CUST04937,Ahmedabad,High_Mileage,84.9,0,Highway,16,0.436,0.776,0.682,0.892,33.2,0.55
CUST04938,Bengaluru,Price_Sensitive,68.1,1,Mall_Retail,10,0.474,0.733,0.175,0.283,25.3,0.723
CUST04939,Bengaluru,Price_Sensitive,48.7,1,Mall_Retail,12,0.463,0.99,0.79,0.611,21.1,0.691
CUST04940,Bengaluru,High_Mileage,79.8,0,Fleet,17,0.66,0.464,0.642,0.823,13.3,0.419
CUST04941,Kolkata,Routine_Commuter,44.3,1,Residential,13,0.768,0.542,0.367,0.99,13.6,0.503
CUST04942,Kochi,High_Mileage,58.9,0,Office_Commercial,15,0.503,0.743,0.831,0.874,27.5,0.512
CUST04943,Pune,Price_Sensitive,56.5,1,Residential,10,0.612,0.661,0.525,0.54,29.7,0.589
CUST04944,Mumbai,Convenience_First,58.4,0,Mall_Retail,7,0.742,0.128,0.903,0.661,21.7,0.215
CUST04945,Pune,High_Mileage,71.6,1,Fleet,19,0.545,0.708,0.702,0.835,34.5,0.528
CUST04946,Chennai,Routine_Commuter,78.2,1,Transit_Public,11,0.43,0.557,0.846,0.666,37.4,0.43
CUST04947,Kochi,Convenience_First,68.1,1,Residential,9,0.726,0.192,0.906,0.589,49.0,0.259
CUST04948,Delhi NCR,Price_Sensitive,49.1,0,Highway,8,0.846,0.549,0.413,0.578,25.7,0.567
CUST04949,Pune,Convenience_First,76.9,1,Hotel,8,0.979,0.347,0.846,0.847,33.6,0.342
CUST04950,Pune,Routine_Commuter,37.7,1,Transit_Public,14,0.607,0.336,0.567,0.641,15.3,0.386
CUST04951,Hyderabad,Convenience_First,71.8,0,Mall_Retail,10,0.911,0.417,0.937,0.834,24.1,0.358
CUST04952,Delhi NCR,Convenience_First,52.4,0,Transit_Public,6,0.789,0.252,0.869,0.653,22.1,0.296
CUST04953,Delhi NCR,Routine_Commuter,58.3,0,Office_Commercial,9,0.628,0.581,0.719,0.614,26.3,0.496
CUST04954,Mumbai,Routine_Commuter,52.2,0,Office_Commercial,11,0.759,0.638,0.694,0.733,16.6,0.528
CUST04955,Jaipur,Routine_Commuter,55.9,1,Office_Commercial,13,0.634,0.428,0.738,0.76,27.5,0.387
CUST04956,Delhi NCR,High_Mileage,83.7,0,Mall_Retail,25,0.353,0.328,0.507,0.81,39.0,0.343
CUST04957,Kolkata,Routine_Commuter,68.6,1,Office_Commercial,8,0.776,0.637,0.932,0.71,32.3,0.485
CUST04958,Mumbai,Routine_Commuter,55.8,0,Office_Commercial,14,0.883,0.374,0.64,0.975,22.3,0.37
CUST04959,Ahmedabad,Routine_Commuter,55.2,0,Residential,12,0.809,0.691,0.55,0.786,30.1,0.583
CUST04960,Hyderabad,High_Mileage,67.6,0,Mall_Retail,25,0.656,0.581,0.641,0.856,29.6,0.479
CUST04961,Pune,Price_Sensitive,44.4,1,Transit_Public,6,0.209,0.812,0.449,0.528,20.0,0.648
CUST04962,Pune,Convenience_First,49.8,0,Hotel,9,0.813,0.01,0.875,0.753,22.3,0.149
CUST04963,Lucknow,Routine_Commuter,46.6,0,Transit_Public,12,0.531,0.547,0.829,0.845,16.8,0.411
CUST04964,Jaipur,High_Mileage,66.8,1,Office_Commercial,15,0.478,0.577,0.779,0.741,34.3,0.448
CUST04965,Delhi NCR,High_Mileage,64.5,1,Mall_Retail,22,0.699,0.89,0.768,0.942,32.1,0.615
CUST04966,Kolkata,Routine_Commuter,55.5,1,Transit_Public,10,0.662,0.384,0.708,0.746,24.3,0.374
CUST04967,Chennai,Price_Sensitive,56.2,0,Mall_Retail,9,0.619,0.841,0.35,0.832,29.4,0.68
CUST04968,Delhi NCR,Routine_Commuter,61.4,1,Office_Commercial,11,0.797,0.521,0.478,0.636,23.1,0.525
CUST04969,Bengaluru,Routine_Commuter,53.7,1,Residential,14,0.71,0.539,0.587,0.816,24.9,0.477
CUST04970,Ahmedabad,Convenience_First,42.3,0,Office_Commercial,7,0.99,0.246,0.873,0.81,19.5,0.288
CUST04971,Chennai,Price_Sensitive,50.8,0,Mall_Retail,8,0.58,0.909,0.535,0.505,17.1,0.725
CUST04972,Kochi,Convenience_First,57.4,0,Highway,8,0.826,0.276,0.99,0.884,21.0,0.254
CUST04973,Lucknow,Routine_Commuter,54.9,1,Mall_Retail,14,0.769,0.645,0.472,0.735,20.2,0.577
CUST04974,Chennai,Convenience_First,59.0,1,Highway,5,0.831,0.303,0.833,0.883,22.7,0.301
CUST04975,Mumbai,Price_Sensitive,54.9,0,Mall_Retail,11,0.47,0.907,0.692,0.4,24.4,0.697
CUST04976,Pune,Routine_Commuter,51.2,1,Hotel,9,0.867,0.727,0.828,0.601,20.4,0.581
CUST04977,Mumbai,Convenience_First,57.4,1,Fleet,6,0.99,0.057,0.732,0.769,20.6,0.218
CUST04978,Delhi NCR,Convenience_First,55.5,0,Fleet,6,0.971,0.251,0.941,0.744,23.4,0.286
CUST04979,Bengaluru,Routine_Commuter,49.4,1,Office_Commercial,8,0.958,0.498,0.709,0.718,17.6,0.47
CUST04980,Hyderabad,Routine_Commuter,47.1,0,Mall_Retail,11,0.761,0.334,0.679,0.58,19.4,0.387
CUST04981,Delhi NCR,Price_Sensitive,51.6,1,Mall_Retail,12,0.394,0.623,0.315,0.504,23.1,0.594
CUST04982,Mumbai,Price_Sensitive,53.1,0,Mall_Retail,12,0.339,0.834,0.536,0.533,23.8,0.655
CUST04983,Hyderabad,Convenience_First,45.3,0,Office_Commercial,6,0.974,0.01,0.794,0.744,21.6,0.182
CUST04984,Kochi,Convenience_First,49.0,1,Highway,8,0.878,0.218,0.87,0.736,19.8,0.273
CUST04985,Chandigarh,Price_Sensitive,52.5,0,Office_Commercial,12,0.384,0.877,0.447,0.53,21.5,0.702
CUST04986,Hyderabad,Convenience_First,50.9,0,Highway,6,0.661,0.1,0.99,0.757,24.0,0.16
CUST04987,Kochi,Price_Sensitive,47.4,0,Highway,6,0.447,0.851,0.487,0.403,32.5,0.705
CUST04988,Chennai,Routine_Commuter,52.0,1,Residential,10,0.762,0.667,0.737,0.744,25.4,0.534
CUST04989,Kochi,Price_Sensitive,59.6,1,Mall_Retail,11,0.415,0.815,0.667,0.764,21.7,0.591
CUST04990,Bengaluru,Routine_Commuter,59.7,1,Transit_Public,8,0.751,0.372,0.803,0.657,32.0,0.371
CUST04991,Delhi NCR,Routine_Commuter,55.2,1,Office_Commercial,9,0.704,0.445,0.544,0.752,21.5,0.444
CUST04992,Pune,Routine_Commuter,54.6,1,Highway,10,0.711,0.32,0.585,0.784,22.7,0.363
CUST04993,Chandigarh,Convenience_First,68.0,1,Mall_Retail,9,0.835,0.029,0.894,0.899,30.0,0.136
CUST04994,Jaipur,Convenience_First,63.1,0,Office_Commercial,7,0.859,0.404,0.956,0.731,24.9,0.357
CUST04995,Lucknow,Routine_Commuter,46.6,1,Mall_Retail,10,0.92,0.321,0.634,0.812,23.7,0.37
CUST04996,Delhi NCR,Routine_Commuter,56.0,1,Residential,13,0.759,0.46,0.637,0.754,22.4,0.438
CUST04997,Hyderabad,Price_Sensitive,57.1,0,Transit_Public,11,0.506,0.872,0.556,0.527,20.4,0.69
CUST04998,Mumbai,Convenience_First,67.4,1,Mall_Retail,8,0.651,0.131,0.862,0.738,36.4,0.204
CUST04999,Kolkata,Price_Sensitive,35.0,0,Transit_Public,11,0.752,0.689,0.532,0.801,14.9,0.578
CUST05000,Jaipur,High_Mileage,58.5,1,Highway,15,0.578,0.575,0.824,0.88,25.6,0.427
CUST05001,Lucknow,Routine_Commuter,60.6,0,Office_Commercial,8,0.786,0.539,0.771,0.705,28.8,0.465
CUST05002,Hyderabad,Convenience_First,51.5,0,Highway,5,0.848,0.045,0.99,0.674,18.5,0.16
CUST05003,Chennai,Routine_Commuter,48.9,1,Office_Commercial,12,0.624,0.631,0.62,0.592,21.9,0.546
CUST05004,Hyderabad,Price_Sensitive,58.5,1,Mall_Retail,6,0.389,0.959,0.806,0.557,26.7,0.672
CUST05005,Hyderabad,Convenience_First,57.2,0,Residential,7,0.769,0.142,0.891,0.944,19.5,0.185
CUST05006,Delhi NCR,Price_Sensitive,65.7,1,Residential,7,0.063,0.906,0.254,0.571,30.5,0.718
CUST05007,Jaipur,High_Mileage,52.0,0,Transit_Public,15,0.25,0.834,0.834,0.891,20.7,0.533
CUST05008,Chennai,Convenience_First,53.0,0,Hotel,5,0.907,0.344,0.892,0.919,26.9,0.314
CUST05009,Bengaluru,High_Mileage,65.5,0,Fleet,22,0.617,0.752,0.703,0.969,27.0,0.539
CUST05010,Kolkata,Routine_Commuter,57.8,1,Residential,9,0.832,0.432,0.643,0.715,24.7,0.435
CUST05011,Chandigarh,Convenience_First,68.7,1,Mall_Retail,6,0.804,0.117,0.9,0.884,29.7,0.182
CUST05012,Ahmedabad,Routine_Commuter,51.7,0,Residential,8,0.518,0.442,0.647,0.757,28.2,0.402
CUST05013,Bengaluru,Price_Sensitive,58.3,1,Transit_Public,6,0.39,0.99,0.695,0.7,28.7,0.689
CUST05014,Ahmedabad,Routine_Commuter,58.1,1,Mall_Retail,8,0.681,0.43,0.8,0.756,28.5,0.381
CUST05015,Lucknow,Convenience_First,43.9,1,Office_Commercial,6,0.745,0.258,0.855,0.661,22.0,0.296
CUST05016,Chennai,Routine_Commuter,52.9,1,Residential,11,0.707,0.633,0.874,0.665,19.8,0.494
CUST05017,Delhi NCR,Price_Sensitive,51.0,0,Mall_Retail,7,0.616,0.967,0.437,0.816,24.0,0.734
CUST05018,Hyderabad,Convenience_First,62.8,1,Highway,6,0.774,0.163,0.943,0.778,28.0,0.212
CUST05019,Kolkata,Price_Sensitive,52.1,1,Mall_Retail,12,0.47,0.711,0.389,0.501,19.5,0.635
CUST05020,Jaipur,Convenience_First,64.3,1,Transit_Public,7,0.701,0.216,0.846,0.892,27.0,0.236
CUST05021,Chandigarh,Price_Sensitive,51.2,0,Hotel,7,0.449,0.665,0.513,0.296,20.2,0.614
CUST05022,Kochi,Price_Sensitive,49.3,0,Transit_Public,8,0.377,0.826,0.561,0.424,15.9,0.667
CUST05023,Mumbai,Routine_Commuter,58.8,1,Office_Commercial,10,0.837,0.481,0.671,0.775,17.2,0.448
CUST05024,Delhi NCR,Routine_Commuter,42.3,1,Mall_Retail,9,0.877,0.311,0.644,0.615,24.2,0.387
CUST05025,Kolkata,Routine_Commuter,53.7,1,Office_Commercial,11,0.469,0.472,0.954,0.771,23.8,0.35
CUST05026,Mumbai,Price_Sensitive,51.7,1,Residential,10,0.57,0.661,0.333,0.451,23.3,0.636
CUST05027,Pune,Routine_Commuter,51.4,1,Office_Commercial,11,0.669,0.443,0.604,0.79,22.8,0.421
CUST05028,Kolkata,Routine_Commuter,62.6,1,Office_Commercial,8,0.62,0.67,0.59,0.962,32.7,0.518
CUST05029,Mumbai,Price_Sensitive,54.1,1,Transit_Public,8,0.432,0.81,0.366,0.37,25.3,0.71
CUST05030,Mumbai,Routine_Commuter,43.1,0,Residential,12,0.599,0.563,0.675,0.691,16.1,0.481
CUST05031,Bengaluru,Routine_Commuter,63.1,1,Residential,8,0.639,0.611,0.719,0.964,34.9,0.462
CUST05032,Mumbai,Convenience_First,67.8,0,Hotel,9,0.788,0.279,0.776,0.663,32.9,0.328
CUST05033,Hyderabad,High_Mileage,73.0,1,Highway,15,0.347,0.836,0.692,0.866,29.1,0.576
CUST05034,Chandigarh,Routine_Commuter,66.3,0,Hotel,12,0.672,0.305,0.881,0.601,29.8,0.318
CUST05035,Pune,Convenience_First,77.9,0,Transit_Public,5,0.787,0.351,0.817,0.657,32.3,0.36
CUST05036,Kolkata,Convenience_First,57.9,0,Office_Commercial,10,0.811,0.229,0.93,0.671,23.8,0.27
CUST05037,Chandigarh,Price_Sensitive,46.5,1,Transit_Public,10,0.505,0.726,0.484,0.561,23.0,0.619
CUST05038,Mumbai,Price_Sensitive,45.6,1,Residential,12,0.693,0.86,0.315,0.517,26.9,0.752
CUST05039,Jaipur,Convenience_First,68.3,0,Fleet,9,0.967,0.323,0.848,0.868,33.1,0.325
CUST05040,Mumbai,Price_Sensitive,65.2,1,Office_Commercial,8,0.601,0.782,0.503,0.615,36.0,0.647
CUST05041,Bengaluru,Price_Sensitive,43.1,0,Transit_Public,7,0.558,0.786,0.44,0.962,19.2,0.606
CUST05042,Pune,Price_Sensitive,66.1,1,Transit_Public,9,0.682,0.764,0.765,0.423,26.8,0.622
CUST05043,Kochi,Routine_Commuter,59.3,1,Residential,10,0.742,0.595,0.663,0.777,29.8,0.502
CUST05044,Jaipur,Price_Sensitive,56.3,0,Residential,10,0.67,0.847,0.641,0.437,20.1,0.689
CUST05045,Ahmedabad,Routine_Commuter,57.6,1,Office_Commercial,10,0.929,0.34,0.829,0.888,21.8,0.331
CUST05046,Hyderabad,Price_Sensitive,44.4,1,Transit_Public,11,0.484,0.748,0.38,0.55,22.1,0.652
CUST05047,Hyderabad,Price_Sensitive,53.5,0,Mall_Retail,9,0.771,0.838,0.438,0.569,27.3,0.715
CUST05048,Jaipur,Convenience_First,52.0,1,Office_Commercial,6,0.785,0.201,0.768,0.906,15.3,0.25
CUST05049,Bengaluru,Convenience_First,60.5,1,Fleet,8,0.845,0.241,0.857,0.94,30.7,0.255
CUST05050,Kochi,Routine_Commuter,57.9,1,Residential,8,0.973,0.582,0.655,0.842,27.6,0.51
CUST05051,Chandigarh,Routine_Commuter,55.4,1,Residential,8,0.493,0.653,0.755,0.821,18.6,0.484
CUST05052,Kolkata,Convenience_First,74.9,0,Office_Commercial,7,0.841,0.293,0.841,0.882,32.1,0.295
CUST05053,Ahmedabad,High_Mileage,63.8,0,Mall_Retail,24,0.503,0.545,0.832,0.858,25.2,0.405
CUST05054,Delhi NCR,Price_Sensitive,49.7,0,Mall_Retail,12,0.589,0.8,0.485,0.477,20.7,0.68
CUST05055,Pune,Price_Sensitive,56.4,0,Office_Commercial,9,0.666,0.816,0.477,0.55,25.7,0.687
CUST05056,Kolkata,Convenience_First,75.4,0,Highway,7,0.681,0.297,0.904,0.91,35.7,0.264
CUST05057,Ahmedabad,High_Mileage,45.9,0,Highway,16,0.553,0.94,0.746,0.99,19.2,0.625
CUST05058,Delhi NCR,Routine_Commuter,73.8,1,Residential,13,0.757,0.503,0.723,0.739,33.5,0.447
CUST05059,Lucknow,High_Mileage,67.3,0,Highway,19,0.677,0.848,0.911,0.915,21.8,0.564
CUST05060,Lucknow,Convenience_First,67.9,0,Mall_Retail,6,0.679,0.282,0.893,0.846,27.7,0.267
CUST05061,Pune,Price_Sensitive,60.0,0,Office_Commercial,7,0.587,0.911,0.345,0.351,31.9,0.788
CUST05062,Kochi,High_Mileage,60.2,0,Hotel,16,0.641,0.708,0.737,0.854,25.5,0.528
CUST05063,Pune,Routine_Commuter,57.5,0,Mall_Retail,8,0.846,0.54,0.576,0.684,22.2,0.514
CUST05064,Ahmedabad,High_Mileage,61.9,0,Hotel,16,0.559,0.425,0.861,0.753,21.8,0.355
CUST05065,Kolkata,Convenience_First,71.1,0,Fleet,9,0.76,0.238,0.733,0.747,28.6,0.298
CUST05066,Mumbai,Convenience_First,50.7,0,Fleet,7,0.783,0.205,0.849,0.854,30.2,0.243
CUST05067,Lucknow,High_Mileage,72.4,1,Residential,22,0.717,0.705,0.606,0.932,27.1,0.548
CUST05068,Chennai,Convenience_First,43.7,1,Office_Commercial,10,0.87,0.372,0.971,0.765,19.8,0.333
CUST05069,Bengaluru,Routine_Commuter,53.7,1,Office_Commercial,13,0.596,0.723,0.4,0.842,27.9,0.601
CUST05070,Bengaluru,High_Mileage,74.9,0,Residential,17,0.589,0.751,0.68,0.791,40.6,0.567
CUST05071,Bengaluru,Price_Sensitive,51.5,1,Mall_Retail,7,0.498,0.859,0.601,0.687,22.8,0.649
CUST05072,Hyderabad,Price_Sensitive,40.4,0,Mall_Retail,10,0.54,0.811,0.517,0.529,17.3,0.667
CUST05073,Mumbai,Routine_Commuter,56.2,1,Office_Commercial,10,0.794,0.365,0.732,0.74,27.8,0.373
CUST05074,Hyderabad,Routine_Commuter,63.4,0,Residential,13,0.809,0.433,0.465,0.593,28.1,0.487
CUST05075,Lucknow,Convenience_First,67.4,0,Hotel,5,0.808,0.253,0.858,0.88,28.3,0.266
CUST05076,Kochi,Price_Sensitive,56.1,0,Office_Commercial,6,0.437,0.949,0.434,0.843,26.3,0.703
CUST05077,Hyderabad,Routine_Commuter,67.5,1,Office_Commercial,8,0.804,0.714,0.726,0.76,31.3,0.564
CUST05078,Hyderabad,High_Mileage,77.5,0,Transit_Public,18,0.632,0.768,0.778,0.937,34.5,0.54
CUST05079,Chennai,Convenience_First,66.5,0,Mall_Retail,7,0.839,0.108,0.765,0.776,28.8,0.224
CUST05080,Delhi NCR,Convenience_First,62.3,0,Office_Commercial,7,0.856,0.412,0.844,0.808,25.9,0.372
CUST05081,Jaipur,Convenience_First,52.0,0,Fleet,5,0.723,0.288,0.916,0.841,30.5,0.271
CUST05082,Pune,Convenience_First,47.4,1,Transit_Public,8,0.957,0.288,0.811,0.745,19.0,0.33
CUST05083,Chandigarh,Routine_Commuter,60.4,1,Office_Commercial,9,0.534,0.732,0.542,0.786,23.8,0.58
CUST05084,Mumbai,Routine_Commuter,52.5,1,Mall_Retail,8,0.99,0.629,0.836,0.99,21.0,0.479
CUST05085,Bengaluru,Routine_Commuter,55.6,1,Mall_Retail,12,0.852,0.627,0.796,0.579,22.8,0.534
CUST05086,Mumbai,High_Mileage,69.7,0,Fleet,15,0.653,0.744,0.688,0.809,33.3,0.565
CUST05087,Pune,Routine_Commuter,64.6,1,Office_Commercial,9,0.619,0.588,0.89,0.842,23.4,0.431
CUST05088,Bengaluru,Price_Sensitive,35.0,0,Transit_Public,7,0.381,0.775,0.429,0.545,14.7,0.647
CUST05089,Bengaluru,Routine_Commuter,50.7,1,Residential,10,0.707,0.396,0.614,0.955,21.6,0.373
CUST05090,Lucknow,Price_Sensitive,58.6,0,Office_Commercial,11,0.498,0.673,0.535,0.586,26.6,0.575
CUST05091,Chennai,Routine_Commuter,69.2,1,Office_Commercial,9,0.776,0.455,0.864,0.781,18.6,0.388
CUST05092,Chennai,Price_Sensitive,45.6,0,Highway,12,0.18,0.743,0.688,0.695,12.0,0.535
CUST05093,Bengaluru,Convenience_First,62.9,1,Highway,5,0.968,0.316,0.712,0.762,16.0,0.364
CUST05094,Chennai,Price_Sensitive,49.2,1,Residential,9,0.647,0.797,0.321,0.365,19.6,0.734
CUST05095,Delhi NCR,Routine_Commuter,52.6,1,Residential,13,0.537,0.569,0.75,0.81,19.9,0.445
CUST05096,Delhi NCR,High_Mileage,59.7,0,Highway,17,0.566,0.582,0.66,0.758,23.5,0.481
CUST05097,Chandigarh,Price_Sensitive,40.4,0,Office_Commercial,12,0.366,0.65,0.551,0.402,13.8,0.573
CUST05098,Delhi NCR,Price_Sensitive,52.9,1,Office_Commercial,9,0.238,0.689,0.483,0.425,33.5,0.593
CUST05099,Delhi NCR,Routine_Commuter,50.2,1,Office_Commercial,11,0.56,0.471,0.65,0.811,25.3,0.413
CUST05100,Kochi,Routine_Commuter,67.9,1,Office_Commercial,13,0.855,0.595,0.713,0.769,24.8,0.505
CUST05101,Kolkata,Convenience_First,61.9,0,Fleet,10,0.789,0.243,0.843,0.8,27.3,0.274
CUST05102,Mumbai,Routine_Commuter,65.0,0,Office_Commercial,11,0.829,0.527,0.643,0.69,25.0,0.491
CUST05103,Pune,Price_Sensitive,50.3,1,Office_Commercial,8,0.353,0.887,0.586,0.585,21.8,0.668
CUST05104,Lucknow,Convenience_First,41.8,0,Mall_Retail,7,0.739,0.155,0.903,0.783,19.4,0.211
CUST05105,Mumbai,Price_Sensitive,38.3,1,Residential,9,0.657,0.647,0.437,0.758,20.3,0.571
CUST05106,Mumbai,Routine_Commuter,60.2,1,Residential,13,0.598,0.698,0.773,0.718,22.4,0.532
CUST05107,Kochi,Convenience_First,63.9,0,Residential,5,0.789,0.171,0.874,0.687,29.8,0.245
CUST05108,Delhi NCR,Price_Sensitive,51.9,0,Residential,12,0.391,0.751,0.717,0.518,19.5,0.581
CUST05109,Pune,Routine_Commuter,54.4,1,Transit_Public,14,0.542,0.546,0.581,0.479,25.2,0.516
CUST05110,Mumbai,Routine_Commuter,69.3,1,Residential,8,0.577,0.497,0.637,0.489,29.8,0.48
CUST05111,Bengaluru,Price_Sensitive,50.4,1,Hotel,6,0.746,0.768,0.477,0.567,17.6,0.667
CUST05112,Bengaluru,Price_Sensitive,48.9,1,Office_Commercial,12,0.663,0.8,0.499,0.597,22.6,0.667
CUST05113,Chandigarh,Price_Sensitive,61.7,1,Office_Commercial,6,0.482,0.99,0.268,0.448,27.7,0.822
CUST05114,Jaipur,High_Mileage,87.3,0,Fleet,17,0.596,0.692,0.838,0.792,40.2,0.504
CUST05115,Lucknow,High_Mileage,75.1,0,Hotel,19,0.598,0.45,0.73,0.76,23.7,0.397
CUST05116,Kolkata,Routine_Commuter,46.5,0,Residential,12,0.99,0.8,0.495,0.555,22.9,0.707
CUST05117,Bengaluru,Routine_Commuter,62.1,1,Residential,14,0.779,0.391,0.646,0.731,26.6,0.404
CUST05118,Chennai,Routine_Commuter,56.4,1,Transit_Public,14,0.708,0.411,0.786,0.909,24.5,0.353
CUST05119,Hyderabad,Routine_Commuter,63.7,0,Office_Commercial,9,0.79,0.763,0.832,0.701,34.5,0.577
CUST05120,Mumbai,Price_Sensitive,40.5,0,Transit_Public,11,0.5,0.811,0.298,0.63,14.9,0.692
CUST05121,Delhi NCR,Routine_Commuter,68.3,0,Mall_Retail,11,0.658,0.491,0.691,0.608,29.0,0.456
CUST05122,Mumbai,Routine_Commuter,49.6,0,Residential,9,0.736,0.484,0.621,0.671,22.3,0.465
CUST05123,Delhi NCR,Routine_Commuter,71.1,0,Residential,9,0.666,0.267,0.68,0.823,27.6,0.304
CUST05124,Pune,Convenience_First,54.8,0,Office_Commercial,10,0.872,0.372,0.642,0.851,31.5,0.386
CUST05125,Mumbai,Routine_Commuter,57.9,0,Office_Commercial,12,0.531,0.581,0.597,0.909,27.5,0.467
CUST05126,Hyderabad,Routine_Commuter,62.6,0,Mall_Retail,10,0.72,0.55,0.837,0.549,30.4,0.475
CUST05127,Hyderabad,Convenience_First,65.4,0,Highway,7,0.511,0.128,0.816,0.817,26.3,0.186
CUST05128,Kochi,Routine_Commuter,42.0,1,Residential,8,0.521,0.476,0.764,0.723,17.1,0.403
CUST05129,Bengaluru,Convenience_First,47.7,0,Highway,7,0.657,0.095,0.801,0.83,19.0,0.183
CUST05130,Bengaluru,Convenience_First,55.4,0,Mall_Retail,7,0.918,0.316,0.91,0.722,19.2,0.325
CUST05131,Delhi NCR,Convenience_First,64.3,0,Highway,6,0.801,0.339,0.872,0.695,25.2,0.338
CUST05132,Mumbai,Price_Sensitive,60.0,1,Office_Commercial,11,0.914,0.591,0.216,0.726,27.8,0.614
CUST05133,Mumbai,Routine_Commuter,61.5,1,Highway,14,0.769,0.591,0.602,0.874,25.5,0.5
CUST05134,Chandigarh,Routine_Commuter,67.6,1,Office_Commercial,12,0.482,0.404,0.842,0.749,19.3,0.339
CUST05135,Pune,Price_Sensitive,51.6,1,Residential,7,0.112,0.736,0.353,0.553,25.5,0.612
CUST05136,Kochi,Convenience_First,54.0,1,Office_Commercial,8,0.807,0.269,0.902,0.744,25.2,0.286
CUST05137,Pune,Price_Sensitive,55.4,0,Office_Commercial,9,0.78,0.732,0.658,0.547,21.7,0.617
CUST05138,Hyderabad,Price_Sensitive,42.1,0,Mall_Retail,8,0.409,0.942,0.642,0.448,11.0,0.713
CUST05139,Kolkata,Routine_Commuter,43.3,1,Mall_Retail,12,0.924,0.544,0.555,0.743,19.0,0.519
CUST05140,Ahmedabad,Convenience_First,65.6,0,Highway,9,0.921,0.104,0.808,0.602,34.9,0.247
CUST05141,Pune,Convenience_First,62.5,0,Mall_Retail,7,0.777,0.186,0.797,0.917,21.6,0.233
CUST05142,Pune,High_Mileage,47.9,0,Transit_Public,20,0.464,0.68,0.775,0.8,18.7,0.495
CUST05143,Delhi NCR,Price_Sensitive,43.0,1,Fleet,6,0.457,0.757,0.354,0.704,14.2,0.635
CUST05144,Mumbai,Price_Sensitive,58.0,1,Residential,11,0.374,0.817,0.52,0.644,17.9,0.636
CUST05145,Bengaluru,Routine_Commuter,63.8,1,Office_Commercial,11,0.821,0.712,0.679,0.859,25.2,0.559
CUST05146,Chennai,Routine_Commuter,63.7,1,Office_Commercial,9,0.75,0.598,0.508,0.949,21.9,0.51
CUST05147,Chennai,Price_Sensitive,48.8,1,Residential,6,0.611,0.874,0.737,0.5,19.5,0.67
CUST05148,Chennai,Price_Sensitive,52.1,0,Mall_Retail,6,0.38,0.848,0.479,0.706,15.6,0.653
CUST05149,Bengaluru,Convenience_First,51.4,0,Mall_Retail,9,0.626,0.149,0.749,0.822,14.7,0.221
CUST05150,Lucknow,Routine_Commuter,47.0,1,Office_Commercial,14,0.99,0.605,0.867,0.827,24.1,0.484
CUST05151,Mumbai,Convenience_First,55.6,1,Hotel,8,0.79,0.209,0.742,0.844,26.3,0.269
CUST05152,Pune,High_Mileage,57.0,0,Highway,20,0.789,0.643,0.847,0.807,21.9,0.492
CUST05153,Delhi NCR,Routine_Commuter,60.3,1,Office_Commercial,10,0.675,0.542,0.522,0.738,24.2,0.5
CUST05154,Chennai,Routine_Commuter,57.4,0,Residential,12,0.714,0.507,0.568,0.8,25.1,0.467
CUST05155,Kolkata,Price_Sensitive,51.5,1,Residential,7,0.392,0.779,0.452,0.688,21.8,0.624
CUST05156,Jaipur,Routine_Commuter,38.0,1,Mall_Retail,12,0.81,0.408,0.592,0.733,16.2,0.427
CUST05157,Hyderabad,Price_Sensitive,52.4,0,Fleet,6,0.474,0.943,0.223,0.56,16.2,0.787
CUST05158,Bengaluru,Routine_Commuter,65.2,1,Residential,11,0.99,0.651,0.742,0.814,29.2,0.536
CUST05159,Ahmedabad,Price_Sensitive,50.3,0,Hotel,9,0.415,0.858,0.617,0.347,20.7,0.688
CUST05160,Mumbai,Routine_Commuter,63.9,1,Office_Commercial,10,0.784,0.657,0.721,0.949,32.6,0.503
CUST05161,Kolkata,Convenience_First,46.1,0,Mall_Retail,5,0.6,0.201,0.748,0.771,18.2,0.255
CUST05162,Mumbai,Routine_Commuter,42.3,0,Residential,9,0.882,0.424,0.744,0.751,16.1,0.41
CUST05163,Mumbai,Routine_Commuter,46.2,1,Office_Commercial,12,0.628,0.609,0.769,0.738,18.4,0.483
CUST05164,Pune,Convenience_First,57.1,0,Mall_Retail,10,0.953,0.399,0.859,0.667,22.2,0.393
CUST05165,Kolkata,Routine_Commuter,54.7,0,Hotel,14,0.915,0.853,0.71,0.699,28.2,0.664
CUST05166,Ahmedabad,Convenience_First,68.4,0,Mall_Retail,7,0.806,0.42,0.918,0.749,24.7,0.366
CUST05167,Pune,Convenience_First,61.8,1,Highway,6,0.761,0.232,0.961,0.882,30.3,0.229
CUST05168,Delhi NCR,Routine_Commuter,44.4,1,Office_Commercial,14,0.818,0.662,0.693,0.703,15.1,0.552
CUST05169,Chennai,Price_Sensitive,56.5,1,Residential,11,0.657,0.842,0.654,0.678,21.4,0.646
CUST05170,Lucknow,Price_Sensitive,52.9,1,Transit_Public,6,0.823,0.757,0.673,0.332,19.4,0.664
CUST05171,Ahmedabad,Routine_Commuter,63.7,0,Office_Commercial,8,0.604,0.646,0.677,0.76,18.2,0.516
CUST05172,Pune,Routine_Commuter,59.1,0,Residential,13,0.837,0.432,0.637,0.852,23.8,0.416
CUST05173,Mumbai,Routine_Commuter,42.7,1,Office_Commercial,11,0.77,0.335,0.567,0.761,18.7,0.384
CUST05174,Lucknow,High_Mileage,70.5,0,Fleet,22,0.473,0.846,0.782,0.88,16.1,0.574
CUST05175,Chennai,Convenience_First,61.3,0,Office_Commercial,10,0.869,0.19,0.923,0.774,20.9,0.241
CUST05176,Mumbai,Price_Sensitive,58.5,0,Transit_Public,8,0.471,0.767,0.706,0.38,23.7,0.621
CUST05177,Mumbai,Routine_Commuter,61.4,1,Residential,9,0.712,0.47,0.501,0.626,28.2,0.486
CUST05178,Jaipur,Price_Sensitive,45.6,0,Mall_Retail,6,0.693,0.825,0.445,0.69,25.8,0.681
CUST05179,Pune,Price_Sensitive,40.6,0,Mall_Retail,10,0.622,0.89,0.508,0.744,11.8,0.688
CUST05180,Bengaluru,Price_Sensitive,53.3,0,Transit_Public,7,0.558,0.753,0.398,0.432,26.3,0.676
CUST05181,Delhi NCR,Convenience_First,60.7,1,Residential,5,0.887,0.082,0.958,0.697,20.7,0.187
CUST05182,Pune,Convenience_First,58.4,1,Transit_Public,5,0.863,0.317,0.803,0.728,22.5,0.341
CUST05183,Jaipur,Routine_Commuter,64.4,0,Transit_Public,9,0.43,0.463,0.774,0.887,23.1,0.36
CUST05184,Bengaluru,High_Mileage,69.5,0,Highway,19,0.478,0.499,0.843,0.909,25.1,0.367
CUST05185,Jaipur,Price_Sensitive,63.2,0,Office_Commercial,10,0.233,0.836,0.565,0.502,27.3,0.645
CUST05186,Lucknow,Routine_Commuter,66.7,0,Office_Commercial,8,0.82,0.301,0.66,0.571,24.3,0.38
CUST05187,Delhi NCR,Convenience_First,62.8,0,Highway,9,0.798,0.307,0.902,0.667,26.6,0.318
CUST05188,Lucknow,Routine_Commuter,55.6,1,Mall_Retail,10,0.924,0.61,0.686,0.716,32.1,0.533
CUST05189,Pune,Convenience_First,56.7,0,Highway,5,0.622,0.222,0.833,0.823,19.4,0.245
CUST05190,Chennai,Convenience_First,57.4,0,Office_Commercial,9,0.901,0.13,0.796,0.693,26.6,0.248
CUST05191,Ahmedabad,Convenience_First,60.7,0,Hotel,5,0.705,0.191,0.926,0.86,17.9,0.211
CUST05192,Chandigarh,Routine_Commuter,52.1,1,Office_Commercial,10,0.666,0.506,0.86,0.839,23.3,0.397
CUST05193,Chennai,Convenience_First,52.3,1,Residential,10,0.932,0.147,0.71,0.62,29.2,0.289
CUST05194,Jaipur,Convenience_First,65.7,0,Residential,6,0.652,0.192,0.697,0.666,18.3,0.282
CUST05195,Lucknow,Routine_Commuter,64.8,1,Office_Commercial,11,0.917,0.51,0.793,0.58,27.1,0.476
CUST05196,Hyderabad,Routine_Commuter,59.3,1,Office_Commercial,13,0.741,0.261,0.716,0.55,28.8,0.342
CUST05197,Bengaluru,Routine_Commuter,58.4,1,Office_Commercial,12,0.898,0.41,0.616,0.797,18.7,0.423
CUST05198,Pune,Convenience_First,75.2,0,Transit_Public,5,0.721,0.284,0.904,0.703,33.9,0.292
CUST05199,Lucknow,Convenience_First,54.2,0,Residential,6,0.837,0.123,0.759,0.659,13.8,0.251
CUST05200,Delhi NCR,Price_Sensitive,54.8,0,Transit_Public,8,0.051,0.865,0.89,0.674,29.7,0.552
CUST05201,Ahmedabad,Routine_Commuter,56.0,0,Fleet,14,0.776,0.748,0.811,0.743,27.9,0.565
CUST05202,Bengaluru,Convenience_First,56.0,0,Mall_Retail,6,0.803,0.116,0.878,0.647,24.2,0.221
CUST05203,Bengaluru,Routine_Commuter,51.7,0,Hotel,14,0.614,0.619,0.836,0.536,16.9,0.504
CUST05204,Delhi NCR,Convenience_First,54.7,1,Mall_Retail,6,0.807,0.339,0.731,0.789,17.8,0.353
CUST05205,Lucknow,Price_Sensitive,44.1,0,Mall_Retail,6,0.484,0.747,0.371,0.7,20.9,0.63
CUST05206,Pune,Convenience_First,56.4,0,Highway,7,0.844,0.365,0.781,0.736,26.8,0.369
CUST05207,Delhi NCR,Routine_Commuter,52.4,0,Transit_Public,10,0.534,0.463,0.654,0.663,13.3,0.428
CUST05208,Kochi,Routine_Commuter,45.3,1,Highway,10,0.878,0.462,0.724,0.591,14.6,0.458
CUST05209,Delhi NCR,High_Mileage,82.7,0,Highway,16,0.456,0.878,0.946,0.86,35.3,0.56
CUST05210,Bengaluru,Routine_Commuter,54.7,1,Office_Commercial,14,0.68,0.528,0.685,0.618,18.1,0.479
CUST05211,Chandigarh,Routine_Commuter,47.4,1,Residential,14,0.668,0.588,0.701,0.85,20.6,0.472
CUST05212,Mumbai,Price_Sensitive,57.2,0,Residential,9,0.423,0.721,0.437,0.713,13.8,0.594
CUST05213,Bengaluru,Routine_Commuter,46.4,0,Residential,14,0.72,0.691,0.647,0.79,21.5,0.554
CUST05214,Pune,Convenience_First,64.1,1,Fleet,10,0.733,0.241,0.861,0.83,28.5,0.259
CUST05215,Kochi,Routine_Commuter,47.2,1,Office_Commercial,8,0.774,0.551,0.501,0.666,18.3,0.53
CUST05216,Kolkata,Routine_Commuter,54.6,0,Fleet,9,0.609,0.525,0.572,0.648,25.2,0.488
CUST05217,Jaipur,Price_Sensitive,40.6,0,Mall_Retail,12,0.515,0.699,0.554,0.281,18.1,0.633
CUST05218,Kolkata,Routine_Commuter,51.3,0,Residential,8,0.928,0.59,0.431,0.725,15.6,0.572
CUST05219,Delhi NCR,Routine_Commuter,63.1,1,Mall_Retail,13,0.461,0.496,0.681,0.766,26.4,0.418
CUST05220,Jaipur,Convenience_First,59.2,1,Hotel,8,0.808,0.226,0.859,0.99,21.7,0.235
CUST05221,Chandigarh,Convenience_First,58.6,0,Residential,9,0.755,0.368,0.953,0.688,28.2,0.334
CUST05222,Ahmedabad,Convenience_First,53.4,0,Mall_Retail,5,0.679,0.386,0.906,0.841,27.1,0.323
CUST05223,Delhi NCR,High_Mileage,45.4,0,Highway,20,0.636,0.584,0.723,0.692,14.8,0.487
CUST05224,Mumbai,Price_Sensitive,52.3,0,Residential,10,0.238,0.944,0.376,0.594,18.1,0.729
CUST05225,Mumbai,Routine_Commuter,60.2,1,Office_Commercial,11,0.696,0.534,0.812,0.663,31.6,0.451
CUST05226,Bengaluru,Routine_Commuter,60.4,1,Residential,9,0.772,0.639,0.661,0.802,9.1,0.526
CUST05227,Kolkata,Convenience_First,67.8,0,Highway,8,0.865,0.347,0.84,0.761,42.3,0.345
CUST05228,Bengaluru,Price_Sensitive,53.0,1,Residential,10,0.761,0.973,0.586,0.406,34.8,0.783
CUST05229,Kolkata,High_Mileage,72.4,0,Fleet,23,0.466,0.664,0.645,0.99,32.8,0.484
CUST05230,Mumbai,Convenience_First,68.8,0,Transit_Public,5,0.701,0.089,0.876,0.718,26.6,0.186
CUST05231,Hyderabad,High_Mileage,66.7,0,Mall_Retail,18,0.511,0.557,0.947,0.92,32.6,0.38
CUST05232,Delhi NCR,Routine_Commuter,56.0,1,Office_Commercial,10,0.755,0.602,0.896,0.775,21.4,0.461
CUST05233,Delhi NCR,Price_Sensitive,35.8,1,Residential,10,0.579,0.721,0.512,0.383,15.4,0.645
CUST05234,Delhi NCR,Convenience_First,61.2,0,Mall_Retail,10,0.87,0.185,0.89,0.654,30.1,0.263
CUST05235,Chandigarh,Convenience_First,76.7,0,Transit_Public,8,0.896,0.213,0.902,0.802,26.4,0.256
CUST05236,Kolkata,Routine_Commuter,48.3,1,Office_Commercial,10,0.647,0.375,0.696,0.612,14.5,0.39
CUST05237,Kolkata,Routine_Commuter,51.9,1,Residential,12,0.954,0.689,0.685,0.81,21.9,0.566
CUST05238,Delhi NCR,Routine_Commuter,54.1,1,Mall_Retail,13,0.724,0.38,0.656,0.797,17.8,0.38
CUST05239,Chandigarh,Price_Sensitive,43.3,0,Hotel,8,0.374,0.785,0.482,0.543,15.0,0.641
CUST05240,Delhi NCR,Convenience_First,66.6,1,Highway,7,0.875,0.323,0.832,0.703,31.2,0.343
CUST05241,Chennai,Routine_Commuter,48.4,1,Transit_Public,13,0.66,0.409,0.942,0.842,18.2,0.326
CUST05242,Delhi NCR,Convenience_First,74.3,1,Highway,7,0.919,0.179,0.851,0.812,29.0,0.248
CUST05243,Lucknow,High_Mileage,62.4,0,Residential,23,0.849,0.646,0.876,0.928,27.0,0.476
CUST05244,Ahmedabad,High_Mileage,83.0,0,Hotel,15,0.59,0.593,0.99,0.877,29.7,0.406
CUST05245,Kochi,Routine_Commuter,52.6,1,Residential,8,0.651,0.557,0.65,0.549,19.9,0.509
CUST05246,Mumbai,Routine_Commuter,63.8,0,Transit_Public,14,0.655,0.666,0.674,0.779,29.0,0.53
CUST05247,Bengaluru,Convenience_First,35.0,0,Fleet,6,0.883,0.255,0.87,0.778,10.5,0.288
CUST05248,Lucknow,Routine_Commuter,44.5,0,Residential,11,0.671,0.523,0.64,0.758,15.4,0.463
CUST05249,Kochi,High_Mileage,67.7,0,Highway,16,0.685,0.739,0.783,0.89,20.9,0.535
CUST05250,Ahmedabad,Routine_Commuter,59.4,1,Mall_Retail,14,0.635,0.355,0.725,0.606,22.8,0.373
CUST05251,Mumbai,Routine_Commuter,56.9,0,Residential,10,0.579,0.461,0.587,0.578,20.0,0.458
CUST05252,Mumbai,Price_Sensitive,63.9,1,Office_Commercial,10,0.488,0.642,0.223,0.802,33.9,0.587
CUST05253,Jaipur,Convenience_First,58.9,0,Highway,10,0.758,0.274,0.92,0.876,17.6,0.261
CUST05254,Chennai,High_Mileage,84.8,0,Highway,23,0.673,0.522,0.89,0.785,29.3,0.409
CUST05255,Ahmedabad,High_Mileage,52.1,0,Fleet,17,0.706,0.573,0.673,0.734,21.0,0.491
CUST05256,Delhi NCR,Routine_Commuter,49.6,0,Mall_Retail,9,0.624,0.439,0.642,0.818,19.1,0.403
CUST05257,Hyderabad,Routine_Commuter,59.1,0,Office_Commercial,9,0.614,0.509,0.73,0.656,23.9,0.447
CUST05258,Chandigarh,Routine_Commuter,77.9,0,Office_Commercial,8,0.854,0.55,0.615,0.848,36.9,0.488
CUST05259,Pune,Price_Sensitive,54.9,1,Highway,6,0.652,0.815,0.376,0.287,21.6,0.745
CUST05260,Mumbai,Price_Sensitive,42.5,1,Mall_Retail,6,0.651,0.837,0.482,0.62,14.4,0.686
CUST05261,Pune,Routine_Commuter,56.0,1,Office_Commercial,11,0.751,0.753,0.695,0.609,23.2,0.609
CUST05262,Kochi,Routine_Commuter,56.6,0,Office_Commercial,9,0.754,0.74,0.701,0.696,19.4,0.588
CUST05263,Hyderabad,Routine_Commuter,53.4,1,Mall_Retail,12,0.546,0.384,0.777,0.677,23.5,0.359
CUST05264,Kochi,Routine_Commuter,62.2,1,Transit_Public,10,0.942,0.468,0.7,0.723,28.4,0.453
CUST05265,Chennai,Price_Sensitive,39.8,1,Transit_Public,12,0.655,0.976,0.603,0.449,17.4,0.765
CUST05266,Mumbai,Routine_Commuter,42.1,0,Office_Commercial,13,0.695,0.504,0.57,0.674,17.9,0.482
CUST05267,Bengaluru,Price_Sensitive,53.9,1,Transit_Public,7,0.285,0.99,0.353,0.702,19.8,0.747
CUST05268,Chandigarh,Routine_Commuter,55.2,0,Mall_Retail,13,0.981,0.469,0.766,0.566,20.1,0.468
CUST05269,Pune,Routine_Commuter,46.4,1,Fleet,10,0.948,0.486,0.688,0.758,19.2,0.461
CUST05270,Bengaluru,Price_Sensitive,45.8,0,Residential,9,0.663,0.725,0.583,0.297,24.0,0.654
CUST05271,Mumbai,Routine_Commuter,61.2,1,Transit_Public,14,0.64,0.218,0.715,0.766,24.3,0.276
CUST05272,Delhi NCR,Price_Sensitive,50.0,1,Mall_Retail,9,0.377,0.7,0.512,0.396,13.8,0.611
CUST05273,Lucknow,Routine_Commuter,44.4,1,Transit_Public,11,0.855,0.161,0.73,0.746,24.8,0.266
CUST05274,Mumbai,Routine_Commuter,53.0,0,Mall_Retail,10,0.703,0.522,0.726,0.902,26.0,0.427
CUST05275,Hyderabad,High_Mileage,49.4,0,Highway,19,0.688,0.636,0.594,0.966,22.0,0.505
CUST05276,Pune,Routine_Commuter,49.9,1,Office_Commercial,10,0.84,0.551,0.381,0.653,22.2,0.563
CUST05277,Mumbai,Convenience_First,59.7,1,Highway,10,0.951,0.305,0.838,0.843,25.3,0.318
CUST05278,Pune,Routine_Commuter,45.1,1,Office_Commercial,13,0.687,0.583,0.658,0.438,18.1,0.542
CUST05279,Kolkata,Convenience_First,67.4,1,Fleet,7,0.821,0.324,0.836,0.759,19.3,0.329
CUST05280,Mumbai,Routine_Commuter,67.5,0,Residential,9,0.758,0.287,0.488,0.765,30.5,0.371
CUST05281,Jaipur,Price_Sensitive,58.5,0,Mall_Retail,11,0.462,0.853,0.553,0.61,20.9,0.663
CUST05282,Jaipur,Routine_Commuter,61.7,1,Residential,11,0.627,0.67,0.561,0.744,26.6,0.557
CUST05283,Delhi NCR,Convenience_First,62.7,1,Mall_Retail,10,0.84,0.125,0.88,0.946,24.8,0.185
CUST05284,Lucknow,Routine_Commuter,60.1,0,Residential,11,0.613,0.645,0.622,0.787,28.0,0.524
CUST05285,Mumbai,Routine_Commuter,55.9,0,Residential,12,0.775,0.662,0.675,0.652,19.8,0.559
CUST05286,Mumbai,High_Mileage,75.6,0,Transit_Public,21,0.683,0.566,0.651,0.83,36.1,0.475
CUST05287,Hyderabad,Price_Sensitive,47.6,0,Mall_Retail,8,0.372,0.812,0.276,0.613,20.8,0.687
CUST05288,Chennai,Price_Sensitive,63.6,0,Hotel,7,0.324,0.856,0.299,0.837,32.5,0.668
CUST05289,Mumbai,Routine_Commuter,53.9,1,Office_Commercial,12,0.705,0.615,0.626,0.842,12.6,0.507
CUST05290,Delhi NCR,Price_Sensitive,40.0,0,Residential,9,0.394,0.688,0.424,0.99,12.2,0.534
CUST05291,Bengaluru,High_Mileage,71.7,0,Highway,15,0.36,0.586,0.62,0.848,29.2,0.457
CUST05292,Delhi NCR,Price_Sensitive,66.7,0,Hotel,11,0.86,0.899,0.454,0.365,24.6,0.785
CUST05293,Pune,Routine_Commuter,66.4,0,Mall_Retail,11,0.774,0.492,0.672,0.669,27.3,0.463
CUST05294,Chennai,Routine_Commuter,55.7,1,Residential,10,0.655,0.645,0.903,0.497,13.8,0.515
CUST05295,Chennai,Routine_Commuter,44.3,1,Office_Commercial,13,0.655,0.688,0.627,0.662,23.2,0.569
CUST05296,Chandigarh,Routine_Commuter,55.0,1,Office_Commercial,11,0.846,0.601,0.87,0.768,25.7,0.476
CUST05297,Hyderabad,Convenience_First,71.4,0,Office_Commercial,6,0.817,0.091,0.731,0.851,27.7,0.208
CUST05298,Hyderabad,Convenience_First,58.3,0,Hotel,8,0.537,0.202,0.85,0.823,27.9,0.221
CUST05299,Kochi,Convenience_First,65.8,1,Transit_Public,8,0.723,0.384,0.82,0.868,39.3,0.34
CUST05300,Pune,Convenience_First,49.7,1,Residential,8,0.895,0.312,0.85,0.652,24.4,0.343
CUST05301,Kochi,Convenience_First,46.1,1,Highway,10,0.99,0.354,0.693,0.579,16.0,0.418
CUST05302,Mumbai,Price_Sensitive,63.4,0,Mall_Retail,6,0.54,0.78,0.586,0.784,16.9,0.598
CUST05303,Delhi NCR,Routine_Commuter,65.2,1,Office_Commercial,8,0.714,0.637,0.774,0.813,33.8,0.495
CUST05304,Lucknow,Routine_Commuter,53.9,0,Residential,13,0.84,0.461,0.581,0.561,25.1,0.487
CUST05305,Ahmedabad,Convenience_First,58.8,0,Highway,7,0.782,0.072,0.765,0.879,30.3,0.183
CUST05306,Pune,Routine_Commuter,58.6,1,Office_Commercial,11,0.717,0.543,0.755,0.805,25.6,0.448
CUST05307,Pune,Convenience_First,51.2,1,Transit_Public,7,0.847,0.093,0.809,0.689,24.5,0.221
CUST05308,Ahmedabad,High_Mileage,73.9,0,Highway,22,0.77,0.79,0.806,0.928,30.6,0.561
CUST05309,Bengaluru,Routine_Commuter,61.6,1,Residential,13,0.99,0.493,0.466,0.727,25.6,0.518
CUST05310,Delhi NCR,Routine_Commuter,66.3,1,Office_Commercial,14,0.98,0.402,0.523,0.667,23.0,0.465
CUST05311,Bengaluru,Routine_Commuter,55.8,0,Hotel,10,0.75,0.409,0.573,0.72,20.4,0.427
CUST05312,Chennai,Convenience_First,50.9,1,Highway,6,0.811,0.186,0.849,0.723,24.7,0.255
CUST05313,Jaipur,Routine_Commuter,49.7,1,Office_Commercial,11,0.701,0.782,0.771,0.606,17.0,0.605
CUST05314,Ahmedabad,Routine_Commuter,55.1,0,Office_Commercial,13,0.756,0.526,0.519,0.933,15.5,0.471
CUST05315,Lucknow,Price_Sensitive,65.0,1,Mall_Retail,12,0.932,0.83,0.381,0.583,29.9,0.736
CUST05316,Chandigarh,Price_Sensitive,45.6,0,Mall_Retail,8,0.247,0.7,0.318,0.848,19.9,0.569
CUST05317,Delhi NCR,Routine_Commuter,61.5,1,Office_Commercial,9,0.792,0.425,0.594,0.683,27.1,0.441
CUST05318,Lucknow,Price_Sensitive,36.2,1,Mall_Retail,8,0.39,0.68,0.499,0.404,23.8,0.602
CUST05319,Hyderabad,High_Mileage,72.5,0,Fleet,22,0.523,0.656,0.99,0.809,30.4,0.444
CUST05320,Pune,High_Mileage,68.1,0,Highway,21,0.424,0.781,0.787,0.932,20.9,0.525
CUST05321,Jaipur,Price_Sensitive,63.4,0,Mall_Retail,12,0.632,0.834,0.618,0.492,30.8,0.674
CUST05322,Chennai,Routine_Commuter,53.7,1,Office_Commercial,13,0.778,0.604,0.56,0.758,18.6,0.534
CUST05323,Lucknow,Routine_Commuter,57.2,0,Transit_Public,8,0.704,0.621,0.502,0.666,22.9,0.562
CUST05324,Bengaluru,Price_Sensitive,35.4,0,Mall_Retail,10,0.355,0.866,0.335,0.777,20.5,0.678
CUST05325,Delhi NCR,Routine_Commuter,42.5,0,Residential,14,0.813,0.451,0.736,0.617,17.4,0.44
CUST05326,Jaipur,Routine_Commuter,68.7,1,Residential,9,0.668,0.624,0.62,0.569,32.2,0.551
CUST05327,Bengaluru,Convenience_First,57.6,0,Fleet,6,0.862,0.263,0.825,0.889,19.5,0.282
CUST05328,Chennai,Convenience_First,67.8,0,Hotel,8,0.836,0.328,0.99,0.858,22.4,0.287
CUST05329,Mumbai,Routine_Commuter,52.2,1,Mall_Retail,9,0.603,0.626,0.882,0.847,21.6,0.451
CUST05330,Ahmedabad,Convenience_First,62.3,0,Fleet,10,0.938,0.438,0.727,0.719,21.9,0.432
CUST05331,Kolkata,High_Mileage,67.3,0,Fleet,18,0.38,0.478,0.609,0.875,28.7,0.397
CUST05332,Chandigarh,Routine_Commuter,58.1,0,Residential,10,0.702,0.64,0.699,0.812,26.4,0.51
CUST05333,Mumbai,Convenience_First,66.2,0,Transit_Public,8,0.808,0.192,0.736,0.843,27.1,0.263
CUST05334,Bengaluru,Routine_Commuter,44.3,1,Residential,14,0.707,0.574,0.55,0.762,20.5,0.512
CUST05335,Chennai,Convenience_First,72.9,0,Fleet,8,0.899,0.282,0.944,0.711,33.5,0.3
CUST05336,Chennai,Convenience_First,64.5,0,Office_Commercial,10,0.766,0.24,0.778,0.943,19.9,0.261
CUST05337,Delhi NCR,Routine_Commuter,58.5,0,Residential,10,0.884,0.731,0.842,0.849,22.8,0.545
CUST05338,Hyderabad,High_Mileage,66.5,1,Fleet,21,0.736,0.539,0.859,0.915,36.1,0.411
CUST05339,Lucknow,Price_Sensitive,50.0,0,Fleet,7,0.466,0.826,0.705,0.679,27.7,0.608
CUST05340,Hyderabad,Price_Sensitive,47.8,0,Residential,10,0.378,0.75,0.331,0.618,21.0,0.641
CUST05341,Bengaluru,Routine_Commuter,67.1,0,Office_Commercial,13,0.546,0.425,0.784,0.944,33.5,0.34
CUST05342,Bengaluru,Routine_Commuter,70.1,1,Office_Commercial,14,0.788,0.636,0.455,0.781,28.3,0.571
CUST05343,Jaipur,Convenience_First,63.9,0,Mall_Retail,8,0.715,0.3,0.953,0.762,29.1,0.282
CUST05344,Kochi,Routine_Commuter,58.1,1,Office_Commercial,11,0.829,0.6,0.79,0.764,26.7,0.49
CUST05345,Ahmedabad,Routine_Commuter,61.5,1,Residential,13,0.737,0.415,0.918,0.63,20.1,0.374
CUST05346,Pune,Routine_Commuter,47.3,1,Mall_Retail,13,0.814,0.701,0.494,0.851,14.7,0.59
CUST05347,Mumbai,Routine_Commuter,55.1,1,Office_Commercial,11,0.727,0.468,0.465,0.485,23.0,0.514
CUST05348,Mumbai,Routine_Commuter,57.9,1,Mall_Retail,8,0.626,0.497,0.781,0.825,25.8,0.406
CUST05349,Delhi NCR,Convenience_First,62.3,0,Fleet,9,0.949,0.153,0.839,0.616,25.0,0.269
CUST05350,Ahmedabad,Price_Sensitive,54.0,0,Residential,7,0.506,0.977,0.405,0.587,21.0,0.769
CUST05351,Pune,Convenience_First,67.5,0,Office_Commercial,9,0.693,0.07,0.689,0.759,23.8,0.206
CUST05352,Delhi NCR,Convenience_First,60.7,1,Transit_Public,9,0.99,0.17,0.752,0.711,21.9,0.286
CUST05353,Mumbai,Price_Sensitive,40.2,0,Mall_Retail,6,0.485,0.891,0.603,0.775,13.4,0.652
CUST05354,Delhi NCR,Price_Sensitive,52.2,1,Residential,9,0.671,0.889,0.528,0.444,25.6,0.734
CUST05355,Pune,Routine_Commuter,67.4,0,Residential,14,0.796,0.467,0.751,0.867,23.7,0.406
CUST05356,Chennai,Routine_Commuter,58.2,1,Office_Commercial,13,0.737,0.457,0.539,0.897,22.9,0.433
CUST05357,Delhi NCR,Convenience_First,67.1,1,Office_Commercial,9,0.693,0.274,0.987,0.736,31.5,0.262
CUST05358,Pune,Price_Sensitive,47.3,1,Residential,12,0.586,0.873,0.443,0.759,22.2,0.687
CUST05359,Bengaluru,Routine_Commuter,47.2,1,Office_Commercial,8,0.691,0.545,0.811,0.903,21.7,0.421
CUST05360,Pune,Convenience_First,77.8,1,Mall_Retail,6,0.799,0.089,0.851,0.816,34.5,0.187
CUST05361,Pune,Routine_Commuter,59.5,1,Mall_Retail,10,0.714,0.639,0.739,0.832,21.5,0.5
CUST05362,Mumbai,Price_Sensitive,44.0,1,Transit_Public,8,0.541,0.888,0.624,0.662,19.9,0.669
CUST05363,Kolkata,Routine_Commuter,54.9,0,Office_Commercial,13,0.527,0.772,0.613,0.819,25.1,0.582
CUST05364,Delhi NCR,Price_Sensitive,56.6,1,Residential,11,0.389,0.895,0.49,0.651,25.9,0.685
CUST05365,Hyderabad,Routine_Commuter,63.3,0,Office_Commercial,14,0.644,0.357,0.834,0.566,19.2,0.359
CUST05366,Bengaluru,Convenience_First,59.8,1,Transit_Public,10,0.88,0.249,0.861,0.794,16.7,0.284
CUST05367,Pune,Routine_Commuter,65.4,0,Mall_Retail,9,0.752,0.237,0.718,0.529,21.1,0.332
CUST05368,Pune,Convenience_First,55.4,0,Highway,7,0.855,0.067,0.86,0.699,26.5,0.196
CUST05369,Bengaluru,Routine_Commuter,46.0,1,Office_Commercial,8,0.714,0.3,0.532,0.735,17.1,0.37
CUST05370,Pune,Convenience_First,62.8,1,Highway,8,0.741,0.198,0.845,0.832,25.7,0.239
CUST05371,Hyderabad,Convenience_First,57.3,0,Fleet,7,0.908,0.112,0.874,0.93,33.9,0.188
CUST05372,Chennai,Convenience_First,51.9,0,Fleet,6,0.805,0.245,0.815,0.689,23.2,0.299
CUST05373,Chennai,Routine_Commuter,57.1,0,Office_Commercial,12,0.922,0.392,0.765,0.578,21.9,0.418
CUST05374,Kolkata,Price_Sensitive,61.3,0,Hotel,11,0.349,0.861,0.66,0.518,34.5,0.649
CUST05375,Delhi NCR,High_Mileage,72.4,0,Highway,21,0.479,0.677,0.646,0.865,37.3,0.512
CUST05376,Chandigarh,Price_Sensitive,52.6,1,Residential,9,0.395,0.881,0.492,0.397,20.7,0.716
CUST05377,Mumbai,Price_Sensitive,59.5,0,Transit_Public,12,0.258,0.99,0.331,0.61,30.6,0.763
CUST05378,Pune,Price_Sensitive,60.3,1,Transit_Public,10,0.678,0.698,0.295,0.487,22.9,0.67
CUST05379,Kolkata,Routine_Commuter,52.1,1,Office_Commercial,12,0.634,0.375,0.552,0.848,18.5,0.382
CUST05380,Mumbai,Routine_Commuter,50.6,1,Residential,9,0.735,0.357,0.643,0.826,20.9,0.367
CUST05381,Delhi NCR,Price_Sensitive,68.8,0,Mall_Retail,8,0.486,0.827,0.244,0.416,32.7,0.742
CUST05382,Lucknow,Convenience_First,61.1,0,Highway,10,0.764,0.219,0.887,0.927,28.2,0.23
CUST05383,Delhi NCR,Price_Sensitive,45.9,0,Office_Commercial,11,0.321,0.928,0.441,0.589,15.0,0.716
CUST05384,Mumbai,Routine_Commuter,51.5,1,Transit_Public,11,0.77,0.37,0.706,0.711,13.1,0.382
CUST05385,Lucknow,Routine_Commuter,64.4,1,Mall_Retail,11,0.75,0.628,0.741,0.898,19.2,0.487
CUST05386,Ahmedabad,Convenience_First,58.7,1,Residential,8,0.671,0.405,0.826,0.788,23.4,0.357
CUST05387,Ahmedabad,Routine_Commuter,46.7,1,Mall_Retail,10,0.618,0.561,0.581,0.78,12.9,0.487
CUST05388,Bengaluru,Routine_Commuter,57.5,1,Residential,14,0.536,0.763,0.637,0.805,27.5,0.575
CUST05389,Bengaluru,Convenience_First,68.8,0,Highway,9,0.761,0.308,0.812,0.901,33.5,0.298
CUST05390,Lucknow,Routine_Commuter,67.5,0,Residential,12,0.809,0.529,0.783,0.755,18.0,0.452
CUST05391,Hyderabad,Routine_Commuter,58.8,0,Transit_Public,13,0.554,0.302,0.623,0.75,21.2,0.334
CUST05392,Ahmedabad,Routine_Commuter,57.9,0,Residential,8,0.886,0.48,0.772,0.703,19.8,0.443
CUST05393,Ahmedabad,Routine_Commuter,47.2,0,Residential,10,0.733,0.133,0.659,0.801,20.6,0.245
CUST05394,Mumbai,Convenience_First,69.9,0,Hotel,7,0.934,0.14,0.845,0.989,10.2,0.203
CUST05395,Kolkata,Routine_Commuter,51.0,1,Mall_Retail,9,0.775,0.555,0.696,0.79,19.1,0.475
CUST05396,Kochi,Convenience_First,62.0,0,Highway,5,0.789,0.294,0.79,0.952,21.4,0.29
CUST05397,Delhi NCR,Routine_Commuter,49.2,1,Hotel,10,0.801,0.613,0.707,0.949,22.5,0.484
CUST05398,Mumbai,Routine_Commuter,49.2,0,Residential,11,0.659,0.456,0.715,0.664,18.2,0.424
CUST05399,Pune,Convenience_First,50.5,1,Mall_Retail,5,0.75,0.299,0.99,0.925,22.2,0.253
CUST05400,Ahmedabad,Convenience_First,48.4,0,Hotel,9,0.762,0.346,0.892,0.713,15.4,0.331
CUST05401,Jaipur,Convenience_First,71.3,0,Hotel,10,0.767,0.207,0.882,0.809,30.8,0.243
CUST05402,Bengaluru,Routine_Commuter,57.7,1,Residential,12,0.75,0.741,0.568,0.635,26.0,0.623
CUST05403,Bengaluru,Routine_Commuter,60.6,1,Office_Commercial,11,0.516,0.479,0.699,0.74,29.0,0.414
CUST05404,Jaipur,Routine_Commuter,50.9,1,Office_Commercial,13,0.87,0.44,0.476,0.701,19.7,0.479
CUST05405,Ahmedabad,Convenience_First,65.5,1,Mall_Retail,6,0.608,0.265,0.839,0.611,28.8,0.297
CUST05406,Kochi,Convenience_First,67.1,0,Mall_Retail,9,0.835,0.301,0.808,0.687,14.1,0.334
CUST05407,Mumbai,Price_Sensitive,48.4,0,Mall_Retail,6,0.788,0.716,0.311,0.542,16.7,0.679
CUST05408,Mumbai,Routine_Commuter,57.1,1,Office_Commercial,9,0.647,0.875,0.724,0.641,29.8,0.655
CUST05409,Pune,Routine_Commuter,57.3,1,Residential,11,0.613,0.404,0.685,0.592,21.7,0.407
CUST05410,Kochi,Convenience_First,72.4,0,Office_Commercial,10,0.901,0.348,0.795,0.869,30.1,0.342
CUST05411,Lucknow,Routine_Commuter,50.1,0,Office_Commercial,9,0.541,0.68,0.648,0.71,24.8,0.542
CUST05412,Kolkata,Price_Sensitive,51.3,0,Residential,10,0.48,0.898,0.085,0.616,19.1,0.782
CUST05413,Bengaluru,High_Mileage,65.1,0,Fleet,24,0.584,0.85,0.862,0.878,20.4,0.572
CUST05414,Chennai,Convenience_First,56.7,0,Residential,10,0.99,0.166,0.811,0.735,24.0,0.268
CUST05415,Lucknow,High_Mileage,71.1,0,Mall_Retail,17,0.685,0.698,0.663,0.871,22.4,0.539
CUST05416,Delhi NCR,Price_Sensitive,42.4,1,Mall_Retail,7,0.606,0.859,0.545,0.61,20.0,0.682
CUST05417,Bengaluru,Routine_Commuter,48.0,1,Transit_Public,12,0.839,0.385,0.858,0.633,15.1,0.379
CUST05418,Ahmedabad,Routine_Commuter,39.5,1,Residential,8,0.71,0.304,0.655,0.584,16.3,0.369
CUST05419,Delhi NCR,Routine_Commuter,62.3,1,Office_Commercial,8,0.793,0.315,0.904,0.744,20.7,0.31
CUST05420,Jaipur,Routine_Commuter,40.8,1,Mall_Retail,12,0.723,0.604,0.731,0.66,12.5,0.509
CUST05421,Lucknow,Price_Sensitive,45.4,0,Office_Commercial,12,0.293,0.678,0.241,0.541,21.4,0.623
CUST05422,Hyderabad,Routine_Commuter,58.6,1,Mall_Retail,8,0.767,0.492,0.583,0.725,32.8,0.472
CUST05423,Mumbai,Routine_Commuter,47.2,1,Office_Commercial,10,0.777,0.557,0.596,0.679,21.5,0.513
CUST05424,Bengaluru,Routine_Commuter,45.1,0,Residential,14,0.8,0.489,0.612,0.641,14.2,0.48
CUST05425,Mumbai,Routine_Commuter,58.5,1,Residential,12,0.549,0.504,0.879,0.627,16.2,0.412
CUST05426,Bengaluru,Routine_Commuter,46.8,1,Residential,8,0.715,0.526,0.645,0.59,24.3,0.494
CUST05427,Pune,Routine_Commuter,54.8,0,Residential,10,0.956,0.631,0.507,0.68,30.6,0.589
CUST05428,Pune,Convenience_First,59.4,0,Fleet,5,0.764,0.01,0.758,0.646,31.0,0.183
CUST05429,Delhi NCR,Routine_Commuter,72.0,0,Highway,14,0.768,0.302,0.575,0.668,32.8,0.377
CUST05430,Hyderabad,Routine_Commuter,53.7,1,Mall_Retail,11,0.808,0.716,0.826,0.684,20.9,0.557
CUST05431,Chandigarh,Convenience_First,72.8,0,Fleet,10,0.868,0.209,0.99,0.746,30.1,0.242
CUST05432,Chandigarh,Price_Sensitive,53.3,0,Highway,10,0.388,0.798,0.99,0.582,26.3,0.542
CUST05433,Delhi NCR,Routine_Commuter,47.7,1,Hotel,12,0.99,0.52,0.546,0.758,14.0,0.512
CUST05434,Mumbai,Price_Sensitive,35.6,0,Transit_Public,9,0.443,0.885,0.501,0.545,10.1,0.699
CUST05435,Delhi NCR,Price_Sensitive,46.6,0,Office_Commercial,6,0.515,0.771,0.337,0.745,19.0,0.647
CUST05436,Mumbai,Routine_Commuter,57.7,1,Office_Commercial,9,0.715,0.429,0.887,0.657,28.4,0.381
CUST05437,Delhi NCR,High_Mileage,64.9,0,Highway,17,0.657,0.47,0.788,0.84,26.4,0.391
CUST05438,Lucknow,Routine_Commuter,53.0,1,Mall_Retail,14,0.747,0.363,0.714,0.739,24.7,0.371
CUST05439,Hyderabad,High_Mileage,71.9,0,Office_Commercial,16,0.586,0.752,0.673,0.99,31.6,0.539
CUST05440,Bengaluru,Routine_Commuter,53.5,1,Office_Commercial,12,0.736,0.689,0.469,0.647,26.2,0.612
CUST05441,Chandigarh,Routine_Commuter,48.5,0,Residential,11,0.811,0.691,0.612,0.596,21.3,0.6
CUST05442,Chandigarh,Price_Sensitive,62.5,0,Residential,10,0.626,0.837,0.51,0.385,28.5,0.713
CUST05443,Mumbai,Convenience_First,56.8,0,Fleet,10,0.923,0.22,0.99,0.909,18.1,0.229
CUST05444,Hyderabad,Price_Sensitive,62.3,0,Mall_Retail,10,0.361,0.856,0.576,0.507,26.4,0.666
CUST05445,Pune,Price_Sensitive,45.2,0,Office_Commercial,12,0.683,0.883,0.372,0.586,25.4,0.741
CUST05446,Kochi,Routine_Commuter,45.5,1,Office_Commercial,11,0.842,0.534,0.509,0.938,25.9,0.486
CUST05447,Delhi NCR,Price_Sensitive,50.9,0,Office_Commercial,6,0.674,0.784,0.333,0.257,19.8,0.743
CUST05448,Kolkata,Price_Sensitive,46.1,0,Office_Commercial,10,0.361,0.933,0.504,0.547,29.3,0.717
CUST05449,Delhi NCR,High_Mileage,82.3,0,Fleet,16,0.313,0.768,0.59,0.882,39.3,0.554
CUST05450,Hyderabad,Price_Sensitive,43.6,1,Highway,7,0.363,0.926,0.498,0.794,19.2,0.677
CUST05451,Chennai,Convenience_First,49.5,0,Transit_Public,8,0.881,0.255,0.793,0.75,15.4,0.307
CUST05452,Bengaluru,High_Mileage,68.2,0,Highway,18,0.68,0.68,0.601,0.888,32.0,0.539
CUST05453,Ahmedabad,Routine_Commuter,36.0,0,Office_Commercial,13,0.762,0.516,0.74,0.603,13.2,0.472
CUST05454,Hyderabad,Convenience_First,68.0,1,Highway,6,0.72,0.402,0.889,0.99,37.7,0.317
CUST05455,Lucknow,Routine_Commuter,48.9,1,Highway,8,0.89,0.192,0.764,0.882,23.6,0.259
CUST05456,Chennai,Convenience_First,73.6,0,Transit_Public,10,0.878,0.155,0.922,0.709,33.7,0.232
CUST05457,Bengaluru,Price_Sensitive,44.8,1,Residential,7,0.375,0.803,0.377,0.602,17.6,0.663
CUST05458,Bengaluru,Routine_Commuter,49.4,1,Office_Commercial,12,0.576,0.495,0.543,0.88,15.8,0.439
CUST05459,Chennai,High_Mileage,57.6,0,Fleet,17,0.69,0.918,0.944,0.962,27.9,0.591
CUST05460,Jaipur,Convenience_First,54.8,0,Highway,10,0.974,0.177,0.731,0.88,15.0,0.266
CUST05461,Lucknow,Price_Sensitive,36.8,1,Residential,8,0.756,0.866,0.641,0.376,18.8,0.717
CUST05462,Pune,Routine_Commuter,49.7,1,Transit_Public,9,0.776,0.544,0.832,0.609,20.1,0.469
CUST05463,Chennai,Price_Sensitive,47.5,0,Office_Commercial,6,0.493,0.935,0.496,0.479,20.2,0.743
CUST05464,Chennai,Routine_Commuter,62.2,0,Office_Commercial,8,0.67,0.468,0.588,0.65,22.6,0.459
CUST05465,Delhi NCR,Routine_Commuter,44.7,1,Transit_Public,12,0.803,0.465,0.615,0.99,20.3,0.414
CUST05466,Mumbai,Convenience_First,67.4,0,Highway,10,0.924,0.262,0.863,0.973,15.1,0.268
CUST05467,Bengaluru,Routine_Commuter,46.1,1,Mall_Retail,8,0.812,0.537,0.685,0.724,19.2,0.481
CUST05468,Bengaluru,Convenience_First,61.9,0,Highway,9,0.99,0.243,0.864,0.802,23.3,0.289
CUST05469,Kolkata,High_Mileage,89.4,0,Residential,24,0.456,0.888,0.656,0.751,36.5,0.64
CUST05470,Bengaluru,Price_Sensitive,35.0,0,Mall_Retail,7,0.175,0.929,0.543,0.347,17.7,0.718
CUST05471,Lucknow,Routine_Commuter,52.0,0,Residential,9,0.651,0.563,0.786,0.703,22.2,0.462
CUST05472,Mumbai,Price_Sensitive,47.0,0,Office_Commercial,8,0.352,0.962,0.613,0.828,19.2,0.668
CUST05473,Kochi,Routine_Commuter,50.7,1,Office_Commercial,9,0.724,0.498,0.73,0.667,26.5,0.45
CUST05474,Chennai,Convenience_First,56.5,1,Hotel,10,0.778,0.232,0.773,0.805,26.6,0.28
CUST05475,Bengaluru,Routine_Commuter,49.9,1,Residential,10,0.802,0.609,0.691,0.922,26.0,0.489
CUST05476,Ahmedabad,Price_Sensitive,43.0,0,Transit_Public,10,0.753,0.842,0.486,0.561,18.4,0.707
CUST05477,Pune,Convenience_First,58.0,1,Mall_Retail,5,0.767,0.248,0.972,0.628,22.0,0.274
CUST05478,Kochi,Convenience_First,50.7,0,Highway,7,0.99,0.021,0.886,0.793,27.7,0.164
CUST05479,Hyderabad,Price_Sensitive,57.1,0,Highway,7,0.422,0.954,0.485,0.722,26.9,0.712
CUST05480,Lucknow,Routine_Commuter,70.5,0,Transit_Public,8,0.705,0.339,0.73,0.747,17.9,0.349
CUST05481,Mumbai,Routine_Commuter,52.1,0,Residential,9,0.791,0.681,0.608,0.785,17.7,0.564
CUST05482,Jaipur,Routine_Commuter,54.3,1,Highway,12,0.874,0.271,0.792,0.721,27.7,0.32
CUST05483,Lucknow,Routine_Commuter,57.1,0,Residential,11,0.98,0.471,0.576,0.818,33.4,0.469
CUST05484,Mumbai,Routine_Commuter,54.8,0,Office_Commercial,13,0.528,0.573,0.695,0.872,22.0,0.448
CUST05485,Delhi NCR,Routine_Commuter,52.4,1,Residential,12,0.785,0.488,0.746,0.794,20.0,0.429
CUST05486,Bengaluru,Routine_Commuter,59.7,1,Residential,11,0.761,0.378,0.797,0.942,25.0,0.333
CUST05487,Mumbai,Routine_Commuter,55.0,0,Transit_Public,9,0.875,0.644,0.639,0.731,28.3,0.554
CUST05488,Delhi NCR,Price_Sensitive,64.2,0,Office_Commercial,9,0.645,0.753,0.272,0.479,24.5,0.703
CUST05489,Kolkata,Price_Sensitive,55.4,0,Office_Commercial,8,0.458,0.68,0.42,0.592,24.8,0.597
CUST05490,Delhi NCR,Price_Sensitive,54.8,0,Residential,7,0.387,0.828,0.427,0.387,20.2,0.701
CUST05491,Hyderabad,Routine_Commuter,63.7,1,Residential,11,0.633,0.608,0.621,0.624,25.3,0.53
CUST05492,Delhi NCR,Price_Sensitive,67.4,1,Transit_Public,10,0.866,0.828,0.643,0.916,29.0,0.626
CUST05493,Hyderabad,Convenience_First,49.1,0,Residential,8,0.9,0.301,0.847,0.752,14.9,0.323
CUST05494,Bengaluru,Routine_Commuter,55.8,1,Transit_Public,9,0.713,0.694,0.834,0.842,31.0,0.51
CUST05495,Kolkata,Routine_Commuter,53.5,0,Residential,11,0.725,0.617,0.771,0.672,20.3,0.507
CUST05496,Bengaluru,Routine_Commuter,55.2,1,Mall_Retail,10,0.61,0.606,0.74,0.941,18.9,0.455
CUST05497,Pune,Price_Sensitive,55.3,1,Office_Commercial,9,0.27,0.931,0.394,0.603,20.0,0.72
CUST05498,Delhi NCR,Price_Sensitive,64.7,1,Transit_Public,11,0.631,0.701,0.479,0.723,30.9,0.594
CUST05499,Hyderabad,High_Mileage,66.7,0,Fleet,24,0.543,0.826,0.863,0.876,21.6,0.555
CUST05500,Ahmedabad,Price_Sensitive,60.8,1,Mall_Retail,8,0.281,0.816,0.541,0.779,29.9,0.602
CUST05501,Mumbai,Routine_Commuter,63.5,1,Mall_Retail,14,0.922,0.457,0.615,0.443,15.4,0.504
CUST05502,Mumbai,Price_Sensitive,44.6,0,Transit_Public,6,0.476,0.742,0.281,0.429,15.3,0.686
CUST05503,Pune,Routine_Commuter,56.5,1,Residential,10,0.772,0.277,0.659,0.956,22.7,0.305
CUST05504,Delhi NCR,Routine_Commuter,52.3,0,Office_Commercial,13,0.669,0.41,0.671,0.835,31.0,0.383
CUST05505,Kolkata,High_Mileage,60.0,0,Fleet,24,0.273,0.7,0.662,0.821,22.0,0.506
CUST05506,Lucknow,Convenience_First,72.9,0,Fleet,9,0.82,0.25,0.856,0.71,20.3,0.292
CUST05507,Kochi,Price_Sensitive,44.6,0,Highway,11,0.38,0.75,0.274,0.492,14.0,0.672
CUST05508,Jaipur,Routine_Commuter,60.7,1,Mall_Retail,14,0.859,0.623,0.587,0.8,35.6,0.541
CUST05509,Hyderabad,Routine_Commuter,72.8,0,Office_Commercial,13,0.741,0.373,0.825,0.617,26.4,0.372
CUST05510,Mumbai,Convenience_First,60.0,0,Highway,7,0.822,0.207,0.885,0.746,23.7,0.257
CUST05511,Pune,Convenience_First,64.2,0,Residential,6,0.854,0.197,0.769,0.836,24.5,0.265
CUST05512,Bengaluru,High_Mileage,56.7,0,Fleet,22,0.767,0.639,0.648,0.895,25.4,0.514
CUST05513,Hyderabad,Price_Sensitive,47.0,1,Mall_Retail,10,0.35,0.933,0.535,0.439,21.7,0.725
CUST05514,Chennai,High_Mileage,70.5,0,Office_Commercial,17,0.349,0.716,0.858,0.878,26.7,0.475
CUST05515,Bengaluru,Routine_Commuter,47.5,0,Office_Commercial,12,0.501,0.632,0.743,0.763,17.3,0.485
CUST05516,Pune,Price_Sensitive,55.6,1,Highway,8,0.022,0.829,0.499,0.559,17.3,0.624
CUST05517,Kochi,Convenience_First,61.8,0,Mall_Retail,7,0.911,0.171,0.866,0.809,27.6,0.24
CUST05518,Pune,Routine_Commuter,53.5,1,Mall_Retail,9,0.601,0.795,0.797,0.798,29.1,0.568
CUST05519,Delhi NCR,Convenience_First,63.4,0,Mall_Retail,7,0.898,0.312,0.779,0.818,27.5,0.333
CUST05520,Chennai,Routine_Commuter,57.3,1,Residential,9,0.769,0.391,0.761,0.586,19.5,0.402
CUST05521,Pune,Routine_Commuter,50.4,1,Residential,13,0.71,0.385,0.487,0.99,23.2,0.387
CUST05522,Kolkata,Routine_Commuter,54.1,0,Transit_Public,9,0.684,0.58,0.534,0.611,21.5,0.539
CUST05523,Lucknow,Routine_Commuter,66.6,1,Residential,10,0.815,0.283,0.652,0.79,21.0,0.338
CUST05524,Pune,Convenience_First,64.8,0,Transit_Public,9,0.913,0.288,0.869,0.954,31.7,0.283
CUST05525,Ahmedabad,Price_Sensitive,51.1,0,Mall_Retail,12,0.576,0.779,0.583,0.756,20.8,0.606
CUST05526,Chennai,Routine_Commuter,42.8,0,Residential,9,0.623,0.57,0.683,0.719,21.4,0.482
CUST05527,Ahmedabad,Routine_Commuter,56.4,1,Office_Commercial,8,0.809,0.457,0.631,0.646,22.1,0.459
CUST05528,Pune,Routine_Commuter,53.0,1,Office_Commercial,13,0.785,0.536,0.477,0.844,21.7,0.501
CUST05529,Bengaluru,Routine_Commuter,49.9,1,Residential,12,0.455,0.473,0.835,0.636,18.4,0.393
CUST05530,Hyderabad,Price_Sensitive,51.2,0,Office_Commercial,11,0.58,0.729,0.688,0.7,17.4,0.566
CUST05531,Bengaluru,Convenience_First,41.7,0,Highway,9,0.704,0.095,0.732,0.815,19.2,0.204
CUST05532,Kochi,Convenience_First,66.2,0,Hotel,5,0.892,0.171,0.79,0.888,32.7,0.242
CUST05533,Delhi NCR,Price_Sensitive,44.5,0,Residential,12,0.046,0.873,0.471,0.464,20.7,0.671
CUST05534,Pune,Convenience_First,49.5,1,Mall_Retail,5,0.882,0.21,0.99,0.828,18.4,0.231
CUST05535,Mumbai,Routine_Commuter,55.2,0,Office_Commercial,9,0.749,0.473,0.711,0.808,25.0,0.422
CUST05536,Delhi NCR,Convenience_First,63.7,0,Highway,9,0.605,0.083,0.878,0.835,21.5,0.155
CUST05537,Jaipur,Convenience_First,58.8,1,Mall_Retail,6,0.99,0.241,0.799,0.803,23.9,0.301
CUST05538,Kolkata,Price_Sensitive,62.6,0,Fleet,6,0.792,0.737,0.253,0.42,28.0,0.721
CUST05539,Bengaluru,Price_Sensitive,44.5,1,Mall_Retail,7,0.393,0.728,0.729,0.417,25.0,0.581
CUST05540,Bengaluru,Routine_Commuter,67.6,1,Highway,13,0.633,0.529,0.724,0.914,24.1,0.422
CUST05541,Kochi,Routine_Commuter,38.6,0,Residential,11,0.728,0.52,0.934,0.802,20.1,0.402
CUST05542,Ahmedabad,Convenience_First,67.6,1,Fleet,9,0.756,0.317,0.752,0.751,19.2,0.337
CUST05543,Lucknow,High_Mileage,73.3,0,Mall_Retail,21,0.547,0.561,0.698,0.938,31.7,0.433
CUST05544,Kolkata,Convenience_First,73.0,1,Fleet,10,0.647,0.213,0.93,0.99,32.6,0.197
CUST05545,Mumbai,Convenience_First,58.4,1,Fleet,8,0.842,0.239,0.927,0.562,22.7,0.296
CUST05546,Bengaluru,Price_Sensitive,57.8,1,Mall_Retail,10,0.493,0.899,0.557,0.568,28.6,0.697
CUST05547,Chennai,Routine_Commuter,57.0,1,Office_Commercial,8,0.807,0.448,0.446,0.891,18.1,0.454
CUST05548,Hyderabad,Routine_Commuter,49.8,1,Residential,13,0.786,0.281,0.751,0.67,20.4,0.332
CUST05549,Kochi,Routine_Commuter,69.4,1,Residential,9,0.536,0.634,0.518,0.876,19.5,0.517
CUST05550,Mumbai,Routine_Commuter,65.6,0,Office_Commercial,14,0.626,0.432,0.49,0.584,30.5,0.464
CUST05551,Hyderabad,Routine_Commuter,52.5,1,Office_Commercial,8,0.64,0.601,0.801,0.819,23.5,0.462
CUST05552,Hyderabad,Routine_Commuter,61.8,1,Office_Commercial,10,0.691,0.529,0.682,0.81,25.8,0.452
CUST05553,Delhi NCR,Convenience_First,62.4,0,Transit_Public,7,0.769,0.234,0.874,0.831,25.0,0.256
CUST05554,Mumbai,Convenience_First,47.7,0,Mall_Retail,5,0.982,0.05,0.828,0.633,17.7,0.215
CUST05555,Chennai,Convenience_First,62.6,0,Highway,7,0.815,0.069,0.937,0.752,24.4,0.169
CUST05556,Bengaluru,Price_Sensitive,49.1,0,Highway,9,0.646,0.99,0.357,0.369,18.5,0.832
CUST05557,Hyderabad,Convenience_First,78.0,0,Highway,7,0.845,0.314,0.915,0.92,31.0,0.286
CUST05558,Mumbai,Convenience_First,63.6,1,Mall_Retail,10,0.975,0.179,0.889,0.716,39.2,0.261
CUST05559,Pune,Routine_Commuter,35.0,1,Highway,12,0.679,0.544,0.662,0.812,20.0,0.463
CUST05560,Pune,Price_Sensitive,59.5,1,Residential,11,0.598,0.815,0.353,0.621,29.1,0.695
CUST05561,Pune,Convenience_First,70.9,0,Highway,7,0.974,0.255,0.781,0.778,27.3,0.314
CUST05562,Hyderabad,Price_Sensitive,64.4,0,Office_Commercial,6,0.698,0.771,0.569,0.609,32.4,0.639
CUST05563,Bengaluru,Routine_Commuter,64.0,1,Office_Commercial,13,0.715,0.474,0.682,0.64,17.4,0.45
CUST05564,Chennai,High_Mileage,44.2,0,Mall_Retail,23,0.768,0.653,0.883,0.885,16.4,0.477
CUST05565,Ahmedabad,High_Mileage,77.0,0,Office_Commercial,23,0.507,0.592,0.788,0.845,28.9,0.442
CUST05566,Chennai,Convenience_First,71.0,0,Highway,9,0.777,0.168,0.845,0.793,19.2,0.232
CUST05567,Chennai,Convenience_First,75.4,0,Highway,5,0.743,0.327,0.786,0.783,25.4,0.329
CUST05568,Chandigarh,High_Mileage,70.6,1,Office_Commercial,25,0.408,0.621,0.668,0.816,30.9,0.476
CUST05569,Hyderabad,Routine_Commuter,56.9,0,Residential,13,0.686,0.449,0.515,0.99,34.1,0.414
CUST05570,Mumbai,High_Mileage,65.2,0,Office_Commercial,17,0.504,0.808,0.976,0.99,24.0,0.501
CUST05571,Chandigarh,Price_Sensitive,51.4,1,Transit_Public,12,0.501,0.87,0.59,0.66,20.6,0.662
CUST05572,Bengaluru,Routine_Commuter,77.0,1,Office_Commercial,13,0.679,0.475,0.837,0.563,34.6,0.428
CUST05573,Chennai,Price_Sensitive,53.3,0,Residential,6,0.554,0.727,0.39,0.293,22.2,0.683
CUST05574,Kolkata,Price_Sensitive,56.7,0,Highway,8,0.452,0.71,0.589,0.443,23.5,0.601
CUST05575,Chandigarh,Convenience_First,62.6,0,Residential,8,0.984,0.314,0.809,0.802,17.9,0.339
CUST05576,Ahmedabad,Price_Sensitive,49.9,0,Highway,11,0.507,0.716,0.542,0.652,27.2,0.588
CUST05577,Pune,Price_Sensitive,62.7,0,Transit_Public,12,0.545,0.688,0.677,0.178,25.6,0.621
CUST05578,Bengaluru,Routine_Commuter,52.0,0,Highway,11,0.718,0.517,0.503,0.768,25.9,0.49
CUST05579,Bengaluru,Routine_Commuter,62.2,1,Transit_Public,12,0.702,0.162,0.709,0.928,27.6,0.228
CUST05580,Chennai,Convenience_First,49.6,0,Office_Commercial,5,0.831,0.276,0.794,0.758,21.5,0.312
CUST05581,Chandigarh,Convenience_First,41.8,1,Highway,6,0.797,0.219,0.88,0.99,16.1,0.226
CUST05582,Kolkata,Routine_Commuter,62.1,1,Office_Commercial,14,0.681,0.373,0.58,0.574,26.9,0.421
CUST05583,Mumbai,Convenience_First,66.4,0,Hotel,10,0.824,0.271,0.877,0.857,28.2,0.277
CUST05584,Bengaluru,High_Mileage,70.9,0,Transit_Public,21,0.41,0.426,0.686,0.798,32.2,0.369
CUST05585,Delhi NCR,Routine_Commuter,60.6,1,Transit_Public,14,0.407,0.276,0.74,0.744,27.1,0.283
CUST05586,Kolkata,Price_Sensitive,46.4,0,Office_Commercial,11,0.473,0.988,0.24,0.551,18.3,0.81
CUST05587,Bengaluru,Price_Sensitive,35.0,1,Highway,8,0.437,0.99,0.277,0.425,15.1,0.819
CUST05588,Delhi NCR,Convenience_First,60.2,1,Office_Commercial,9,0.784,0.249,0.874,0.765,25.7,0.276
CUST05589,Chandigarh,Convenience_First,69.3,1,Highway,7,0.72,0.247,0.897,0.707,35.8,0.273
CUST05590,Mumbai,Price_Sensitive,44.6,1,Transit_Public,9,0.452,0.91,0.443,0.622,21.8,0.714
CUST05591,Chennai,Routine_Commuter,55.7,1,Mall_Retail,9,0.728,0.605,0.532,0.618,17.5,0.556
CUST05592,Hyderabad,Price_Sensitive,61.5,0,Transit_Public,8,0.52,0.99,0.609,0.638,28.6,0.729
CUST05593,Hyderabad,Routine_Commuter,56.9,1,Residential,9,0.801,0.198,0.782,0.625,26.4,0.289
CUST05594,Bengaluru,Routine_Commuter,48.9,0,Transit_Public,9,0.661,0.467,0.756,0.738,25.1,0.411
CUST05595,Kochi,Convenience_First,65.3,0,Fleet,5,0.927,0.409,0.738,0.759,25.7,0.406
CUST05596,Chennai,Routine_Commuter,63.6,1,Office_Commercial,14,0.497,0.398,0.813,0.596,23.8,0.367
CUST05597,Jaipur,High_Mileage,65.1,0,Highway,24,0.525,0.759,0.961,0.881,29.1,0.496
CUST05598,Mumbai,Routine_Commuter,44.2,0,Office_Commercial,10,0.835,0.645,0.588,0.649,21.7,0.574
CUST05599,Ahmedabad,Convenience_First,73.7,1,Mall_Retail,9,0.89,0.052,0.833,0.723,41.1,0.193
CUST05600,Kolkata,Routine_Commuter,50.4,1,Residential,14,0.482,0.534,0.474,0.89,24.7,0.464
CUST05601,Kolkata,Routine_Commuter,55.4,1,Office_Commercial,13,0.491,0.738,0.343,0.574,29.0,0.65
CUST05602,Delhi NCR,Convenience_First,77.3,0,Transit_Public,5,0.788,0.147,0.849,0.677,42.1,0.238
CUST05603,Lucknow,High_Mileage,100.0,0,Fleet,21,0.772,0.737,0.6,0.814,34.5,0.59
CUST05604,Jaipur,Routine_Commuter,54.8,1,Residential,10,0.62,0.563,0.65,0.74,28.0,0.481
CUST05605,Delhi NCR,Convenience_First,51.5,0,Hotel,9,0.776,0.358,0.929,0.926,25.4,0.3
CUST05606,Bengaluru,High_Mileage,67.0,0,Hotel,17,0.669,0.456,0.79,0.862,25.3,0.381
CUST05607,Chennai,Routine_Commuter,72.2,0,Office_Commercial,9,0.765,0.597,0.735,0.747,38.9,0.496
CUST05608,Jaipur,Routine_Commuter,59.0,0,Office_Commercial,9,0.73,0.743,0.554,0.612,26.3,0.629
CUST05609,Ahmedabad,Convenience_First,53.6,1,Mall_Retail,8,0.838,0.225,0.855,0.746,21.4,0.275
CUST05610,Hyderabad,Convenience_First,60.7,0,Highway,9,0.865,0.398,0.99,0.905,28.4,0.322
CUST05611,Lucknow,High_Mileage,79.6,1,Mall_Retail,21,0.41,0.604,0.771,0.891,38.7,0.436
CUST05612,Delhi NCR,Convenience_First,57.5,0,Highway,7,0.936,0.377,0.898,0.99,13.7,0.323
CUST05613,Chandigarh,Price_Sensitive,55.2,1,Mall_Retail,7,0.5,0.727,0.499,0.653,22.1,0.602
CUST05614,Delhi NCR,Convenience_First,45.6,0,Office_Commercial,5,0.782,0.29,0.925,0.749,16.8,0.29
CUST05615,Bengaluru,Price_Sensitive,56.4,1,Mall_Retail,10,0.628,0.726,0.653,0.436,24.6,0.616
CUST05616,Chandigarh,Routine_Commuter,56.2,1,Office_Commercial,12,0.637,0.258,0.667,0.772,26.6,0.306
CUST05617,Hyderabad,Routine_Commuter,66.1,0,Transit_Public,13,0.99,0.723,0.7,0.751,26.4,0.594
CUST05618,Lucknow,Convenience_First,55.9,0,Highway,5,0.817,0.112,0.969,0.919,28.4,0.162
CUST05619,Bengaluru,Price_Sensitive,55.4,0,Transit_Public,8,0.601,0.804,0.454,0.532,23.7,0.681
CUST05620,Pune,Routine_Commuter,61.1,1,Transit_Public,8,0.679,0.544,0.86,0.736,26.0,0.435
CUST05621,Lucknow,Routine_Commuter,61.7,1,Office_Commercial,9,0.804,0.642,0.742,0.733,31.0,0.525
CUST05622,Chennai,Price_Sensitive,36.1,0,Residential,7,0.249,0.847,0.457,0.543,10.0,0.668
CUST05623,Jaipur,Convenience_First,55.1,0,Office_Commercial,10,0.857,0.245,0.864,0.803,23.0,0.277
CUST05624,Delhi NCR,Routine_Commuter,73.1,1,Hotel,10,0.967,0.79,0.688,0.67,26.5,0.643
CUST05625,Delhi NCR,Routine_Commuter,47.1,1,Transit_Public,10,0.899,0.59,0.643,0.663,16.1,0.536
CUST05626,Bengaluru,Price_Sensitive,48.6,1,Highway,11,0.411,0.641,0.315,0.826,20.5,0.557
CUST05627,Hyderabad,Convenience_First,56.1,0,Mall_Retail,10,0.99,0.126,0.83,0.829,18.8,0.228
CUST05628,Kolkata,High_Mileage,90.6,0,Residential,20,0.762,0.538,0.55,0.932,47.9,0.472
CUST05629,Bengaluru,Routine_Commuter,62.6,1,Residential,12,0.617,0.41,0.737,0.556,28.3,0.406
CUST05630,Ahmedabad,Price_Sensitive,62.7,1,Transit_Public,12,0.462,0.806,0.475,0.271,32.0,0.704
CUST05631,Delhi NCR,Routine_Commuter,52.8,1,Mall_Retail,8,0.534,0.692,0.719,0.744,27.8,0.528
CUST05632,Bengaluru,High_Mileage,97.9,1,Office_Commercial,24,0.73,0.692,0.954,0.96,41.7,0.469
CUST05633,Lucknow,Convenience_First,79.4,1,Mall_Retail,9,0.98,0.196,0.793,0.735,37.6,0.287
CUST05634,Delhi NCR,Price_Sensitive,54.9,1,Mall_Retail,8,0.396,0.646,0.409,0.114,15.1,0.646
CUST05635,Pune,Routine_Commuter,55.9,0,Office_Commercial,8,0.852,0.502,0.855,0.79,19.8,0.422
CUST05636,Lucknow,Routine_Commuter,54.9,0,Office_Commercial,10,0.825,0.257,0.966,0.776,23.6,0.264
CUST05637,Ahmedabad,Price_Sensitive,51.5,0,Mall_Retail,10,0.584,0.899,0.371,0.75,18.3,0.716
CUST05638,Ahmedabad,High_Mileage,61.8,0,Highway,18,0.502,0.736,0.8,0.851,24.5,0.517
CUST05639,Chandigarh,Convenience_First,55.7,1,Office_Commercial,8,0.814,0.348,0.786,0.83,27.6,0.341
CUST05640,Pune,Price_Sensitive,51.6,1,Residential,6,0.37,0.6,0.645,0.27,27.2,0.547
CUST05641,Delhi NCR,Price_Sensitive,59.1,0,Hotel,6,0.668,0.807,0.356,0.282,29.6,0.747
CUST05642,Lucknow,Price_Sensitive,41.8,0,Mall_Retail,11,0.428,0.797,0.99,0.511,18.8,0.557
CUST05643,Delhi NCR,Price_Sensitive,61.7,1,Residential,11,0.427,0.872,0.396,0.439,29.0,0.727
CUST05644,Lucknow,Routine_Commuter,47.9,1,Residential,13,0.499,0.559,0.703,0.692,23.6,0.463
CUST05645,Lucknow,Routine_Commuter,54.1,1,Residential,9,0.81,0.46,0.757,0.608,19.2,0.441
CUST05646,Pune,Routine_Commuter,46.8,0,Office_Commercial,13,0.671,0.45,0.579,0.665,15.6,0.449
CUST05647,Delhi NCR,Price_Sensitive,71.9,0,Mall_Retail,12,0.363,0.955,0.317,0.527,31.1,0.769
CUST05648,Pune,Price_Sensitive,40.1,0,Office_Commercial,11,0.392,0.848,0.697,0.657,12.0,0.617
CUST05649,Delhi NCR,Convenience_First,73.9,0,Office_Commercial,5,0.872,0.216,0.864,0.711,33.0,0.276
CUST05650,Bengaluru,Routine_Commuter,57.0,1,Hotel,14,0.765,0.319,0.857,0.536,30.2,0.35
CUST05651,Jaipur,Routine_Commuter,65.2,0,Office_Commercial,10,0.518,0.412,0.621,0.653,28.0,0.406
CUST05652,Kochi,Routine_Commuter,55.2,1,Mall_Retail,10,0.462,0.756,0.582,0.687,27.6,0.593
CUST05653,Delhi NCR,Routine_Commuter,48.6,0,Residential,13,0.746,0.585,0.649,0.779,23.1,0.499
CUST05654,Delhi NCR,Routine_Commuter,57.6,1,Office_Commercial,13,0.816,0.574,0.808,0.91,20.9,0.449
CUST05655,Ahmedabad,Convenience_First,65.1,1,Highway,7,0.924,0.325,0.931,0.812,27.3,0.313
CUST05656,Kolkata,Routine_Commuter,67.1,1,Office_Commercial,12,0.654,0.481,0.679,0.8,17.4,0.424
CUST05657,Chandigarh,Price_Sensitive,47.8,0,Residential,6,0.392,0.946,0.315,0.609,19.6,0.755
CUST05658,Delhi NCR,Price_Sensitive,35.0,1,Fleet,11,0.99,0.829,0.301,0.467,17.1,0.775
CUST05659,Mumbai,Routine_Commuter,70.0,0,Residential,8,0.808,0.447,0.577,0.603,24.6,0.471
CUST05660,Chennai,Convenience_First,51.7,1,Mall_Retail,9,0.95,0.159,0.889,0.751,14.1,0.242
CUST05661,Mumbai,Convenience_First,48.3,0,Highway,9,0.834,0.336,0.889,0.889,10.8,0.307
CUST05662,Bengaluru,Convenience_First,60.8,1,Transit_Public,7,0.751,0.283,0.99,0.71,20.6,0.276
CUST05663,Hyderabad,Routine_Commuter,70.4,1,Residential,9,0.697,0.424,0.688,0.643,37.0,0.419
CUST05664,Lucknow,Convenience_First,62.1,0,Highway,10,0.834,0.329,0.955,0.822,26.5,0.3
CUST05665,Hyderabad,Price_Sensitive,44.0,0,Highway,7,0.557,0.945,0.272,0.435,21.5,0.805
CUST05666,Chandigarh,Convenience_First,54.8,0,Office_Commercial,6,0.781,0.266,0.799,0.648,27.9,0.317
CUST05667,Bengaluru,Price_Sensitive,48.6,0,Residential,9,0.62,0.841,0.159,0.485,15.9,0.77
CUST05668,Bengaluru,Price_Sensitive,40.2,1,Residential,11,0.674,0.778,0.301,0.746,17.8,0.673
CUST05669,Mumbai,Price_Sensitive,61.6,1,Mall_Retail,9,0.311,0.705,0.472,0.858,30.7,0.546
CUST05670,Mumbai,Routine_Commuter,47.1,0,Fleet,8,0.837,0.425,0.759,0.674,15.4,0.415
CUST05671,Chandigarh,Convenience_First,49.3,0,Office_Commercial,7,0.803,0.195,0.76,0.929,20.3,0.246
CUST05672,Bengaluru,Routine_Commuter,55.9,0,Hotel,11,0.728,0.558,0.841,0.72,18.4,0.454
CUST05673,Pune,Convenience_First,63.7,0,Transit_Public,7,0.738,0.39,0.885,0.677,28.1,0.359
CUST05674,Delhi NCR,Routine_Commuter,58.3,1,Office_Commercial,9,0.744,0.575,0.691,0.51,12.6,0.526
CUST05675,Delhi NCR,Routine_Commuter,73.8,0,Office_Commercial,12,0.585,0.349,0.445,0.775,32.6,0.395
CUST05676,Delhi NCR,Routine_Commuter,64.1,1,Office_Commercial,12,0.621,0.63,0.535,0.732,27.4,0.542
CUST05677,Jaipur,Routine_Commuter,55.1,1,Residential,10,0.534,0.59,0.844,0.755,22.8,0.446
CUST05678,Delhi NCR,Price_Sensitive,58.9,1,Residential,11,0.204,0.889,0.514,0.519,25.4,0.679
CUST05679,Bengaluru,Routine_Commuter,56.2,1,Residential,12,0.617,0.74,0.829,0.771,21.2,0.537
CUST05680,Chennai,Routine_Commuter,53.6,1,Office_Commercial,14,0.527,0.637,0.856,0.837,25.0,0.456
CUST05681,Chennai,Convenience_First,43.2,0,Fleet,5,0.768,0.253,0.82,0.816,18.4,0.279
CUST05682,Lucknow,Convenience_First,49.9,0,Mall_Retail,7,0.835,0.415,0.871,0.759,21.3,0.374
CUST05683,Jaipur,Routine_Commuter,44.4,1,Residential,11,0.649,0.726,0.736,0.735,11.7,0.557
CUST05684,Delhi NCR,High_Mileage,60.1,0,Mall_Retail,19,0.65,0.429,0.892,0.959,24.7,0.329
CUST05685,Ahmedabad,Routine_Commuter,61.7,1,Mall_Retail,13,0.734,0.368,0.628,0.763,22.6,0.386
CUST05686,Hyderabad,Convenience_First,57.2,0,Residential,7,0.767,0.256,0.726,0.854,22.8,0.294
CUST05687,Bengaluru,High_Mileage,75.2,1,Transit_Public,17,0.725,0.644,0.614,0.99,28.8,0.505
CUST05688,Mumbai,Routine_Commuter,58.5,1,Residential,9,0.555,0.614,0.822,0.858,26.7,0.45
CUST05689,Kochi,Routine_Commuter,53.4,1,Mall_Retail,9,0.646,0.631,0.545,0.583,26.5,0.565
CUST05690,Hyderabad,Convenience_First,48.7,1,Hotel,8,0.709,0.305,0.917,0.688,24.1,0.302
CUST05691,Kolkata,Routine_Commuter,62.7,1,Office_Commercial,10,0.844,0.471,0.643,0.822,22.0,0.442
CUST05692,Delhi NCR,Routine_Commuter,50.4,1,Residential,12,0.48,0.458,0.577,0.395,22.8,0.475
CUST05693,Delhi NCR,Convenience_First,58.4,1,Mall_Retail,10,0.717,0.299,0.889,0.673,21.4,0.308
CUST05694,Lucknow,Price_Sensitive,50.5,1,Residential,10,0.638,0.924,0.455,0.792,20.9,0.712
CUST05695,Chennai,Price_Sensitive,62.7,0,Mall_Retail,10,0.671,0.87,0.72,0.395,28.0,0.692
CUST05696,Pune,Convenience_First,74.2,0,Hotel,8,0.892,0.021,0.747,0.791,25.8,0.183
CUST05697,Chennai,Convenience_First,57.8,1,Mall_Retail,5,0.967,0.175,0.807,0.908,21.3,0.245
CUST05698,Mumbai,Price_Sensitive,62.7,0,Residential,11,0.519,0.692,0.597,0.871,27.6,0.533
CUST05699,Mumbai,Convenience_First,68.1,0,Residential,6,0.791,0.01,0.99,0.638,29.7,0.141
CUST05700,Delhi NCR,Convenience_First,57.6,0,Mall_Retail,5,0.809,0.129,0.761,0.904,23.7,0.214
CUST05701,Delhi NCR,Price_Sensitive,62.0,1,Residential,7,0.7,0.808,0.215,0.689,29.7,0.718
CUST05702,Lucknow,Routine_Commuter,53.5,0,Office_Commercial,11,0.864,0.433,0.566,0.734,21.6,0.451
CUST05703,Kochi,Price_Sensitive,53.8,0,Mall_Retail,9,0.38,0.816,0.298,0.566,20.6,0.692
CUST05704,Ahmedabad,Convenience_First,54.5,0,Highway,10,0.823,0.346,0.777,0.781,17.7,0.35
CUST05705,Delhi NCR,High_Mileage,63.3,0,Highway,24,0.604,0.567,0.708,0.834,33.1,0.456
CUST05706,Chandigarh,Price_Sensitive,61.7,0,Highway,6,0.394,0.966,0.535,0.778,37.6,0.697
CUST05707,Mumbai,Routine_Commuter,50.5,1,Residential,12,0.551,0.536,0.723,0.643,22.9,0.459
CUST05708,Chennai,Convenience_First,64.3,0,Residential,10,0.887,0.298,0.877,0.79,26.0,0.309
CUST05709,Chandigarh,Convenience_First,67.3,0,Highway,6,0.765,0.161,0.883,0.921,33.7,0.201
CUST05710,Kolkata,High_Mileage,86.9,0,Fleet,21,0.721,0.705,0.748,0.829,47.0,0.536
CUST05711,Ahmedabad,High_Mileage,54.1,0,Office_Commercial,15,0.711,0.911,0.745,0.891,23.5,0.639
CUST05712,Bengaluru,Price_Sensitive,55.4,0,Office_Commercial,8,0.302,0.83,0.704,0.777,29.2,0.579
CUST05713,Chennai,Routine_Commuter,58.2,0,Residential,10,0.744,0.661,0.516,0.722,15.4,0.577
CUST05714,Jaipur,Convenience_First,71.2,0,Mall_Retail,7,0.74,0.175,0.818,0.861,34.4,0.227
CUST05715,Delhi NCR,Convenience_First,74.5,1,Residential,6,0.932,0.263,0.874,0.626,34.4,0.319
CUST05716,Kolkata,Convenience_First,70.4,0,Mall_Retail,5,0.704,0.244,0.784,0.73,23.0,0.288
CUST05717,Kochi,Routine_Commuter,58.2,1,Office_Commercial,9,0.602,0.672,0.804,0.627,19.2,0.525
CUST05718,Bengaluru,Routine_Commuter,57.0,1,Residential,12,0.99,0.881,0.719,0.64,14.4,0.694
CUST05719,Chandigarh,Convenience_First,57.6,0,Fleet,6,0.894,0.294,0.949,0.782,23.7,0.294
CUST05720,Jaipur,Routine_Commuter,48.8,1,Residential,11,0.677,0.457,0.623,0.818,19.5,0.422
CUST05721,Hyderabad,Convenience_First,49.9,0,Office_Commercial,10,0.907,0.214,0.819,0.733,21.4,0.285
CUST05722,Chennai,Convenience_First,63.6,1,Fleet,9,0.929,0.165,0.901,0.796,29.4,0.234
CUST05723,Mumbai,Routine_Commuter,55.6,1,Office_Commercial,13,0.733,0.443,0.724,0.637,18.4,0.427
CUST05724,Ahmedabad,Convenience_First,57.2,1,Office_Commercial,8,0.675,0.131,0.99,0.767,15.9,0.177
CUST05725,Pune,Routine_Commuter,63.9,1,Office_Commercial,9,0.66,0.412,0.501,0.654,23.3,0.444
CUST05726,Delhi NCR,Routine_Commuter,51.5,1,Mall_Retail,12,0.729,0.485,0.841,0.637,19.7,0.426
CUST05727,Chennai,Convenience_First,56.2,0,Transit_Public,5,0.911,0.246,0.946,0.783,25.3,0.27
CUST05728,Ahmedabad,Routine_Commuter,56.9,1,Residential,10,0.666,0.521,0.643,0.947,22.8,0.433
CUST05729,Jaipur,Routine_Commuter,49.7,1,Office_Commercial,13,0.792,0.736,0.626,0.772,17.3,0.593
CUST05730,Chennai,Routine_Commuter,50.4,0,Residential,9,0.451,0.328,0.659,0.625,20.8,0.35
CUST05731,Mumbai,Routine_Commuter,54.2,1,Office_Commercial,8,0.695,0.573,0.582,0.649,29.5,0.521
CUST05732,Jaipur,Routine_Commuter,57.1,0,Office_Commercial,10,0.709,0.478,0.719,0.886,25.6,0.407
CUST05733,Delhi NCR,Price_Sensitive,62.7,1,Highway,9,0.456,0.831,0.232,0.372,22.6,0.75
CUST05734,Kolkata,Routine_Commuter,49.1,0,Residential,8,0.802,0.331,0.722,0.68,20.2,0.366
CUST05735,Chandigarh,Routine_Commuter,47.6,1,Hotel,11,0.953,0.194,0.679,0.587,15.6,0.328
CUST05736,Pune,Price_Sensitive,49.1,0,Office_Commercial,10,0.768,0.691,0.437,0.858,20.6,0.591
CUST05737,Pune,Routine_Commuter,47.9,0,Hotel,14,0.879,0.248,0.569,0.654,25.8,0.363
CUST05738,Hyderabad,High_Mileage,69.9,0,Fleet,25,0.563,0.664,0.64,0.83,23.2,0.519
CUST05739,Delhi NCR,Routine_Commuter,70.1,1,Office_Commercial,8,0.737,0.626,0.539,0.568,33.4,0.575
CUST05740,Kochi,Convenience_First,58.5,1,Transit_Public,6,0.843,0.113,0.86,0.893,26.0,0.19
CUST05741,Jaipur,Routine_Commuter,59.7,0,Residential,11,0.754,0.792,0.652,0.879,23.9,0.599
CUST05742,Kolkata,Routine_Commuter,52.2,0,Office_Commercial,12,0.711,0.612,0.581,0.692,17.3,0.538
CUST05743,Hyderabad,Routine_Commuter,44.1,1,Office_Commercial,8,0.724,0.767,0.726,0.652,19.6,0.601
CUST05744,Hyderabad,Price_Sensitive,48.8,0,Transit_Public,10,0.349,0.957,0.583,0.708,14.5,0.688
CUST05745,Kolkata,Convenience_First,49.3,0,Highway,8,0.813,0.255,0.867,0.741,15.2,0.287
CUST05746,Bengaluru,Routine_Commuter,56.4,1,Office_Commercial,9,0.597,0.557,0.664,0.752,25.0,0.471
CUST05747,Delhi NCR,Routine_Commuter,48.5,0,Residential,12,0.655,0.389,0.761,0.573,14.8,0.392
CUST05748,Hyderabad,Convenience_First,58.3,1,Highway,7,0.729,0.04,0.889,0.737,27.2,0.156
CUST05749,Lucknow,Routine_Commuter,49.8,0,Office_Commercial,9,0.697,0.474,0.678,0.789,25.1,0.426
CUST05750,Hyderabad,Routine_Commuter,75.5,1,Residential,9,0.607,0.485,0.752,0.765,29.1,0.413
CUST05751,Delhi NCR,Convenience_First,67.8,0,Office_Commercial,9,0.829,0.204,0.967,0.888,37.1,0.218
CUST05752,Jaipur,Routine_Commuter,56.3,0,Transit_Public,13,0.63,0.889,0.656,0.873,27.8,0.64
CUST05753,Bengaluru,Price_Sensitive,43.1,0,Office_Commercial,9,0.549,0.748,0.558,0.551,18.3,0.622
CUST05754,Hyderabad,Convenience_First,64.3,1,Office_Commercial,7,0.903,0.231,0.708,0.792,24.7,0.307
CUST05755,Delhi NCR,Convenience_First,50.0,0,Highway,7,0.869,0.223,0.96,0.751,24.4,0.255
CUST05756,Pune,Routine_Commuter,45.0,0,Transit_Public,8,0.878,0.581,0.625,0.508,20.0,0.556
CUST05757,Pune,Routine_Commuter,59.6,1,Residential,8,0.568,0.461,0.966,0.863,17.6,0.338
CUST05758,Chandigarh,Routine_Commuter,47.3,0,Office_Commercial,8,0.717,0.287,0.686,0.691,21.0,0.339
CUST05759,Mumbai,Convenience_First,56.9,0,Mall_Retail,7,0.83,0.259,0.959,0.884,19.5,0.251
CUST05760,Mumbai,Price_Sensitive,57.9,0,Office_Commercial,11,0.342,0.787,0.893,0.447,19.3,0.571
CUST05761,Pune,Price_Sensitive,47.4,1,Transit_Public,9,0.287,0.968,0.424,0.418,23.6,0.764
CUST05762,Chandigarh,Routine_Commuter,61.2,0,Mall_Retail,12,0.86,0.423,0.836,0.489,35.3,0.428
CUST05763,Pune,Convenience_First,51.3,0,Hotel,7,0.896,0.316,0.782,0.791,24.1,0.338
CUST05764,Kolkata,Convenience_First,54.3,0,Office_Commercial,9,0.738,0.276,0.849,0.727,22.6,0.297
CUST05765,Hyderabad,Price_Sensitive,53.9,0,Highway,11,0.415,0.881,0.624,0.654,24.0,0.653
CUST05766,Delhi NCR,Routine_Commuter,46.9,0,Residential,10,0.862,0.63,0.643,0.903,22.7,0.518
CUST05767,Bengaluru,Price_Sensitive,49.4,1,Residential,6,0.675,0.853,0.302,0.81,21.7,0.705
CUST05768,Chennai,Price_Sensitive,51.5,0,Fleet,11,0.754,0.895,0.51,0.374,19.7,0.759
CUST05769,Mumbai,Routine_Commuter,47.6,1,Office_Commercial,12,0.626,0.553,0.899,0.721,26.9,0.429
CUST05770,Mumbai,Convenience_First,58.3,1,Highway,8,0.805,0.236,0.842,0.99,26.9,0.243
CUST05771,Delhi NCR,Routine_Commuter,39.7,1,Fleet,11,0.415,0.726,0.473,0.624,23.0,0.603
CUST05772,Hyderabad,Routine_Commuter,58.1,1,Residential,13,0.636,0.324,0.7,0.884,26.5,0.319
CUST05773,Hyderabad,High_Mileage,68.1,0,Mall_Retail,22,0.671,0.794,0.767,0.827,41.8,0.576
CUST05774,Delhi NCR,Price_Sensitive,52.0,1,Transit_Public,10,0.561,0.66,0.465,0.521,27.2,0.598
CUST05775,Hyderabad,Routine_Commuter,42.8,0,Mall_Retail,13,0.969,0.372,0.829,0.582,22.7,0.398
CUST05776,Mumbai,Price_Sensitive,53.9,0,Office_Commercial,12,0.139,0.924,0.272,0.519,16.4,0.74
CUST05777,Bengaluru,Convenience_First,55.2,0,Transit_Public,6,0.709,0.24,0.804,0.884,20.9,0.26
CUST05778,Bengaluru,High_Mileage,67.3,0,Highway,20,0.739,0.725,0.699,0.865,26.8,0.553
CUST05779,Chennai,Routine_Commuter,68.4,0,Transit_Public,8,0.61,0.394,0.968,0.795,22.0,0.315
CUST05780,Kolkata,High_Mileage,83.9,0,Highway,15,0.559,0.798,0.755,0.892,43.8,0.56
CUST05781,Jaipur,Convenience_First,59.7,0,Mall_Retail,6,0.871,0.239,0.842,0.688,28.6,0.297
CUST05782,Kolkata,Routine_Commuter,35.0,0,Residential,14,0.788,0.517,0.734,0.752,16.5,0.454
CUST05783,Bengaluru,Routine_Commuter,51.0,1,Mall_Retail,12,0.805,0.736,0.633,0.648,19.7,0.611
CUST05784,Mumbai,Convenience_First,70.1,0,Mall_Retail,7,0.734,0.284,0.769,0.893,33.2,0.292
CUST05785,Chennai,High_Mileage,63.6,0,Highway,19,0.412,0.82,0.986,0.891,19.1,0.511
CUST05786,Kolkata,Price_Sensitive,53.3,1,Highway,9,0.749,0.99,0.46,0.373,20.5,0.821
CUST05787,Delhi NCR,Price_Sensitive,57.5,0,Office_Commercial,12,0.446,0.783,0.35,0.349,15.7,0.703
CUST05788,Bengaluru,Routine_Commuter,61.6,1,Office_Commercial,9,0.853,0.442,0.815,0.642,26.6,0.419
CUST05789,Kolkata,Price_Sensitive,47.5,1,Office_Commercial,12,0.569,0.763,0.354,0.482,17.9,0.684
CUST05790,Kochi,Routine_Commuter,58.2,1,Office_Commercial,14,0.567,0.743,0.694,0.626,24.7,0.582
CUST05791,Hyderabad,Convenience_First,55.0,0,Transit_Public,9,0.87,0.224,0.734,0.775,21.6,0.297
CUST05792,Ahmedabad,Price_Sensitive,61.5,1,Office_Commercial,12,0.352,0.946,0.372,0.37,19.5,0.776
CUST05793,Chennai,Price_Sensitive,60.9,1,Highway,7,0.548,0.781,0.403,0.557,22.4,0.67
CUST05794,Kolkata,Price_Sensitive,47.1,0,Fleet,12,0.287,0.781,0.438,0.62,24.0,0.627
CUST05795,Bengaluru,Convenience_First,49.5,1,Highway,8,0.756,0.331,0.868,0.655,19.3,0.336
CUST05796,Hyderabad,Price_Sensitive,35.0,1,Mall_Retail,7,0.426,0.662,0.299,0.382,11.7,0.64
CUST05797,Hyderabad,Routine_Commuter,56.6,1,Transit_Public,10,0.822,0.629,0.664,0.476,23.6,0.574
CUST05798,Bengaluru,Routine_Commuter,41.9,0,Residential,10,0.659,0.573,0.609,0.635,13.8,0.514
CUST05799,Mumbai,Routine_Commuter,56.2,1,Mall_Retail,13,0.786,0.612,0.812,0.592,19.6,0.514
CUST05800,Jaipur,Routine_Commuter,60.7,1,Residential,11,0.503,0.619,0.946,0.452,19.1,0.484
CUST05801,Ahmedabad,Convenience_First,83.4,0,Highway,6,0.924,0.147,0.843,0.569,31.1,0.269
CUST05802,Ahmedabad,Price_Sensitive,48.2,0,Mall_Retail,8,0.56,0.71,0.308,0.336,21.2,0.685
CUST05803,Chandigarh,High_Mileage,60.7,0,Fleet,18,0.474,0.786,0.762,0.887,27.3,0.545
CUST05804,Mumbai,Routine_Commuter,51.9,0,Office_Commercial,12,0.688,0.356,0.611,0.653,25.6,0.394
CUST05805,Bengaluru,Routine_Commuter,50.8,0,Mall_Retail,14,0.578,0.534,0.796,0.902,21.4,0.407
CUST05806,Chandigarh,Convenience_First,62.1,0,Transit_Public,5,0.881,0.34,0.831,0.971,17.6,0.313
CUST05807,Pune,Price_Sensitive,53.9,1,Highway,10,0.873,0.827,0.569,0.418,22.1,0.716
CUST05808,Chandigarh,Price_Sensitive,43.9,0,Residential,9,0.447,0.742,0.427,0.784,20.5,0.6
CUST05809,Lucknow,Routine_Commuter,57.4,0,Transit_Public,10,0.74,0.823,0.717,0.831,28.1,0.609
CUST05810,Mumbai,Convenience_First,56.5,0,Residential,9,0.73,0.256,0.839,0.99,18.4,0.247
CUST05811,Ahmedabad,Routine_Commuter,54.3,1,Office_Commercial,11,0.691,0.475,0.658,0.515,10.5,0.471
CUST05812,Kolkata,Convenience_First,46.4,0,Highway,8,0.902,0.299,0.82,0.874,21.7,0.31
CUST05813,Mumbai,Routine_Commuter,54.6,0,Office_Commercial,8,0.74,0.476,0.841,0.942,13.3,0.376
CUST05814,Kolkata,Routine_Commuter,61.3,0,Office_Commercial,10,0.621,0.472,0.623,0.727,21.1,0.438
CUST05815,Hyderabad,Routine_Commuter,62.3,1,Hotel,8,0.757,0.588,0.689,0.71,33.4,0.505
CUST05816,Chennai,Routine_Commuter,51.9,1,Residential,9,0.684,0.568,0.772,0.599,19.6,0.487
CUST05817,Kochi,Routine_Commuter,45.5,0,Office_Commercial,8,0.686,0.541,0.598,0.617,18.4,0.504
CUST05818,Delhi NCR,Routine_Commuter,68.7,1,Residential,13,0.952,0.543,0.612,0.593,24.5,0.533
CUST05819,Mumbai,Routine_Commuter,57.1,1,Hotel,14,0.728,0.469,0.512,0.943,29.3,0.437
CUST05820,Kolkata,Routine_Commuter,35.0,1,Office_Commercial,10,0.69,0.578,0.88,0.663,19.3,0.462
CUST05821,Mumbai,High_Mileage,50.5,0,Highway,18,0.255,0.615,0.854,0.936,25.9,0.402
CUST05822,Ahmedabad,Routine_Commuter,49.3,1,Office_Commercial,14,0.775,0.592,0.542,0.613,12.0,0.553
CUST05823,Chandigarh,Price_Sensitive,71.6,1,Mall_Retail,8,0.435,0.697,0.423,0.707,31.3,0.586
CUST05824,Bengaluru,Price_Sensitive,45.1,0,Transit_Public,10,0.352,0.965,0.411,0.374,24.4,0.777
CUST05825,Bengaluru,Price_Sensitive,56.3,0,Hotel,10,0.433,0.758,0.485,0.36,24.8,0.659
CUST05826,Bengaluru,Price_Sensitive,49.6,1,Office_Commercial,7,0.625,0.814,0.661,0.558,24.8,0.645
CUST05827,Pune,Routine_Commuter,50.8,1,Mall_Retail,12,0.574,0.663,0.728,0.897,24.1,0.492
CUST05828,Chandigarh,Price_Sensitive,43.6,1,Transit_Public,9,0.474,0.678,0.764,0.408,17.2,0.556
CUST05829,Chandigarh,Price_Sensitive,43.8,0,Residential,9,0.551,0.693,0.382,0.895,16.5,0.576
CUST05830,Delhi NCR,Routine_Commuter,61.7,1,Office_Commercial,12,0.799,0.691,0.614,0.84,25.2,0.561
CUST05831,Chennai,Routine_Commuter,56.8,1,Residential,9,0.788,0.412,0.571,0.72,22.3,0.433
CUST05832,Mumbai,Convenience_First,58.2,0,Mall_Retail,8,0.99,0.268,0.872,0.81,25.7,0.301
CUST05833,Delhi NCR,Routine_Commuter,50.4,1,Residential,9,0.699,0.595,0.682,0.57,23.9,0.525
CUST05834,Delhi NCR,Routine_Commuter,35.0,1,Office_Commercial,11,0.704,0.551,0.584,0.704,19.4,0.501
CUST05835,Delhi NCR,Price_Sensitive,41.0,0,Transit_Public,10,0.369,0.772,0.24,0.51,11.8,0.687
CUST05836,Delhi NCR,High_Mileage,70.6,0,Office_Commercial,25,0.776,0.67,0.982,0.916,23.7,0.463
CUST05837,Jaipur,Price_Sensitive,48.8,0,Office_Commercial,8,0.667,0.922,0.782,0.318,25.1,0.72
CUST05838,Mumbai,Routine_Commuter,58.5,1,Residential,9,0.802,0.557,0.727,0.798,25.4,0.471
CUST05839,Hyderabad,High_Mileage,68.2,1,Highway,22,0.82,0.446,0.811,0.848,26.7,0.388
CUST05840,Kochi,High_Mileage,86.5,0,Transit_Public,22,0.473,0.725,0.648,0.879,33.4,0.535
CUST05841,Pune,Convenience_First,74.5,1,Office_Commercial,8,0.883,0.187,0.827,0.863,32.1,0.246
CUST05842,Mumbai,Convenience_First,64.0,1,Highway,6,0.82,0.188,0.725,0.712,29.5,0.284
CUST05843,Delhi NCR,Convenience_First,60.6,1,Office_Commercial,5,0.717,0.36,0.793,0.793,25.3,0.343
CUST05844,Bengaluru,Routine_Commuter,63.0,0,Residential,9,0.687,0.596,0.679,0.667,27.2,0.51
CUST05845,Kochi,Price_Sensitive,35.0,1,Mall_Retail,11,0.358,0.875,0.43,0.639,11.3,0.685
CUST05846,Kochi,High_Mileage,58.1,0,Fleet,21,0.165,0.527,0.606,0.862,28.0,0.406
CUST05847,Delhi NCR,Convenience_First,41.0,0,Highway,9,0.833,0.307,0.865,0.814,16.0,0.307
CUST05848,Chandigarh,Convenience_First,55.8,0,Highway,7,0.683,0.241,0.702,0.728,19.5,0.302
CUST05849,Bengaluru,Routine_Commuter,52.5,0,Highway,10,0.473,0.628,0.726,0.706,22.2,0.492
CUST05850,Kolkata,Routine_Commuter,69.3,1,Office_Commercial,14,0.751,0.338,0.958,0.807,25.5,0.298
CUST05851,Mumbai,Convenience_First,62.3,0,Hotel,5,0.914,0.476,0.87,0.738,27.2,0.418
CUST05852,Jaipur,Price_Sensitive,35.5,1,Mall_Retail,12,0.534,0.884,0.595,0.471,12.8,0.7
CUST05853,Mumbai,Routine_Commuter,46.7,0,Highway,13,0.728,0.589,0.823,0.718,16.9,0.474
CUST05854,Bengaluru,Convenience_First,43.8,0,Mall_Retail,10,0.832,0.188,0.935,0.805,18.3,0.229
CUST05855,Jaipur,Convenience_First,60.1,0,Highway,6,0.728,0.214,0.814,0.656,21.6,0.279
CUST05856,Chandigarh,Price_Sensitive,51.7,0,Transit_Public,7,0.35,0.864,0.535,0.648,19.5,0.656
CUST05857,Mumbai,Routine_Commuter,54.5,0,Office_Commercial,9,0.527,0.47,0.767,0.691,25.4,0.404
CUST05858,Mumbai,Price_Sensitive,45.9,0,Mall_Retail,11,0.539,0.986,0.577,0.705,20.9,0.725
CUST05859,Bengaluru,Convenience_First,58.2,1,Residential,7,0.749,0.121,0.881,0.781,29.6,0.198
CUST05860,Pune,High_Mileage,74.2,1,Fleet,16,0.514,0.526,0.837,0.962,34.7,0.379
CUST05861,Hyderabad,Convenience_First,68.2,0,Mall_Retail,7,0.72,0.151,0.852,0.904,35.4,0.199
CUST05862,Ahmedabad,Convenience_First,79.8,1,Fleet,9,0.792,0.343,0.903,0.757,29.8,0.324
CUST05863,Mumbai,Convenience_First,49.8,0,Office_Commercial,5,0.895,0.263,0.754,0.896,17.6,0.299
CUST05864,Jaipur,Price_Sensitive,55.2,0,Highway,9,0.488,0.642,0.522,0.439,21.5,0.582
CUST05865,Pune,Convenience_First,55.1,0,Mall_Retail,10,0.721,0.316,0.727,0.823,29.2,0.327
CUST05866,Kolkata,Price_Sensitive,57.0,1,Transit_Public,6,0.593,0.648,0.492,0.593,19.6,0.579
CUST05867,Pune,Routine_Commuter,55.9,0,Office_Commercial,12,0.61,0.71,0.546,0.721,18.7,0.584
CUST05868,Delhi NCR,Convenience_First,53.8,1,Highway,9,0.99,0.398,0.801,0.786,22.1,0.39
CUST05869,Bengaluru,Routine_Commuter,65.4,1,Office_Commercial,9,0.488,0.466,0.844,0.89,27.6,0.353
CUST05870,Kolkata,Price_Sensitive,60.5,0,Highway,7,0.648,0.896,0.391,0.664,25.1,0.73
CUST05871,Lucknow,Routine_Commuter,59.3,1,Office_Commercial,8,0.73,0.297,0.728,0.742,24.1,0.329
CUST05872,Kolkata,Routine_Commuter,40.0,1,Office_Commercial,13,0.905,0.683,0.797,0.896,15.6,0.522
CUST05873,Hyderabad,Convenience_First,65.7,0,Office_Commercial,9,0.876,0.188,0.928,0.812,26.4,0.234
CUST05874,Bengaluru,Price_Sensitive,55.7,1,Residential,8,0.538,0.725,0.566,0.589,15.9,0.601
CUST05875,Chandigarh,Price_Sensitive,59.1,1,Transit_Public,11,0.372,0.904,0.16,0.293,25.7,0.809
CUST05876,Delhi NCR,High_Mileage,82.3,0,Highway,22,0.344,0.79,0.855,0.92,41.2,0.51
CUST05877,Delhi NCR,Price_Sensitive,49.3,0,Office_Commercial,8,0.518,0.99,0.988,0.519,31.1,0.671
CUST05878,Hyderabad,Convenience_First,81.0,1,Mall_Retail,6,0.821,0.168,0.726,0.785,36.3,0.261
CUST05879,Bengaluru,Convenience_First,73.1,0,Highway,9,0.74,0.257,0.911,0.842,33.1,0.257
CUST05880,Jaipur,Convenience_First,71.9,0,Residential,9,0.99,0.141,0.782,0.777,35.4,0.254
CUST05881,Chandigarh,Convenience_First,51.2,0,Mall_Retail,7,0.787,0.339,0.933,0.713,16.9,0.321
CUST05882,Kochi,Routine_Commuter,68.4,1,Office_Commercial,10,0.602,0.387,0.785,0.719,30.6,0.358
CUST05883,Ahmedabad,Convenience_First,64.1,0,Highway,7,0.788,0.175,0.85,0.74,20.7,0.244
CUST05884,Pune,Routine_Commuter,48.7,1,Residential,10,0.8,0.507,0.9,0.569,17.5,0.443
CUST05885,Chandigarh,Routine_Commuter,58.1,0,Residential,12,0.965,0.577,0.704,0.814,26.7,0.501
CUST05886,Jaipur,Price_Sensitive,45.1,0,Transit_Public,9,0.735,0.794,0.341,0.316,17.4,0.745
CUST05887,Hyderabad,Price_Sensitive,35.3,1,Mall_Retail,7,0.812,0.777,0.31,0.487,11.7,0.724
CUST05888,Delhi NCR,Routine_Commuter,55.3,1,Residential,11,0.63,0.525,0.783,0.702,20.7,0.44
CUST05889,Delhi NCR,Price_Sensitive,57.0,1,Office_Commercial,9,0.483,0.888,0.859,0.532,28.6,0.635
CUST05890,Hyderabad,Routine_Commuter,35.8,1,Transit_Public,8,0.748,0.302,0.584,0.727,10.4,0.365
CUST05891,Bengaluru,Price_Sensitive,53.9,0,Residential,6,0.63,0.826,0.452,0.815,20.8,0.655
CUST05892,Pune,Routine_Commuter,50.5,1,Residential,10,0.79,0.625,0.681,0.724,19.1,0.528
CUST05893,Kolkata,Price_Sensitive,43.3,0,Mall_Retail,10,0.71,0.701,0.522,0.598,17.8,0.613
CUST05894,Bengaluru,Routine_Commuter,47.9,1,Transit_Public,9,0.699,0.468,0.843,0.661,17.9,0.409
CUST05895,Delhi NCR,Convenience_First,64.2,0,Fleet,10,0.703,0.308,0.863,0.962,25.9,0.273
CUST05896,Pune,Routine_Commuter,55.3,1,Hotel,13,0.599,0.36,0.544,0.63,18.4,0.405
CUST05897,Pune,Price_Sensitive,51.4,1,Mall_Retail,8,0.346,0.684,0.251,0.542,21.6,0.629
CUST05898,Bengaluru,Routine_Commuter,62.8,0,Residential,12,0.632,0.637,0.893,0.933,33.7,0.445
CUST05899,Pune,Routine_Commuter,59.5,1,Residential,9,0.736,0.391,0.538,0.515,30.8,0.454
CUST05900,Mumbai,Price_Sensitive,49.1,1,Transit_Public,8,0.344,0.885,0.752,0.382,25.6,0.664
CUST05901,Ahmedabad,Price_Sensitive,53.3,0,Mall_Retail,6,0.557,0.826,0.395,0.778,18.1,0.664
CUST05902,Lucknow,Price_Sensitive,47.1,0,Fleet,7,0.4,0.812,0.55,0.287,18.7,0.684
CUST05903,Chennai,Convenience_First,48.1,0,Fleet,8,0.895,0.268,0.972,0.773,18.2,0.277
CUST05904,Ahmedabad,Routine_Commuter,60.7,1,Mall_Retail,9,0.56,0.633,0.757,0.596,20.1,0.514
CUST05905,Mumbai,Routine_Commuter,62.6,0,Residential,10,0.752,0.406,0.703,0.766,22.2,0.393
CUST05906,Chennai,High_Mileage,74.0,0,Highway,16,0.757,0.344,0.809,0.82,21.6,0.33
CUST05907,Pune,Price_Sensitive,64.5,0,Transit_Public,10,0.571,0.99,0.403,0.409,15.2,0.81
CUST05908,Mumbai,Routine_Commuter,48.5,1,Office_Commercial,10,0.82,0.43,0.649,0.526,19.2,0.46
CUST05909,Delhi NCR,Routine_Commuter,62.9,1,Office_Commercial,8,0.507,0.662,0.786,0.728,29.3,0.499
CUST05910,Jaipur,Routine_Commuter,52.8,0,Office_Commercial,14,0.595,0.656,0.589,0.695,27.6,0.549
CUST05911,Ahmedabad,Price_Sensitive,43.8,1,Residential,11,0.463,0.769,0.477,0.5,18.8,0.649
CUST05912,Pune,Routine_Commuter,46.8,0,Residential,13,0.676,0.505,0.707,0.585,13.8,0.466
CUST05913,Mumbai,High_Mileage,88.8,0,Highway,23,0.615,0.465,0.593,0.856,49.4,0.42
CUST05914,Mumbai,Price_Sensitive,47.5,1,Residential,8,0.37,0.73,0.497,0.439,20.6,0.623
CUST05915,Kochi,Price_Sensitive,53.6,0,Office_Commercial,9,0.607,0.6,0.503,0.49,20.1,0.567
CUST05916,Mumbai,Routine_Commuter,47.5,0,Residential,8,0.893,0.346,0.648,0.757,23.4,0.386
CUST05917,Hyderabad,Routine_Commuter,52.9,0,Office_Commercial,8,0.788,0.456,0.357,0.534,21.0,0.528
CUST05918,Ahmedabad,Routine_Commuter,51.2,1,Mall_Retail,13,0.728,0.501,0.561,0.72,27.3,0.478
CUST05919,Bengaluru,Price_Sensitive,52.4,0,Mall_Retail,9,0.34,0.845,0.35,0.48,15.0,0.707
CUST05920,Delhi NCR,Routine_Commuter,56.4,1,Office_Commercial,14,0.788,0.608,0.547,0.775,27.3,0.537
CUST05921,Pune,Routine_Commuter,59.7,1,Residential,8,0.621,0.439,0.739,0.793,31.5,0.387
CUST05922,Pune,Convenience_First,49.0,0,Highway,6,0.921,0.198,0.87,0.889,18.8,0.244
CUST05923,Chennai,Routine_Commuter,42.7,1,Mall_Retail,14,0.82,0.73,0.672,0.76,17.8,0.585
CUST05924,Ahmedabad,Convenience_First,48.2,1,Office_Commercial,7,0.799,0.49,0.839,0.901,27.9,0.396
CUST05925,Jaipur,Convenience_First,69.5,0,Office_Commercial,6,0.746,0.162,0.854,0.836,38.1,0.217
CUST05926,Hyderabad,Convenience_First,61.2,0,Highway,5,0.97,0.515,0.894,0.875,32.4,0.42
CUST05927,Jaipur,High_Mileage,50.0,0,Fleet,25,0.663,0.452,0.567,0.729,23.9,0.442
CUST05928,Hyderabad,Price_Sensitive,51.6,1,Office_Commercial,6,0.558,0.693,0.438,0.78,22.3,0.582
CUST05929,Pune,Price_Sensitive,48.0,1,Mall_Retail,12,0.385,0.799,0.495,0.405,26.4,0.668
CUST05930,Chennai,Routine_Commuter,49.3,1,Mall_Retail,10,0.812,0.598,0.691,0.99,23.2,0.474
CUST05931,Delhi NCR,Convenience_First,63.9,1,Residential,9,0.872,0.289,0.853,0.924,25.1,0.287
CUST05932,Lucknow,Routine_Commuter,49.7,0,Office_Commercial,12,0.972,0.544,0.904,0.795,24.2,0.447
CUST05933,Mumbai,Routine_Commuter,51.6,1,Office_Commercial,9,0.68,0.492,0.717,0.947,19.4,0.403
CUST05934,Mumbai,Routine_Commuter,65.5,0,Mall_Retail,10,0.702,0.474,0.598,0.868,20.6,0.431
CUST05935,Kochi,Routine_Commuter,61.0,0,Mall_Retail,12,0.805,0.344,0.76,0.547,31.4,0.385
CUST05936,Chandigarh,Price_Sensitive,47.1,1,Transit_Public,11,0.56,0.885,0.479,0.78,20.7,0.68
CUST05937,Lucknow,Price_Sensitive,61.6,0,Highway,12,0.444,0.803,0.518,0.426,33.8,0.669
CUST05938,Delhi NCR,Convenience_First,66.8,0,Fleet,10,0.837,0.322,0.847,0.814,29.7,0.319
CUST05939,Delhi NCR,Convenience_First,70.9,1,Mall_Retail,10,0.942,0.301,0.891,0.678,38.4,0.33
CUST05940,Delhi NCR,Price_Sensitive,47.5,0,Highway,11,0.493,0.751,0.453,0.828,21.1,0.598
CUST05941,Pune,Routine_Commuter,52.8,0,Office_Commercial,8,0.846,0.518,0.756,0.943,15.3,0.427
CUST05942,Ahmedabad,Routine_Commuter,68.0,0,Office_Commercial,11,0.708,0.277,0.594,0.644,22.1,0.358
CUST05943,Mumbai,Routine_Commuter,48.5,0,Mall_Retail,12,0.833,0.456,0.78,0.572,16.8,0.442
CUST05944,Kochi,Routine_Commuter,53.4,1,Transit_Public,12,0.655,0.38,0.835,0.643,33.3,0.361
CUST05945,Bengaluru,Routine_Commuter,64.3,1,Residential,11,0.776,0.662,0.837,0.802,28.0,0.504
CUST05946,Ahmedabad,Routine_Commuter,61.7,1,Hotel,12,0.634,0.474,0.75,0.942,32.3,0.383
CUST05947,Chennai,Routine_Commuter,56.1,1,Office_Commercial,8,0.851,0.58,0.428,0.801,21.6,0.548
CUST05948,Jaipur,Routine_Commuter,56.7,1,Mall_Retail,11,0.707,0.608,0.657,0.676,30.3,0.522
CUST05949,Kolkata,Routine_Commuter,60.7,1,Mall_Retail,9,0.628,0.675,0.477,0.62,22.2,0.595
CUST05950,Mumbai,High_Mileage,71.2,0,Residential,20,0.464,0.799,0.712,0.858,32.1,0.565
CUST05951,Chennai,Price_Sensitive,55.0,0,Transit_Public,9,0.598,0.727,0.395,0.494,23.3,0.656
CUST05952,Jaipur,Routine_Commuter,47.4,1,Office_Commercial,8,0.565,0.602,0.651,0.674,19.7,0.506
CUST05953,Lucknow,Routine_Commuter,55.5,1,Office_Commercial,14,0.638,0.447,0.772,0.673,30.2,0.405
CUST05954,Kolkata,Convenience_First,69.1,1,Highway,6,0.768,0.45,0.775,0.796,20.5,0.4
CUST05955,Kochi,High_Mileage,54.7,0,Fleet,24,0.251,0.67,0.69,0.779,18.9,0.489
CUST05956,Chennai,Price_Sensitive,43.5,0,Transit_Public,9,0.514,0.846,0.516,0.873,21.3,0.632
CUST05957,Ahmedabad,Price_Sensitive,55.6,1,Mall_Retail,6,0.731,0.729,0.608,0.677,25.7,0.601
CUST05958,Ahmedabad,Routine_Commuter,50.5,1,Residential,9,0.761,0.718,0.608,0.725,25.3,0.591
CUST05959,Delhi NCR,Routine_Commuter,56.8,0,Mall_Retail,9,0.99,0.69,0.642,0.687,13.0,0.597
CUST05960,Delhi NCR,Convenience_First,69.3,1,Fleet,9,0.793,0.257,0.916,0.878,36.1,0.256
CUST05961,Chennai,Convenience_First,48.3,0,Mall_Retail,5,0.681,0.38,0.789,0.655,19.9,0.371
CUST05962,Kolkata,Price_Sensitive,58.7,0,Highway,9,0.476,0.785,0.775,0.562,27.8,0.59
CUST05963,Mumbai,Convenience_First,47.0,1,Office_Commercial,7,0.74,0.241,0.757,0.751,16.5,0.292
CUST05964,Hyderabad,Routine_Commuter,68.5,0,Residential,8,0.812,0.338,0.38,0.728,28.3,0.432
CUST05965,Chennai,High_Mileage,63.3,0,Hotel,17,0.57,0.893,0.866,0.805,26.0,0.604
CUST05966,Chandigarh,Price_Sensitive,54.3,1,Mall_Retail,6,0.232,0.702,0.579,0.854,21.2,0.515
CUST05967,Jaipur,Convenience_First,72.0,0,Highway,9,0.709,0.286,0.975,0.918,40.2,0.246
CUST05968,Pune,Routine_Commuter,48.4,0,Office_Commercial,9,0.793,0.669,0.67,0.786,16.2,0.545
CUST05969,Mumbai,Convenience_First,53.1,0,Mall_Retail,10,0.785,0.197,0.908,0.587,15.3,0.267
CUST05970,Mumbai,Price_Sensitive,46.9,0,Residential,7,0.574,0.795,0.742,0.444,22.9,0.63
CUST05971,Delhi NCR,Convenience_First,51.9,0,Office_Commercial,8,0.852,0.155,0.91,0.762,21.4,0.224
CUST05972,Mumbai,Routine_Commuter,53.9,1,Office_Commercial,13,0.695,0.303,0.528,0.85,22.3,0.353
CUST05973,Kolkata,Convenience_First,68.7,1,Highway,8,0.752,0.232,0.797,0.858,24.2,0.265
CUST05974,Bengaluru,Routine_Commuter,54.3,1,Residential,8,0.87,0.445,0.61,0.761,21.1,0.445
CUST05975,Hyderabad,Routine_Commuter,57.5,0,Office_Commercial,13,0.588,0.407,0.779,0.66,29.1,0.378
CUST05976,Delhi NCR,Convenience_First,63.7,0,Hotel,5,0.909,0.225,0.847,0.891,19.1,0.261
CUST05977,Delhi NCR,Routine_Commuter,38.0,1,Office_Commercial,14,0.752,0.658,0.373,0.523,11.7,0.634
CUST05978,Kochi,Price_Sensitive,42.0,1,Residential,9,0.576,0.883,0.254,0.441,16.6,0.776
CUST05979,Delhi NCR,Convenience_First,71.7,1,Highway,6,0.756,0.13,0.89,0.784,32.2,0.201
CUST05980,Ahmedabad,High_Mileage,61.6,0,Fleet,15,0.52,0.511,0.71,0.691,24.6,0.437
CUST05981,Bengaluru,Convenience_First,65.6,0,Highway,7,0.664,0.355,0.936,0.622,32.1,0.331
CUST05982,Ahmedabad,Routine_Commuter,51.9,1,Office_Commercial,12,0.823,0.624,0.81,0.612,26.0,0.522
CUST05983,Delhi NCR,Price_Sensitive,53.5,0,Office_Commercial,7,0.329,0.867,0.663,0.615,18.4,0.635
CUST05984,Hyderabad,Convenience_First,58.0,1,Transit_Public,5,0.777,0.319,0.981,0.943,26.9,0.266
CUST05985,Mumbai,Routine_Commuter,69.7,1,Hotel,11,0.637,0.35,0.713,0.673,21.1,0.362
CUST05986,Chennai,Routine_Commuter,48.3,0,Hotel,9,0.99,0.399,0.56,0.449,22.0,0.489
CUST05987,Jaipur,Convenience_First,66.0,0,Residential,9,0.803,0.148,0.923,0.61,28.1,0.236
CUST05988,Mumbai,Routine_Commuter,72.4,1,Residential,9,0.547,0.814,0.716,0.73,23.7,0.6
CUST05989,Chennai,Routine_Commuter,60.7,1,Residential,11,0.723,0.513,0.668,0.44,22.1,0.505
CUST05990,Chennai,Convenience_First,61.9,1,Transit_Public,5,0.925,0.151,0.79,0.879,30.8,0.236
CUST05991,Mumbai,Convenience_First,57.1,0,Hotel,8,0.853,0.229,0.841,0.867,24.8,0.263
CUST05992,Bengaluru,Price_Sensitive,61.6,0,Transit_Public,11,0.766,0.7,0.275,0.762,25.1,0.642
CUST05993,Delhi NCR,Price_Sensitive,60.3,0,Residential,10,0.215,0.834,0.384,0.425,28.0,0.69
CUST05994,Chennai,Price_Sensitive,65.5,0,Residential,7,0.573,0.989,0.55,0.552,27.6,0.758
CUST05995,Pune,Routine_Commuter,54.7,1,Office_Commercial,10,0.735,0.279,0.644,0.701,29.2,0.343
CUST05996,Delhi NCR,Routine_Commuter,61.6,1,Office_Commercial,11,0.99,0.414,0.593,0.722,21.1,0.45
CUST05997,Chennai,Convenience_First,71.4,1,Highway,7,0.808,0.286,0.899,0.886,33.4,0.275
CUST05998,Pune,Price_Sensitive,70.3,0,Residential,7,0.706,0.844,0.461,0.414,27.5,0.73
CUST05999,Delhi NCR,Routine_Commuter,52.9,1,Transit_Public,11,0.78,0.554,0.605,0.788,26.5,0.494
CUST06000,Lucknow,Routine_Commuter,53.8,0,Office_Commercial,9,0.813,0.691,0.578,0.749,21.7,0.584
CUST06001,Jaipur,Routine_Commuter,47.2,1,Residential,9,0.717,0.617,0.631,0.513,22.6,0.558
CUST06002,Jaipur,Routine_Commuter,60.0,1,Mall_Retail,11,0.568,0.467,0.676,0.684,13.8,0.426
CUST06003,Hyderabad,Routine_Commuter,59.2,0,Hotel,10,0.661,0.612,0.581,0.838,25.0,0.511
CUST06004,Hyderabad,High_Mileage,58.0,0,Fleet,18,0.662,0.581,0.744,0.907,22.4,0.451
CUST06005,Chennai,Price_Sensitive,52.6,0,Transit_Public,6,0.538,0.734,0.499,0.52,27.1,0.63
CUST06006,Bengaluru,Convenience_First,60.6,0,Hotel,8,0.886,0.145,0.78,0.906,26.9,0.227
CUST06007,Ahmedabad,High_Mileage,78.6,0,Mall_Retail,24,0.667,0.74,0.742,0.705,38.7,0.569
CUST06008,Hyderabad,Routine_Commuter,49.9,0,Residential,9,0.554,0.366,0.41,0.582,21.9,0.437
CUST06009,Hyderabad,Routine_Commuter,41.1,1,Office_Commercial,8,0.873,0.429,0.614,0.668,18.9,0.45
CUST06010,Delhi NCR,Price_Sensitive,37.8,0,Highway,11,0.703,0.645,0.564,0.479,13.0,0.59
CUST06011,Pune,Convenience_First,65.9,0,Transit_Public,8,0.674,0.347,0.884,0.62,34.7,0.339
CUST06012,Delhi NCR,Routine_Commuter,56.3,0,Residential,14,0.887,0.587,0.708,0.629,32.3,0.525
CUST06013,Mumbai,Routine_Commuter,47.5,1,Residential,12,0.662,0.614,0.497,0.706,18.0,0.549
CUST06014,Mumbai,Routine_Commuter,54.3,0,Transit_Public,9,0.683,0.341,0.823,0.627,17.6,0.347
CUST06015,Bengaluru,Price_Sensitive,57.2,1,Residential,12,0.715,0.806,0.259,0.508,27.5,0.737
CUST06016,Chennai,Routine_Commuter,56.3,1,Transit_Public,8,0.835,0.742,0.357,0.561,20.1,0.686
CUST06017,Chandigarh,Convenience_First,65.1,0,Highway,8,0.839,0.429,0.868,0.879,27.3,0.365
CUST06018,Ahmedabad,Routine_Commuter,55.7,1,Hotel,10,0.377,0.741,0.658,0.721,23.3,0.556
CUST06019,Pune,Price_Sensitive,41.6,0,Highway,6,0.603,0.842,0.733,0.42,15.8,0.664
CUST06020,Hyderabad,Convenience_First,55.0,0,Fleet,10,0.718,0.177,0.803,0.879,24.7,0.227
CUST06021,Lucknow,Routine_Commuter,35.0,1,Office_Commercial,10,0.425,0.366,0.66,0.484,11.3,0.389
CUST06022,Delhi NCR,Routine_Commuter,54.6,1,Mall_Retail,10,0.879,0.7,0.789,0.655,16.9,0.567
CUST06023,Chennai,Convenience_First,66.8,0,Highway,8,0.898,0.316,0.825,0.65,25.0,0.351
CUST06024,Hyderabad,Convenience_First,54.8,1,Highway,6,0.775,0.227,0.943,0.735,22.7,0.253
CUST06025,Chennai,High_Mileage,66.9,0,Fleet,25,0.692,0.659,0.731,0.857,23.4,0.507
CUST06026,Pune,Routine_Commuter,69.9,0,Office_Commercial,9,0.802,0.253,0.875,0.773,37.9,0.278
CUST06027,Chennai,Price_Sensitive,48.4,0,Transit_Public,11,0.53,0.884,0.561,0.534,25.7,0.697
CUST06028,Bengaluru,Price_Sensitive,47.8,0,Office_Commercial,8,0.687,0.738,0.194,0.233,19.0,0.751
CUST06029,Chennai,Convenience_First,45.2,0,Office_Commercial,7,0.897,0.235,0.908,0.906,21.3,0.251
CUST06030,Jaipur,High_Mileage,55.3,0,Hotel,20,0.672,0.604,0.726,0.757,17.0,0.491
CUST06031,Kochi,Convenience_First,58.1,0,Hotel,7,0.841,0.257,0.922,0.91,22.5,0.255
CUST06032,Mumbai,Routine_Commuter,53.8,1,Residential,14,0.938,0.563,0.512,0.619,25.2,0.558
CUST06033,Jaipur,Routine_Commuter,46.5,1,Transit_Public,11,0.876,0.631,0.385,0.702,18.3,0.602
CUST06034,Lucknow,Convenience_First,65.3,0,Mall_Retail,10,0.885,0.153,0.78,0.744,30.5,0.255
CUST06035,Hyderabad,Routine_Commuter,64.6,0,Residential,10,0.71,0.627,0.91,0.839,34.7,0.458
CUST06036,Chandigarh,Routine_Commuter,55.2,1,Residential,14,0.624,0.749,0.73,0.757,22.3,0.565
CUST06037,Delhi NCR,Price_Sensitive,56.6,0,Office_Commercial,12,0.639,0.956,0.665,0.274,26.6,0.765
CUST06038,Chandigarh,Convenience_First,74.6,1,Office_Commercial,7,0.699,0.35,0.899,0.755,40.0,0.319
CUST06039,Pune,Routine_Commuter,55.1,1,Office_Commercial,13,0.635,0.497,0.727,0.679,18.5,0.44
CUST06040,Lucknow,Routine_Commuter,59.5,1,Residential,8,0.623,0.577,0.837,0.743,29.8,0.451
CUST06041,Pune,Price_Sensitive,44.3,0,Residential,12,0.344,0.974,0.594,0.377,17.6,0.745
CUST06042,Hyderabad,Convenience_First,69.8,0,Mall_Retail,9,0.99,0.224,0.961,0.782,33.6,0.263
CUST06043,Kolkata,Routine_Commuter,45.8,1,Office_Commercial,9,0.713,0.63,0.89,0.568,17.6,0.505
CUST06044,Jaipur,Routine_Commuter,60.8,0,Residential,10,0.678,0.683,0.783,0.599,26.4,0.547
CUST06045,Hyderabad,Routine_Commuter,49.3,1,Mall_Retail,13,0.534,0.449,0.778,0.79,17.1,0.376
CUST06046,Delhi NCR,Convenience_First,70.7,0,Highway,6,0.971,0.201,0.725,0.72,26.4,0.305
CUST06047,Lucknow,Convenience_First,66.0,0,Transit_Public,6,0.805,0.234,0.793,0.99,28.4,0.252
CUST06048,Bengaluru,High_Mileage,80.0,0,Highway,25,0.21,0.639,0.758,0.817,34.0,0.448
CUST06049,Chandigarh,Routine_Commuter,57.0,1,Office_Commercial,8,0.556,0.676,0.907,0.747,28.2,0.484
CUST06050,Pune,Routine_Commuter,43.0,1,Residential,10,0.827,0.484,0.779,0.714,28.7,0.436
CUST06051,Mumbai,Routine_Commuter,55.9,0,Mall_Retail,10,0.649,0.42,0.978,0.491,28.2,0.377
CUST06052,Lucknow,Routine_Commuter,35.0,1,Office_Commercial,11,0.642,0.727,0.853,0.68,16.6,0.542
CUST06053,Lucknow,Routine_Commuter,61.5,1,Office_Commercial,10,0.696,0.433,0.701,0.707,22.6,0.411
CUST06054,Chennai,Routine_Commuter,74.3,0,Office_Commercial,13,0.576,0.561,0.756,0.903,30.0,0.429
CUST06055,Bengaluru,Convenience_First,50.7,0,Fleet,9,0.843,0.385,0.878,0.901,20.9,0.335
CUST06056,Bengaluru,High_Mileage,79.2,0,Highway,17,0.659,0.531,0.653,0.836,32.2,0.452
CUST06057,Bengaluru,Convenience_First,65.2,0,Transit_Public,6,0.95,0.3,0.77,0.852,31.6,0.328
CUST06058,Delhi NCR,Price_Sensitive,49.6,0,Highway,8,0.35,0.777,0.556,0.589,17.7,0.613
CUST06059,Lucknow,Price_Sensitive,50.4,0,Hotel,6,0.422,0.99,0.402,0.283,19.5,0.814
CUST06060,Mumbai,Routine_Commuter,55.6,0,Mall_Retail,10,0.7,0.357,0.723,0.788,20.6,0.353
CUST06061,Bengaluru,Convenience_First,68.0,1,Mall_Retail,9,0.99,0.147,0.812,0.692,27.7,0.264
CUST06062,Pune,Convenience_First,54.4,1,Mall_Retail,6,0.82,0.128,0.665,0.906,22.4,0.234
CUST06063,Mumbai,Routine_Commuter,63.9,1,Transit_Public,10,0.526,0.398,0.566,0.716,22.8,0.401
CUST06064,Pune,Routine_Commuter,49.0,1,Transit_Public,9,0.767,0.513,0.579,0.706,19.8,0.487
CUST06065,Lucknow,Price_Sensitive,55.8,0,Mall_Retail,6,0.562,0.774,0.343,0.647,26.9,0.666
CUST06066,Delhi NCR,Convenience_First,56.0,0,Fleet,8,0.821,0.208,0.717,0.814,18.9,0.281
CUST06067,Mumbai,Price_Sensitive,65.2,1,Highway,12,0.679,0.746,0.664,0.566,23.6,0.61
CUST06068,Kolkata,Price_Sensitive,51.2,1,Mall_Retail,7,0.485,0.99,0.592,0.415,16.1,0.762
CUST06069,Delhi NCR,Routine_Commuter,38.4,0,Highway,9,0.799,0.435,0.632,0.791,14.0,0.424
CUST06070,Bengaluru,Convenience_First,67.4,1,Fleet,10,0.686,0.259,0.743,0.86,26.1,0.283
CUST06071,Lucknow,Convenience_First,55.4,0,Mall_Retail,8,0.952,0.397,0.853,0.898,19.6,0.358
CUST06072,Kolkata,Convenience_First,70.1,0,Mall_Retail,6,0.872,0.139,0.833,0.889,24.9,0.214
CUST06073,Chennai,High_Mileage,90.9,0,Office_Commercial,24,0.415,0.45,0.64,0.818,34.9,0.388
CUST06074,Lucknow,Price_Sensitive,49.4,0,Transit_Public,7,0.597,0.807,0.637,0.727,31.3,0.617
CUST06075,Hyderabad,Routine_Commuter,68.0,0,Mall_Retail,11,0.652,0.375,0.743,0.515,28.4,0.396
CUST06076,Chennai,Routine_Commuter,55.0,1,Residential,12,0.705,0.616,0.58,0.689,27.1,0.54
CUST06077,Bengaluru,Price_Sensitive,68.0,1,Residential,8,0.483,0.649,0.657,0.402,27.5,0.564
CUST06078,Hyderabad,Price_Sensitive,62.2,1,Hotel,11,0.802,0.84,0.463,0.589,19.0,0.711
CUST06079,Kolkata,Routine_Commuter,70.7,1,Fleet,8,0.667,0.566,0.847,0.806,19.8,0.438
CUST06080,Chandigarh,Routine_Commuter,45.6,1,Residential,14,0.922,0.582,0.714,0.869,17.6,0.489
CUST06081,Kolkata,High_Mileage,41.8,0,Office_Commercial,15,0.681,0.873,0.709,0.831,18.5,0.632
CUST06082,Jaipur,Convenience_First,46.8,0,Fleet,7,0.872,0.413,0.879,0.712,18.8,0.382
CUST06083,Delhi NCR,Convenience_First,46.0,0,Highway,10,0.706,0.342,0.952,0.964,22.1,0.274
CUST06084,Jaipur,Routine_Commuter,59.5,0,Transit_Public,12,0.83,0.431,0.99,0.739,30.8,0.361
CUST06085,Kolkata,Price_Sensitive,40.6,0,Office_Commercial,9,0.386,0.705,0.286,0.715,18.9,0.612
CUST06086,Hyderabad,Price_Sensitive,37.1,0,Office_Commercial,11,0.587,0.91,0.667,0.627,20.8,0.682
CUST06087,Mumbai,Convenience_First,59.3,0,Office_Commercial,10,0.73,0.392,0.775,0.99,24.3,0.335
CUST06088,Ahmedabad,Routine_Commuter,47.7,1,Mall_Retail,11,0.886,0.607,0.703,0.857,25.7,0.503
CUST06089,Bengaluru,Routine_Commuter,38.1,1,Residential,13,0.623,0.587,0.707,0.788,17.2,0.476
CUST06090,Kolkata,Routine_Commuter,44.1,1,Office_Commercial,14,0.729,0.529,0.739,0.708,16.6,0.46
CUST06091,Hyderabad,Routine_Commuter,48.5,1,Office_Commercial,12,0.974,0.484,0.533,0.801,19.3,0.487
CUST06092,Kolkata,Routine_Commuter,51.9,1,Office_Commercial,14,0.725,0.544,0.545,0.734,17.1,0.502
CUST06093,Mumbai,High_Mileage,44.5,0,Fleet,16,0.576,0.567,0.771,0.99,22.0,0.417
CUST06094,Kochi,Routine_Commuter,42.7,1,Transit_Public,8,0.794,0.496,0.786,0.634,19.3,0.45
CUST06095,Mumbai,Convenience_First,69.2,0,Mall_Retail,8,0.808,0.398,0.99,0.843,22.1,0.325
CUST06096,Chennai,Routine_Commuter,47.8,0,Residential,10,0.887,0.636,0.525,0.742,17.6,0.572
CUST06097,Mumbai,Price_Sensitive,38.3,0,Highway,12,0.445,0.794,0.553,0.408,13.4,0.659
CUST06098,Pune,Convenience_First,72.8,0,Hotel,10,0.829,0.36,0.938,0.802,27.7,0.323
CUST06099,Hyderabad,Price_Sensitive,58.1,1,Residential,9,0.569,0.883,0.257,0.715,21.0,0.734
CUST06100,Bengaluru,Routine_Commuter,58.8,0,Mall_Retail,11,0.453,0.566,0.789,0.788,17.6,0.431
CUST06101,Hyderabad,Convenience_First,67.1,0,Hotel,6,0.832,0.38,0.889,0.763,26.5,0.35
CUST06102,Jaipur,Routine_Commuter,55.6,1,Transit_Public,13,0.76,0.642,0.709,0.75,22.8,0.525
CUST06103,Jaipur,Price_Sensitive,60.3,1,Mall_Retail,9,0.179,0.823,0.572,0.539,30.6,0.625
CUST06104,Mumbai,Convenience_First,63.2,0,Residential,8,0.773,0.288,0.835,0.727,28.0,0.31
CUST06105,Ahmedabad,Price_Sensitive,39.2,0,Transit_Public,11,0.328,0.719,0.74,0.526,21.1,0.551
CUST06106,Delhi NCR,Convenience_First,41.3,0,Mall_Retail,6,0.886,0.407,0.907,0.747,20.6,0.369
CUST06107,Pune,Convenience_First,63.0,1,Transit_Public,5,0.93,0.173,0.793,0.662,30.2,0.28
CUST06108,Bengaluru,Price_Sensitive,56.5,0,Highway,10,0.519,0.849,0.426,0.484,22.2,0.711
CUST06109,Ahmedabad,Routine_Commuter,62.9,1,Office_Commercial,9,0.537,0.417,0.632,0.89,26.0,0.373
CUST06110,Hyderabad,Convenience_First,68.0,0,Transit_Public,10,0.844,0.102,0.92,0.914,28.5,0.17
CUST06111,Pune,Price_Sensitive,60.8,1,Office_Commercial,12,0.775,0.749,0.447,0.464,27.6,0.68
CUST06112,Bengaluru,Routine_Commuter,42.2,0,Office_Commercial,12,0.68,0.518,0.602,0.618,21.1,0.49
CUST06113,Kochi,High_Mileage,73.9,0,Highway,19,0.455,0.922,0.984,0.862,20.6,0.577
CUST06114,Bengaluru,Routine_Commuter,69.6,0,Residential,13,0.813,0.541,0.476,0.787,39.4,0.515
CUST06115,Bengaluru,Price_Sensitive,53.0,1,Mall_Retail,10,0.644,0.811,0.561,0.563,19.6,0.664
CUST06116,Lucknow,Routine_Commuter,48.9,1,Highway,13,0.668,0.482,0.632,0.722,16.5,0.447
CUST06117,Lucknow,Convenience_First,59.8,0,Highway,10,0.78,0.288,0.786,0.809,36.6,0.308
CUST06118,Bengaluru,Convenience_First,62.2,0,Mall_Retail,10,0.837,0.289,0.899,0.836,29.8,0.288
CUST06119,Chennai,Routine_Commuter,56.9,0,Mall_Retail,10,0.625,0.485,0.589,0.598,21.1,0.472
CUST06120,Mumbai,Routine_Commuter,55.6,1,Office_Commercial,9,0.772,0.239,0.854,0.696,25.8,0.284
CUST06121,Kolkata,High_Mileage,82.7,0,Highway,21,0.606,0.727,0.798,0.825,25.6,0.527
CUST06122,Delhi NCR,Convenience_First,54.0,0,Residential,10,0.886,0.246,0.788,0.766,18.5,0.302
CUST06123,Mumbai,Price_Sensitive,52.4,0,Mall_Retail,9,0.673,0.892,0.296,0.654,25.1,0.75
CUST06124,Mumbai,High_Mileage,62.7,0,Transit_Public,25,0.663,0.61,0.791,0.847,28.9,0.467
CUST06125,Chennai,Price_Sensitive,53.8,1,Transit_Public,11,0.631,0.792,0.447,0.38,21.7,0.702
CUST06126,Delhi NCR,Routine_Commuter,52.1,0,Hotel,14,0.678,0.64,0.593,0.602,19.8,0.561
CUST06127,Kochi,Convenience_First,67.7,0,Mall_Retail,10,0.99,0.226,0.971,0.825,27.3,0.256
CUST06128,Pune,High_Mileage,61.7,0,Highway,16,0.765,0.837,0.689,0.815,23.1,0.627
CUST06129,Chennai,Price_Sensitive,45.5,1,Fleet,7,0.449,0.801,0.647,0.554,24.6,0.623
CUST06130,Mumbai,Routine_Commuter,60.9,0,Office_Commercial,10,0.887,0.737,0.684,0.673,18.7,0.607
CUST06131,Jaipur,Routine_Commuter,58.8,1,Mall_Retail,14,0.708,0.614,0.563,0.778,25.7,0.529
CUST06132,Kolkata,Routine_Commuter,75.4,0,Office_Commercial,11,0.569,0.778,0.565,0.718,33.7,0.614
CUST06133,Pune,Price_Sensitive,63.7,1,Residential,6,0.419,0.692,0.305,0.425,30.0,0.648
CUST06134,Chennai,Convenience_First,49.2,0,Hotel,7,0.877,0.365,0.935,0.889,20.1,0.318
CUST06135,Pune,Price_Sensitive,56.3,0,Mall_Retail,10,0.342,0.777,0.621,0.717,29.5,0.58
CUST06136,Mumbai,Convenience_First,65.8,0,Office_Commercial,9,0.835,0.318,0.778,0.751,31.6,0.34
CUST06137,Kolkata,Routine_Commuter,46.8,1,Residential,11,0.745,0.374,0.741,0.911,20.9,0.345
CUST06138,Hyderabad,Routine_Commuter,39.8,1,Residential,13,0.719,0.667,0.795,0.659,16.5,0.531
CUST06139,Chandigarh,Routine_Commuter,58.1,0,Residential,11,0.748,0.537,0.879,0.71,28.8,0.438
CUST06140,Mumbai,Routine_Commuter,55.0,0,Transit_Public,10,0.53,0.405,0.779,0.691,29.8,0.366
CUST06141,Hyderabad,Routine_Commuter,59.0,1,Mall_Retail,11,0.873,0.666,0.484,0.802,10.1,0.587
CUST06142,Ahmedabad,Convenience_First,77.6,1,Highway,7,0.771,0.29,0.767,0.933,22.5,0.293
CUST06143,Lucknow,Routine_Commuter,54.4,1,Office_Commercial,11,0.513,0.343,0.661,0.715,23.4,0.35
CUST06144,Chennai,Convenience_First,53.1,1,Hotel,10,0.759,0.304,0.927,0.677,24.3,0.306
CUST06145,Bengaluru,High_Mileage,71.8,0,Highway,22,0.758,0.708,0.655,0.928,30.6,0.545
CUST06146,Jaipur,Convenience_First,66.6,0,Mall_Retail,8,0.716,0.283,0.985,0.573,24.5,0.294
CUST06147,Bengaluru,Convenience_First,45.0,0,Hotel,7,0.727,0.28,0.97,0.87,16.2,0.253
CUST06148,Kolkata,Routine_Commuter,50.8,1,Transit_Public,13,0.594,0.564,0.694,0.819,27.2,0.458
CUST06149,Delhi NCR,Routine_Commuter,38.8,1,Office_Commercial,8,0.683,0.791,0.617,0.714,20.3,0.623
CUST06150,Jaipur,Routine_Commuter,52.1,0,Office_Commercial,9,0.626,0.389,0.645,0.703,13.7,0.392
CUST06151,Pune,Routine_Commuter,49.1,1,Residential,10,0.828,0.692,0.751,0.663,24.4,0.564
CUST06152,Kolkata,Convenience_First,51.3,0,Office_Commercial,8,0.637,0.316,0.891,0.722,17.0,0.301
CUST06153,Bengaluru,Routine_Commuter,41.5,1,Office_Commercial,10,0.823,0.504,0.437,0.75,13.8,0.51
CUST06154,Bengaluru,Price_Sensitive,45.9,0,Transit_Public,8,0.178,0.785,0.281,0.761,20.6,0.629
CUST06155,Bengaluru,High_Mileage,72.0,1,Fleet,21,0.419,0.283,0.769,0.778,32.6,0.277
CUST06156,Pune,Convenience_First,60.0,0,Fleet,6,0.775,0.413,0.965,0.653,9.9,0.364
CUST06157,Pune,Routine_Commuter,61.8,1,Residential,8,0.883,0.667,0.739,0.809,23.6,0.536
CUST06158,Mumbai,Routine_Commuter,54.4,1,Residential,14,0.702,0.749,0.787,0.867,24.7,0.544
CUST06159,Bengaluru,Price_Sensitive,58.9,0,Office_Commercial,8,0.594,0.741,0.374,0.685,32.0,0.639
CUST06160,Kochi,Price_Sensitive,57.2,0,Hotel,9,0.559,0.839,0.424,0.365,31.8,0.728
CUST06161,Pune,Convenience_First,67.1,0,Office_Commercial,8,0.793,0.094,0.893,0.85,21.4,0.175
CUST06162,Lucknow,Routine_Commuter,55.2,0,Residential,9,0.755,0.843,0.647,0.737,12.9,0.649
CUST06163,Chandigarh,Price_Sensitive,42.1,0,Residential,12,0.382,0.816,0.281,0.532,20.1,0.701
CUST06164,Bengaluru,Routine_Commuter,49.2,1,Highway,10,0.655,0.353,0.554,0.752,23.8,0.386
CUST06165,Pune,Price_Sensitive,44.0,1,Office_Commercial,11,0.718,0.728,0.351,0.606,21.7,0.661
CUST06166,Mumbai,Routine_Commuter,53.9,1,Office_Commercial,10,0.5,0.661,0.607,0.717,17.8,0.535
CUST06167,Ahmedabad,Price_Sensitive,57.3,1,Office_Commercial,12,0.48,0.807,0.302,0.632,24.8,0.687
CUST06168,Kochi,Convenience_First,71.6,1,Office_Commercial,6,0.843,0.266,0.894,0.786,31.3,0.284
CUST06169,Hyderabad,Convenience_First,44.2,0,Mall_Retail,10,0.787,0.206,0.943,0.675,19.1,0.252
CUST06170,Bengaluru,Price_Sensitive,60.7,1,Residential,10,0.298,0.631,0.454,0.632,30.8,0.542
CUST06171,Chennai,Routine_Commuter,60.1,0,Fleet,14,0.641,0.486,0.629,0.554,28.6,0.472
CUST06172,Chandigarh,Price_Sensitive,46.8,0,Transit_Public,7,0.608,0.716,0.648,0.799,19.2,0.555
CUST06173,Delhi NCR,High_Mileage,66.0,0,Fleet,25,0.366,0.426,0.769,0.943,22.5,0.326
CUST06174,Jaipur,Convenience_First,66.4,0,Hotel,6,0.948,0.12,0.717,0.657,30.8,0.269
CUST06175,Hyderabad,Convenience_First,47.8,0,Office_Commercial,5,0.641,0.088,0.744,0.606,25.8,0.223
CUST06176,Delhi NCR,Routine_Commuter,52.2,1,Residential,12,0.878,0.448,0.627,0.886,28.7,0.426
CUST06177,Hyderabad,Price_Sensitive,36.0,1,Mall_Retail,7,0.451,0.696,0.406,0.3,19.1,0.652
CUST06178,Chandigarh,High_Mileage,100.0,0,Transit_Public,19,0.628,0.894,0.582,0.969,34.6,0.643
CUST06179,Kochi,Convenience_First,56.2,0,Fleet,6,0.607,0.311,0.949,0.712,24.9,0.285
CUST06180,Hyderabad,Convenience_First,74.2,0,Highway,6,0.772,0.275,0.869,0.963,27.0,0.26
CUST06181,Pune,Routine_Commuter,49.9,1,Residential,11,0.923,0.426,0.626,0.99,18.5,0.403
CUST06182,Mumbai,Convenience_First,68.8,1,Fleet,5,0.83,0.183,0.85,0.897,33.7,0.229
CUST06183,Chennai,Price_Sensitive,69.0,1,Residential,8,0.345,0.818,0.612,0.436,30.7,0.647
CUST06184,Chennai,Convenience_First,59.7,1,Mall_Retail,10,0.741,0.163,0.882,0.849,28.6,0.21
CUST06185,Hyderabad,Price_Sensitive,67.8,0,Mall_Retail,8,0.512,0.683,0.302,0.751,37.4,0.604
CUST06186,Delhi NCR,High_Mileage,78.1,0,Fleet,25,0.491,0.614,0.784,0.932,39.0,0.44
CUST06187,Kochi,Routine_Commuter,41.7,1,Mall_Retail,8,0.622,0.58,0.445,0.804,17.7,0.521
CUST06188,Delhi NCR,Price_Sensitive,41.8,1,Mall_Retail,11,0.676,0.782,0.414,0.327,18.9,0.716
CUST06189,Jaipur,Convenience_First,71.2,0,Mall_Retail,7,0.941,0.293,0.863,0.829,26.8,0.309
CUST06190,Delhi NCR,Routine_Commuter,68.8,1,Hotel,12,0.924,0.463,0.572,0.568,29.7,0.497
CUST06191,Bengaluru,Price_Sensitive,48.4,0,Office_Commercial,10,0.638,0.804,0.436,0.126,21.1,0.75
CUST06192,Mumbai,Price_Sensitive,52.2,0,Residential,8,0.492,0.703,0.292,0.504,18.5,0.652
CUST06193,Hyderabad,Convenience_First,69.2,1,Highway,7,0.965,0.219,0.867,0.71,33.2,0.287
CUST06194,Delhi NCR,Convenience_First,60.5,0,Office_Commercial,10,0.99,0.327,0.937,0.779,23.6,0.324
CUST06195,Mumbai,Routine_Commuter,53.5,0,Mall_Retail,9,0.99,0.478,0.724,0.577,25.9,0.481
CUST06196,Hyderabad,Routine_Commuter,55.9,1,Office_Commercial,12,0.861,0.735,0.681,0.673,23.5,0.603
CUST06197,Kolkata,Convenience_First,51.0,1,Mall_Retail,6,0.86,0.339,0.884,0.883,16.6,0.313
CUST06198,Delhi NCR,Price_Sensitive,55.9,0,Mall_Retail,11,0.47,0.979,0.761,0.704,22.6,0.677
CUST06199,Delhi NCR,Routine_Commuter,43.7,0,Office_Commercial,11,0.831,0.31,0.609,0.678,16.6,0.38
CUST06200,Mumbai,Routine_Commuter,56.8,0,Office_Commercial,14,0.574,0.253,0.797,0.681,32.9,0.285
CUST06201,Kochi,High_Mileage,44.5,0,Fleet,20,0.678,0.987,0.681,0.796,14.6,0.705
CUST06202,Kochi,Price_Sensitive,47.0,1,Mall_Retail,11,0.501,0.99,0.339,0.784,18.5,0.759
CUST06203,Delhi NCR,Price_Sensitive,68.3,1,Mall_Retail,10,0.671,0.748,0.468,0.465,25.5,0.665
CUST06204,Ahmedabad,Convenience_First,61.6,1,Mall_Retail,8,0.675,0.214,0.931,0.632,25.0,0.254
CUST06205,Chandigarh,Routine_Commuter,58.6,1,Office_Commercial,13,0.601,0.443,0.686,0.765,24.7,0.402
CUST06206,Bengaluru,Routine_Commuter,58.0,1,Residential,9,0.83,0.397,0.848,0.858,25.7,0.353
CUST06207,Jaipur,Price_Sensitive,40.8,0,Mall_Retail,12,0.518,0.875,0.619,0.546,16.9,0.678
CUST06208,Bengaluru,Convenience_First,66.9,1,Transit_Public,6,0.871,0.203,0.87,0.751,26.6,0.262
CUST06209,Kolkata,Routine_Commuter,59.0,0,Residential,10,0.81,0.613,0.665,0.582,25.5,0.548
CUST06210,Delhi NCR,Convenience_First,65.5,0,Residential,8,0.904,0.406,0.856,0.777,20.4,0.376
CUST06211,Kolkata,Convenience_First,65.5,0,Mall_Retail,8,0.633,0.381,0.985,0.834,29.2,0.301
CUST06212,Pune,Convenience_First,56.7,0,Office_Commercial,8,0.822,0.128,0.888,0.686,23.3,0.222
CUST06213,Chandigarh,Price_Sensitive,58.2,1,Residential,8,0.549,0.752,0.677,0.354,32.9,0.63
CUST06214,Pune,Routine_Commuter,42.0,0,Hotel,14,0.643,0.578,0.851,0.723,18.7,0.454
CUST06215,Chennai,Price_Sensitive,53.8,1,Mall_Retail,12,0.285,0.807,0.65,0.424,22.5,0.629
CUST06216,Bengaluru,Routine_Commuter,61.4,0,Mall_Retail,12,0.67,0.644,0.637,0.723,25.4,0.536
CUST06217,Pune,Routine_Commuter,39.7,1,Hotel,8,0.463,0.419,0.594,0.79,16.4,0.389
CUST06218,Hyderabad,Routine_Commuter,53.9,1,Office_Commercial,12,0.897,0.437,0.942,0.817,20.1,0.369
CUST06219,Mumbai,Routine_Commuter,72.3,1,Hotel,12,0.899,0.467,0.587,0.529,26.8,0.5
CUST06220,Hyderabad,Routine_Commuter,50.1,1,Mall_Retail,14,0.79,0.398,0.718,0.75,24.1,0.391
CUST06221,Pune,Price_Sensitive,58.8,1,Highway,11,0.512,0.738,0.301,0.203,19.7,0.717
CUST06222,Chennai,Routine_Commuter,47.9,1,Office_Commercial,10,0.687,0.584,0.627,0.687,16.6,0.512
CUST06223,Delhi NCR,Routine_Commuter,63.1,0,Mall_Retail,13,0.85,0.322,0.805,0.794,28.7,0.332
CUST06224,Delhi NCR,Routine_Commuter,64.2,1,Transit_Public,11,0.777,0.589,0.762,0.722,33.3,0.491
CUST06225,Kolkata,Convenience_First,64.2,0,Mall_Retail,6,0.83,0.401,0.868,0.952,33.7,0.337
CUST06226,Ahmedabad,Price_Sensitive,55.2,0,Highway,8,0.746,0.643,0.54,0.639,14.0,0.574
CUST06227,Pune,Price_Sensitive,53.5,1,Residential,7,0.447,0.902,0.595,0.37,21.5,0.716
CUST06228,Delhi NCR,Convenience_First,73.2,1,Mall_Retail,8,0.99,0.312,0.838,0.896,28.8,0.319
CUST06229,Hyderabad,Convenience_First,48.3,0,Transit_Public,7,0.928,0.261,0.923,0.904,18.2,0.266
CUST06230,Bengaluru,Routine_Commuter,43.9,0,Office_Commercial,13,0.297,0.688,0.401,0.712,20.3,0.571
CUST06231,Jaipur,Convenience_First,67.6,0,Fleet,5,0.924,0.222,0.839,0.97,26.0,0.251
CUST06232,Delhi NCR,Routine_Commuter,54.6,0,Residential,9,0.569,0.489,0.633,0.766,25.6,0.434
CUST06233,Ahmedabad,High_Mileage,69.2,1,Highway,21,0.528,0.593,0.823,0.928,15.2,0.425
CUST06234,Pune,High_Mileage,68.7,0,Office_Commercial,15,0.505,0.71,0.786,0.769,29.2,0.518
CUST06235,Kochi,Convenience_First,49.1,0,Office_Commercial,8,0.881,0.426,0.7,0.585,20.9,0.445
CUST06236,Hyderabad,Convenience_First,42.5,1,Hotel,7,0.737,0.341,0.99,0.653,18.0,0.315
CUST06237,Kochi,Routine_Commuter,56.5,1,Mall_Retail,10,0.659,0.578,0.637,0.746,30.2,0.495
CUST06238,Kolkata,Price_Sensitive,49.8,1,Mall_Retail,11,0.514,0.714,0.305,0.494,21.0,0.659
CUST06239,Mumbai,Routine_Commuter,67.2,0,Residential,9,0.707,0.546,0.571,0.755,24.3,0.494
CUST06240,Hyderabad,Routine_Commuter,35.0,1,Transit_Public,12,0.752,0.621,0.67,0.773,11.2,0.517
CUST06241,Pune,Routine_Commuter,42.4,1,Transit_Public,12,0.718,0.643,0.63,0.966,22.5,0.505
CUST06242,Bengaluru,Routine_Commuter,52.3,0,Office_Commercial,10,0.69,0.505,0.49,0.685,22.4,0.496
CUST06243,Ahmedabad,Price_Sensitive,49.6,1,Fleet,8,0.69,0.582,0.6,0.677,24.2,0.517
CUST06244,Chandigarh,Price_Sensitive,49.8,0,Residential,9,0.614,0.922,0.211,0.59,24.0,0.788
CUST06245,Chennai,Convenience_First,59.8,1,Office_Commercial,10,0.773,0.237,0.719,0.79,28.2,0.295
CUST06246,Mumbai,Routine_Commuter,50.5,0,Residential,8,0.923,0.83,0.55,0.791,20.0,0.67
CUST06247,Ahmedabad,High_Mileage,63.6,0,Fleet,23,0.486,0.677,0.743,0.816,26.4,0.5
CUST06248,Bengaluru,Price_Sensitive,44.3,0,Residential,9,0.35,0.845,0.547,0.444,19.3,0.674
CUST06249,Chennai,Routine_Commuter,40.2,1,Residential,10,0.472,0.407,0.63,0.84,18.6,0.369
CUST06250,Jaipur,Routine_Commuter,67.3,1,Residential,14,0.796,0.631,0.611,0.802,32.1,0.534
CUST06251,Mumbai,Convenience_First,60.2,0,Mall_Retail,6,0.911,0.265,0.843,0.706,22.0,0.313
CUST06252,Ahmedabad,Convenience_First,54.4,0,Mall_Retail,8,0.772,0.351,0.934,0.803,16.3,0.313
CUST06253,Kochi,Convenience_First,74.5,1,Fleet,8,0.815,0.248,0.802,0.83,39.4,0.283
CUST06254,Kolkata,Convenience_First,53.7,0,Highway,8,0.657,0.341,0.838,0.823,30.9,0.313
CUST06255,Kochi,Convenience_First,64.9,0,Office_Commercial,10,0.741,0.198,0.844,0.813,32.7,0.242
CUST06256,Jaipur,Price_Sensitive,54.6,1,Transit_Public,12,0.33,0.841,0.317,0.713,24.9,0.675
CUST06257,Delhi NCR,Convenience_First,65.4,1,Fleet,7,0.869,0.233,0.924,0.87,20.9,0.25
CUST06258,Mumbai,High_Mileage,56.7,0,Mall_Retail,24,0.583,0.639,0.679,0.924,19.1,0.485
CUST06259,Pune,Convenience_First,50.1,0,Residential,6,0.837,0.169,0.604,0.647,15.6,0.309
CUST06260,Delhi NCR,Convenience_First,60.6,0,Mall_Retail,9,0.625,0.073,0.898,0.952,22.9,0.13
CUST06261,Ahmedabad,Price_Sensitive,47.9,1,Transit_Public,10,0.74,0.874,0.559,0.602,21.2,0.702
CUST06262,Pune,Routine_Commuter,45.2,1,Highway,9,0.817,0.557,0.703,0.616,12.7,0.505
CUST06263,Lucknow,Price_Sensitive,44.9,0,Fleet,6,0.391,0.816,0.506,0.365,18.9,0.682
CUST06264,Mumbai,Routine_Commuter,43.3,1,Highway,11,0.707,0.452,0.762,0.844,14.5,0.39
CUST06265,Bengaluru,Routine_Commuter,65.4,1,Transit_Public,14,0.765,0.565,0.599,0.655,29.8,0.519
CUST06266,Hyderabad,Convenience_First,63.1,0,Office_Commercial,10,0.791,0.126,0.804,0.76,28.6,0.223
CUST06267,Bengaluru,High_Mileage,59.7,0,Office_Commercial,24,0.59,0.749,0.704,0.964,29.1,0.536
CUST06268,Delhi NCR,Routine_Commuter,74.2,1,Office_Commercial,12,0.538,0.541,0.442,0.681,33.6,0.511
CUST06269,Bengaluru,Routine_Commuter,61.0,1,Residential,9,0.487,0.504,0.645,0.678,25.9,0.445
CUST06270,Delhi NCR,Routine_Commuter,61.6,0,Office_Commercial,10,0.781,0.443,0.804,0.881,31.5,0.379
CUST06271,Chandigarh,Convenience_First,57.4,1,Office_Commercial,7,0.714,0.173,0.799,0.679,28.2,0.255
CUST06272,Kolkata,Price_Sensitive,53.1,1,Mall_Retail,8,0.485,0.99,0.362,0.461,22.1,0.801
CUST06273,Delhi NCR,Price_Sensitive,63.2,0,Office_Commercial,7,0.494,0.99,0.546,0.506,20.6,0.759
CUST06274,Jaipur,Convenience_First,61.5,0,Hotel,8,0.967,0.192,0.905,0.928,32.3,0.232
CUST06275,Ahmedabad,Price_Sensitive,45.6,0,Residential,9,0.439,0.811,0.546,0.622,17.4,0.638
CUST06276,Mumbai,Price_Sensitive,48.8,1,Office_Commercial,9,0.386,0.899,0.328,0.337,21.8,0.767
CUST06277,Mumbai,High_Mileage,69.5,0,Highway,15,0.606,0.534,0.841,0.869,23.9,0.406
CUST06278,Mumbai,Convenience_First,78.2,0,Residential,8,0.792,0.319,0.861,0.568,31.8,0.347
CUST06279,Kolkata,Price_Sensitive,36.8,0,Mall_Retail,11,0.519,0.634,0.59,0.703,16.5,0.527
CUST06280,Chennai,Routine_Commuter,48.2,1,Mall_Retail,12,0.553,0.529,0.739,0.627,18.1,0.454
CUST06281,Lucknow,Convenience_First,58.5,0,Fleet,6,0.844,0.068,0.885,0.888,19.0,0.162
CUST06282,Lucknow,Routine_Commuter,68.6,1,Office_Commercial,11,0.626,0.349,0.337,0.921,36.8,0.399
CUST06283,Jaipur,Convenience_First,67.6,0,Hotel,10,0.877,0.215,0.971,0.734,24.5,0.252
CUST06284,Bengaluru,Convenience_First,59.2,0,Highway,10,0.932,0.118,0.975,0.799,17.5,0.193
CUST06285,Pune,Convenience_First,63.8,0,Highway,5,0.787,0.271,0.844,0.793,21.3,0.29
CUST06286,Kolkata,Routine_Commuter,60.0,1,Office_Commercial,13,0.825,0.721,0.673,0.825,28.1,0.571
CUST06287,Pune,Price_Sensitive,43.7,0,Mall_Retail,11,0.513,0.747,0.415,0.692,21.1,0.625
CUST06288,Kolkata,Convenience_First,63.8,0,Hotel,10,0.778,0.176,0.918,0.825,24.1,0.217
CUST06289,Pune,Routine_Commuter,64.5,1,Residential,13,0.887,0.431,0.686,0.757,22.4,0.425
CUST06290,Hyderabad,High_Mileage,58.2,0,Highway,15,0.446,0.607,0.588,0.8,27.8,0.491
CUST06291,Pune,High_Mileage,65.4,0,Fleet,20,0.344,0.414,0.606,0.778,39.5,0.374
CUST06292,Ahmedabad,Convenience_First,45.4,0,Hotel,8,0.772,0.223,0.915,0.666,17.0,0.267
CUST06293,Hyderabad,Convenience_First,64.0,0,Office_Commercial,8,0.838,0.01,0.861,0.869,33.4,0.137
CUST06294,Delhi NCR,High_Mileage,69.7,1,Fleet,24,0.694,0.699,0.739,0.841,39.9,0.53
CUST06295,Delhi NCR,Routine_Commuter,65.1,1,Residential,9,0.749,0.666,0.61,0.698,24.3,0.565
CUST06296,Kochi,Routine_Commuter,62.8,1,Office_Commercial,12,0.769,0.636,0.639,0.72,32.3,0.541
CUST06297,Bengaluru,Convenience_First,66.5,1,Fleet,5,0.845,0.201,0.846,0.623,31.8,0.283
CUST06298,Bengaluru,Routine_Commuter,56.5,0,Office_Commercial,10,0.707,0.375,0.682,0.802,20.0,0.37
CUST06299,Bengaluru,Routine_Commuter,67.0,0,Mall_Retail,10,0.674,0.434,0.758,0.775,40.4,0.388
CUST06300,Delhi NCR,Routine_Commuter,49.3,1,Transit_Public,12,0.735,0.585,0.845,0.669,24.1,0.476
CUST06301,Jaipur,Routine_Commuter,44.4,1,Residential,9,0.573,0.899,0.701,0.658,17.7,0.663
CUST06302,Chennai,Price_Sensitive,39.9,1,Office_Commercial,11,0.562,0.895,0.599,0.435,17.1,0.714
CUST06303,Bengaluru,Routine_Commuter,67.1,1,Office_Commercial,10,0.6,0.523,0.796,0.421,26.5,0.475
CUST06304,Lucknow,Price_Sensitive,59.9,1,Hotel,11,0.224,0.934,0.378,0.838,27.7,0.685
CUST06305,Hyderabad,Convenience_First,69.1,1,Transit_Public,9,0.799,0.293,0.861,0.661,28.4,0.32
CUST06306,Pune,Routine_Commuter,46.5,1,Office_Commercial,8,0.742,0.612,0.849,0.795,18.9,0.472
CUST06307,Mumbai,Price_Sensitive,57.9,0,Residential,11,0.662,0.87,0.302,0.31,25.6,0.788
CUST06308,Lucknow,Routine_Commuter,69.7,0,Office_Commercial,14,0.527,0.623,0.724,0.882,21.7,0.468
CUST06309,Chandigarh,Convenience_First,58.1,0,Highway,10,0.733,0.281,0.807,0.795,23.6,0.297
CUST06310,Lucknow,Convenience_First,51.0,1,Office_Commercial,5,0.813,0.266,0.845,0.766,27.5,0.294
CUST06311,Bengaluru,Routine_Commuter,48.5,1,Office_Commercial,10,0.698,0.52,0.636,0.825,18.5,0.455
CUST06312,Lucknow,Price_Sensitive,46.2,1,Residential,7,0.313,0.894,0.315,0.362,19.1,0.756
CUST06313,Pune,High_Mileage,61.4,0,Fleet,16,0.646,0.605,0.759,0.975,19.7,0.449
CUST06314,Delhi NCR,High_Mileage,78.6,0,Highway,21,0.657,0.673,0.867,0.792,26.7,0.494
CUST06315,Mumbai,High_Mileage,93.6,0,Fleet,20,0.642,0.632,0.763,0.91,40.2,0.473
CUST06316,Kolkata,Routine_Commuter,47.5,1,Office_Commercial,11,0.75,0.437,0.574,0.751,20.1,0.438
CUST06317,Pune,Price_Sensitive,47.8,1,Mall_Retail,9,0.466,0.831,0.368,0.456,21.0,0.712
CUST06318,Bengaluru,Convenience_First,69.8,0,Highway,8,0.776,0.364,0.666,0.686,31.0,0.392
CUST06319,Pune,Price_Sensitive,63.1,1,Residential,8,0.5,0.876,0.407,0.535,30.2,0.72
CUST06320,Delhi NCR,Price_Sensitive,55.2,0,Mall_Retail,12,0.416,0.895,0.477,0.451,18.8,0.721
CUST06321,Delhi NCR,High_Mileage,86.8,0,Highway,24,0.748,0.773,0.735,0.859,32.6,0.574
CUST06322,Ahmedabad,Routine_Commuter,56.4,1,Residential,8,0.818,0.426,0.655,0.553,23.9,0.452
CUST06323,Ahmedabad,Price_Sensitive,55.2,0,Mall_Retail,10,0.387,0.868,0.259,0.563,21.6,0.73
CUST06324,Kolkata,Price_Sensitive,63.9,1,Hotel,7,0.366,0.701,0.343,0.647,23.6,0.607
CUST06325,Delhi NCR,High_Mileage,57.9,0,Highway,17,0.704,0.728,0.634,0.979,21.4,0.547
CUST06326,Jaipur,Routine_Commuter,51.1,0,Office_Commercial,10,0.746,0.635,0.451,0.787,18.9,0.566
CUST06327,Hyderabad,Routine_Commuter,54.8,1,Residential,13,0.719,0.392,0.99,0.776,22.5,0.323
CUST06328,Kochi,Price_Sensitive,52.9,0,Hotel,11,0.419,0.852,0.448,0.66,20.6,0.672
CUST06329,Bengaluru,Convenience_First,58.0,0,Highway,10,0.889,0.086,0.99,0.868,27.8,0.158
CUST06330,Ahmedabad,Price_Sensitive,35.1,0,Residential,11,0.617,0.852,0.642,0.666,11.2,0.652
CUST06331,Mumbai,Routine_Commuter,57.2,1,Highway,14,0.633,0.461,0.584,0.77,15.4,0.434
CUST06332,Chennai,High_Mileage,86.5,0,Mall_Retail,15,0.735,0.738,0.864,0.774,55.5,0.54
CUST06333,Kochi,Routine_Commuter,54.7,0,Residential,9,0.836,0.445,0.931,0.611,17.5,0.401
CUST06334,Chandigarh,Convenience_First,74.5,0,Office_Commercial,8,0.56,0.255,0.919,0.949,32.7,0.22
CUST06335,Kochi,Convenience_First,69.5,1,Transit_Public,6,0.957,0.126,0.807,0.886,26.4,0.221
CUST06336,Mumbai,Price_Sensitive,45.5,0,Residential,6,0.767,0.77,0.438,0.67,15.3,0.662
CUST06337,Kolkata,Price_Sensitive,45.1,0,Highway,11,0.196,0.715,0.533,0.747,22.3,0.544
CUST06338,Hyderabad,Routine_Commuter,53.3,0,Office_Commercial,9,0.814,0.508,0.761,0.658,28.1,0.46
CUST06339,Chennai,Price_Sensitive,59.5,0,Hotel,8,0.527,0.777,0.324,0.863,17.2,0.636
CUST06340,Kochi,Price_Sensitive,35.0,1,Highway,11,0.789,0.735,0.568,0.361,13.2,0.666
CUST06341,Bengaluru,Price_Sensitive,41.2,0,Highway,9,0.544,0.712,0.5,0.448,10.1,0.629
CUST06342,Bengaluru,Routine_Commuter,52.9,1,Highway,11,0.793,0.678,0.65,0.397,20.7,0.613
CUST06343,Kolkata,Convenience_First,71.4,1,Highway,8,0.753,0.258,0.863,0.99,25.3,0.246
CUST06344,Kolkata,Price_Sensitive,37.0,1,Residential,9,0.506,0.808,0.653,0.428,19.9,0.65
CUST06345,Pune,Routine_Commuter,67.5,1,Office_Commercial,11,0.836,0.244,0.578,0.54,25.9,0.371
CUST06346,Delhi NCR,Convenience_First,67.4,1,Highway,7,0.858,0.26,0.916,0.842,34.3,0.27
CUST06347,Pune,High_Mileage,80.1,1,Highway,24,0.648,0.72,0.719,0.859,41.0,0.538
CUST06348,Ahmedabad,Price_Sensitive,67.0,0,Transit_Public,6,0.443,0.735,0.318,0.979,25.2,0.588
CUST06349,Kolkata,Routine_Commuter,56.9,1,Mall_Retail,9,0.634,0.62,0.698,0.823,25.7,0.491
CUST06350,Hyderabad,Routine_Commuter,54.8,0,Office_Commercial,14,0.653,0.451,0.6,0.52,17.6,0.466
CUST06351,Lucknow,Convenience_First,56.0,1,Highway,10,0.78,0.156,0.848,0.828,30.4,0.22
CUST06352,Chennai,Convenience_First,58.3,1,Office_Commercial,6,0.8,0.19,0.82,0.982,18.0,0.223
CUST06353,Kolkata,Convenience_First,62.3,0,Highway,9,0.847,0.27,0.875,0.965,28.4,0.264
CUST06354,Chandigarh,Routine_Commuter,49.3,1,Mall_Retail,8,0.695,0.601,0.521,0.83,22.3,0.522
CUST06355,Chennai,Convenience_First,60.7,1,Office_Commercial,5,0.813,0.185,0.807,0.642,23.2,0.275
CUST06356,Mumbai,Routine_Commuter,62.8,1,Residential,8,0.684,0.523,0.645,0.553,28.6,0.494
CUST06357,Chennai,Convenience_First,52.0,0,Highway,8,0.745,0.402,0.911,0.71,19.7,0.357
CUST06358,Delhi NCR,Routine_Commuter,55.5,0,Office_Commercial,8,0.736,0.843,0.491,0.671,27.3,0.688
CUST06359,Chandigarh,Routine_Commuter,59.3,1,Transit_Public,9,0.742,0.6,0.99,0.631,26.9,0.462
CUST06360,Bengaluru,Price_Sensitive,60.8,1,Mall_Retail,12,0.487,0.726,0.604,0.714,20.9,0.57
CUST06361,Pune,Convenience_First,43.3,0,Mall_Retail,10,0.758,0.465,0.901,0.816,19.6,0.379
CUST06362,Bengaluru,Price_Sensitive,57.7,0,Mall_Retail,9,0.248,0.83,0.225,0.537,25.3,0.706
CUST06363,Delhi NCR,Routine_Commuter,58.9,1,Office_Commercial,11,0.755,0.367,0.632,0.964,23.3,0.356
CUST06364,Lucknow,Price_Sensitive,52.7,1,Hotel,9,0.643,0.736,0.595,0.658,23.8,0.602
CUST06365,Delhi NCR,Price_Sensitive,52.3,1,Mall_Retail,12,0.409,0.911,0.777,0.371,22.5,0.681
CUST06366,Chandigarh,Routine_Commuter,65.3,1,Mall_Retail,12,0.629,0.279,0.827,0.8,23.0,0.281
CUST06367,Kochi,Price_Sensitive,50.8,0,Residential,8,0.44,0.915,0.518,0.327,17.4,0.745
CUST06368,Kochi,Convenience_First,49.1,0,Hotel,8,0.93,0.244,0.899,0.93,21.3,0.258
CUST06369,Mumbai,Convenience_First,51.5,1,Transit_Public,5,0.557,0.374,0.753,0.977,23.5,0.314
CUST06370,Bengaluru,Price_Sensitive,36.7,1,Mall_Retail,9,0.441,0.878,0.376,0.569,15.3,0.717
CUST06371,Pune,Convenience_First,63.9,0,Office_Commercial,9,0.902,0.339,0.868,0.831,27.2,0.329
CUST06372,Pune,Routine_Commuter,66.1,0,Office_Commercial,14,0.641,0.539,0.689,0.598,20.7,0.483
CUST06373,Pune,Price_Sensitive,60.3,1,Mall_Retail,11,0.564,0.859,0.674,0.427,20.0,0.68
CUST06374,Bengaluru,Convenience_First,59.2,0,Mall_Retail,6,0.91,0.337,0.806,0.765,13.6,0.35
CUST06375,Pune,Routine_Commuter,45.4,1,Residential,8,0.536,0.515,0.539,0.761,16.3,0.465
CUST06376,Ahmedabad,Routine_Commuter,49.2,1,Residential,8,0.666,0.357,0.506,0.718,22.5,0.404
CUST06377,Chennai,High_Mileage,56.3,0,Highway,15,0.631,0.745,0.651,0.912,18.0,0.556
CUST06378,Ahmedabad,Routine_Commuter,37.9,1,Office_Commercial,12,0.917,0.578,0.746,0.615,20.8,0.518
CUST06379,Kolkata,Routine_Commuter,57.2,0,Hotel,8,0.755,0.669,0.75,0.693,20.8,0.539
CUST06380,Hyderabad,Convenience_First,55.9,1,Highway,5,0.825,0.217,0.945,0.859,20.7,0.234
CUST06381,Delhi NCR,Routine_Commuter,46.5,0,Residential,9,0.855,0.512,0.679,0.631,17.1,0.486
CUST06382,Bengaluru,Price_Sensitive,53.3,1,Office_Commercial,12,0.409,0.956,0.725,0.612,17.2,0.68
CUST06383,Kolkata,Price_Sensitive,44.9,1,Transit_Public,11,0.39,0.787,0.586,0.509,17.1,0.628
CUST06384,Pune,Routine_Commuter,70.1,0,Highway,10,0.675,0.364,0.546,0.663,33.0,0.409
CUST06385,Jaipur,Routine_Commuter,61.7,1,Office_Commercial,8,0.767,0.366,0.99,0.708,30.1,0.324
CUST06386,Delhi NCR,Routine_Commuter,52.5,1,Mall_Retail,8,0.745,0.513,0.555,0.611,21.7,0.504
CUST06387,Delhi NCR,Convenience_First,58.1,0,Fleet,10,0.739,0.265,0.861,0.878,25.6,0.266
CUST06388,Mumbai,Routine_Commuter,52.2,1,Residential,12,0.861,0.691,0.87,0.939,16.5,0.501
CUST06389,Ahmedabad,Routine_Commuter,53.3,1,Residential,8,0.748,0.284,0.566,0.746,32.2,0.356
CUST06390,Kochi,Price_Sensitive,57.7,1,Transit_Public,11,0.309,0.78,0.337,0.643,23.6,0.646
CUST06391,Bengaluru,High_Mileage,73.1,0,Fleet,22,0.246,0.682,0.791,0.852,22.0,0.464
CUST06392,Delhi NCR,Price_Sensitive,69.8,1,Hotel,10,0.542,0.896,0.387,0.726,36.4,0.711
CUST06393,Pune,Price_Sensitive,37.6,0,Hotel,8,0.588,0.898,0.472,0.79,15.7,0.69
CUST06394,Hyderabad,Routine_Commuter,57.7,1,Office_Commercial,10,0.761,0.501,0.532,0.701,24.3,0.49
CUST06395,Kolkata,Routine_Commuter,58.2,1,Office_Commercial,14,0.861,0.507,0.802,0.58,21.3,0.468
CUST06396,Delhi NCR,Convenience_First,60.3,1,Residential,6,0.763,0.291,0.759,0.835,29.3,0.309
CUST06397,Bengaluru,Routine_Commuter,46.8,0,Office_Commercial,11,0.541,0.316,0.678,0.73,19.6,0.333
CUST06398,Kolkata,Routine_Commuter,63.5,1,Office_Commercial,8,0.866,0.755,0.865,0.937,23.8,0.539
CUST06399,Kolkata,Routine_Commuter,57.2,0,Office_Commercial,12,0.879,0.435,0.616,0.813,14.1,0.432
CUST06400,Bengaluru,Price_Sensitive,62.7,0,Residential,9,0.358,0.895,0.363,0.428,23.6,0.741
CUST06401,Lucknow,Convenience_First,65.0,0,Hotel,6,0.843,0.371,0.78,0.774,27.6,0.367
CUST06402,Kochi,Convenience_First,55.6,0,Fleet,6,0.794,0.378,0.793,0.883,26.4,0.346
CUST06403,Mumbai,Convenience_First,50.0,1,Transit_Public,5,0.809,0.274,0.821,0.974,17.9,0.271
CUST06404,Ahmedabad,Routine_Commuter,59.6,0,Transit_Public,14,0.696,0.553,0.586,0.675,14.8,0.505
CUST06405,Mumbai,Convenience_First,72.4,0,Office_Commercial,10,0.848,0.188,0.881,0.706,31.6,0.256
CUST06406,Chandigarh,Routine_Commuter,59.6,1,Residential,11,0.917,0.484,0.724,0.718,16.2,0.455
CUST06407,Mumbai,Routine_Commuter,55.3,1,Office_Commercial,13,0.636,0.569,0.57,0.801,32.5,0.492
CUST06408,Kochi,Convenience_First,50.9,1,Mall_Retail,8,0.626,0.257,0.747,0.962,27.2,0.26
CUST06409,Bengaluru,Price_Sensitive,50.7,0,Residential,7,0.449,0.872,0.471,0.563,18.7,0.696
CUST06410,Chandigarh,Routine_Commuter,52.7,1,Residential,14,0.696,0.641,0.553,0.872,26.5,0.53
CUST06411,Kolkata,Price_Sensitive,54.8,0,Residential,9,0.453,0.846,0.379,0.453,21.8,0.717
CUST06412,Chandigarh,Routine_Commuter,40.6,0,Transit_Public,12,0.75,0.681,0.765,0.717,16.3,0.539
CUST06413,Chennai,Price_Sensitive,36.5,1,Highway,12,0.568,0.754,0.594,0.615,16.2,0.611
CUST06414,Lucknow,Routine_Commuter,62.5,1,Office_Commercial,10,0.778,0.379,0.636,0.654,32.8,0.411
CUST06415,Ahmedabad,Convenience_First,68.1,0,Highway,10,0.741,0.321,0.852,0.727,31.8,0.321
CUST06416,Hyderabad,Convenience_First,62.0,1,Mall_Retail,5,0.82,0.316,0.962,0.84,25.3,0.288
CUST06417,Chennai,Convenience_First,66.9,1,Highway,6,0.758,0.335,0.846,0.785,18.1,0.323
CUST06418,Kochi,Routine_Commuter,44.2,1,Office_Commercial,9,0.718,0.523,0.674,0.612,19.1,0.483
CUST06419,Mumbai,Price_Sensitive,55.4,1,Hotel,12,0.636,0.92,0.331,0.728,18.7,0.744
CUST06420,Kolkata,Routine_Commuter,53.9,1,Residential,9,0.596,0.446,0.808,0.577,16.4,0.407
CUST06421,Bengaluru,High_Mileage,71.0,0,Transit_Public,20,0.492,0.686,0.689,0.928,36.3,0.499
CUST06422,Bengaluru,Routine_Commuter,64.8,1,Transit_Public,12,0.634,0.565,0.543,0.799,26.8,0.496
CUST06423,Hyderabad,High_Mileage,79.0,0,Mall_Retail,20,0.498,0.703,0.809,0.878,36.8,0.493
CUST06424,Bengaluru,Price_Sensitive,57.4,1,Transit_Public,9,0.27,0.94,0.809,0.445,25.8,0.666
CUST06425,Mumbai,Routine_Commuter,53.8,1,Residential,12,0.714,0.718,0.633,0.655,25.0,0.591
CUST06426,Hyderabad,Price_Sensitive,69.0,1,Mall_Retail,6,0.44,0.806,0.451,0.71,28.5,0.64
CUST06427,Kolkata,High_Mileage,76.1,0,Fleet,25,0.509,0.612,0.728,0.897,40.3,0.457
CUST06428,Pune,Routine_Commuter,66.8,0,Mall_Retail,8,0.601,0.497,0.834,0.794,11.8,0.398
CUST06429,Delhi NCR,Routine_Commuter,64.6,1,Office_Commercial,12,0.904,0.608,0.668,0.671,28.3,0.541
CUST06430,Chandigarh,Price_Sensitive,51.6,0,Office_Commercial,10,0.515,0.69,0.458,0.408,19.2,0.628
CUST06431,Chennai,High_Mileage,67.0,1,Office_Commercial,18,0.665,0.731,0.631,0.76,23.0,0.578
CUST06432,Delhi NCR,Routine_Commuter,49.7,1,Office_Commercial,12,0.704,0.621,0.835,0.85,19.9,0.467
CUST06433,Ahmedabad,Convenience_First,48.4,0,Office_Commercial,5,0.738,0.296,0.938,0.881,16.9,0.267
CUST06434,Hyderabad,High_Mileage,93.8,0,Highway,22,0.411,0.745,0.634,0.866,28.8,0.544
CUST06435,Ahmedabad,Routine_Commuter,56.1,1,Hotel,9,0.487,0.376,0.795,0.883,33.8,0.314
CUST06436,Hyderabad,Routine_Commuter,53.0,0,Office_Commercial,14,0.65,0.5,0.879,0.733,18.5,0.404
CUST06437,Kochi,Routine_Commuter,57.3,0,Office_Commercial,14,0.634,0.329,0.692,0.683,16.8,0.353
CUST06438,Chandigarh,Routine_Commuter,57.0,1,Transit_Public,14,0.711,0.544,0.586,0.898,26.0,0.469
CUST06439,Delhi NCR,Price_Sensitive,54.0,1,Mall_Retail,7,0.601,0.832,0.288,0.784,16.3,0.693
CUST06440,Chennai,Convenience_First,61.9,0,Office_Commercial,7,0.801,0.233,0.85,0.796,36.3,0.269
CUST06441,Mumbai,Convenience_First,52.8,1,Highway,7,0.805,0.328,0.721,0.837,32.6,0.341
CUST06442,Delhi NCR,Convenience_First,67.6,1,Fleet,5,0.678,0.19,0.927,0.78,35.2,0.22
CUST06443,Delhi NCR,Routine_Commuter,59.2,0,Office_Commercial,13,0.737,0.616,0.672,0.73,28.6,0.519
CUST06444,Delhi NCR,Routine_Commuter,58.3,1,Office_Commercial,8,0.654,0.367,0.831,0.795,26.7,0.332
CUST06445,Chandigarh,High_Mileage,77.3,0,Office_Commercial,24,0.617,0.648,0.697,0.764,21.3,0.514
CUST06446,Hyderabad,Routine_Commuter,66.7,1,Transit_Public,8,0.656,0.5,0.524,0.769,36.7,0.471
CUST06447,Delhi NCR,Routine_Commuter,57.2,1,Residential,8,0.741,0.17,0.593,0.54,19.6,0.318
CUST06448,Lucknow,High_Mileage,61.8,1,Highway,23,0.371,0.845,0.643,0.818,25.9,0.6
CUST06449,Kochi,High_Mileage,55.7,0,Transit_Public,20,0.493,0.678,0.68,0.935,22.9,0.496
CUST06450,Bengaluru,Routine_Commuter,45.2,1,Mall_Retail,11,0.634,0.348,0.923,0.664,19.9,0.321
CUST06451,Kochi,Routine_Commuter,60.9,1,Office_Commercial,9,0.806,0.499,0.665,0.908,27.3,0.436
CUST06452,Bengaluru,Price_Sensitive,57.7,1,Mall_Retail,10,0.552,0.668,0.488,0.372,24.5,0.619
CUST06453,Hyderabad,Convenience_First,50.4,1,Highway,5,0.889,0.194,0.883,0.851,14.7,0.242
CUST06454,Delhi NCR,Routine_Commuter,53.2,1,Residential,12,0.811,0.551,0.788,0.561,17.5,0.492
CUST06455,Hyderabad,Price_Sensitive,49.2,0,Highway,9,0.572,0.853,0.637,0.667,30.4,0.649
CUST06456,Pune,Routine_Commuter,59.7,0,Highway,12,0.659,0.229,0.583,0.568,39.8,0.34
CUST06457,Hyderabad,Price_Sensitive,66.6,0,Residential,9,0.437,0.751,0.832,0.107,33.6,0.624
CUST06458,Chennai,High_Mileage,67.8,1,Office_Commercial,19,0.735,0.799,0.682,0.696,34.3,0.622
CUST06459,Delhi NCR,Routine_Commuter,68.0,0,Office_Commercial,10,0.698,0.417,0.699,0.819,27.0,0.387
CUST06460,Hyderabad,Price_Sensitive,57.2,0,Fleet,8,0.589,0.779,0.567,0.615,22.2,0.632
CUST06461,Lucknow,Routine_Commuter,55.3,1,Office_Commercial,9,0.616,0.429,0.743,0.775,28.1,0.383
CUST06462,Chennai,Routine_Commuter,56.6,1,Residential,10,0.746,0.414,0.965,0.81,24.9,0.338
CUST06463,Bengaluru,Convenience_First,67.8,0,Mall_Retail,8,0.901,0.245,0.781,0.796,28.1,0.299
CUST06464,Mumbai,Routine_Commuter,49.1,0,Transit_Public,14,0.688,0.627,0.579,0.58,21.0,0.561
CUST06465,Pune,Routine_Commuter,57.1,1,Office_Commercial,8,0.735,0.567,0.494,0.746,15.0,0.524
CUST06466,Mumbai,Routine_Commuter,52.8,0,Office_Commercial,12,0.694,0.699,0.596,0.633,31.2,0.59
CUST06467,Kochi,Convenience_First,67.7,1,Fleet,5,0.747,0.445,0.875,0.771,27.2,0.379
CUST06468,Kolkata,Convenience_First,67.8,1,Office_Commercial,8,0.715,0.259,0.867,0.914,25.0,0.253
CUST06469,Kochi,Price_Sensitive,59.0,1,Office_Commercial,7,0.508,0.966,0.707,0.45,17.8,0.723
CUST06470,Jaipur,Routine_Commuter,48.8,1,Mall_Retail,14,0.591,0.494,0.905,0.99,19.8,0.351
CUST06471,Lucknow,Price_Sensitive,58.9,1,Office_Commercial,8,0.437,0.742,0.413,0.52,23.4,0.641
CUST06472,Kochi,Price_Sensitive,63.5,0,Residential,10,0.401,0.824,0.639,0.57,29.6,0.63
CUST06473,Delhi NCR,Convenience_First,65.2,1,Hotel,6,0.689,0.362,0.747,0.666,28.9,0.368
CUST06474,Kolkata,Routine_Commuter,55.4,0,Office_Commercial,13,0.75,0.646,0.52,0.737,16.8,0.566
CUST06475,Delhi NCR,Routine_Commuter,69.1,0,Mall_Retail,11,0.712,0.689,0.502,0.835,29.4,0.574
CUST06476,Chandigarh,Convenience_First,45.1,1,Residential,7,0.922,0.108,0.791,0.811,20.2,0.222
CUST06477,Delhi NCR,Routine_Commuter,67.7,1,Office_Commercial,11,0.754,0.383,0.402,0.716,20.0,0.448
CUST06478,Delhi NCR,Routine_Commuter,42.7,1,Office_Commercial,11,0.697,0.244,0.464,0.736,13.4,0.351
CUST06479,Kochi,Routine_Commuter,63.2,0,Office_Commercial,14,0.833,0.981,0.666,0.897,20.2,0.705
CUST06480,Delhi NCR,Price_Sensitive,59.7,0,Mall_Retail,10,0.718,0.757,0.322,0.387,29.9,0.716
CUST06481,Delhi NCR,Convenience_First,65.9,1,Office_Commercial,8,0.801,0.14,0.724,0.881,30.4,0.23
CUST06482,Hyderabad,Convenience_First,48.0,0,Highway,5,0.859,0.349,0.851,0.806,17.9,0.337
CUST06483,Ahmedabad,Price_Sensitive,58.0,0,Office_Commercial,9,0.483,0.902,0.313,0.547,20.0,0.75
CUST06484,Chennai,Routine_Commuter,60.8,1,Office_Commercial,10,0.712,0.415,0.815,0.99,30.7,0.338
CUST06485,Pune,High_Mileage,84.8,0,Highway,23,0.507,0.517,0.717,0.781,27.2,0.424
CUST06486,Pune,Convenience_First,59.2,0,Office_Commercial,10,0.99,0.355,0.866,0.837,19.9,0.345
CUST06487,Delhi NCR,Price_Sensitive,70.2,0,Transit_Public,8,0.586,0.899,0.45,0.453,33.7,0.745
CUST06488,Chandigarh,Price_Sensitive,41.5,1,Highway,10,0.15,0.774,0.617,0.464,16.2,0.598
CUST06489,Delhi NCR,Routine_Commuter,60.7,1,Residential,14,0.651,0.544,0.563,0.87,31.2,0.472
CUST06490,Hyderabad,Convenience_First,52.6,0,Fleet,9,0.771,0.309,0.99,0.861,22.8,0.27
CUST06491,Mumbai,Routine_Commuter,35.4,0,Mall_Retail,9,0.694,0.568,0.727,0.644,14.3,0.49
CUST06492,Ahmedabad,Convenience_First,75.9,1,Mall_Retail,8,0.775,0.287,0.99,0.696,16.5,0.283
CUST06493,Pune,Price_Sensitive,50.4,0,Mall_Retail,6,0.389,0.99,0.226,0.597,16.4,0.799
CUST06494,Hyderabad,Convenience_First,57.7,0,Hotel,10,0.788,0.395,0.808,0.574,31.2,0.398
CUST06495,Pune,Routine_Commuter,53.7,0,Hotel,10,0.648,0.618,0.736,0.772,24.6,0.492
CUST06496,Lucknow,Convenience_First,70.1,1,Office_Commercial,6,0.876,0.025,0.932,0.704,17.2,0.159
CUST06497,Mumbai,Routine_Commuter,67.3,0,Transit_Public,8,0.776,0.762,0.708,0.833,30.2,0.58
CUST06498,Chennai,Routine_Commuter,53.9,1,Highway,13,0.734,0.591,0.617,0.749,20.4,0.513
CUST06499,Hyderabad,Routine_Commuter,41.5,1,Office_Commercial,13,0.712,0.499,0.767,0.572,20.6,0.456
CUST06500,Mumbai,Convenience_First,51.9,1,Office_Commercial,10,0.618,0.412,0.953,0.89,28.9,0.314
CUST06501,Lucknow,Price_Sensitive,41.8,0,Residential,12,0.594,0.729,0.272,0.539,14.2,0.675
CUST06502,Ahmedabad,Price_Sensitive,64.0,1,Hotel,7,0.464,0.834,0.455,0.827,24.0,0.64
CUST06503,Delhi NCR,Convenience_First,65.0,0,Office_Commercial,10,0.88,0.191,0.846,0.918,32.1,0.236
CUST06504,Delhi NCR,Convenience_First,58.6,1,Office_Commercial,8,0.705,0.298,0.887,0.642,33.1,0.311
CUST06505,Bengaluru,Routine_Commuter,49.8,1,Office_Commercial,8,0.69,0.656,0.67,0.808,31.2,0.524
CUST06506,Mumbai,Routine_Commuter,57.5,1,Mall_Retail,13,0.801,0.51,0.743,0.633,29.2,0.467
CUST06507,Delhi NCR,Convenience_First,68.1,0,Mall_Retail,7,0.982,0.28,0.829,0.799,29.9,0.316
CUST06508,Chandigarh,High_Mileage,92.1,0,Highway,18,0.637,0.848,0.641,0.883,30.9,0.619
CUST06509,Bengaluru,Routine_Commuter,54.2,1,Transit_Public,12,0.664,0.532,0.631,0.689,16.9,0.479
CUST06510,Lucknow,Routine_Commuter,64.3,1,Residential,12,0.804,0.453,0.798,0.949,24.2,0.378
CUST06511,Lucknow,Price_Sensitive,54.5,0,Highway,7,0.522,0.822,0.485,0.86,25.9,0.628
CUST06512,Kolkata,Routine_Commuter,45.1,1,Residential,9,0.619,0.494,0.904,0.564,25.1,0.418
CUST06513,Delhi NCR,Price_Sensitive,54.2,1,Office_Commercial,7,0.197,0.746,0.393,0.823,31.8,0.578
CUST06514,Hyderabad,Routine_Commuter,52.4,0,Transit_Public,9,0.853,0.463,0.749,0.492,22.0,0.466
CUST06515,Kochi,Routine_Commuter,51.5,1,Residential,11,0.867,0.427,0.477,0.966,17.3,0.432
CUST06516,Bengaluru,Routine_Commuter,52.6,0,Transit_Public,8,0.954,0.587,0.814,0.852,28.1,0.478
CUST06517,Pune,Routine_Commuter,52.0,1,Office_Commercial,13,0.722,0.417,0.885,0.666,20.8,0.374
CUST06518,Kochi,Price_Sensitive,43.1,0,Residential,7,0.318,0.828,0.65,0.553,22.4,0.624
CUST06519,Hyderabad,High_Mileage,83.7,0,Highway,21,0.807,0.625,0.623,0.846,36.9,0.523
CUST06520,Delhi NCR,Convenience_First,62.2,1,Office_Commercial,8,0.834,0.239,0.831,0.872,33.4,0.268
CUST06521,Mumbai,Convenience_First,67.3,0,Transit_Public,9,0.671,0.163,0.92,0.893,32.5,0.189
CUST06522,Chennai,Price_Sensitive,47.7,0,Mall_Retail,11,0.457,0.805,0.516,0.443,20.2,0.669
CUST06523,Ahmedabad,Price_Sensitive,35.0,1,Mall_Retail,11,0.456,0.744,0.437,0.584,12.4,0.63
CUST06524,Bengaluru,Convenience_First,71.8,0,Highway,9,0.735,0.463,0.846,0.883,23.4,0.376
CUST06525,Pune,Price_Sensitive,58.5,0,Highway,12,0.785,0.745,0.321,0.563,29.3,0.69
CUST06526,Jaipur,Price_Sensitive,42.8,0,Residential,11,0.397,0.858,0.284,0.545,19.0,0.723
CUST06527,Chandigarh,High_Mileage,70.2,0,Office_Commercial,17,0.676,0.679,0.805,0.876,29.3,0.499
CUST06528,Kolkata,Convenience_First,63.8,0,Transit_Public,7,0.69,0.21,0.881,0.857,19.5,0.23
CUST06529,Hyderabad,Routine_Commuter,62.7,1,Transit_Public,11,0.752,0.49,0.707,0.742,18.5,0.442
CUST06530,Pune,Price_Sensitive,59.3,0,Residential,9,0.52,0.886,0.366,0.471,29.0,0.745
CUST06531,Bengaluru,Routine_Commuter,46.0,0,Mall_Retail,9,0.778,0.609,0.677,0.765,20.0,0.512
CUST06532,Pune,Price_Sensitive,50.9,1,Residential,12,0.278,0.894,0.497,0.408,18.8,0.709
CUST06533,Kochi,Convenience_First,85.8,0,Fleet,10,0.757,0.259,0.696,0.833,40.2,0.304
CUST06534,Ahmedabad,Price_Sensitive,45.8,0,Highway,9,0.161,0.791,0.399,0.544,21.7,0.64
CUST06535,Jaipur,Convenience_First,55.4,1,Fleet,5,0.819,0.407,0.94,0.879,29.9,0.336
CUST06536,Kolkata,High_Mileage,70.9,0,Fleet,23,0.695,0.757,0.915,0.777,41.2,0.536
CUST06537,Chandigarh,Price_Sensitive,63.1,0,Residential,7,0.499,0.702,0.739,0.58,21.5,0.551
CUST06538,Bengaluru,Convenience_First,70.7,1,Hotel,5,0.918,0.255,0.95,0.795,31.2,0.273
CUST06539,Jaipur,Price_Sensitive,39.3,0,Mall_Retail,10,0.475,0.938,0.484,0.617,14.5,0.724
CUST06540,Hyderabad,Routine_Commuter,58.7,0,Residential,11,0.728,0.65,0.707,0.697,18.9,0.534
CUST06541,Delhi NCR,Routine_Commuter,66.1,1,Office_Commercial,13,0.583,0.185,0.645,0.766,28.2,0.266
CUST06542,Hyderabad,Convenience_First,63.7,1,Office_Commercial,7,0.731,0.292,0.798,0.811,25.0,0.302
CUST06543,Chennai,Price_Sensitive,50.7,1,Highway,12,0.761,0.829,0.587,0.381,18.8,0.708
CUST06544,Bengaluru,Price_Sensitive,60.4,1,Residential,12,0.561,0.856,0.699,0.53,23.9,0.658
CUST06545,Delhi NCR,Price_Sensitive,35.0,0,Mall_Retail,9,0.478,0.804,0.362,0.487,16.8,0.694
CUST06546,Bengaluru,Price_Sensitive,39.6,0,Fleet,6,0.634,0.753,0.522,0.52,18.6,0.645
CUST06547,Delhi NCR,Routine_Commuter,49.2,1,Residential,11,0.674,0.341,0.614,0.557,24.8,0.398
CUST06548,Mumbai,Price_Sensitive,57.7,0,Mall_Retail,12,0.269,0.93,0.41,0.528,20.3,0.727
CUST06549,Ahmedabad,Price_Sensitive,60.0,1,Residential,10,0.696,0.906,0.487,0.322,27.6,0.772
CUST06550,Bengaluru,Price_Sensitive,35.0,1,Highway,12,0.457,0.716,0.508,0.59,16.0,0.6
CUST06551,Delhi NCR,Price_Sensitive,51.2,1,Mall_Retail,10,0.125,0.861,0.255,0.338,26.1,0.735
CUST06552,Delhi NCR,Routine_Commuter,53.8,1,Hotel,8,0.76,0.55,0.754,0.477,16.2,0.506
CUST06553,Ahmedabad,Routine_Commuter,50.9,1,Residential,9,0.866,0.385,0.601,0.85,25.3,0.4
CUST06554,Pune,Convenience_First,59.9,0,Mall_Retail,8,0.944,0.338,0.859,0.889,34.4,0.325
CUST06555,Delhi NCR,Convenience_First,60.2,0,Highway,6,0.739,0.132,0.84,0.739,23.6,0.217
CUST06556,Jaipur,Price_Sensitive,47.7,1,Mall_Retail,6,0.335,0.698,0.338,0.677,24.7,0.598
CUST06557,Ahmedabad,High_Mileage,62.5,1,Fleet,25,0.661,0.897,0.895,0.869,22.5,0.6
CUST06558,Hyderabad,High_Mileage,59.2,1,Fleet,21,0.568,0.696,0.681,0.853,35.4,0.525
CUST06559,Chennai,Routine_Commuter,68.6,1,Office_Commercial,13,0.664,0.687,0.629,0.927,21.5,0.529
CUST06560,Mumbai,Routine_Commuter,53.4,1,Mall_Retail,9,0.799,0.513,0.785,0.714,20.9,0.448
CUST06561,Kolkata,High_Mileage,75.5,0,Fleet,20,0.536,0.438,0.702,0.77,30.7,0.388
CUST06562,Ahmedabad,Convenience_First,78.5,0,Residential,5,0.785,0.19,0.859,0.741,38.1,0.25
CUST06563,Bengaluru,High_Mileage,85.0,0,Mall_Retail,23,0.318,0.67,0.552,0.819,34.2,0.517
CUST06564,Chandigarh,Convenience_First,56.4,0,Transit_Public,6,0.878,0.096,0.785,0.782,28.1,0.216
CUST06565,Pune,Convenience_First,65.2,0,Office_Commercial,8,0.853,0.417,0.73,0.745,38.6,0.407
CUST06566,Mumbai,Routine_Commuter,58.3,0,Mall_Retail,14,0.895,0.324,0.725,0.773,25.9,0.357
CUST06567,Chennai,Convenience_First,72.6,1,Highway,5,0.942,0.18,0.9,0.938,35.2,0.222
CUST06568,Ahmedabad,High_Mileage,45.3,0,Fleet,15,0.655,0.794,0.818,0.795,12.2,0.57
CUST06569,Kochi,Convenience_First,63.5,1,Fleet,8,0.842,0.384,0.841,0.749,26.7,0.365
CUST06570,Hyderabad,High_Mileage,66.3,0,Fleet,23,0.541,0.673,0.568,0.893,29.9,0.526
CUST06571,Bengaluru,Price_Sensitive,45.1,0,Mall_Retail,11,0.238,0.82,0.511,0.541,23.9,0.642
CUST06572,Bengaluru,High_Mileage,76.9,0,Office_Commercial,21,0.548,0.416,0.739,0.833,33.2,0.361
CUST06573,Delhi NCR,Convenience_First,58.8,1,Highway,5,0.851,0.313,0.697,0.911,23.1,0.331
CUST06574,Mumbai,Price_Sensitive,57.3,0,Residential,9,0.363,0.891,0.639,0.584,19.2,0.661
CUST06575,Ahmedabad,Price_Sensitive,40.7,1,Highway,10,0.25,0.99,0.374,0.584,17.3,0.757
CUST06576,Bengaluru,Routine_Commuter,53.5,0,Office_Commercial,14,0.968,0.588,0.37,0.659,15.1,0.597
CUST06577,Delhi NCR,Price_Sensitive,44.2,0,Highway,8,0.62,0.766,0.397,0.508,14.2,0.678
CUST06578,Mumbai,Price_Sensitive,61.4,1,Mall_Retail,8,0.336,0.703,0.331,0.316,25.5,0.656
CUST06579,Mumbai,Price_Sensitive,54.4,1,Transit_Public,11,0.43,0.767,0.461,0.34,14.3,0.672
CUST06580,Chandigarh,Price_Sensitive,49.9,0,Mall_Retail,6,0.204,0.853,0.434,0.597,16.6,0.663
CUST06581,Delhi NCR,Price_Sensitive,54.1,0,Residential,11,0.343,0.776,0.428,0.665,22.9,0.626
CUST06582,Chandigarh,Routine_Commuter,52.9,1,Office_Commercial,8,0.675,0.463,0.624,0.813,22.3,0.425
CUST06583,Delhi NCR,High_Mileage,74.7,0,Highway,18,0.499,0.667,0.905,0.99,33.3,0.437
CUST06584,Chennai,Routine_Commuter,58.4,1,Residential,11,0.82,0.635,0.596,0.947,19.1,0.52
CUST06585,Mumbai,Routine_Commuter,65.9,0,Mall_Retail,12,0.99,0.665,0.559,0.941,33.1,0.562
CUST06586,Delhi NCR,Convenience_First,65.7,1,Transit_Public,9,0.709,0.244,0.899,0.93,17.2,0.235
CUST06587,Lucknow,Convenience_First,38.9,0,Mall_Retail,5,0.75,0.238,0.919,0.863,15.9,0.243
CUST06588,Mumbai,Price_Sensitive,56.6,0,Transit_Public,12,0.344,0.851,0.707,0.58,25.5,0.624
CUST06589,Bengaluru,Convenience_First,70.6,0,Transit_Public,6,0.717,0.43,0.99,0.74,28.0,0.349
CUST06590,Hyderabad,Price_Sensitive,50.8,1,Hotel,10,0.584,0.841,0.336,0.397,16.9,0.744
CUST06591,Mumbai,Routine_Commuter,59.6,1,Office_Commercial,10,0.732,0.528,0.657,0.626,15.9,0.488
CUST06592,Delhi NCR,Price_Sensitive,59.9,0,Transit_Public,11,0.712,0.984,0.601,0.703,29.0,0.737
CUST06593,Hyderabad,Price_Sensitive,48.2,1,Office_Commercial,10,0.398,0.877,0.515,0.447,22.5,0.702
CUST06594,Hyderabad,Price_Sensitive,53.9,1,Highway,9,0.676,0.964,0.487,0.615,15.5,0.758
CUST06595,Chennai,Convenience_First,55.9,1,Office_Commercial,9,0.731,0.336,0.897,0.798,22.4,0.308
CUST06596,Jaipur,Routine_Commuter,59.9,0,Office_Commercial,14,0.623,0.483,0.645,0.593,28.9,0.46
CUST06597,Ahmedabad,Routine_Commuter,58.3,1,Office_Commercial,9,0.833,0.556,0.688,0.792,25.4,0.483
CUST06598,Ahmedabad,Convenience_First,56.6,0,Office_Commercial,10,0.867,0.178,0.741,0.957,27.4,0.243
CUST06599,Kolkata,Price_Sensitive,77.6,1,Mall_Retail,12,0.413,0.99,0.367,0.64,27.5,0.766
CUST06600,Bengaluru,Routine_Commuter,63.7,1,Transit_Public,9,0.711,0.397,0.643,0.728,15.1,0.402
CUST06601,Pune,Convenience_First,60.6,0,Highway,5,0.946,0.116,0.922,0.489,29.9,0.251
CUST06602,Pune,Routine_Commuter,46.3,1,Transit_Public,10,0.84,0.759,0.826,0.572,22.7,0.601
CUST06603,Delhi NCR,Price_Sensitive,56.1,0,Highway,6,0.369,0.719,0.541,0.538,21.5,0.594
CUST06604,Pune,Convenience_First,54.8,0,Residential,5,0.983,0.287,0.852,0.78,15.7,0.319
CUST06605,Mumbai,Routine_Commuter,53.1,0,Highway,13,0.641,0.576,0.608,0.989,21.7,0.461
CUST06606,Bengaluru,Convenience_First,51.3,0,Office_Commercial,6,0.928,0.263,0.886,0.725,24.1,0.301
CUST06607,Lucknow,Price_Sensitive,37.4,0,Residential,7,0.411,0.857,0.508,0.658,13.9,0.662
CUST06608,Mumbai,Routine_Commuter,52.3,0,Office_Commercial,13,0.746,0.479,0.638,0.99,26.1,0.412
CUST06609,Hyderabad,Price_Sensitive,51.0,1,Highway,10,0.365,0.862,0.62,0.759,22.4,0.622
CUST06610,Delhi NCR,Routine_Commuter,53.2,0,Residential,12,0.736,0.377,0.664,0.887,26.1,0.365
CUST06611,Kolkata,Convenience_First,44.8,1,Transit_Public,9,0.747,0.206,0.981,0.66,21.1,0.243
CUST06612,Ahmedabad,Routine_Commuter,54.0,1,Residential,10,0.808,0.351,0.478,0.854,28.6,0.4
CUST06613,Chennai,Routine_Commuter,49.2,1,Office_Commercial,9,0.817,0.508,0.687,0.749,17.2,0.461
CUST06614,Bengaluru,High_Mileage,60.3,0,Highway,24,0.687,0.757,0.815,0.793,28.1,0.553
CUST06615,Chandigarh,Convenience_First,62.8,0,Hotel,9,0.927,0.263,0.84,0.857,29.7,0.291
CUST06616,Chennai,Routine_Commuter,47.9,1,Office_Commercial,12,0.771,0.315,0.798,0.562,15.8,0.356
CUST06617,Pune,Routine_Commuter,58.9,0,Residential,8,0.706,0.445,0.959,0.52,20.2,0.395
CUST06618,Chennai,Routine_Commuter,63.6,0,Residential,11,0.73,0.436,0.576,0.761,29.4,0.433
CUST06619,Mumbai,Price_Sensitive,51.8,0,Highway,12,0.747,0.878,0.198,0.598,25.5,0.778
CUST06620,Delhi NCR,Price_Sensitive,56.6,0,Highway,6,0.732,0.772,0.485,0.538,27.9,0.67
CUST06621,Bengaluru,Routine_Commuter,62.6,0,Office_Commercial,12,0.792,0.674,0.644,0.719,29.3,0.563
CUST06622,Delhi NCR,Routine_Commuter,51.5,1,Office_Commercial,9,0.704,0.587,0.806,0.662,27.1,0.483
CUST06623,Pune,Price_Sensitive,35.0,0,Residential,12,0.45,0.897,0.331,0.627,14.3,0.728
CUST06624,Chandigarh,Convenience_First,59.9,0,Mall_Retail,5,0.75,0.303,0.797,0.879,21.7,0.3
CUST06625,Delhi NCR,Convenience_First,63.3,0,Highway,8,0.886,0.362,0.806,0.592,12.6,0.388
CUST06626,Hyderabad,Routine_Commuter,48.7,0,Office_Commercial,9,0.88,0.556,0.691,0.956,24.5,0.462
CUST06627,Hyderabad,Price_Sensitive,48.0,0,Residential,6,0.386,0.696,0.347,0.309,22.3,0.655
CUST06628,Lucknow,Convenience_First,52.2,0,Office_Commercial,7,0.936,0.269,0.95,0.99,19.8,0.253
CUST06629,Delhi NCR,Routine_Commuter,69.1,0,Office_Commercial,9,0.732,0.869,0.631,0.901,25.9,0.64
CUST06630,Hyderabad,Convenience_First,54.3,0,Mall_Retail,5,0.773,0.199,0.878,0.833,27.9,0.236
CUST06631,Delhi NCR,Price_Sensitive,43.7,0,Mall_Retail,10,0.469,0.754,0.341,0.377,20.8,0.687
CUST06632,Bengaluru,Routine_Commuter,40.0,1,Residential,9,0.73,0.447,0.734,0.882,21.4,0.39
CUST06633,Jaipur,Routine_Commuter,58.1,1,Office_Commercial,10,0.65,0.587,0.794,0.777,17.4,0.463
CUST06634,Ahmedabad,Convenience_First,65.5,0,Mall_Retail,6,0.944,0.367,0.875,0.91,26.7,0.335
CUST06635,Kochi,Convenience_First,48.1,0,Hotel,6,0.799,0.36,0.957,0.751,15.8,0.324
CUST06636,Chandigarh,Convenience_First,43.1,1,Highway,10,0.982,0.292,0.841,0.787,16.7,0.322
CUST06637,Ahmedabad,Convenience_First,56.6,1,Transit_Public,6,0.719,0.283,0.794,0.75,22.9,0.306
CUST06638,Chennai,Routine_Commuter,50.6,1,Mall_Retail,12,0.461,0.519,0.597,0.775,25.5,0.446
CUST06639,Ahmedabad,Routine_Commuter,41.0,1,Transit_Public,11,0.645,0.45,0.658,0.65,13.1,0.433
CUST06640,Pune,Convenience_First,49.9,0,Mall_Retail,7,0.783,0.274,0.878,0.889,22.4,0.27
CUST06641,Chandigarh,Price_Sensitive,45.0,1,Residential,7,0.364,0.92,0.388,0.626,15.0,0.721
CUST06642,Chandigarh,High_Mileage,69.8,0,Fleet,15,0.36,0.906,0.634,0.828,28.7,0.633
CUST06643,Pune,Price_Sensitive,70.0,0,Transit_Public,11,0.287,0.824,0.328,0.349,23.6,0.714
CUST06644,Kochi,Routine_Commuter,71.5,1,Office_Commercial,8,0.521,0.533,0.525,0.776,30.0,0.474
CUST06645,Delhi NCR,Routine_Commuter,47.6,1,Office_Commercial,14,0.61,0.728,0.633,0.979,19.2,0.538
CUST06646,Delhi NCR,Price_Sensitive,54.9,0,Fleet,11,0.589,0.887,0.605,0.399,24.1,0.716
CUST06647,Chennai,Routine_Commuter,65.6,1,Residential,12,0.622,0.53,0.827,0.628,39.5,0.444
CUST06648,Lucknow,Price_Sensitive,45.0,0,Fleet,11,0.36,0.806,0.618,0.496,16.4,0.632
CUST06649,Kolkata,Convenience_First,51.0,0,Hotel,5,0.949,0.131,0.871,0.816,19.5,0.22
CUST06650,Pune,Convenience_First,52.8,1,Highway,10,0.711,0.231,0.831,0.715,20.9,0.274
CUST06651,Lucknow,Routine_Commuter,69.3,1,Residential,8,0.684,0.352,0.793,0.674,35.3,0.352
CUST06652,Hyderabad,High_Mileage,68.5,0,Highway,22,0.566,0.754,0.63,0.99,32.1,0.547
CUST06653,Mumbai,Convenience_First,49.2,0,Fleet,9,0.803,0.241,0.768,0.774,14.8,0.293
CUST06654,Delhi NCR,Price_Sensitive,52.0,0,Residential,6,0.498,0.795,0.644,0.557,16.3,0.625
CUST06655,Jaipur,Routine_Commuter,47.0,1,Office_Commercial,8,0.539,0.526,0.667,0.865,18.1,0.43
CUST06656,Bengaluru,High_Mileage,72.1,0,Office_Commercial,22,0.739,0.669,0.71,0.913,24.1,0.513
CUST06657,Ahmedabad,High_Mileage,43.7,0,Highway,22,0.505,0.514,0.698,0.89,12.5,0.41
CUST06658,Bengaluru,Routine_Commuter,46.4,1,Residential,12,0.857,0.442,0.701,0.632,22.6,0.444
CUST06659,Bengaluru,Convenience_First,70.6,1,Mall_Retail,5,0.759,0.24,0.938,0.962,31.2,0.226
CUST06660,Chennai,High_Mileage,81.1,0,Fleet,21,0.701,0.601,0.894,0.82,21.1,0.449
CUST06661,Chennai,Price_Sensitive,74.7,0,Residential,10,0.352,0.871,0.252,0.747,33.8,0.702
CUST06662,Hyderabad,Convenience_First,58.8,1,Highway,10,0.787,0.296,0.845,0.763,25.9,0.308
CUST06663,Kolkata,Price_Sensitive,58.9,0,Office_Commercial,10,0.807,0.808,0.613,0.538,20.0,0.672
CUST06664,Lucknow,Price_Sensitive,52.4,1,Residential,11,0.791,0.679,0.444,0.553,20.2,0.631
CUST06665,Ahmedabad,Routine_Commuter,47.2,1,Hotel,10,0.636,0.437,0.672,0.649,21.3,0.422
CUST06666,Lucknow,Convenience_First,56.7,0,Office_Commercial,7,0.775,0.409,0.854,0.827,23.0,0.357
CUST06667,Delhi NCR,Routine_Commuter,48.9,1,Residential,8,0.706,0.607,0.666,0.625,14.9,0.528
CUST06668,Ahmedabad,Routine_Commuter,49.8,1,Office_Commercial,12,0.614,0.593,0.815,0.651,30.0,0.477
CUST06669,Jaipur,Routine_Commuter,55.7,1,Highway,8,0.662,0.362,0.652,0.692,31.8,0.381
CUST06670,Kochi,Convenience_First,47.9,0,Residential,9,0.802,0.227,0.813,0.65,21.4,0.295
CUST06671,Mumbai,Routine_Commuter,56.7,1,Hotel,12,0.555,0.429,0.592,0.55,26.5,0.44
CUST06672,Bengaluru,Convenience_First,53.0,1,Office_Commercial,7,0.944,0.242,0.871,0.644,26.3,0.307
CUST06673,Jaipur,Price_Sensitive,55.8,0,Residential,7,0.637,0.786,0.261,0.664,26.2,0.694
CUST06674,Bengaluru,Convenience_First,68.3,1,Mall_Retail,8,0.852,0.257,0.871,0.969,32.2,0.257
CUST06675,Bengaluru,Routine_Commuter,59.6,0,Residential,14,0.392,0.386,0.782,0.565,24.7,0.36
CUST06676,Ahmedabad,Convenience_First,51.2,0,Fleet,10,0.937,0.131,0.764,0.814,24.7,0.241
CUST06677,Hyderabad,Routine_Commuter,63.8,0,Mall_Retail,8,0.629,0.568,0.843,0.54,27.6,0.476
CUST06678,Ahmedabad,Price_Sensitive,70.3,1,Residential,9,0.369,0.827,0.401,0.452,29.8,0.694
CUST06679,Chennai,Routine_Commuter,53.2,0,Office_Commercial,13,0.747,0.725,0.577,0.606,24.4,0.617
CUST06680,Kochi,Routine_Commuter,66.5,0,Residential,11,0.53,0.247,0.825,0.629,32.3,0.279
CUST06681,Kolkata,Price_Sensitive,45.4,0,Office_Commercial,11,0.511,0.818,0.537,0.581,19.5,0.657
CUST06682,Chandigarh,Convenience_First,68.7,1,Highway,7,0.774,0.201,0.921,0.846,20.4,0.227
CUST06683,Delhi NCR,Routine_Commuter,68.7,1,Office_Commercial,14,0.673,0.455,0.72,0.686,25.2,0.421
CUST06684,Pune,Routine_Commuter,37.6,0,Office_Commercial,8,0.807,0.332,0.559,0.782,17.0,0.384
CUST06685,Delhi NCR,Routine_Commuter,53.5,1,Office_Commercial,9,0.617,0.732,0.789,0.622,20.2,0.563
CUST06686,Bengaluru,Convenience_First,66.7,1,Highway,10,0.745,0.287,0.82,0.887,25.6,0.285
CUST06687,Bengaluru,Routine_Commuter,58.4,1,Hotel,14,0.743,0.288,0.601,0.665,20.8,0.363
CUST06688,Hyderabad,Convenience_First,65.9,1,Hotel,9,0.793,0.108,0.889,0.676,13.2,0.21
CUST06689,Pune,Convenience_First,44.5,1,Transit_Public,6,0.755,0.269,0.848,0.99,18.7,0.255
CUST06690,Chandigarh,Routine_Commuter,42.0,0,Office_Commercial,14,0.888,0.611,0.768,0.696,19.4,0.517
CUST06691,Lucknow,Convenience_First,57.3,0,Residential,5,0.939,0.283,0.714,0.795,13.2,0.337
CUST06692,Delhi NCR,Convenience_First,68.2,0,Highway,8,0.678,0.066,0.765,0.972,26.0,0.155
CUST06693,Chandigarh,Price_Sensitive,40.4,1,Residential,10,0.247,0.631,0.579,0.603,13.9,0.516
CUST06694,Mumbai,Routine_Commuter,53.3,1,Office_Commercial,12,0.929,0.581,0.467,0.536,19.7,0.589
CUST06695,Chennai,Convenience_First,66.2,1,Office_Commercial,10,0.948,0.109,0.913,0.826,26.5,0.198
CUST06696,Bengaluru,Routine_Commuter,47.1,1,Office_Commercial,12,0.99,0.526,0.774,0.77,16.2,0.468
CUST06697,Kolkata,Convenience_First,51.4,1,Residential,8,0.899,0.307,0.961,0.848,24.6,0.289
CUST06698,Pune,Convenience_First,61.6,0,Residential,6,0.708,0.188,0.793,0.643,31.8,0.269
CUST06699,Lucknow,Routine_Commuter,56.7,0,Hotel,14,0.707,0.505,0.695,0.702,27.3,0.454
CUST06700,Kolkata,Price_Sensitive,60.0,0,Transit_Public,7,0.662,0.746,0.545,0.574,22.1,0.631
CUST06701,Hyderabad,High_Mileage,75.6,0,Fleet,16,0.496,0.62,0.71,0.827,33.5,0.474
CUST06702,Delhi NCR,High_Mileage,70.0,0,Fleet,21,0.562,0.654,0.756,0.889,31.8,0.481
CUST06703,Ahmedabad,High_Mileage,76.5,1,Fleet,19,0.569,0.682,0.809,0.924,34.5,0.481
CUST06704,Pune,Routine_Commuter,46.4,1,Residential,10,0.723,0.441,0.657,0.639,17.2,0.438
CUST06705,Ahmedabad,Convenience_First,72.5,0,Office_Commercial,10,0.913,0.273,0.919,0.898,32.3,0.273
CUST06706,Delhi NCR,Convenience_First,57.2,1,Fleet,10,0.923,0.26,0.871,0.867,26.2,0.281
CUST06707,Kolkata,High_Mileage,67.5,1,Highway,19,0.143,0.444,0.746,0.866,28.6,0.33
CUST06708,Ahmedabad,Convenience_First,69.4,0,Highway,9,0.771,0.168,0.851,0.822,36.6,0.226
CUST06709,Lucknow,Routine_Commuter,51.6,1,Office_Commercial,12,0.537,0.444,0.583,0.628,23.3,0.437
CUST06710,Bengaluru,Price_Sensitive,56.9,0,Residential,7,0.281,0.918,0.365,0.183,28.3,0.782
CUST06711,Chennai,High_Mileage,91.1,0,Office_Commercial,22,0.316,0.74,0.897,0.779,41.3,0.493
CUST06712,Lucknow,Price_Sensitive,35.0,0,Office_Commercial,7,0.344,0.731,0.338,0.449,17.6,0.652
CUST06713,Pune,High_Mileage,69.7,0,Highway,22,0.217,0.715,0.87,0.901,33.2,0.456
CUST06714,Mumbai,Routine_Commuter,62.0,1,Highway,12,0.811,0.637,0.672,0.621,27.7,0.554
CUST06715,Mumbai,Convenience_First,69.5,0,Transit_Public,9,0.614,0.239,0.843,0.679,36.3,0.273
CUST06716,Delhi NCR,High_Mileage,86.2,0,Fleet,15,0.4,0.693,0.66,0.742,47.7,0.528
CUST06717,Bengaluru,Convenience_First,75.1,0,Fleet,9,0.84,0.197,0.849,0.858,34.6,0.244
CUST06718,Mumbai,Convenience_First,56.4,1,Highway,9,0.768,0.197,0.899,0.806,27.6,0.234
CUST06719,Hyderabad,Routine_Commuter,41.2,1,Office_Commercial,10,0.821,0.248,0.671,0.537,18.2,0.354
CUST06720,Mumbai,Routine_Commuter,53.5,0,Mall_Retail,9,0.99,0.476,0.543,0.718,21.7,0.494
CUST06721,Mumbai,Price_Sensitive,51.8,1,Mall_Retail,11,0.71,0.783,0.533,0.223,21.6,0.712
CUST06722,Bengaluru,Price_Sensitive,48.1,1,Transit_Public,12,0.665,0.77,0.593,0.421,20.5,0.658
CUST06723,Chennai,Routine_Commuter,53.0,1,Transit_Public,11,0.807,0.812,0.768,0.483,29.9,0.651
CUST06724,Mumbai,Routine_Commuter,64.2,0,Residential,9,0.849,0.558,0.78,0.628,28.5,0.492
CUST06725,Chennai,Price_Sensitive,45.7,1,Residential,10,0.502,0.806,0.622,0.504,14.7,0.644
CUST06726,Pune,Price_Sensitive,47.8,0,Mall_Retail,11,0.552,0.757,0.307,0.604,18.4,0.669
CUST06727,Ahmedabad,Price_Sensitive,53.4,1,Highway,11,0.267,0.727,0.516,0.856,15.0,0.545
CUST06728,Chennai,Convenience_First,58.3,0,Office_Commercial,7,0.9,0.341,0.888,0.92,25.9,0.312
CUST06729,Bengaluru,Price_Sensitive,57.0,0,Transit_Public,7,0.488,0.8,0.507,0.828,11.0,0.613
CUST06730,Chandigarh,High_Mileage,83.0,0,Office_Commercial,25,0.514,0.675,0.819,0.961,21.0,0.465
CUST06731,Kolkata,Convenience_First,54.6,0,Highway,6,0.815,0.4,0.897,0.625,21.0,0.378
CUST06732,Kolkata,High_Mileage,66.1,0,Fleet,22,0.865,0.655,0.772,0.798,30.8,0.522
CUST06733,Jaipur,Routine_Commuter,45.2,1,Office_Commercial,9,0.866,0.596,0.601,0.693,21.4,0.54
CUST06734,Chennai,Price_Sensitive,53.8,0,Mall_Retail,9,0.201,0.794,0.701,0.781,27.4,0.549
CUST06735,Bengaluru,Convenience_First,67.5,0,Hotel,7,0.829,0.362,0.927,0.603,31.1,0.356
CUST06736,Kochi,Routine_Commuter,52.4,1,Mall_Retail,9,0.629,0.493,0.525,0.667,30.5,0.479
CUST06737,Chandigarh,Routine_Commuter,60.6,1,Mall_Retail,11,0.868,0.558,0.654,0.608,36.3,0.522
CUST06738,Pune,Convenience_First,55.5,1,Mall_Retail,7,0.832,0.315,0.966,0.942,22.9,0.272
CUST06739,Hyderabad,Price_Sensitive,63.5,0,Hotel,12,0.416,0.815,0.394,0.517,30.2,0.683
CUST06740,Ahmedabad,Price_Sensitive,50.7,1,Office_Commercial,11,0.665,0.939,0.52,0.639,21.5,0.733
CUST06741,Chandigarh,Price_Sensitive,47.0,0,Transit_Public,9,0.399,0.793,0.437,0.621,19.8,0.646
CUST06742,Jaipur,Routine_Commuter,42.9,0,Office_Commercial,13,0.867,0.608,0.99,0.72,19.6,0.465
CUST06743,Delhi NCR,Routine_Commuter,58.7,1,Office_Commercial,10,0.607,0.407,0.6,0.709,20.6,0.408
CUST06744,Ahmedabad,Price_Sensitive,66.8,1,Residential,6,0.416,0.637,0.294,0.231,31.1,0.649
CUST06745,Jaipur,Convenience_First,53.5,0,Fleet,9,0.967,0.216,0.766,0.981,26.9,0.265
CUST06746,Delhi NCR,Routine_Commuter,53.2,1,Mall_Retail,9,0.689,0.427,0.702,0.778,24.0,0.397
CUST06747,Mumbai,Price_Sensitive,47.0,0,Residential,10,0.559,0.7,0.915,0.148,17.3,0.586
CUST06748,Ahmedabad,Routine_Commuter,61.2,1,Residential,11,0.576,0.643,0.778,0.721,20.0,0.497
CUST06749,Delhi NCR,High_Mileage,58.6,1,Mall_Retail,22,0.693,0.64,0.883,0.783,24.3,0.477
CUST06750,Chandigarh,Price_Sensitive,35.0,0,Office_Commercial,11,0.15,0.969,0.384,0.62,19.8,0.728
CUST06751,Jaipur,Convenience_First,71.1,0,Fleet,5,0.775,0.248,0.843,0.83,28.3,0.271
CUST06752,Ahmedabad,Routine_Commuter,61.6,0,Office_Commercial,8,0.757,0.501,0.575,0.802,22.0,0.466
CUST06753,Chennai,Price_Sensitive,64.0,1,Highway,9,0.633,0.741,0.535,0.237,34.8,0.678
CUST06754,Hyderabad,Convenience_First,40.9,1,Highway,10,0.742,0.1,0.882,0.823,19.6,0.179
CUST06755,Bengaluru,Price_Sensitive,41.4,1,Transit_Public,8,0.686,0.84,0.618,0.691,15.0,0.653
CUST06756,Delhi NCR,High_Mileage,71.8,0,Fleet,16,0.526,0.74,0.882,0.936,27.4,0.493
CUST06757,Lucknow,Routine_Commuter,42.8,1,Residential,8,0.827,0.614,0.691,0.672,24.8,0.531
CUST06758,Mumbai,Routine_Commuter,63.4,0,Office_Commercial,14,0.558,0.551,0.621,0.703,29.2,0.479
CUST06759,Lucknow,Price_Sensitive,52.6,0,Transit_Public,11,0.452,0.79,0.402,0.437,23.2,0.684
CUST06760,Mumbai,Routine_Commuter,71.7,1,Transit_Public,11,0.974,0.599,0.99,0.515,17.6,0.501
CUST06761,Jaipur,High_Mileage,58.5,0,Fleet,25,0.517,0.499,0.709,0.879,17.1,0.402
CUST06762,Mumbai,Price_Sensitive,58.8,0,Office_Commercial,6,0.436,0.71,0.62,0.705,30.6,0.554
CUST06763,Hyderabad,High_Mileage,47.2,1,Fleet,22,0.592,0.759,0.813,0.975,18.1,0.518
CUST06764,Kolkata,Convenience_First,70.1,1,Office_Commercial,8,0.933,0.286,0.881,0.773,33.6,0.308
CUST06765,Kochi,Routine_Commuter,57.0,1,Mall_Retail,12,0.631,0.664,0.816,0.749,22.0,0.503
CUST06766,Lucknow,Convenience_First,41.3,0,Highway,9,0.764,0.075,0.791,0.724,16.3,0.201
CUST06767,Chandigarh,Routine_Commuter,54.2,0,Mall_Retail,9,0.886,0.593,0.722,0.483,31.8,0.548
CUST06768,Bengaluru,Convenience_First,61.0,1,Residential,10,0.855,0.378,0.975,0.596,28.4,0.359
CUST06769,Bengaluru,Routine_Commuter,57.1,1,Office_Commercial,11,0.967,0.606,0.574,0.681,26.3,0.563
CUST06770,Bengaluru,Price_Sensitive,62.7,1,Office_Commercial,12,0.373,0.819,0.234,0.812,20.1,0.669
CUST06771,Chennai,Routine_Commuter,54.0,1,Office_Commercial,8,0.625,0.515,0.645,0.701,21.8,0.462
CUST06772,Delhi NCR,Routine_Commuter,39.9,1,Office_Commercial,14,0.676,0.397,0.672,0.592,9.7,0.413
CUST06773,Bengaluru,Routine_Commuter,43.1,0,Office_Commercial,11,0.712,0.536,0.79,0.746,19.1,0.446
CUST06774,Delhi NCR,Price_Sensitive,61.2,0,Residential,10,0.37,0.752,0.569,0.49,24.4,0.614
CUST06775,Lucknow,Routine_Commuter,65.3,1,Fleet,10,0.715,0.887,0.855,0.647,28.4,0.641
CUST06776,Ahmedabad,Routine_Commuter,53.0,1,Transit_Public,12,0.732,0.523,0.604,0.906,16.4,0.454
CUST06777,Kolkata,Routine_Commuter,54.1,1,Office_Commercial,12,0.763,0.645,0.711,0.741,26.0,0.528
CUST06778,Bengaluru,Convenience_First,53.2,0,Office_Commercial,7,0.716,0.19,0.842,0.921,21.4,0.219
CUST06779,Bengaluru,Convenience_First,61.8,1,Mall_Retail,6,0.749,0.09,0.822,0.734,25.3,0.2
CUST06780,Bengaluru,Convenience_First,59.1,0,Mall_Retail,10,0.815,0.341,0.796,0.779,21.9,0.343
CUST06781,Ahmedabad,Routine_Commuter,49.5,1,Office_Commercial,10,0.802,0.349,0.726,0.834,24.1,0.352
CUST06782,Hyderabad,Routine_Commuter,54.0,0,Office_Commercial,11,0.856,0.473,0.503,0.698,30.1,0.49
CUST06783,Mumbai,Convenience_First,63.0,0,Office_Commercial,9,0.687,0.175,0.897,0.778,27.2,0.219
CUST06784,Delhi NCR,Price_Sensitive,44.0,0,Office_Commercial,9,0.766,0.63,0.582,0.68,19.4,0.555
CUST06785,Mumbai,Routine_Commuter,68.2,0,Residential,13,0.647,0.436,0.584,0.794,33.9,0.418
CUST06786,Mumbai,Convenience_First,65.0,1,Mall_Retail,10,0.99,0.346,0.799,0.895,27.0,0.345
CUST06787,Pune,Price_Sensitive,35.0,1,Residential,12,0.673,0.747,0.567,0.752,20.1,0.602
CUST06788,Hyderabad,Price_Sensitive,56.9,1,Transit_Public,12,0.415,0.775,0.395,0.752,27.2,0.626
CUST06789,Bengaluru,Price_Sensitive,51.3,0,Residential,11,0.457,0.725,0.652,0.73,14.8,0.554
CUST06790,Hyderabad,Price_Sensitive,62.7,0,Fleet,11,0.46,0.783,0.593,0.351,24.9,0.655
CUST06791,Pune,Price_Sensitive,68.7,1,Office_Commercial,6,0.614,0.938,0.471,0.516,30.5,0.756
CUST06792,Bengaluru,Price_Sensitive,48.1,0,Office_Commercial,6,0.526,0.879,0.218,0.23,14.9,0.808
CUST06793,Chennai,High_Mileage,67.0,0,Office_Commercial,20,0.693,0.501,0.728,0.99,24.7,0.401
CUST06794,Delhi NCR,Convenience_First,69.0,0,Fleet,10,0.847,0.282,0.879,0.795,36.7,0.295
CUST06795,Ahmedabad,Convenience_First,69.5,0,Office_Commercial,10,0.816,0.121,0.786,0.759,26.5,0.227
CUST06796,Hyderabad,Price_Sensitive,46.7,0,Transit_Public,12,0.614,0.781,0.297,0.76,22.1,0.667
CUST06797,Chennai,Price_Sensitive,62.3,1,Office_Commercial,12,0.566,0.796,0.224,0.596,31.1,0.71
CUST06798,Pune,Convenience_First,61.6,1,Fleet,8,0.795,0.101,0.873,0.836,24.7,0.185
CUST06799,Jaipur,Price_Sensitive,55.4,0,Mall_Retail,10,0.528,0.848,0.403,0.582,26.3,0.701
CUST06800,Lucknow,Convenience_First,59.6,0,Transit_Public,6,0.91,0.127,0.921,0.885,23.7,0.194
CUST06801,Ahmedabad,Routine_Commuter,59.0,1,Office_Commercial,12,0.766,0.361,0.48,0.968,21.9,0.384
CUST06802,Ahmedabad,Convenience_First,46.2,0,Mall_Retail,8,0.714,0.163,0.723,0.602,21.1,0.276
CUST06803,Chennai,Price_Sensitive,51.6,1,Highway,7,0.451,0.886,0.159,0.647,15.0,0.753
CUST06804,Kolkata,Routine_Commuter,67.6,1,Mall_Retail,11,0.77,0.508,0.802,0.738,24.8,0.435
CUST06805,Mumbai,Convenience_First,53.7,0,Office_Commercial,10,0.704,0.165,0.883,0.925,24.9,0.196
CUST06806,Mumbai,Routine_Commuter,54.3,1,Residential,13,0.706,0.471,0.586,0.893,19.5,0.428
CUST06807,Lucknow,Routine_Commuter,48.6,1,Residential,12,0.943,0.404,0.682,0.663,20.5,0.431
CUST06808,Mumbai,Convenience_First,60.9,0,Highway,10,0.772,0.153,0.911,0.672,19.3,0.229
CUST06809,Kochi,Routine_Commuter,54.5,0,Office_Commercial,9,0.717,0.331,0.578,0.674,21.1,0.387
CUST06810,Bengaluru,Routine_Commuter,51.4,0,Office_Commercial,8,0.74,0.675,0.61,0.552,24.3,0.59
CUST06811,Mumbai,Routine_Commuter,53.5,0,Residential,9,0.786,0.565,0.567,0.579,16.1,0.539
CUST06812,Pune,High_Mileage,56.6,0,Fleet,21,0.561,0.593,0.885,0.882,27.1,0.423
CUST06813,Mumbai,Routine_Commuter,49.3,1,Mall_Retail,14,0.963,0.598,0.606,0.855,22.6,0.526
CUST06814,Hyderabad,Price_Sensitive,49.0,1,Mall_Retail,8,0.61,0.621,0.332,0.685,23.1,0.584
CUST06815,Chandigarh,Price_Sensitive,40.4,0,Mall_Retail,8,0.342,0.658,0.523,0.347,15.9,0.59
CUST06816,Jaipur,Price_Sensitive,35.4,0,Office_Commercial,8,0.245,0.888,0.338,0.579,10.3,0.708
CUST06817,Bengaluru,Routine_Commuter,64.9,1,Residential,9,0.642,0.539,0.568,0.758,28.0,0.483
CUST06818,Bengaluru,Routine_Commuter,65.0,0,Highway,13,0.725,0.574,0.567,0.85,27.2,0.497
CUST06819,Pune,Routine_Commuter,53.1,1,Transit_Public,10,0.861,0.519,0.638,0.657,21.5,0.495
CUST06820,Jaipur,Convenience_First,51.6,0,Highway,9,0.704,0.348,0.891,0.746,22.3,0.322
CUST06821,Chandigarh,Convenience_First,60.3,1,Mall_Retail,10,0.832,0.308,0.796,0.657,24.1,0.345
CUST06822,Bengaluru,High_Mileage,67.2,1,Fleet,19,0.581,0.707,0.837,0.845,33.2,0.503
CUST06823,Kolkata,Convenience_First,66.4,0,Residential,5,0.846,0.393,0.872,0.66,19.9,0.377
CUST06824,Hyderabad,Convenience_First,72.7,1,Fleet,6,0.942,0.093,0.847,0.705,28.4,0.22
CUST06825,Delhi NCR,Routine_Commuter,49.5,1,Residential,11,0.716,0.401,0.588,0.66,19.1,0.425
CUST06826,Kochi,Routine_Commuter,50.8,1,Office_Commercial,9,0.609,0.449,0.851,0.651,16.9,0.39
CUST06827,Chennai,Routine_Commuter,60.2,1,Residential,12,0.577,0.644,0.624,0.441,23.6,0.571
CUST06828,Chennai,Routine_Commuter,56.2,1,Residential,9,0.754,0.491,0.624,0.635,17.5,0.476
CUST06829,Ahmedabad,Price_Sensitive,41.3,0,Mall_Retail,12,0.614,0.872,0.5,0.984,12.6,0.643
CUST06830,Delhi NCR,High_Mileage,80.5,0,Fleet,21,0.558,0.569,0.974,0.794,32.7,0.405
CUST06831,Pune,Convenience_First,67.0,1,Residential,5,0.77,0.01,0.95,0.763,22.8,0.128
CUST06832,Chandigarh,Routine_Commuter,48.0,0,Office_Commercial,10,0.889,0.536,0.706,0.762,24.0,0.478
CUST06833,Hyderabad,Price_Sensitive,54.1,0,Fleet,8,0.615,0.842,0.405,0.396,17.9,0.734
CUST06834,Bengaluru,Routine_Commuter,61.2,1,Mall_Retail,13,0.741,0.449,0.771,0.698,22.2,0.412
CUST06835,Mumbai,Convenience_First,62.6,1,Mall_Retail,7,0.983,0.114,0.848,0.919,24.8,0.203
CUST06836,Pune,Price_Sensitive,53.0,0,Residential,7,0.59,0.876,0.5,0.563,18.3,0.707
CUST06837,Jaipur,Routine_Commuter,43.6,1,Residential,11,0.642,0.495,0.814,0.76,16.5,0.41
CUST06838,Ahmedabad,Convenience_First,65.3,1,Office_Commercial,9,0.842,0.292,0.829,0.87,31.3,0.299
CUST06839,Delhi NCR,Routine_Commuter,64.6,0,Residential,9,0.618,0.548,0.584,0.776,32.5,0.48
CUST06840,Delhi NCR,Price_Sensitive,55.1,1,Office_Commercial,12,0.55,0.792,0.557,0.288,23.3,0.686
CUST06841,Ahmedabad,Routine_Commuter,45.1,0,Residential,10,0.736,0.472,0.717,0.731,22.2,0.43
CUST06842,Lucknow,Price_Sensitive,51.7,1,Highway,9,0.342,0.748,0.399,0.687,27.1,0.613
CUST06843,Kochi,Routine_Commuter,61.9,1,Office_Commercial,13,0.691,0.836,0.623,0.968,26.5,0.609
CUST06844,Ahmedabad,Price_Sensitive,52.4,0,Mall_Retail,10,0.748,0.835,0.551,0.569,33.0,0.689
CUST06845,Chennai,Convenience_First,45.7,0,Mall_Retail,6,0.932,0.242,0.982,0.732,21.3,0.27
CUST06846,Hyderabad,Convenience_First,42.7,1,Mall_Retail,8,0.787,0.277,0.833,0.725,19.5,0.306
CUST06847,Jaipur,Convenience_First,64.0,0,Fleet,9,0.763,0.118,0.928,0.857,22.9,0.177
CUST06848,Mumbai,Convenience_First,51.4,0,Highway,5,0.808,0.172,0.81,0.68,18.0,0.262
CUST06849,Hyderabad,Price_Sensitive,50.2,0,Residential,8,0.511,0.877,0.609,0.471,30.3,0.691
CUST06850,Pune,Price_Sensitive,45.9,0,Mall_Retail,7,0.776,0.893,0.508,0.68,17.6,0.715
CUST06851,Delhi NCR,Price_Sensitive,57.0,0,Transit_Public,8,0.404,0.761,0.409,0.611,19.4,0.635
CUST06852,Lucknow,Price_Sensitive,39.6,0,Office_Commercial,7,0.196,0.889,0.494,0.952,13.3,0.617
CUST06853,Jaipur,Price_Sensitive,57.0,0,Transit_Public,8,0.53,0.826,0.475,0.753,28.2,0.649
CUST06854,Pune,Convenience_First,73.0,0,Mall_Retail,9,0.827,0.254,0.746,0.876,35.6,0.292
CUST06855,Delhi NCR,Routine_Commuter,67.0,1,Office_Commercial,10,0.852,0.708,0.627,0.658,23.8,0.6
CUST06856,Kochi,Price_Sensitive,54.9,0,Mall_Retail,11,0.204,0.896,0.253,0.431,24.5,0.748
CUST06857,Bengaluru,Convenience_First,70.1,1,Office_Commercial,9,0.876,0.653,0.741,0.576,29.3,0.562
CUST06858,Chennai,Convenience_First,64.4,1,Highway,10,0.765,0.378,0.755,0.835,27.3,0.358
CUST06859,Chennai,Routine_Commuter,50.1,0,Residential,13,0.76,0.421,0.56,0.597,21.0,0.456
CUST06860,Bengaluru,Convenience_First,57.3,0,Office_Commercial,6,0.797,0.191,0.82,0.779,18.9,0.254
CUST06861,Mumbai,Convenience_First,70.6,0,Highway,9,0.836,0.148,0.802,0.848,24.2,0.227
CUST06862,Hyderabad,Convenience_First,66.1,0,Office_Commercial,9,0.797,0.251,0.828,0.728,17.8,0.293
CUST06863,Hyderabad,High_Mileage,71.0,0,Mall_Retail,22,0.746,0.746,0.949,0.946,32.3,0.503
CUST06864,Kochi,Routine_Commuter,57.0,1,Residential,12,0.691,0.612,0.86,0.631,15.5,0.489
CUST06865,Chennai,Routine_Commuter,69.9,1,Mall_Retail,13,0.704,0.457,0.537,0.688,25.3,0.461
CUST06866,Jaipur,Price_Sensitive,58.9,0,Mall_Retail,6,0.207,0.649,0.592,0.222,25.0,0.576
CUST06867,Hyderabad,Routine_Commuter,53.8,1,Mall_Retail,12,0.646,0.498,0.624,0.789,26.4,0.445
CUST06868,Jaipur,Routine_Commuter,53.1,0,Residential,8,0.637,0.459,0.718,0.735,19.1,0.412
CUST06869,Ahmedabad,Routine_Commuter,53.5,1,Office_Commercial,11,0.722,0.442,0.587,0.921,18.6,0.41
CUST06870,Kolkata,High_Mileage,58.4,0,Fleet,15,0.371,0.622,0.631,0.8,26.4,0.483
CUST06871,Lucknow,Routine_Commuter,53.1,1,Residential,8,0.737,0.67,0.715,0.689,23.2,0.546
CUST06872,Bengaluru,Routine_Commuter,54.9,0,Hotel,14,0.548,0.55,0.565,0.688,13.8,0.491
CUST06873,Mumbai,Routine_Commuter,48.2,1,Office_Commercial,8,0.784,0.585,0.592,0.67,31.4,0.531
CUST06874,Kochi,Routine_Commuter,54.2,1,Highway,12,0.431,0.458,0.864,0.731,26.1,0.363
CUST06875,Hyderabad,Routine_Commuter,55.4,1,Residential,14,0.977,0.833,0.616,0.525,21.7,0.704
CUST06876,Kolkata,Routine_Commuter,59.3,0,Mall_Retail,10,0.692,0.521,0.671,0.874,38.2,0.44
CUST06877,Bengaluru,Price_Sensitive,46.9,0,Residential,11,0.301,0.85,0.651,0.532,18.9,0.638
CUST06878,Chennai,Convenience_First,58.8,1,Fleet,10,0.945,0.227,0.787,0.798,26.5,0.292
CUST06879,Mumbai,Routine_Commuter,63.4,0,Residential,13,0.629,0.766,0.548,0.738,25.7,0.614
CUST06880,Kolkata,Routine_Commuter,49.0,0,Highway,10,0.692,0.553,0.649,0.763,17.0,0.479
CUST06881,Lucknow,Price_Sensitive,41.9,0,Residential,8,0.286,0.779,0.806,0.263,23.2,0.606
CUST06882,Delhi NCR,Price_Sensitive,50.3,0,Office_Commercial,9,0.239,0.732,0.444,0.892,17.6,0.554
CUST06883,Mumbai,Price_Sensitive,38.1,0,Transit_Public,7,0.597,0.931,0.515,0.735,17.3,0.708
CUST06884,Mumbai,Routine_Commuter,59.1,0,Residential,10,0.543,0.437,0.619,0.82,23.8,0.398
CUST06885,Jaipur,Convenience_First,54.0,0,Highway,6,0.794,0.155,0.77,0.691,23.7,0.257
CUST06886,Lucknow,Convenience_First,61.3,0,Mall_Retail,10,0.752,0.086,0.878,0.806,20.9,0.176
CUST06887,Lucknow,Routine_Commuter,46.3,1,Transit_Public,11,0.99,0.498,0.676,0.61,23.3,0.496
CUST06888,Bengaluru,Price_Sensitive,50.8,0,Mall_Retail,8,0.525,0.801,0.61,0.765,21.8,0.606
CUST06889,Mumbai,High_Mileage,67.4,0,Highway,16,0.356,0.721,0.607,0.826,35.8,0.537
CUST06890,Chandigarh,Price_Sensitive,65.9,1,Transit_Public,11,0.509,0.845,0.44,0.621,18.2,0.684
CUST06891,Chennai,Routine_Commuter,61.2,1,Mall_Retail,13,0.747,0.602,0.826,0.541,26.3,0.509
CUST06892,Kolkata,Price_Sensitive,48.8,0,Mall_Retail,10,0.73,0.99,0.431,0.92,17.0,0.743
CUST06893,Mumbai,Convenience_First,62.9,0,Highway,5,0.839,0.086,0.753,0.627,22.6,0.236
CUST06894,Mumbai,Routine_Commuter,62.0,1,Transit_Public,13,0.788,0.356,0.64,0.645,20.8,0.4
CUST06895,Delhi NCR,Price_Sensitive,47.6,1,Residential,11,0.375,0.841,0.447,0.669,22.3,0.66
CUST06896,Mumbai,Routine_Commuter,63.4,1,Office_Commercial,8,0.559,0.657,0.748,0.667,22.7,0.518
CUST06897,Kochi,Routine_Commuter,56.5,1,Office_Commercial,14,0.728,0.318,0.904,0.93,30.2,0.278
CUST06898,Delhi NCR,Routine_Commuter,44.1,1,Hotel,14,0.677,0.497,0.729,0.617,24.6,0.453
CUST06899,Delhi NCR,Convenience_First,62.5,0,Highway,5,0.811,0.226,0.736,0.839,24.7,0.282
CUST06900,Ahmedabad,Price_Sensitive,54.1,0,Mall_Retail,11,0.684,0.834,0.479,0.504,18.6,0.706
CUST06901,Lucknow,Convenience_First,51.6,0,Highway,9,0.947,0.271,0.964,0.799,19.1,0.281
CUST06902,Bengaluru,Routine_Commuter,67.6,1,Office_Commercial,11,0.72,0.804,0.731,0.675,33.1,0.617
CUST06903,Bengaluru,Routine_Commuter,55.3,1,Residential,12,0.767,0.669,0.553,0.709,25.6,0.578
CUST06904,Kolkata,Convenience_First,54.1,0,Mall_Retail,10,0.725,0.27,0.913,0.806,21.0,0.267
CUST06905,Chandigarh,Convenience_First,55.5,0,Residential,10,0.781,0.39,0.864,0.892,16.7,0.336
CUST06906,Delhi NCR,Routine_Commuter,54.9,1,Highway,8,0.642,0.478,0.566,0.796,23.5,0.445
CUST06907,Kolkata,Price_Sensitive,65.7,0,Transit_Public,8,0.259,0.731,0.371,0.568,30.5,0.619
CUST06908,Chennai,Convenience_First,70.8,0,Mall_Retail,10,0.757,0.475,0.832,0.736,33.6,0.41
CUST06909,Pune,High_Mileage,77.7,1,Highway,19,0.613,0.99,0.893,0.945,32.3,0.635
CUST06910,Hyderabad,Routine_Commuter,62.4,1,Office_Commercial,10,0.702,0.28,0.646,0.735,21.9,0.335
CUST06911,Hyderabad,Routine_Commuter,61.9,0,Residential,13,0.879,0.629,0.99,0.656,25.6,0.487
CUST06912,Bengaluru,Routine_Commuter,57.4,1,Highway,11,0.602,0.505,0.851,0.676,27.2,0.417
CUST06913,Pune,Convenience_First,54.9,0,Highway,10,0.883,0.267,0.99,0.858,23.5,0.259
CUST06914,Lucknow,Routine_Commuter,66.6,0,Office_Commercial,14,0.605,0.179,0.562,0.749,30.1,0.284
CUST06915,Pune,Routine_Commuter,46.5,0,Residential,8,0.765,0.462,0.825,0.99,17.0,0.367
CUST06916,Bengaluru,Price_Sensitive,52.6,0,Office_Commercial,9,0.409,0.766,0.549,0.368,25.6,0.647
CUST06917,Chennai,Routine_Commuter,61.0,1,Office_Commercial,14,0.564,0.411,0.795,0.519,29.2,0.395
CUST06918,Kochi,Price_Sensitive,61.1,0,Office_Commercial,9,0.351,0.9,0.413,0.452,17.4,0.73
CUST06919,Delhi NCR,Routine_Commuter,69.1,1,Transit_Public,10,0.782,0.622,0.888,0.607,30.4,0.502
CUST06920,Kochi,High_Mileage,72.7,0,Highway,23,0.546,0.692,0.64,0.914,31.5,0.52
CUST06921,Delhi NCR,Convenience_First,64.3,0,Highway,8,0.704,0.343,0.924,0.938,21.9,0.284
CUST06922,Hyderabad,High_Mileage,72.8,1,Fleet,21,0.367,0.607,0.679,0.839,30.1,0.459
CUST06923,Hyderabad,Routine_Commuter,64.9,0,Office_Commercial,13,0.749,0.626,0.522,0.702,25.0,0.56
CUST06924,Chennai,Convenience_First,68.9,1,Mall_Retail,10,0.793,0.122,0.982,0.818,34.4,0.178
CUST06925,Bengaluru,Price_Sensitive,50.5,0,Mall_Retail,8,0.49,0.584,0.47,0.483,19.1,0.554
CUST06926,Jaipur,Routine_Commuter,52.0,1,Office_Commercial,11,0.733,0.548,0.615,0.837,22.4,0.476
CUST06927,Chennai,Convenience_First,58.7,0,Office_Commercial,5,0.963,0.258,0.846,0.578,23.3,0.332
CUST06928,Bengaluru,Routine_Commuter,56.7,1,Residential,10,0.712,0.535,0.466,0.71,22.6,0.516
CUST06929,Delhi NCR,Price_Sensitive,48.7,0,Mall_Retail,8,0.408,0.648,0.434,0.786,22.2,0.542
CUST06930,Mumbai,Convenience_First,54.3,1,Highway,8,0.845,0.224,0.819,0.846,30.0,0.267
CUST06931,Kochi,Routine_Commuter,65.5,0,Office_Commercial,8,0.636,0.644,0.728,0.959,26.8,0.479
CUST06932,Hyderabad,High_Mileage,71.0,0,Mall_Retail,20,0.679,0.69,0.74,0.982,31.0,0.502
CUST06933,Ahmedabad,Price_Sensitive,56.0,0,Mall_Retail,9,0.702,0.989,0.379,0.598,23.4,0.799
CUST06934,Bengaluru,Routine_Commuter,52.7,1,Transit_Public,13,0.945,0.769,0.679,0.782,18.9,0.614
CUST06935,Kolkata,Convenience_First,55.7,0,Mall_Retail,8,0.724,0.321,0.919,0.912,23.9,0.278
CUST06936,Lucknow,Price_Sensitive,54.4,1,Transit_Public,11,0.281,0.765,0.429,0.568,24.3,0.628
CUST06937,Ahmedabad,Price_Sensitive,49.9,1,Transit_Public,11,0.402,0.796,0.318,0.197,23.2,0.735
CUST06938,Mumbai,Routine_Commuter,39.3,0,Office_Commercial,11,0.799,0.449,0.73,0.716,11.8,0.424
CUST06939,Hyderabad,Price_Sensitive,52.0,0,Mall_Retail,9,0.502,0.634,0.313,0.552,19.5,0.604
CUST06940,Delhi NCR,High_Mileage,52.9,0,Highway,21,0.288,0.718,0.602,0.957,19.5,0.51
CUST06941,Kolkata,Price_Sensitive,46.9,0,Hotel,11,0.639,0.889,0.6,0.691,19.1,0.679
CUST06942,Chennai,Price_Sensitive,51.6,0,Transit_Public,8,0.364,0.864,0.646,0.623,27.3,0.639
CUST06943,Jaipur,Price_Sensitive,47.8,0,Hotel,11,0.342,0.727,0.358,0.56,13.4,0.629
CUST06944,Delhi NCR,Routine_Commuter,54.7,0,Office_Commercial,10,0.794,0.758,0.545,0.588,26.6,0.649
CUST06945,Hyderabad,Price_Sensitive,36.2,1,Fleet,6,0.377,0.769,0.313,0.01,17.9,0.747
CUST06946,Delhi NCR,Price_Sensitive,51.4,0,Residential,11,0.425,0.925,0.751,0.476,26.5,0.68
CUST06947,Mumbai,Routine_Commuter,63.8,0,Office_Commercial,9,0.642,0.716,0.756,0.597,24.1,0.567
CUST06948,Delhi NCR,High_Mileage,64.5,1,Office_Commercial,18,0.66,0.928,0.72,0.692,31.7,0.679
CUST06949,Pune,High_Mileage,78.7,0,Highway,22,0.491,0.612,0.621,0.881,26.5,0.479
CUST06950,Hyderabad,Price_Sensitive,47.0,1,Residential,12,0.618,0.755,0.386,0.679,19.3,0.648
CUST06951,Bengaluru,Routine_Commuter,51.4,0,Residential,8,0.82,0.75,0.471,0.685,21.7,0.647
CUST06952,Bengaluru,Convenience_First,63.9,1,Residential,5,0.81,0.515,0.869,0.762,23.4,0.426
CUST06953,Bengaluru,Price_Sensitive,38.8,1,Transit_Public,6,0.425,0.867,0.638,0.501,14.5,0.667
CUST06954,Mumbai,Price_Sensitive,50.8,0,Office_Commercial,6,0.56,0.91,0.83,0.859,16.0,0.612
CUST06955,Bengaluru,Price_Sensitive,39.7,0,Mall_Retail,10,0.323,0.716,0.613,0.537,14.2,0.573
CUST06956,Mumbai,Routine_Commuter,54.6,0,Residential,12,0.829,0.544,0.519,0.848,27.5,0.501
CUST06957,Hyderabad,Routine_Commuter,51.0,1,Hotel,8,0.714,0.515,0.788,0.872,14.8,0.416
CUST06958,Ahmedabad,Convenience_First,79.2,1,Highway,9,0.871,0.134,0.865,0.769,42.5,0.223
CUST06959,Bengaluru,Convenience_First,53.3,1,Office_Commercial,8,0.773,0.131,0.822,0.742,16.3,0.223
CUST06960,Delhi NCR,Price_Sensitive,61.6,1,Mall_Retail,9,0.483,0.883,0.538,0.56,31.4,0.692
CUST06961,Bengaluru,Price_Sensitive,54.1,1,Hotel,10,0.506,0.848,0.42,0.574,19.7,0.697
CUST06962,Jaipur,Routine_Commuter,49.5,1,Transit_Public,11,0.619,0.558,0.585,0.9,14.5,0.467
CUST06963,Kolkata,Routine_Commuter,48.2,0,Residential,12,0.745,0.65,0.628,0.871,22.0,0.526
CUST06964,Bengaluru,Routine_Commuter,53.3,1,Mall_Retail,14,0.756,0.425,0.911,0.666,25.2,0.377
CUST06965,Bengaluru,Routine_Commuter,57.1,0,Office_Commercial,11,0.913,0.695,0.698,0.87,28.7,0.554
CUST06966,Chennai,Routine_Commuter,62.5,1,Office_Commercial,14,0.573,0.65,0.571,0.686,30.0,0.548
CUST06967,Mumbai,Routine_Commuter,63.0,1,Office_Commercial,9,0.559,0.372,0.699,0.841,14.8,0.345
CUST06968,Delhi NCR,Price_Sensitive,46.2,0,Highway,12,0.403,0.789,0.502,0.616,24.9,0.631
CUST06969,Delhi NCR,High_Mileage,62.7,1,Fleet,19,0.455,0.542,0.577,0.99,24.9,0.43
CUST06970,Chennai,Convenience_First,45.3,0,Mall_Retail,7,0.887,0.366,0.81,0.82,18.3,0.355
CUST06971,Kochi,Convenience_First,55.7,0,Mall_Retail,8,0.885,0.037,0.875,0.769,29.8,0.169
CUST06972,Chennai,Price_Sensitive,65.8,1,Mall_Retail,6,0.465,0.99,0.656,0.467,27.1,0.74
CUST06973,Jaipur,Routine_Commuter,61.8,1,Hotel,8,0.902,0.319,0.523,0.856,20.4,0.383
CUST06974,Mumbai,Price_Sensitive,42.7,1,Residential,6,0.567,0.841,0.43,0.851,19.0,0.655
CUST06975,Lucknow,Price_Sensitive,44.7,0,Transit_Public,8,0.55,0.755,0.326,0.427,13.8,0.691
CUST06976,Chennai,Price_Sensitive,61.2,1,Hotel,9,0.666,0.671,0.715,0.781,21.8,0.526
CUST06977,Bengaluru,Routine_Commuter,55.4,0,Residential,8,0.645,0.602,0.849,0.827,26.1,0.452
CUST06978,Mumbai,Routine_Commuter,61.2,1,Office_Commercial,9,0.805,0.511,0.605,0.542,26.6,0.509
CUST06979,Hyderabad,High_Mileage,60.9,0,Office_Commercial,15,0.529,0.741,0.669,0.796,28.6,0.557
CUST06980,Lucknow,Routine_Commuter,52.9,0,Transit_Public,11,0.815,0.45,0.626,0.85,21.8,0.426
CUST06981,Chandigarh,Convenience_First,61.4,0,Mall_Retail,9,0.84,0.331,0.869,0.906,34.5,0.307
CUST06982,Mumbai,Convenience_First,67.2,1,Mall_Retail,7,0.875,0.222,0.99,0.618,22.7,0.269
CUST06983,Mumbai,Convenience_First,49.4,0,Mall_Retail,10,0.873,0.232,0.971,0.734,25.3,0.26
CUST06984,Hyderabad,Convenience_First,60.7,0,Mall_Retail,9,0.948,0.112,0.86,0.733,32.1,0.224
CUST06985,Kolkata,Routine_Commuter,51.5,1,Transit_Public,9,0.772,0.496,0.68,0.919,25.5,0.426
CUST06986,Bengaluru,Routine_Commuter,62.2,0,Highway,12,0.623,0.455,0.664,0.655,13.5,0.431
CUST06987,Bengaluru,Routine_Commuter,62.9,1,Highway,12,0.821,0.497,0.653,0.832,20.8,0.45
CUST06988,Bengaluru,Convenience_First,53.7,1,Transit_Public,7,0.855,0.042,0.99,0.814,17.1,0.139
CUST06989,Hyderabad,Convenience_First,62.5,0,Office_Commercial,5,0.847,0.41,0.957,0.756,24.7,0.355
CUST06990,Lucknow,Routine_Commuter,44.3,1,Office_Commercial,10,0.768,0.673,0.786,0.674,17.1,0.539
CUST06991,Delhi NCR,Convenience_First,63.6,1,Highway,6,0.696,0.255,0.815,0.844,34.6,0.27
CUST06992,Lucknow,Price_Sensitive,51.7,0,Transit_Public,9,0.596,0.765,0.354,0.645,28.5,0.663
CUST06993,Mumbai,Price_Sensitive,48.9,0,Transit_Public,10,0.01,0.796,0.329,0.517,19.5,0.645
CUST06994,Ahmedabad,Routine_Commuter,71.5,1,Office_Commercial,14,0.679,0.328,0.755,0.748,20.0,0.335
CUST06995,Pune,Convenience_First,55.2,0,Mall_Retail,10,0.826,0.277,0.834,0.581,28.0,0.331
CUST06996,Lucknow,Price_Sensitive,64.2,1,Transit_Public,6,0.487,0.99,0.556,0.309,20.3,0.786
CUST06997,Chennai,Convenience_First,58.3,1,Office_Commercial,9,0.719,0.311,0.87,0.725,18.9,0.31
CUST06998,Pune,High_Mileage,60.0,0,Highway,23,0.524,0.62,0.754,0.878,25.1,0.461
CUST06999,Pune,Routine_Commuter,59.4,0,Residential,8,0.76,0.656,0.548,0.764,25.7,0.563
CUST07000,Bengaluru,Convenience_First,45.7,0,Highway,8,0.706,0.403,0.923,0.766,13.4,0.342
CUST07001,Chennai,Routine_Commuter,67.6,1,Office_Commercial,9,0.719,0.486,0.492,0.698,35.2,0.486
CUST07002,Kolkata,Routine_Commuter,47.2,0,Residential,14,0.523,0.659,0.633,0.657,17.3,0.54
CUST07003,Pune,High_Mileage,77.6,1,Fleet,22,0.631,0.68,0.723,0.808,35.7,0.521
CUST07004,Hyderabad,Routine_Commuter,41.1,1,Residential,11,0.857,0.59,0.629,0.697,14.7,0.53
CUST07005,Lucknow,Convenience_First,57.7,0,Hotel,7,0.737,0.284,0.891,0.937,31.8,0.261
CUST07006,Pune,Price_Sensitive,45.9,0,Residential,8,0.721,0.894,0.392,0.36,19.9,0.781
CUST07007,Pune,Price_Sensitive,44.4,1,Office_Commercial,11,0.418,0.905,0.556,0.711,16.8,0.672
CUST07008,Delhi NCR,Convenience_First,59.2,0,Office_Commercial,10,0.552,0.318,0.911,0.858,20.8,0.269
CUST07009,Lucknow,Price_Sensitive,54.4,0,Office_Commercial,12,0.466,0.756,0.495,0.681,20.5,0.611
CUST07010,Delhi NCR,Routine_Commuter,47.1,1,Hotel,9,0.763,0.578,0.86,0.642,23.4,0.476
CUST07011,Kochi,Price_Sensitive,61.6,0,Transit_Public,9,0.785,0.704,0.411,0.437,21.3,0.668
CUST07012,Ahmedabad,Routine_Commuter,54.5,0,Highway,10,0.886,0.638,0.49,0.783,21.9,0.574
CUST07013,Kochi,Convenience_First,49.9,0,Highway,7,0.828,0.225,0.863,0.777,16.7,0.267
CUST07014,Pune,Routine_Commuter,57.7,1,Residential,9,0.537,0.456,0.683,0.739,22.0,0.407
CUST07015,Kochi,Price_Sensitive,45.7,0,Mall_Retail,11,0.32,0.99,0.36,0.336,15.5,0.804
CUST07016,Kolkata,Price_Sensitive,36.6,1,Office_Commercial,12,0.332,0.936,0.485,0.422,16.3,0.738
CUST07017,Ahmedabad,Routine_Commuter,50.1,0,Mall_Retail,8,0.831,0.692,0.334,0.682,22.4,0.644
CUST07018,Pune,Routine_Commuter,40.7,1,Mall_Retail,9,0.811,0.404,0.886,0.822,15.6,0.352
CUST07019,Chennai,Price_Sensitive,46.3,1,Residential,6,0.555,0.822,0.593,0.542,24.0,0.658
CUST07020,Chandigarh,Routine_Commuter,62.6,1,Mall_Retail,12,0.574,0.611,0.433,0.684,27.6,0.554
CUST07021,Pune,Routine_Commuter,45.2,1,Hotel,8,0.604,0.649,0.665,0.749,17.0,0.522
CUST07022,Delhi NCR,Routine_Commuter,40.5,1,Office_Commercial,12,0.799,0.462,0.819,0.883,18.4,0.388
CUST07023,Bengaluru,Routine_Commuter,53.2,1,Mall_Retail,14,0.676,0.441,0.779,0.833,24.3,0.379
CUST07024,Pune,Convenience_First,60.2,1,Residential,6,0.894,0.01,0.775,0.99,30.5,0.141
CUST07025,Chennai,Price_Sensitive,37.8,1,Mall_Retail,11,0.241,0.872,0.35,0.394,14.9,0.725
CUST07026,Jaipur,High_Mileage,79.8,0,Highway,15,0.832,0.504,0.726,0.889,29.6,0.432
CUST07027,Delhi NCR,Convenience_First,68.6,1,Hotel,10,0.645,0.286,0.857,0.977,32.7,0.254
CUST07028,Ahmedabad,Routine_Commuter,59.6,1,Residential,8,0.713,0.611,0.768,0.467,17.2,0.534
CUST07029,Kolkata,Convenience_First,47.5,0,Transit_Public,5,0.746,0.29,0.857,0.86,17.2,0.284
CUST07030,Kochi,Price_Sensitive,45.9,0,Mall_Retail,8,0.528,0.915,0.349,0.458,18.1,0.767
CUST07031,Hyderabad,Convenience_First,67.9,0,Residential,7,0.774,0.173,0.833,0.982,26.5,0.208
CUST07032,Ahmedabad,Price_Sensitive,43.8,0,Residential,8,0.708,0.658,0.613,0.487,17.1,0.587
CUST07033,Kochi,High_Mileage,67.4,0,Highway,24,0.291,0.443,0.828,0.976,34.6,0.311
CUST07034,Delhi NCR,High_Mileage,69.7,0,Highway,22,0.607,0.791,0.835,0.921,21.6,0.541
CUST07035,Jaipur,Convenience_First,77.4,1,Office_Commercial,7,0.962,0.235,0.782,0.781,33.0,0.302
CUST07036,Kolkata,High_Mileage,67.7,0,Fleet,15,0.513,0.742,0.474,0.72,28.1,0.607
CUST07037,Delhi NCR,Price_Sensitive,42.0,1,Office_Commercial,8,0.243,0.889,0.52,0.605,10.5,0.668
CUST07038,Mumbai,High_Mileage,84.4,0,Hotel,20,0.56,0.361,0.634,0.882,38.1,0.345
CUST07039,Lucknow,Convenience_First,63.8,0,Office_Commercial,6,0.906,0.221,0.802,0.638,28.6,0.306
CUST07040,Bengaluru,Price_Sensitive,42.6,0,Highway,7,0.576,0.904,0.829,0.455,20.6,0.671
CUST07041,Bengaluru,Routine_Commuter,52.2,0,Residential,14,0.766,0.352,0.709,0.468,18.8,0.408
CUST07042,Kolkata,Price_Sensitive,42.6,0,Fleet,6,0.576,0.894,0.407,0.542,15.7,0.736
CUST07043,Jaipur,Price_Sensitive,35.0,1,Residential,6,0.591,0.921,0.602,0.578,18.8,0.708
CUST07044,Hyderabad,Routine_Commuter,48.0,0,Residential,9,0.62,0.665,0.651,0.732,22.1,0.538
CUST07045,Kolkata,High_Mileage,73.2,0,Fleet,25,0.355,0.56,0.696,0.852,25.8,0.427
CUST07046,Chandigarh,Routine_Commuter,43.6,1,Residential,13,0.776,0.689,0.633,0.895,19.1,0.546
CUST07047,Ahmedabad,Routine_Commuter,69.6,1,Office_Commercial,8,0.643,0.401,0.714,0.796,19.5,0.373
CUST07048,Pune,Convenience_First,53.1,0,Fleet,7,0.729,0.091,0.791,0.853,19.9,0.187
CUST07049,Bengaluru,Routine_Commuter,47.1,1,Mall_Retail,10,0.788,0.596,0.613,0.964,18.4,0.49
CUST07050,Hyderabad,Routine_Commuter,51.0,1,Mall_Retail,13,0.664,0.858,0.637,0.873,24.4,0.63
CUST07051,Delhi NCR,Price_Sensitive,62.4,0,Mall_Retail,12,0.576,0.783,0.361,0.467,31.8,0.696
CUST07052,Delhi NCR,Routine_Commuter,51.7,0,Office_Commercial,8,0.538,0.34,0.706,0.798,23.4,0.33
CUST07053,Delhi NCR,Price_Sensitive,54.3,0,Office_Commercial,8,0.422,0.898,0.51,0.383,18.0,0.727
CUST07054,Chennai,Routine_Commuter,45.0,1,Highway,13,0.99,0.28,0.575,0.856,16.3,0.36
CUST07055,Delhi NCR,High_Mileage,66.8,0,Mall_Retail,20,0.676,0.447,0.664,0.756,29.6,0.417
CUST07056,Delhi NCR,Price_Sensitive,56.1,0,Residential,6,0.624,0.69,0.626,0.588,22.9,0.578
CUST07057,Bengaluru,Routine_Commuter,56.7,1,Mall_Retail,14,0.524,0.944,0.546,0.776,24.6,0.696
CUST07058,Ahmedabad,Convenience_First,63.1,1,Mall_Retail,9,0.823,0.247,0.861,0.762,29.6,0.282
CUST07059,Chennai,Routine_Commuter,64.6,1,Office_Commercial,12,0.739,0.584,0.774,0.828,34.6,0.466
CUST07060,Chandigarh,Convenience_First,59.1,0,Transit_Public,8,0.896,0.311,0.934,0.797,31.7,0.304
CUST07061,Kolkata,Price_Sensitive,57.3,1,Office_Commercial,6,0.522,0.807,0.645,0.612,23.8,0.625
CUST07062,Chennai,Convenience_First,46.4,1,Transit_Public,8,0.966,0.197,0.854,0.802,21.1,0.264
CUST07063,Bengaluru,Convenience_First,61.6,1,Transit_Public,9,0.665,0.131,0.867,0.92,19.1,0.177
CUST07064,Chandigarh,High_Mileage,60.2,0,Fleet,15,0.613,0.891,0.729,0.882,28.6,0.623
CUST07065,Delhi NCR,Routine_Commuter,45.8,1,Residential,12,0.693,0.513,0.588,0.695,21.3,0.479
CUST07066,Hyderabad,High_Mileage,57.9,0,Highway,20,0.528,0.561,0.774,0.917,26.3,0.419
CUST07067,Bengaluru,Price_Sensitive,50.3,1,Mall_Retail,7,0.422,0.794,0.616,0.606,16.8,0.615
CUST07068,Bengaluru,Routine_Commuter,52.9,0,Highway,12,0.577,0.497,0.651,0.648,25.0,0.453
CUST07069,Ahmedabad,Price_Sensitive,45.9,1,Office_Commercial,7,0.487,0.922,0.602,0.516,22.0,0.708
CUST07070,Chandigarh,Routine_Commuter,59.0,1,Transit_Public,9,0.711,0.651,0.609,0.678,29.0,0.556
CUST07071,Bengaluru,Routine_Commuter,42.9,0,Transit_Public,13,0.52,0.602,0.633,0.779,21.2,0.49
CUST07072,Chennai,Price_Sensitive,48.6,0,Highway,12,0.514,0.698,0.679,0.725,13.3,0.541
CUST07073,Ahmedabad,Convenience_First,60.1,0,Mall_Retail,6,0.863,0.149,0.86,0.629,26.6,0.252
CUST07074,Kolkata,Routine_Commuter,57.3,1,Residential,14,0.767,0.643,0.539,0.709,17.8,0.566
CUST07075,Delhi NCR,High_Mileage,70.0,1,Highway,16,0.887,0.721,0.804,0.835,28.0,0.549
CUST07076,Hyderabad,Routine_Commuter,60.3,1,Office_Commercial,13,0.722,0.402,0.634,0.741,21.9,0.405
CUST07077,Hyderabad,Convenience_First,51.7,1,Residential,9,0.781,0.174,0.873,0.961,25.1,0.205
CUST07078,Bengaluru,Routine_Commuter,49.3,1,Residential,14,0.81,0.553,0.728,0.868,25.4,0.459
CUST07079,Delhi NCR,Routine_Commuter,50.0,1,Office_Commercial,9,0.825,0.441,0.632,0.63,24.0,0.454
CUST07080,Delhi NCR,Routine_Commuter,62.1,1,Office_Commercial,8,0.699,0.627,0.702,0.765,34.6,0.51
CUST07081,Mumbai,Routine_Commuter,46.2,1,Residential,11,0.773,0.694,0.652,0.66,16.8,0.58
CUST07082,Chennai,Convenience_First,57.6,0,Highway,5,0.755,0.29,0.85,0.835,29.8,0.29
CUST07083,Jaipur,Convenience_First,61.8,0,Hotel,9,0.785,0.261,0.902,0.737,33.4,0.281
CUST07084,Pune,Routine_Commuter,60.8,0,Mall_Retail,12,0.763,0.767,0.787,0.549,18.2,0.608
CUST07085,Pune,Convenience_First,63.4,1,Transit_Public,7,0.662,0.32,0.872,0.99,27.2,0.27
CUST07086,Ahmedabad,Price_Sensitive,50.8,0,Mall_Retail,9,0.68,0.933,0.61,0.564,18.9,0.725
CUST07087,Mumbai,Routine_Commuter,42.5,1,Office_Commercial,10,0.658,0.337,0.6,0.706,25.1,0.376
CUST07088,Chennai,Routine_Commuter,55.6,1,Office_Commercial,10,0.778,0.514,0.477,0.75,25.3,0.502
CUST07089,Ahmedabad,High_Mileage,82.3,0,Fleet,23,0.495,0.88,0.854,0.78,32.3,0.595
CUST07090,Pune,Price_Sensitive,57.2,0,Office_Commercial,6,0.201,0.756,0.384,0.376,22.6,0.653
CUST07091,Chennai,Price_Sensitive,53.5,1,Transit_Public,11,0.091,0.94,0.463,0.593,21.6,0.694
CUST07092,Lucknow,Routine_Commuter,58.1,1,Transit_Public,12,0.788,0.467,0.8,0.784,28.3,0.408
CUST07093,Hyderabad,Price_Sensitive,54.2,0,Mall_Retail,8,0.435,0.818,0.465,0.634,28.0,0.655
CUST07094,Jaipur,Routine_Commuter,61.4,1,Residential,8,0.689,0.351,0.48,0.861,21.9,0.387
CUST07095,Kochi,Convenience_First,75.2,0,Fleet,10,0.781,0.02,0.746,0.972,31.1,0.144
CUST07096,Mumbai,Convenience_First,53.7,0,Office_Commercial,6,0.708,0.38,0.88,0.621,16.5,0.361
CUST07097,Kolkata,Convenience_First,39.4,1,Highway,9,0.905,0.24,0.97,0.826,17.8,0.255
CUST07098,Kochi,Routine_Commuter,58.3,1,Office_Commercial,11,0.657,0.441,0.813,0.734,25.4,0.386
CUST07099,Chennai,Convenience_First,67.0,0,Mall_Retail,5,0.79,0.268,0.764,0.737,28.6,0.313
CUST07100,Hyderabad,Convenience_First,64.2,0,Hotel,5,0.771,0.203,0.836,0.771,30.5,0.256
CUST07101,Ahmedabad,Routine_Commuter,52.9,1,Transit_Public,12,0.832,0.612,0.805,0.72,30.5,0.501
CUST07102,Chennai,Routine_Commuter,51.8,1,Mall_Retail,12,0.696,0.73,0.538,0.801,28.9,0.594
CUST07103,Lucknow,Routine_Commuter,47.7,1,Mall_Retail,12,0.569,0.43,0.74,0.705,13.1,0.389
CUST07104,Bengaluru,Price_Sensitive,35.0,0,Residential,12,0.521,0.951,0.478,0.636,13.6,0.734
CUST07105,Mumbai,Convenience_First,69.4,1,Hotel,8,0.699,0.233,0.719,0.78,43.6,0.287
CUST07106,Lucknow,Convenience_First,65.5,0,Mall_Retail,7,0.769,0.103,0.895,0.865,26.6,0.175
CUST07107,Kolkata,Convenience_First,50.5,0,Mall_Retail,7,0.769,0.349,0.796,0.685,17.4,0.357
CUST07108,Chandigarh,Routine_Commuter,56.1,1,Office_Commercial,13,0.763,0.365,0.744,0.701,21.4,0.373
CUST07109,Hyderabad,Price_Sensitive,50.7,0,Transit_Public,9,0.391,0.984,0.554,0.671,23.0,0.719
CUST07110,Hyderabad,Convenience_First,79.4,1,Highway,9,0.781,0.167,0.877,0.846,30.7,0.218
CUST07111,Kolkata,Routine_Commuter,60.8,1,Residential,13,0.571,0.485,0.661,0.526,28.7,0.463
CUST07112,Hyderabad,High_Mileage,67.9,0,Fleet,19,0.42,0.99,0.617,0.891,31.0,0.679
CUST07113,Kochi,Routine_Commuter,45.8,1,Residential,11,0.768,0.605,0.962,0.78,24.1,0.45
CUST07114,Mumbai,Convenience_First,39.7,0,Hotel,9,0.972,0.199,0.818,0.85,14.0,0.265
CUST07115,Hyderabad,Routine_Commuter,60.6,1,Office_Commercial,10,0.715,0.634,0.712,0.7,40.0,0.523
CUST07116,Jaipur,Routine_Commuter,52.7,1,Mall_Retail,12,0.514,0.425,0.435,0.8,20.6,0.428
CUST07117,Bengaluru,Routine_Commuter,57.8,0,Highway,9,0.729,0.701,0.79,0.892,28.5,0.517
CUST07118,Mumbai,Convenience_First,60.7,0,Highway,6,0.913,0.237,0.99,0.896,27.7,0.24
CUST07119,Jaipur,Routine_Commuter,51.9,1,Office_Commercial,10,0.688,0.425,0.705,0.658,20.3,0.413
CUST07120,Mumbai,Convenience_First,56.6,0,Highway,7,0.851,0.199,0.901,0.754,27.9,0.251
CUST07121,Kochi,Routine_Commuter,43.0,0,Residential,12,0.853,0.625,0.767,0.669,23.6,0.525
CUST07122,Mumbai,Convenience_First,64.9,0,Mall_Retail,8,0.739,0.18,0.849,0.787,31.8,0.235
CUST07123,Bengaluru,Routine_Commuter,52.2,1,Residential,10,0.773,0.499,0.672,0.695,19.5,0.463
CUST07124,Mumbai,Price_Sensitive,50.7,1,Mall_Retail,6,0.372,0.718,0.522,0.539,21.1,0.597
CUST07125,Hyderabad,Convenience_First,61.4,0,Mall_Retail,6,0.761,0.339,0.862,0.697,28.9,0.335
CUST07126,Chandigarh,Convenience_First,62.5,0,Highway,9,0.857,0.234,0.789,0.872,22.2,0.276
CUST07127,Mumbai,Price_Sensitive,67.5,0,Fleet,7,0.462,0.678,0.418,0.704,27.3,0.58
CUST07128,Pune,Price_Sensitive,65.7,1,Office_Commercial,11,0.43,0.915,0.451,0.703,30.7,0.701
CUST07129,Ahmedabad,High_Mileage,70.8,0,Hotel,16,0.549,0.786,0.71,0.976,37.2,0.549
CUST07130,Bengaluru,Convenience_First,43.5,0,Office_Commercial,6,0.887,0.173,0.769,0.674,20.8,0.279
CUST07131,Hyderabad,Price_Sensitive,42.9,1,Residential,9,0.435,0.87,0.605,0.589,15.0,0.663
CUST07132,Mumbai,Routine_Commuter,54.2,1,Residential,8,0.558,0.434,0.497,0.623,27.6,0.452
CUST07133,Ahmedabad,Convenience_First,39.7,1,Office_Commercial,7,0.816,0.396,0.91,0.62,16.0,0.374
CUST07134,Delhi NCR,Routine_Commuter,65.7,1,Residential,11,0.746,0.759,0.664,0.677,26.0,0.607
CUST07135,Delhi NCR,Price_Sensitive,53.4,0,Highway,8,0.264,0.801,0.433,0.743,28.7,0.619
CUST07136,Bengaluru,Price_Sensitive,51.7,1,Residential,11,0.634,0.77,0.597,0.453,18.3,0.649
CUST07137,Delhi NCR,Price_Sensitive,65.9,0,Office_Commercial,11,0.52,0.917,0.494,0.594,32.1,0.719
CUST07138,Ahmedabad,Price_Sensitive,62.6,1,Residential,12,0.412,0.778,0.326,0.414,36.6,0.692
CUST07139,Mumbai,Convenience_First,55.8,0,Mall_Retail,5,0.72,0.169,0.785,0.731,31.4,0.248
CUST07140,Pune,Convenience_First,60.6,0,Highway,8,0.861,0.265,0.972,0.882,28.4,0.255
CUST07141,Hyderabad,Price_Sensitive,50.9,0,Highway,7,0.535,0.812,0.177,0.255,25.5,0.777
CUST07142,Kolkata,High_Mileage,85.4,0,Fleet,15,0.398,0.552,0.615,0.863,37.4,0.441
CUST07143,Kolkata,Convenience_First,58.5,0,Highway,6,0.791,0.328,0.681,0.791,30.3,0.354
CUST07144,Bengaluru,Convenience_First,62.3,1,Office_Commercial,10,0.934,0.421,0.99,0.708,24.9,0.371
CUST07145,Chennai,High_Mileage,80.2,0,Fleet,21,0.231,0.432,0.834,0.806,29.4,0.323
CUST07146,Chennai,High_Mileage,80.0,0,Highway,23,0.615,0.724,0.765,0.931,29.3,0.517
CUST07147,Delhi NCR,Routine_Commuter,51.9,1,Residential,13,0.796,0.333,0.87,0.814,20.1,0.317
CUST07148,Ahmedabad,Routine_Commuter,66.1,1,Office_Commercial,9,0.569,0.671,0.755,0.829,27.3,0.501
CUST07149,Delhi NCR,Convenience_First,59.2,0,Highway,7,0.659,0.204,0.931,0.853,25.9,0.214
CUST07150,Ahmedabad,Routine_Commuter,73.1,1,Residential,11,0.654,0.665,0.664,0.608,23.7,0.557
CUST07151,Jaipur,Convenience_First,44.3,0,Highway,9,0.678,0.266,0.813,0.719,19.8,0.294
CUST07152,Hyderabad,Routine_Commuter,56.6,0,Mall_Retail,12,0.483,0.774,0.657,0.616,28.9,0.6
CUST07153,Lucknow,Routine_Commuter,59.1,1,Mall_Retail,12,0.7,0.404,0.546,0.808,30.1,0.412
CUST07154,Lucknow,Routine_Commuter,60.8,1,Residential,13,0.769,0.379,0.733,0.663,20.1,0.389
CUST07155,Mumbai,Routine_Commuter,57.5,1,Mall_Retail,9,0.904,0.528,0.672,0.732,21.1,0.487
CUST07156,Ahmedabad,Convenience_First,61.9,1,Office_Commercial,10,0.758,0.234,0.778,0.652,29.8,0.301
CUST07157,Kolkata,Convenience_First,53.8,0,Hotel,6,0.822,0.164,0.923,0.828,29.2,0.214
CUST07158,Hyderabad,Price_Sensitive,50.4,0,Mall_Retail,6,0.693,0.704,0.17,0.56,19.8,0.688
CUST07159,Hyderabad,Price_Sensitive,41.9,1,Office_Commercial,9,0.361,0.733,0.452,0.777,18.2,0.582
CUST07160,Bengaluru,Routine_Commuter,55.6,0,Mall_Retail,13,0.708,0.721,0.79,0.665,30.2,0.559
CUST07161,Pune,High_Mileage,64.0,0,Mall_Retail,21,0.366,0.758,0.581,0.925,29.3,0.549
CUST07162,Lucknow,Routine_Commuter,49.2,1,Office_Commercial,13,0.89,0.701,0.794,0.837,12.4,0.54
CUST07163,Kolkata,High_Mileage,65.2,0,Mall_Retail,23,0.787,0.554,0.675,0.757,22.8,0.485
CUST07164,Kochi,Routine_Commuter,55.8,1,Hotel,12,0.71,0.439,0.706,0.543,32.6,0.44
CUST07165,Mumbai,Price_Sensitive,57.6,0,Transit_Public,12,0.636,0.861,0.7,0.602,27.8,0.657
CUST07166,Bengaluru,Routine_Commuter,56.1,1,Residential,14,0.792,0.347,0.592,0.807,25.2,0.381
CUST07167,Chennai,Routine_Commuter,65.8,1,Residential,11,0.701,0.545,0.783,0.676,33.8,0.462
CUST07168,Kochi,Convenience_First,58.0,0,Highway,9,0.829,0.29,0.878,0.833,27.1,0.292
CUST07169,Ahmedabad,Routine_Commuter,50.9,1,Hotel,13,0.715,0.559,0.698,0.824,30.4,0.466
CUST07170,Lucknow,Convenience_First,53.4,0,Hotel,5,0.715,0.356,0.727,0.832,19.6,0.347
CUST07171,Pune,Convenience_First,59.9,0,Transit_Public,8,0.755,0.153,0.807,0.709,24.5,0.242
CUST07172,Jaipur,Routine_Commuter,44.1,1,Residential,13,0.622,0.267,0.469,0.739,10.3,0.355
CUST07173,Bengaluru,Routine_Commuter,65.6,0,Residential,8,0.675,0.431,0.737,0.604,33.9,0.416
CUST07174,Mumbai,Price_Sensitive,49.2,0,Mall_Retail,7,0.381,0.809,0.418,0.599,22.8,0.659
CUST07175,Chennai,Routine_Commuter,49.2,1,Hotel,11,0.805,0.403,0.66,0.685,18.3,0.417
CUST07176,Kolkata,Convenience_First,52.3,0,Office_Commercial,10,0.861,0.346,0.851,0.851,28.0,0.328
CUST07177,Chandigarh,Convenience_First,56.7,0,Office_Commercial,9,0.99,0.338,0.962,0.754,23.6,0.33
CUST07178,Bengaluru,High_Mileage,54.5,0,Highway,23,0.597,0.632,0.937,0.738,21.5,0.459
CUST07179,Pune,Convenience_First,57.0,0,Highway,9,0.953,0.381,0.923,0.718,23.5,0.362
CUST07180,Lucknow,Routine_Commuter,46.7,1,Mall_Retail,10,0.704,0.45,0.491,0.814,20.0,0.447
CUST07181,Pune,Routine_Commuter,59.1,0,Highway,9,0.768,0.509,0.699,0.826,29.3,0.443
CUST07182,Chandigarh,Routine_Commuter,61.0,0,Residential,9,0.932,0.676,0.562,0.725,28.1,0.594
CUST07183,Pune,Convenience_First,68.4,1,Office_Commercial,10,0.828,0.246,0.788,0.776,29.2,0.294
CUST07184,Bengaluru,Routine_Commuter,55.6,1,Office_Commercial,8,0.697,0.564,0.422,0.99,21.9,0.497
CUST07185,Kolkata,Routine_Commuter,69.8,0,Office_Commercial,11,0.741,0.64,0.772,0.805,31.6,0.501
CUST07186,Bengaluru,Routine_Commuter,44.2,0,Residential,14,0.691,0.507,0.524,0.733,17.7,0.483
CUST07187,Jaipur,Routine_Commuter,59.6,1,Transit_Public,14,0.867,0.551,0.414,0.718,19.8,0.549
CUST07188,Jaipur,Convenience_First,51.2,0,Mall_Retail,10,0.79,0.295,0.732,0.927,17.4,0.306
CUST07189,Chennai,Convenience_First,67.1,0,Mall_Retail,6,0.722,0.01,0.911,0.754,31.0,0.132
CUST07190,Bengaluru,Routine_Commuter,43.1,0,Mall_Retail,10,0.688,0.41,0.657,0.676,22.0,0.411
CUST07191,Kochi,Routine_Commuter,58.8,1,Office_Commercial,12,0.67,0.495,0.606,0.785,24.7,0.451
CUST07192,Pune,Convenience_First,60.9,0,Transit_Public,7,0.71,0.169,0.882,0.862,23.0,0.208
CUST07193,Chennai,High_Mileage,63.4,0,Transit_Public,20,0.448,0.687,0.691,0.868,28.2,0.504
CUST07194,Kolkata,Price_Sensitive,46.9,0,Hotel,7,0.497,0.782,0.498,0.79,10.4,0.612
CUST07195,Delhi NCR,High_Mileage,81.8,0,Fleet,23,0.641,0.984,0.7,0.788,29.8,0.697
CUST07196,Pune,Routine_Commuter,60.3,0,Office_Commercial,11,0.61,0.351,0.667,0.734,23.4,0.36
CUST07197,Ahmedabad,Convenience_First,74.8,0,Residential,6,0.819,0.313,0.843,0.617,30.6,0.343
CUST07198,Hyderabad,Routine_Commuter,65.5,1,Mall_Retail,10,0.694,0.691,0.868,0.701,32.4,0.52
CUST07199,Delhi NCR,Routine_Commuter,56.9,1,Mall_Retail,12,0.705,0.393,0.862,0.706,27.4,0.358
CUST07200,Hyderabad,Routine_Commuter,55.2,0,Mall_Retail,10,0.76,0.67,0.484,0.707,17.1,0.592
CUST07201,Chandigarh,Convenience_First,51.2,1,Hotel,7,0.675,0.116,0.969,0.845,22.7,0.16
CUST07202,Mumbai,Price_Sensitive,39.3,0,Mall_Retail,11,0.31,0.691,0.509,0.99,17.8,0.511
CUST07203,Mumbai,Price_Sensitive,41.9,1,Transit_Public,10,0.459,0.751,0.69,0.754,22.2,0.558
CUST07204,Bengaluru,Routine_Commuter,60.4,0,Office_Commercial,14,0.888,0.678,0.516,0.807,23.4,0.588
CUST07205,Hyderabad,Routine_Commuter,63.5,1,Office_Commercial,14,0.735,0.445,0.604,0.457,23.0,0.479
CUST07206,Jaipur,Convenience_First,64.0,1,Office_Commercial,5,0.826,0.397,0.756,0.606,27.8,0.409
CUST07207,Lucknow,Price_Sensitive,60.2,0,Office_Commercial,6,0.324,0.779,0.525,0.727,23.3,0.597
CUST07208,Pune,High_Mileage,66.2,0,Fleet,18,0.683,0.801,0.696,0.874,37.0,0.589
CUST07209,Delhi NCR,Routine_Commuter,54.8,1,Office_Commercial,12,0.767,0.353,0.731,0.755,19.2,0.361
CUST07210,Pune,High_Mileage,62.8,0,Residential,23,0.243,0.651,0.974,0.889,27.7,0.404
CUST07211,Ahmedabad,Convenience_First,61.1,1,Office_Commercial,5,0.7,0.207,0.651,0.738,28.1,0.293
CUST07212,Kochi,Routine_Commuter,45.9,0,Mall_Retail,11,0.731,0.498,0.904,0.684,17.9,0.413
CUST07213,Lucknow,Convenience_First,67.3,0,Hotel,6,0.867,0.229,0.881,0.73,32.7,0.277
CUST07214,Ahmedabad,Routine_Commuter,46.3,0,Mall_Retail,12,0.574,0.476,0.709,0.727,22.2,0.418
CUST07215,Kolkata,Price_Sensitive,55.7,0,Office_Commercial,7,0.508,0.718,0.476,0.488,24.3,0.627
CUST07216,Mumbai,Routine_Commuter,56.6,0,Mall_Retail,12,0.871,0.706,0.655,0.658,18.8,0.596
CUST07217,Hyderabad,Routine_Commuter,53.2,1,Office_Commercial,9,0.931,0.415,0.709,0.772,22.5,0.414
CUST07218,Ahmedabad,Routine_Commuter,57.6,0,Residential,9,0.668,0.463,0.688,0.777,33.4,0.417
CUST07219,Bengaluru,Routine_Commuter,73.1,0,Fleet,13,0.673,0.967,0.519,0.777,29.1,0.729
CUST07220,Mumbai,High_Mileage,54.4,0,Office_Commercial,18,0.57,0.658,0.816,0.863,25.1,0.477
CUST07221,Jaipur,Convenience_First,53.3,0,Transit_Public,6,0.913,0.214,0.877,0.889,23.9,0.25
CUST07222,Mumbai,Routine_Commuter,47.5,1,Highway,12,0.813,0.416,0.813,0.773,14.0,0.381
CUST07223,Delhi NCR,Convenience_First,76.4,0,Hotel,6,0.755,0.315,0.808,0.741,41.8,0.326
CUST07224,Ahmedabad,Convenience_First,57.1,1,Transit_Public,6,0.652,0.118,0.853,0.755,21.4,0.196
CUST07225,Chennai,Convenience_First,83.5,1,Mall_Retail,7,0.798,0.422,0.846,0.893,28.8,0.359
CUST07226,Mumbai,Price_Sensitive,41.4,0,Residential,12,0.862,0.768,0.489,0.597,16.6,0.671
CUST07227,Kochi,Routine_Commuter,48.6,1,Transit_Public,9,0.721,0.43,0.698,0.774,15.8,0.403
CUST07228,Mumbai,High_Mileage,68.3,0,Highway,24,0.616,0.645,0.833,0.844,38.3,0.473
CUST07229,Kochi,Routine_Commuter,56.7,0,Transit_Public,12,0.965,0.362,0.798,0.653,20.6,0.388
CUST07230,Delhi NCR,Routine_Commuter,57.7,0,Office_Commercial,11,0.668,0.704,0.637,0.727,35.1,0.567
CUST07231,Kochi,High_Mileage,56.8,0,Transit_Public,20,0.767,0.619,0.77,0.791,23.9,0.495
CUST07232,Chennai,Price_Sensitive,63.8,0,Office_Commercial,12,0.259,0.818,0.442,0.42,29.6,0.675
CUST07233,Mumbai,High_Mileage,66.9,0,Fleet,24,0.654,0.599,0.818,0.83,15.3,0.457
CUST07234,Chennai,Price_Sensitive,48.1,1,Transit_Public,8,0.337,0.848,0.462,0.682,31.1,0.655
CUST07235,Chandigarh,Routine_Commuter,37.5,1,Office_Commercial,8,0.811,0.483,0.699,0.78,18.0,0.44
CUST07236,Jaipur,Price_Sensitive,49.5,0,Residential,8,0.519,0.707,0.715,0.868,19.8,0.518
CUST07237,Chennai,Price_Sensitive,42.2,0,Mall_Retail,9,0.574,0.766,0.585,0.493,14.9,0.638
CUST07238,Chandigarh,Convenience_First,53.7,1,Office_Commercial,10,0.944,0.37,0.937,0.884,27.4,0.328
CUST07239,Kochi,Routine_Commuter,53.5,1,Transit_Public,14,0.661,0.407,0.55,0.646,29.3,0.433
CUST07240,Kolkata,Convenience_First,60.0,0,Residential,6,0.742,0.369,0.931,0.761,31.8,0.327
CUST07241,Hyderabad,Routine_Commuter,65.5,1,Office_Commercial,12,0.784,0.508,0.743,0.713,29.3,0.452
CUST07242,Chennai,Routine_Commuter,58.5,1,Mall_Retail,9,0.978,0.702,0.734,0.689,24.1,0.584
CUST07243,Jaipur,Routine_Commuter,49.4,1,Residential,8,0.654,0.299,0.585,0.677,26.0,0.361
CUST07244,Pune,Price_Sensitive,65.8,0,Mall_Retail,11,0.733,0.754,0.598,0.527,35.0,0.639
CUST07245,Mumbai,Price_Sensitive,51.1,0,Hotel,10,0.75,0.887,0.355,0.539,18.1,0.761
CUST07246,Chennai,Convenience_First,52.6,1,Office_Commercial,7,0.898,0.198,0.929,0.952,21.1,0.22
CUST07247,Kochi,Routine_Commuter,53.8,1,Office_Commercial,13,0.572,0.525,0.64,0.726,25.2,0.459
CUST07248,Pune,Convenience_First,57.5,1,Hotel,7,0.848,0.317,0.82,0.767,19.5,0.33
CUST07249,Chennai,High_Mileage,71.3,0,Residential,15,0.454,0.624,0.622,0.719,34.6,0.506
CUST07250,Hyderabad,Convenience_First,53.4,0,Fleet,10,0.695,0.278,0.904,0.803,25.1,0.271
CUST07251,Delhi NCR,Convenience_First,56.6,1,Highway,5,0.926,0.155,0.814,0.709,16.2,0.259
CUST07252,Hyderabad,Routine_Commuter,65.2,1,Office_Commercial,9,0.889,0.718,0.548,0.713,14.5,0.617
CUST07253,Hyderabad,Convenience_First,53.3,0,Fleet,7,0.916,0.213,0.926,0.853,24.6,0.246
CUST07254,Delhi NCR,Routine_Commuter,50.9,1,Office_Commercial,10,0.751,0.663,0.795,0.627,19.8,0.537
CUST07255,Delhi NCR,Convenience_First,63.6,1,Fleet,9,0.825,0.424,0.817,0.854,17.9,0.374
CUST07256,Kolkata,Routine_Commuter,58.4,1,Office_Commercial,12,0.99,0.626,0.556,0.744,24.6,0.57
CUST07257,Chennai,Routine_Commuter,55.9,0,Office_Commercial,11,0.751,0.615,0.781,0.817,12.4,0.485
CUST07258,Jaipur,Price_Sensitive,61.3,0,Mall_Retail,8,0.59,0.833,0.598,0.633,30.5,0.653
CUST07259,Pune,Routine_Commuter,68.3,1,Transit_Public,14,0.729,0.735,0.61,0.657,24.5,0.607
CUST07260,Pune,Routine_Commuter,44.5,1,Residential,10,0.616,0.481,0.607,0.556,8.0,0.471
CUST07261,Mumbai,Routine_Commuter,47.9,1,Residential,14,0.788,0.818,0.649,0.765,30.4,0.634
CUST07262,Kolkata,Convenience_First,71.8,1,Mall_Retail,7,0.827,0.344,0.928,0.634,30.2,0.341
CUST07263,Pune,Routine_Commuter,57.0,1,Highway,9,0.761,0.671,0.823,0.665,30.5,0.531
CUST07264,Chennai,Routine_Commuter,62.0,1,Mall_Retail,8,0.95,0.253,0.6,0.651,31.2,0.367
CUST07265,Bengaluru,Price_Sensitive,40.3,1,Office_Commercial,10,0.537,0.707,0.446,0.539,18.8,0.623
CUST07266,Kolkata,High_Mileage,68.9,0,Highway,18,0.43,0.751,0.682,0.957,28.0,0.526
CUST07267,Chandigarh,Convenience_First,72.3,1,Mall_Retail,10,0.584,0.466,0.901,0.769,29.2,0.369
CUST07268,Jaipur,Price_Sensitive,52.4,0,Residential,8,0.265,0.751,0.548,0.768,26.9,0.565
CUST07269,Bengaluru,High_Mileage,70.3,1,Highway,19,0.474,0.673,0.767,0.664,25.8,0.515
CUST07270,Hyderabad,Price_Sensitive,61.3,1,Residential,9,0.921,0.836,0.352,0.356,23.1,0.778
CUST07271,Kolkata,Convenience_First,50.4,0,Mall_Retail,8,0.756,0.045,0.819,0.747,17.5,0.174
CUST07272,Delhi NCR,Routine_Commuter,63.1,0,Office_Commercial,12,0.655,0.486,0.726,0.904,32.0,0.402
CUST07273,Ahmedabad,Routine_Commuter,59.0,0,Residential,9,0.896,0.394,0.808,0.844,25.0,0.368
CUST07274,Kochi,Convenience_First,63.5,0,Fleet,10,0.773,0.24,0.956,0.73,30.3,0.259
CUST07275,Chennai,Routine_Commuter,44.2,1,Residential,12,0.754,0.629,0.583,0.519,17.0,0.577
CUST07276,Chandigarh,Convenience_First,69.0,1,Office_Commercial,7,0.8,0.281,0.786,0.681,30.7,0.325
CUST07277,Mumbai,Routine_Commuter,51.8,1,Residential,9,0.584,0.482,0.555,0.74,32.2,0.451
CUST07278,Kochi,Price_Sensitive,45.3,0,Residential,7,0.259,0.835,0.266,0.538,14.1,0.701
CUST07279,Bengaluru,Routine_Commuter,52.9,1,Residential,13,0.743,0.476,0.755,0.446,23.2,0.468
CUST07280,Delhi NCR,Convenience_First,54.7,0,Mall_Retail,5,0.883,0.098,0.926,0.784,23.8,0.189
CUST07281,Ahmedabad,Convenience_First,50.3,0,Residential,6,0.781,0.199,0.813,0.646,16.3,0.278
CUST07282,Mumbai,Routine_Commuter,49.2,1,Residential,14,0.808,0.728,0.69,0.799,24.4,0.573
CUST07283,Jaipur,Routine_Commuter,47.4,1,Transit_Public,12,0.582,0.602,0.597,0.675,24.5,0.519
CUST07284,Jaipur,Convenience_First,49.6,0,Residential,6,0.918,0.15,0.951,0.947,13.9,0.192
CUST07285,Mumbai,Routine_Commuter,67.8,1,Transit_Public,13,0.664,0.402,0.525,0.545,26.1,0.451
CUST07286,Delhi NCR,Convenience_First,66.6,1,Fleet,7,0.912,0.202,0.848,0.729,25.9,0.273
CUST07287,Pune,Convenience_First,65.4,0,Mall_Retail,5,0.815,0.257,0.97,0.833,28.4,0.254
CUST07288,Jaipur,High_Mileage,52.8,1,Mall_Retail,25,0.418,0.669,0.903,0.747,13.5,0.467
CUST07289,Bengaluru,Price_Sensitive,53.3,1,Highway,12,0.5,0.672,0.5,0.376,17.0,0.613
CUST07290,Kochi,Convenience_First,63.6,1,Mall_Retail,6,0.849,0.27,0.94,0.858,13.3,0.266
CUST07291,Chandigarh,Convenience_First,60.2,1,Mall_Retail,6,0.767,0.352,0.787,0.774,22.3,0.347
CUST07292,Delhi NCR,Routine_Commuter,56.7,0,Residential,10,0.716,0.39,0.574,0.686,20.4,0.418
CUST07293,Kolkata,Price_Sensitive,51.7,1,Hotel,10,0.431,0.529,0.412,0.538,17.6,0.521
CUST07294,Delhi NCR,Convenience_First,57.3,0,Highway,6,0.844,0.321,0.831,0.777,20.3,0.328
CUST07295,Kochi,Routine_Commuter,51.6,0,Office_Commercial,11,0.735,0.489,0.511,0.585,28.1,0.503
CUST07296,Bengaluru,Convenience_First,61.7,1,Highway,8,0.8,0.314,0.981,0.872,26.4,0.276
CUST07297,Bengaluru,Convenience_First,69.9,1,Mall_Retail,7,0.99,0.266,0.845,0.884,30.9,0.293
CUST07298,Delhi NCR,Routine_Commuter,56.6,0,Transit_Public,11,0.705,0.291,0.759,0.828,23.2,0.304
CUST07299,Chandigarh,Routine_Commuter,66.5,1,Office_Commercial,10,0.597,0.32,0.882,0.687,24.3,0.307
CUST07300,Chennai,Routine_Commuter,58.5,1,Mall_Retail,8,0.799,0.671,0.906,0.885,33.1,0.485
CUST07301,Chandigarh,High_Mileage,73.1,0,Fleet,24,0.426,0.82,0.846,0.896,24.4,0.54
CUST07302,Jaipur,Routine_Commuter,41.7,0,Transit_Public,12,0.812,0.634,0.825,0.739,15.5,0.504
CUST07303,Hyderabad,Price_Sensitive,69.6,0,Residential,11,0.455,0.98,0.413,0.381,25.5,0.795
CUST07304,Mumbai,Routine_Commuter,41.6,0,Office_Commercial,14,0.638,0.711,0.722,0.763,12.1,0.546
CUST07305,Bengaluru,Routine_Commuter,51.8,0,Office_Commercial,11,0.752,0.4,0.558,0.731,24.4,0.424
CUST07306,Mumbai,High_Mileage,78.0,0,Highway,20,0.35,0.569,0.658,0.927,40.9,0.427
CUST07307,Jaipur,Convenience_First,48.4,1,Highway,10,0.962,0.234,0.935,0.847,20.9,0.261
CUST07308,Mumbai,High_Mileage,68.5,0,Mall_Retail,25,0.545,0.694,0.814,0.81,35.0,0.502
CUST07309,Pune,Routine_Commuter,73.2,0,Office_Commercial,11,0.681,0.454,0.826,0.253,16.7,0.465
CUST07310,Mumbai,Convenience_First,57.2,1,Transit_Public,6,0.806,0.37,0.832,0.719,28.9,0.36
CUST07311,Delhi NCR,Price_Sensitive,57.7,0,Residential,9,0.203,0.883,0.472,0.612,31.5,0.67
CUST07312,Chennai,Routine_Commuter,51.4,0,Office_Commercial,14,0.99,0.514,0.888,0.653,24.5,0.456
CUST07313,Hyderabad,Price_Sensitive,49.5,0,Highway,8,0.64,0.672,0.491,0.815,20.7,0.563
CUST07314,Mumbai,Convenience_First,68.1,0,Mall_Retail,10,0.77,0.395,0.867,0.901,27.1,0.336
CUST07315,Bengaluru,Routine_Commuter,70.2,0,Transit_Public,9,0.494,0.631,0.412,0.737,29.1,0.553
CUST07316,Bengaluru,Routine_Commuter,58.3,1,Residential,11,0.77,0.401,0.646,0.663,23.8,0.419
CUST07317,Chennai,High_Mileage,72.0,0,Office_Commercial,19,0.576,0.693,0.807,0.806,29.4,0.506
CUST07318,Delhi NCR,Price_Sensitive,46.4,1,Hotel,6,0.57,0.99,0.353,0.723,17.0,0.772
CUST07319,Lucknow,Routine_Commuter,56.4,1,Transit_Public,11,0.6,0.595,0.821,0.798,27.5,0.453
CUST07320,Kolkata,Price_Sensitive,57.4,1,Residential,6,0.598,0.713,0.367,0.384,27.6,0.671
CUST07321,Lucknow,Price_Sensitive,40.1,1,Highway,8,0.351,0.833,0.137,0.466,24.2,0.746
CUST07322,Kolkata,Routine_Commuter,52.3,1,Office_Commercial,10,0.655,0.573,0.794,0.815,34.1,0.45
CUST07323,Kolkata,Price_Sensitive,35.0,0,Residential,9,0.422,0.744,0.798,0.401,13.7,0.582
CUST07324,Mumbai,Routine_Commuter,69.1,1,Office_Commercial,11,0.892,0.577,0.572,0.748,31.7,0.53
CUST07325,Bengaluru,Routine_Commuter,58.5,1,Office_Commercial,12,0.768,0.726,0.753,0.56,25.9,0.591
CUST07326,Chandigarh,Routine_Commuter,58.2,1,Fleet,13,0.842,0.404,0.576,0.808,27.7,0.42
CUST07327,Kochi,Price_Sensitive,56.8,1,Office_Commercial,10,0.751,0.852,0.589,0.497,20.0,0.702
CUST07328,Kolkata,High_Mileage,77.9,0,Transit_Public,22,0.839,0.747,0.813,0.94,34.3,0.541
CUST07329,Ahmedabad,Price_Sensitive,49.2,0,Transit_Public,10,0.312,0.735,0.582,0.608,21.9,0.578
CUST07330,Bengaluru,Routine_Commuter,50.3,0,Residential,14,0.686,0.746,0.637,0.77,20.5,0.586
CUST07331,Ahmedabad,Price_Sensitive,38.7,0,Office_Commercial,9,0.508,0.865,0.528,0.588,17.7,0.683
CUST07332,Mumbai,Routine_Commuter,47.4,1,Highway,12,0.936,0.688,0.489,0.616,17.3,0.632
CUST07333,Delhi NCR,Routine_Commuter,43.7,1,Residential,9,0.563,0.534,0.696,0.746,18.6,0.449
CUST07334,Delhi NCR,Convenience_First,35.0,1,Mall_Retail,6,0.936,0.186,0.73,0.767,13.3,0.285
CUST07335,Delhi NCR,Price_Sensitive,47.1,1,Residential,9,0.572,0.848,0.257,0.646,17.2,0.725
CUST07336,Lucknow,Convenience_First,63.2,1,Hotel,6,0.975,0.251,0.767,0.99,28.1,0.284
CUST07337,Mumbai,Routine_Commuter,53.9,0,Transit_Public,12,0.445,0.691,0.716,0.696,23.5,0.527
CUST07338,Bengaluru,Price_Sensitive,40.3,0,Fleet,9,0.467,0.77,0.146,0.427,13.7,0.727
CUST07339,Mumbai,Routine_Commuter,66.1,0,Office_Commercial,8,0.825,0.407,0.626,0.699,22.9,0.427
CUST07340,Chandigarh,Price_Sensitive,44.1,1,Residential,10,0.99,0.884,0.497,0.786,20.3,0.718
CUST07341,Delhi NCR,Price_Sensitive,49.6,0,Mall_Retail,7,0.437,0.855,0.52,0.548,23.8,0.678
CUST07342,Bengaluru,Routine_Commuter,68.9,0,Transit_Public,14,0.66,0.51,0.723,0.628,30.6,0.458
CUST07343,Delhi NCR,High_Mileage,75.8,0,Office_Commercial,15,0.242,0.794,0.746,0.955,24.6,0.518
CUST07344,Jaipur,High_Mileage,78.6,1,Transit_Public,17,0.553,0.782,0.815,0.739,36.2,0.561
CUST07345,Bengaluru,Convenience_First,55.9,1,Highway,10,0.952,0.131,0.786,0.601,27.1,0.27
CUST07346,Lucknow,Price_Sensitive,60.0,0,Office_Commercial,7,0.463,0.807,0.6,0.678,22.7,0.618
CUST07347,Chennai,Convenience_First,65.7,0,Mall_Retail,7,0.745,0.3,0.92,0.8,23.5,0.285
CUST07348,Jaipur,Routine_Commuter,44.9,1,Office_Commercial,11,0.699,0.532,0.78,0.455,17.3,0.488
CUST07349,Hyderabad,Price_Sensitive,43.7,1,Residential,9,0.748,0.778,0.678,0.641,18.2,0.621
CUST07350,Jaipur,Price_Sensitive,47.3,0,Mall_Retail,11,0.489,0.839,0.271,0.507,19.0,0.73
CUST07351,Bengaluru,Price_Sensitive,54.0,0,Mall_Retail,11,0.347,0.946,0.576,0.297,22.5,0.746
CUST07352,Bengaluru,Routine_Commuter,52.5,0,Office_Commercial,10,0.858,0.59,0.583,0.735,29.1,0.533
CUST07353,Chandigarh,High_Mileage,74.9,0,Fleet,24,0.7,0.743,0.84,0.855,37.8,0.533
CUST07354,Mumbai,Price_Sensitive,42.7,0,Mall_Retail,9,0.622,0.808,0.587,0.533,22.3,0.659
CUST07355,Bengaluru,Price_Sensitive,59.0,0,Fleet,10,0.595,0.774,0.365,0.584,23.9,0.674
CUST07356,Kolkata,Routine_Commuter,54.9,1,Residential,12,0.716,0.62,0.758,0.838,24.9,0.485
CUST07357,Chennai,Price_Sensitive,45.0,1,Highway,8,0.606,0.938,0.317,0.394,24.9,0.804
CUST07358,Bengaluru,Convenience_First,68.7,0,Highway,8,0.827,0.358,0.911,0.795,29.1,0.328
CUST07359,Pune,Routine_Commuter,49.5,0,Residential,13,0.598,0.456,0.753,0.784,19.2,0.392
CUST07360,Lucknow,Routine_Commuter,44.2,1,Office_Commercial,10,0.52,0.435,0.762,0.742,21.2,0.377
CUST07361,Ahmedabad,Convenience_First,60.8,0,Transit_Public,5,0.954,0.233,0.939,0.762,29.8,0.271
CUST07362,Bengaluru,Price_Sensitive,52.9,0,Office_Commercial,10,0.54,0.915,0.617,0.598,20.9,0.694
CUST07363,Kolkata,Routine_Commuter,51.8,0,Office_Commercial,14,0.745,0.628,0.899,0.707,21.8,0.484
CUST07364,Jaipur,Convenience_First,55.5,0,Transit_Public,6,0.828,0.246,0.839,0.99,21.1,0.252
CUST07365,Jaipur,Price_Sensitive,50.2,1,Hotel,11,0.758,0.693,0.272,0.669,14.8,0.652
CUST07366,Delhi NCR,Convenience_First,50.4,0,Highway,10,0.81,0.055,0.78,0.78,20.2,0.188
CUST07367,Chennai,Price_Sensitive,59.6,0,Transit_Public,10,0.383,0.762,0.538,0.55,22.3,0.617
CUST07368,Hyderabad,Price_Sensitive,47.7,1,Fleet,12,0.561,0.898,0.354,0.337,19.2,0.779
CUST07369,Delhi NCR,Routine_Commuter,59.1,0,Residential,10,0.604,0.357,0.532,0.602,27.8,0.41
CUST07370,Kolkata,Convenience_First,66.6,1,Residential,7,0.803,0.246,0.766,0.73,31.2,0.303
CUST07371,Mumbai,Price_Sensitive,49.4,0,Transit_Public,7,0.46,0.901,0.38,0.6,24.9,0.725
CUST07372,Lucknow,Routine_Commuter,63.5,1,Hotel,10,0.745,0.555,0.793,0.544,28.9,0.49
CUST07373,Chennai,High_Mileage,80.3,0,Mall_Retail,25,0.414,0.576,0.623,0.807,46.0,0.463
CUST07374,Mumbai,Convenience_First,72.2,0,Hotel,7,0.902,0.197,0.782,0.887,35.4,0.259
CUST07375,Bengaluru,High_Mileage,64.8,0,Highway,21,0.783,0.519,0.592,0.731,25.1,0.486
CUST07376,Kolkata,Routine_Commuter,42.3,1,Mall_Retail,9,0.721,0.61,0.99,0.765,19.5,0.445
CUST07377,Bengaluru,High_Mileage,66.7,1,Office_Commercial,24,0.545,0.72,0.762,0.868,28.7,0.518
CUST07378,Delhi NCR,Price_Sensitive,41.7,1,Mall_Retail,8,0.374,0.909,0.44,0.645,15.4,0.702
CUST07379,Kochi,Price_Sensitive,45.0,0,Mall_Retail,8,0.428,0.957,0.502,0.402,14.7,0.758
CUST07380,Hyderabad,Convenience_First,37.5,0,Transit_Public,7,0.809,0.29,0.887,0.825,22.1,0.289
CUST07381,Chennai,Price_Sensitive,62.3,0,Residential,6,0.367,0.945,0.457,0.51,28.9,0.739
CUST07382,Mumbai,High_Mileage,72.1,0,Highway,17,0.856,0.707,0.899,0.733,28.4,0.535
CUST07383,Hyderabad,Routine_Commuter,60.7,1,Residential,8,0.846,0.547,0.703,0.722,23.4,0.487
CUST07384,Pune,High_Mileage,80.6,1,Fleet,20,0.43,0.574,0.583,0.832,35.9,0.467
CUST07385,Lucknow,Convenience_First,56.0,1,Residential,9,0.962,0.328,0.846,0.814,21.9,0.336
CUST07386,Delhi NCR,Convenience_First,46.7,0,Transit_Public,5,0.73,0.257,0.916,0.831,23.5,0.256
CUST07387,Bengaluru,Price_Sensitive,53.5,0,Office_Commercial,6,0.336,0.959,0.417,0.537,20.7,0.747
CUST07388,Mumbai,Routine_Commuter,69.5,0,Residential,10,0.703,0.442,0.74,0.627,26.3,0.422
CUST07389,Ahmedabad,Price_Sensitive,54.6,0,Mall_Retail,7,0.5,0.99,0.614,0.289,32.9,0.778
CUST07390,Kochi,Price_Sensitive,57.6,1,Office_Commercial,9,0.239,0.808,0.511,0.367,20.2,0.661
CUST07391,Lucknow,Convenience_First,43.3,0,Hotel,9,0.737,0.074,0.83,0.719,21.0,0.191
CUST07392,Delhi NCR,Price_Sensitive,50.6,1,Residential,7,0.251,0.859,0.27,0.561,21.2,0.71
CUST07393,Chandigarh,Convenience_First,59.9,0,Highway,9,0.99,0.276,0.887,0.938,29.8,0.283
CUST07394,Pune,Convenience_First,52.0,0,Transit_Public,8,0.815,0.186,0.886,0.751,26.1,0.244
CUST07395,Delhi NCR,Routine_Commuter,62.8,0,Residential,9,0.75,0.401,0.815,0.563,28.7,0.398
CUST07396,Chennai,Routine_Commuter,52.6,0,Residential,8,0.738,0.461,0.736,0.621,20.6,0.437
CUST07397,Pune,Routine_Commuter,47.1,1,Transit_Public,12,0.509,0.373,0.566,0.767,13.4,0.378
CUST07398,Delhi NCR,Routine_Commuter,54.5,1,Office_Commercial,12,0.968,0.558,0.683,0.722,36.1,0.509
CUST07399,Delhi NCR,Price_Sensitive,54.5,1,Residential,7,0.457,0.816,0.47,0.65,18.6,0.653
CUST07400,Kolkata,High_Mileage,77.1,0,Highway,16,0.688,0.596,0.893,0.976,29.7,0.422
CUST07401,Hyderabad,Price_Sensitive,54.7,1,Residential,8,0.362,0.945,0.599,0.99,24.0,0.637
CUST07402,Delhi NCR,Convenience_First,71.8,1,Hotel,5,0.99,0.183,0.953,0.939,24.7,0.218
CUST07403,Kolkata,Routine_Commuter,52.5,1,Office_Commercial,9,0.604,0.48,0.612,0.772,24.3,0.436
CUST07404,Hyderabad,Routine_Commuter,65.8,1,Residential,12,0.682,0.299,0.531,0.842,30.3,0.35
CUST07405,Hyderabad,High_Mileage,69.2,1,Transit_Public,20,0.662,0.705,0.99,0.99,21.5,0.457
CUST07406,Pune,Price_Sensitive,56.0,1,Fleet,9,0.691,0.841,0.395,0.432,19.3,0.738
CUST07407,Kolkata,Convenience_First,68.0,1,Office_Commercial,6,0.919,0.073,0.955,0.878,22.2,0.16
CUST07408,Bengaluru,Routine_Commuter,64.6,1,Residential,12,0.582,0.63,0.607,0.701,28.2,0.528
CUST07409,Chennai,High_Mileage,65.8,0,Fleet,25,0.632,0.764,0.719,0.85,32.7,0.562
CUST07410,Kolkata,High_Mileage,60.7,0,Fleet,17,0.715,0.752,0.745,0.939,22.2,0.545
CUST07411,Mumbai,Convenience_First,62.6,1,Highway,5,0.99,0.151,0.935,0.75,28.4,0.233
CUST07412,Bengaluru,Convenience_First,61.9,0,Transit_Public,8,0.902,0.217,0.797,0.828,22.0,0.276
CUST07413,Mumbai,Routine_Commuter,66.1,1,Office_Commercial,10,0.575,0.701,0.774,0.75,24.2,0.526
CUST07414,Delhi NCR,Routine_Commuter,65.5,0,Office_Commercial,11,0.569,0.58,0.622,0.85,30.9,0.474
CUST07415,Bengaluru,Routine_Commuter,49.8,1,Transit_Public,13,0.752,0.296,0.872,0.799,22.4,0.294
CUST07416,Chandigarh,Routine_Commuter,51.2,1,Transit_Public,12,0.494,0.463,0.747,0.797,27.3,0.385
CUST07417,Ahmedabad,Routine_Commuter,69.8,1,Office_Commercial,14,0.763,0.619,0.679,0.648,30.3,0.534
CUST07418,Bengaluru,Price_Sensitive,53.7,1,Transit_Public,8,0.688,0.713,0.388,0.699,24.2,0.628
CUST07419,Jaipur,Routine_Commuter,55.1,1,Residential,9,0.829,0.368,0.76,0.849,24.8,0.356
CUST07420,Kolkata,Routine_Commuter,66.1,1,Residential,10,0.612,0.62,0.87,0.62,28.0,0.485
CUST07421,Hyderabad,Routine_Commuter,58.2,1,Residential,13,0.733,0.475,0.826,0.696,23.0,0.415
CUST07422,Pune,Routine_Commuter,53.2,1,Residential,10,0.794,0.517,0.72,0.645,15.1,0.473
CUST07423,Delhi NCR,Routine_Commuter,66.3,1,Transit_Public,9,0.695,0.494,0.688,0.677,14.4,0.452
CUST07424,Ahmedabad,Routine_Commuter,45.0,1,Residential,8,0.659,0.602,0.611,0.767,19.9,0.51
CUST07425,Ahmedabad,Routine_Commuter,68.0,0,Residential,8,0.757,0.659,0.621,0.794,20.8,0.545
CUST07426,Delhi NCR,High_Mileage,60.1,0,Fleet,16,0.672,0.669,0.664,0.906,24.5,0.516
CUST07427,Hyderabad,Price_Sensitive,38.5,0,Transit_Public,6,0.408,0.849,0.499,0.558,16.7,0.674
CUST07428,Jaipur,Price_Sensitive,58.4,0,Mall_Retail,11,0.436,0.815,0.396,0.394,33.3,0.704
CUST07429,Hyderabad,Price_Sensitive,48.8,1,Transit_Public,10,0.411,0.878,0.544,0.764,21.2,0.651
CUST07430,Jaipur,Convenience_First,74.7,1,Hotel,5,0.755,0.317,0.755,0.85,31.3,0.321
CUST07431,Hyderabad,Price_Sensitive,39.4,0,Office_Commercial,9,0.855,0.756,0.45,0.393,16.7,0.702
CUST07432,Delhi NCR,Convenience_First,64.6,1,Highway,8,0.873,0.163,0.801,0.637,20.3,0.271
CUST07433,Kolkata,High_Mileage,79.6,0,Fleet,17,0.705,0.595,0.776,0.8,38.4,0.472
CUST07434,Chennai,Price_Sensitive,56.3,0,Transit_Public,7,0.317,0.867,0.593,0.23,19.8,0.705
CUST07435,Pune,Routine_Commuter,54.1,1,Office_Commercial,11,0.842,0.462,0.74,0.645,21.8,0.443
CUST07436,Pune,Convenience_First,58.7,1,Office_Commercial,6,0.809,0.38,0.725,0.757,24.0,0.381
CUST07437,Kolkata,Routine_Commuter,63.1,0,Transit_Public,11,0.76,0.406,0.654,0.597,32.6,0.429
CUST07438,Delhi NCR,Price_Sensitive,55.6,0,Residential,11,0.513,0.86,0.698,0.674,17.1,0.633
CUST07439,Delhi NCR,Routine_Commuter,65.9,1,Residential,8,0.71,0.412,0.649,0.749,21.2,0.405
CUST07440,Bengaluru,Routine_Commuter,66.9,1,Residential,11,0.608,0.345,0.896,0.704,34.8,0.316
CUST07441,Lucknow,Routine_Commuter,48.6,0,Residential,10,0.782,0.471,0.752,0.828,17.3,0.412
CUST07442,Delhi NCR,High_Mileage,46.8,0,Fleet,18,0.807,0.711,0.799,0.906,24.2,0.526
CUST07443,Chennai,Convenience_First,65.8,0,Mall_Retail,7,0.984,0.309,0.876,0.698,24.2,0.338
CUST07444,Bengaluru,Price_Sensitive,54.5,0,Hotel,12,0.62,0.95,0.512,0.828,22.0,0.708
CUST07445,Jaipur,Convenience_First,47.1,1,Fleet,9,0.866,0.032,0.795,0.754,23.7,0.182
CUST07446,Pune,Convenience_First,68.4,0,Mall_Retail,6,0.828,0.39,0.819,0.935,25.3,0.343
CUST07447,Bengaluru,Convenience_First,50.9,0,Hotel,6,0.917,0.206,0.83,0.622,16.3,0.296
CUST07448,Pune,Routine_Commuter,55.0,1,Office_Commercial,14,0.561,0.519,0.689,0.649,32.0,0.456
CUST07449,Chandigarh,Convenience_First,61.0,0,Highway,6,0.861,0.193,0.814,0.872,20.7,0.248
CUST07450,Lucknow,Convenience_First,68.3,0,Highway,7,0.857,0.339,0.846,0.818,29.9,0.33
CUST07451,Kochi,Convenience_First,53.9,0,Transit_Public,7,0.735,0.354,0.731,0.978,15.3,0.325
CUST07452,Chennai,Convenience_First,62.1,1,Residential,9,0.684,0.255,0.866,0.85,30.6,0.258
CUST07453,Kochi,Convenience_First,64.5,0,Residential,7,0.585,0.206,0.975,0.744,24.7,0.215
CUST07454,Chennai,Convenience_First,56.6,0,Transit_Public,8,0.742,0.149,0.821,0.806,27.0,0.221
CUST07455,Lucknow,Price_Sensitive,48.4,1,Mall_Retail,12,0.546,0.99,0.531,0.887,16.8,0.71
CUST07456,Delhi NCR,Convenience_First,71.6,0,Mall_Retail,10,0.791,0.265,0.759,0.562,30.7,0.339
CUST07457,Kolkata,Price_Sensitive,56.7,1,Mall_Retail,6,0.888,0.99,0.522,0.246,32.6,0.842
CUST07458,Ahmedabad,Routine_Commuter,44.2,1,Office_Commercial,12,0.771,0.576,0.76,0.67,19.6,0.491
CUST07459,Hyderabad,Routine_Commuter,43.6,0,Office_Commercial,14,0.793,0.605,0.82,0.884,14.6,0.465
CUST07460,Kochi,Routine_Commuter,64.4,1,Office_Commercial,12,0.729,0.52,0.715,0.816,25.7,0.443
CUST07461,Ahmedabad,Price_Sensitive,62.9,0,Highway,10,0.422,0.689,0.441,0.66,14.4,0.584
CUST07462,Chennai,Convenience_First,62.1,0,Residential,9,0.657,0.116,0.738,0.779,26.1,0.215
CUST07463,Pune,Convenience_First,57.7,0,Mall_Retail,9,0.752,0.173,0.758,0.798,23.3,0.249
CUST07464,Chennai,Convenience_First,55.1,0,Office_Commercial,8,0.733,0.362,0.894,0.899,23.0,0.309
CUST07465,Ahmedabad,Price_Sensitive,79.5,0,Office_Commercial,9,0.775,0.855,0.256,0.442,34.2,0.78
CUST07466,Lucknow,Routine_Commuter,46.0,1,Highway,13,0.689,0.51,0.633,0.634,18.4,0.478
CUST07467,Mumbai,Routine_Commuter,47.6,1,Residential,11,0.805,0.745,0.578,0.644,15.5,0.628
CUST07468,Bengaluru,Convenience_First,70.4,1,Transit_Public,8,0.85,0.146,0.771,0.638,25.1,0.265
CUST07469,Chandigarh,Routine_Commuter,49.1,0,Residential,14,0.73,0.736,0.645,0.559,22.6,0.615
CUST07470,Kolkata,Price_Sensitive,50.5,0,Highway,6,0.239,0.8,0.229,0.627,19.0,0.674
CUST07471,Delhi NCR,Routine_Commuter,56.4,1,Transit_Public,10,0.99,0.332,0.769,0.869,23.7,0.348
CUST07472,Chennai,Price_Sensitive,48.6,0,Mall_Retail,9,0.509,0.68,0.735,0.522,20.2,0.55
CUST07473,Hyderabad,Convenience_First,58.1,1,Highway,6,0.93,0.125,0.857,0.738,13.5,0.23
CUST07474,Hyderabad,Convenience_First,56.2,1,Highway,7,0.778,0.164,0.677,0.814,26.4,0.261
CUST07475,Delhi NCR,Routine_Commuter,57.1,0,Residential,13,0.835,0.57,0.706,0.7,33.7,0.501
CUST07476,Hyderabad,Price_Sensitive,76.1,1,Mall_Retail,11,0.499,0.981,0.347,0.352,26.9,0.817
CUST07477,Chandigarh,Price_Sensitive,52.5,1,Transit_Public,12,0.505,0.679,0.039,0.628,19.8,0.672
CUST07478,Hyderabad,Routine_Commuter,60.2,1,Office_Commercial,12,0.664,0.283,0.837,0.746,24.3,0.293
CUST07479,Chennai,Price_Sensitive,63.1,1,Residential,8,0.251,0.84,0.557,0.338,30.1,0.675
CUST07480,Chandigarh,Price_Sensitive,65.7,1,Highway,12,0.631,0.78,0.5,0.737,26.8,0.632
CUST07481,Delhi NCR,Convenience_First,68.8,0,Highway,6,0.864,0.25,0.949,0.877,31.8,0.252
CUST07482,Pune,Routine_Commuter,55.0,0,Hotel,13,0.651,0.468,0.68,0.85,27.2,0.409
CUST07483,Mumbai,High_Mileage,69.1,1,Hotel,17,0.394,0.364,0.697,0.658,26.7,0.352
CUST07484,Pune,Price_Sensitive,52.0,0,Transit_Public,9,0.58,0.817,0.547,0.842,18.7,0.622
CUST07485,Hyderabad,Routine_Commuter,59.3,1,Hotel,14,0.99,0.374,0.617,0.99,25.7,0.383
CUST07486,Chennai,Convenience_First,51.5,1,Highway,10,0.866,0.077,0.82,0.626,20.5,0.221
CUST07487,Bengaluru,Convenience_First,67.2,0,Highway,9,0.712,0.074,0.872,0.804,29.2,0.167
CUST07488,Chennai,Routine_Commuter,35.6,1,Residential,12,0.753,0.448,0.532,0.504,12.8,0.489
CUST07489,Pune,Routine_Commuter,63.7,0,Residential,14,0.588,0.533,0.768,0.661,16.3,0.449
CUST07490,Chandigarh,Convenience_First,68.3,0,Office_Commercial,7,0.932,0.234,0.814,0.99,32.0,0.26
CUST07491,Hyderabad,Convenience_First,61.6,0,Office_Commercial,5,0.653,0.116,0.914,0.92,16.5,0.158
CUST07492,Pune,Routine_Commuter,50.4,1,Residential,11,0.592,0.508,0.64,0.875,17.0,0.43
CUST07493,Chandigarh,Routine_Commuter,41.8,1,Office_Commercial,13,0.577,0.417,0.623,0.681,15.7,0.41
CUST07494,Ahmedabad,Routine_Commuter,56.6,1,Transit_Public,9,0.99,0.551,0.444,0.785,27.4,0.546
CUST07495,Lucknow,Convenience_First,64.8,0,Hotel,5,0.786,0.177,0.85,0.673,28.0,0.255
CUST07496,Delhi NCR,Routine_Commuter,65.2,0,Residential,9,0.72,0.549,0.776,0.807,26.6,0.448
CUST07497,Delhi NCR,Routine_Commuter,53.5,1,Residential,9,0.851,0.564,0.824,0.726,21.8,0.472
CUST07498,Jaipur,Convenience_First,60.4,1,Office_Commercial,7,0.757,0.285,0.849,0.617,21.0,0.32
CUST07499,Pune,Routine_Commuter,61.8,1,Residential,9,0.769,0.384,0.579,0.723,21.9,0.414
CUST07500,Hyderabad,Price_Sensitive,44.7,0,Mall_Retail,11,0.725,0.663,0.368,0.893,18.4,0.58
CUST07501,Ahmedabad,Routine_Commuter,70.5,0,Residential,11,0.615,0.294,0.654,0.765,25.4,0.328
CUST07502,Chennai,Price_Sensitive,49.9,0,Office_Commercial,12,0.484,0.681,0.442,0.415,18.5,0.622
CUST07503,Chandigarh,Convenience_First,59.8,0,Mall_Retail,10,0.904,0.252,0.942,0.784,23.6,0.273
CUST07504,Kolkata,Convenience_First,60.8,0,Mall_Retail,8,0.937,0.404,0.768,0.92,23.7,0.374
CUST07505,Mumbai,Routine_Commuter,47.6,1,Transit_Public,14,0.695,0.447,0.84,0.721,23.1,0.389
CUST07506,Mumbai,Routine_Commuter,39.9,0,Highway,10,0.745,0.52,0.621,0.686,11.9,0.483
CUST07507,Kochi,High_Mileage,55.2,0,Mall_Retail,20,0.432,0.836,0.71,0.931,21.2,0.571
CUST07508,Bengaluru,High_Mileage,72.9,0,Mall_Retail,25,0.587,0.821,0.636,0.937,36.8,0.593
CUST07509,Pune,Routine_Commuter,55.6,0,Office_Commercial,11,0.722,0.423,0.715,0.947,28.0,0.37
CUST07510,Kolkata,Convenience_First,64.3,0,Mall_Retail,9,0.784,0.244,0.806,0.845,26.2,0.274
CUST07511,Kolkata,Routine_Commuter,48.1,1,Mall_Retail,9,0.735,0.333,0.561,0.749,26.3,0.382
CUST07512,Pune,Price_Sensitive,52.5,1,Residential,8,0.657,0.847,0.449,0.672,24.0,0.691
CUST07513,Mumbai,High_Mileage,82.7,0,Fleet,19,0.456,0.619,0.709,0.803,35.8,0.474
CUST07514,Delhi NCR,Routine_Commuter,56.0,0,Transit_Public,12,0.785,0.611,0.746,0.663,25.4,0.516
CUST07515,Pune,Routine_Commuter,51.7,1,Office_Commercial,10,0.617,0.35,0.699,0.44,18.4,0.399
CUST07516,Hyderabad,Price_Sensitive,53.5,0,Transit_Public,12,0.246,0.868,0.424,0.603,24.9,0.677
CUST07517,Bengaluru,Routine_Commuter,65.7,1,Office_Commercial,10,0.786,0.535,0.452,0.703,21.7,0.527
CUST07518,Kolkata,Routine_Commuter,51.5,1,Office_Commercial,13,0.74,0.377,0.706,0.432,22.5,0.426
CUST07519,Pune,High_Mileage,78.9,1,Mall_Retail,16,0.483,0.713,0.641,0.897,36.6,0.528
CUST07520,Jaipur,Routine_Commuter,51.5,1,Office_Commercial,12,0.619,0.613,0.577,0.683,24.1,0.531
CUST07521,Jaipur,Price_Sensitive,60.6,0,Mall_Retail,10,0.49,0.836,0.427,0.42,25.3,0.71
CUST07522,Kolkata,Convenience_First,49.1,0,Fleet,6,0.902,0.236,0.876,0.962,13.9,0.251
CUST07523,Kolkata,Routine_Commuter,38.0,0,Office_Commercial,10,0.666,0.638,0.529,0.481,19.2,0.59
CUST07524,Delhi NCR,Convenience_First,45.2,0,Mall_Retail,6,0.902,0.071,0.911,0.614,21.2,0.205
CUST07525,Kolkata,Convenience_First,58.7,0,Mall_Retail,5,0.781,0.294,0.843,0.814,26.6,0.299
CUST07526,Bengaluru,Convenience_First,65.6,1,Office_Commercial,10,0.83,0.203,0.721,0.756,28.5,0.287
CUST07527,Kolkata,Convenience_First,63.6,1,Office_Commercial,8,0.616,0.203,0.801,0.707,30.5,0.257
CUST07528,Chennai,High_Mileage,73.7,0,Office_Commercial,24,0.51,0.809,0.782,0.895,36.3,0.555
CUST07529,Pune,Routine_Commuter,58.1,0,Mall_Retail,8,0.578,0.4,0.672,0.551,21.9,0.411
CUST07530,Mumbai,Routine_Commuter,50.9,0,Hotel,14,0.795,0.466,0.706,0.99,31.1,0.396
CUST07531,Chennai,Routine_Commuter,52.0,1,Residential,8,0.652,0.693,0.657,0.89,13.9,0.532
CUST07532,Bengaluru,Price_Sensitive,57.9,1,Residential,7,0.191,0.805,0.607,0.514,31.1,0.613
CUST07533,Chandigarh,Price_Sensitive,48.1,1,Hotel,8,0.17,0.946,0.413,0.542,17.7,0.724
CUST07534,Mumbai,Routine_Commuter,44.4,1,Office_Commercial,14,0.901,0.244,0.592,0.824,19.7,0.332
CUST07535,Chennai,Convenience_First,66.9,0,Office_Commercial,5,0.967,0.305,0.903,0.81,37.2,0.313
CUST07536,Hyderabad,Routine_Commuter,49.8,0,Office_Commercial,13,0.584,0.366,0.711,0.666,24.6,0.368
CUST07537,Bengaluru,Routine_Commuter,63.3,1,Mall_Retail,9,0.986,0.55,0.639,0.71,24.5,0.517
CUST07538,Lucknow,Price_Sensitive,50.6,0,Residential,8,0.433,0.651,0.239,0.502,17.8,0.628
CUST07539,Lucknow,Routine_Commuter,56.7,1,Mall_Retail,11,0.785,0.419,0.782,0.597,17.8,0.413
CUST07540,Mumbai,Price_Sensitive,52.6,0,Residential,6,0.321,0.882,0.647,0.538,19.9,0.657
CUST07541,Bengaluru,Routine_Commuter,62.8,0,Mall_Retail,11,0.914,0.485,0.563,0.509,28.9,0.52
CUST07542,Hyderabad,Price_Sensitive,59.6,0,Residential,9,0.576,0.949,0.686,0.628,27.8,0.698
CUST07543,Bengaluru,Routine_Commuter,47.9,0,Residential,13,0.654,0.299,0.751,0.944,17.6,0.288
CUST07544,Bengaluru,Routine_Commuter,46.0,1,Office_Commercial,8,0.754,0.502,0.567,0.802,15.5,0.468
CUST07545,Delhi NCR,Price_Sensitive,35.0,1,Mall_Retail,12,0.442,0.865,0.326,0.676,18.1,0.704
CUST07546,Jaipur,Convenience_First,66.7,0,Mall_Retail,8,0.94,0.387,0.983,0.739,33.5,0.349
CUST07547,Delhi NCR,Convenience_First,50.3,0,Highway,8,0.934,0.189,0.72,0.99,18.3,0.255
CUST07548,Mumbai,Price_Sensitive,44.5,0,Transit_Public,11,0.863,0.821,0.214,0.383,26.2,0.788
CUST07549,Hyderabad,High_Mileage,65.0,0,Fleet,21,0.556,0.675,0.7,0.86,29.4,0.508
CUST07550,Jaipur,Price_Sensitive,55.5,0,Mall_Retail,7,0.264,0.685,0.454,0.517,35.1,0.585
CUST07551,Bengaluru,Routine_Commuter,54.3,1,Highway,8,0.675,0.621,0.653,0.834,18.1,0.503
CUST07552,Pune,Price_Sensitive,72.0,1,Mall_Retail,10,0.638,0.948,0.367,0.416,22.4,0.8
CUST07553,Jaipur,Price_Sensitive,54.7,1,Transit_Public,8,0.439,0.72,0.522,0.277,25.3,0.644
CUST07554,Mumbai,Routine_Commuter,36.4,1,Residential,12,0.603,0.688,0.883,0.874,17.9,0.481
CUST07555,Ahmedabad,Convenience_First,61.2,0,Fleet,10,0.785,0.19,0.758,0.762,23.9,0.267
CUST07556,Bengaluru,Price_Sensitive,39.5,0,Office_Commercial,11,0.521,0.759,0.401,0.153,8.0,0.716
CUST07557,Ahmedabad,Routine_Commuter,43.7,1,Hotel,11,0.769,0.46,0.779,0.934,14.1,0.384
CUST07558,Chennai,Convenience_First,66.7,1,Office_Commercial,7,0.798,0.317,0.975,0.7,24.7,0.304
CUST07559,Pune,Price_Sensitive,51.9,1,Highway,9,0.272,0.864,0.478,0.603,19.7,0.666
CUST07560,Pune,High_Mileage,74.4,0,Fleet,18,0.65,0.756,0.708,0.879,30.8,0.558
CUST07561,Delhi NCR,Price_Sensitive,46.7,0,Office_Commercial,10,0.639,0.827,0.368,0.499,15.5,0.721
CUST07562,Chennai,Convenience_First,56.5,0,Highway,8,0.79,0.269,0.842,0.862,20.3,0.279
CUST07563,Delhi NCR,Routine_Commuter,52.6,1,Office_Commercial,10,0.646,0.637,0.818,0.634,20.0,0.506
CUST07564,Mumbai,High_Mileage,66.9,0,Highway,16,0.454,0.489,0.848,0.875,29.8,0.363
CUST07565,Ahmedabad,Price_Sensitive,56.8,0,Mall_Retail,10,0.508,0.99,0.404,0.415,18.6,0.802
CUST07566,Lucknow,Routine_Commuter,60.0,1,Office_Commercial,10,0.64,0.339,0.578,0.658,16.3,0.387
CUST07567,Pune,Routine_Commuter,59.5,1,Mall_Retail,10,0.663,0.595,0.45,0.586,30.5,0.566
CUST07568,Mumbai,Convenience_First,39.3,1,Transit_Public,8,0.696,0.359,0.837,0.849,27.4,0.322
CUST07569,Lucknow,Routine_Commuter,53.3,0,Transit_Public,9,0.632,0.299,0.878,0.704,16.5,0.297
CUST07570,Hyderabad,Convenience_First,74.1,1,Highway,7,0.794,0.239,0.798,0.748,40.9,0.289
CUST07571,Chennai,Routine_Commuter,51.5,1,Residential,11,0.689,0.292,0.629,0.744,19.4,0.342
CUST07572,Pune,Routine_Commuter,46.3,1,Residential,8,0.865,0.528,0.674,0.706,17.9,0.486
CUST07573,Jaipur,Routine_Commuter,41.4,1,Transit_Public,13,0.776,0.624,0.609,0.592,20.6,0.56
CUST07574,Hyderabad,Convenience_First,45.4,1,Highway,6,0.74,0.301,0.875,0.901,16.6,0.279
CUST07575,Ahmedabad,Routine_Commuter,43.8,0,Residential,13,0.682,0.532,0.663,0.677,20.0,0.477
CUST07576,Kochi,Routine_Commuter,49.3,1,Highway,10,0.643,0.354,0.781,0.585,18.4,0.365
CUST07577,Hyderabad,Routine_Commuter,73.6,1,Office_Commercial,9,0.689,0.45,0.656,0.892,26.4,0.401
CUST07578,Hyderabad,Price_Sensitive,48.4,1,Mall_Retail,11,0.332,0.853,0.398,0.7,26.9,0.668
CUST07579,Kochi,Routine_Commuter,46.3,1,Mall_Retail,11,0.758,0.6,0.631,0.703,18.8,0.524
CUST07580,Jaipur,Routine_Commuter,73.6,1,Mall_Retail,13,0.597,0.568,0.605,0.517,35.9,0.524
CUST07581,Pune,Routine_Commuter,48.4,1,Transit_Public,11,0.99,0.513,0.798,0.619,23.8,0.478
CUST07582,Chennai,Convenience_First,66.5,1,Office_Commercial,8,0.884,0.169,0.941,0.776,9.9,0.227
CUST07583,Delhi NCR,Routine_Commuter,53.7,1,Mall_Retail,12,0.786,0.488,0.479,0.788,31.2,0.483
CUST07584,Delhi NCR,Price_Sensitive,66.5,1,Hotel,11,0.553,0.798,0.407,0.691,23.1,0.659
CUST07585,Jaipur,High_Mileage,86.1,0,Highway,15,0.609,0.738,0.885,0.695,43.5,0.535
CUST07586,Chennai,Routine_Commuter,55.2,1,Mall_Retail,9,0.895,0.659,0.83,0.815,26.2,0.514
CUST07587,Jaipur,Routine_Commuter,56.8,1,Mall_Retail,11,0.65,0.366,0.712,0.824,23.3,0.35
CUST07588,Hyderabad,Routine_Commuter,52.8,1,Residential,9,0.726,0.743,0.575,0.856,14.6,0.588
CUST07589,Hyderabad,Price_Sensitive,41.6,0,Mall_Retail,12,0.844,0.75,0.67,0.704,17.5,0.607
CUST07590,Bengaluru,Convenience_First,58.0,1,Fleet,6,0.814,0.365,0.719,0.882,24.3,0.356
CUST07591,Lucknow,Convenience_First,51.4,0,Highway,9,0.936,0.246,0.895,0.765,25.7,0.285
CUST07592,Chandigarh,Price_Sensitive,35.0,0,Transit_Public,12,0.763,0.742,0.512,0.688,15.4,0.629
CUST07593,Chennai,Price_Sensitive,53.8,1,Transit_Public,12,0.437,0.663,0.386,0.494,24.0,0.607
CUST07594,Mumbai,Routine_Commuter,53.9,1,Residential,9,0.581,0.462,0.703,0.61,24.1,0.43
CUST07595,Jaipur,Convenience_First,62.2,0,Transit_Public,8,0.592,0.187,0.728,0.82,22.4,0.244
CUST07596,Jaipur,Routine_Commuter,47.3,1,Mall_Retail,8,0.746,0.567,0.905,0.715,23.2,0.448
CUST07597,Delhi NCR,Convenience_First,68.8,1,Office_Commercial,7,0.681,0.283,0.832,0.79,22.0,0.289
CUST07598,Chandigarh,Routine_Commuter,38.7,1,Office_Commercial,14,0.705,0.541,0.724,0.799,19.8,0.453
CUST07599,Delhi NCR,High_Mileage,80.6,0,Highway,16,0.48,0.89,0.645,0.904,30.8,0.623
CUST07600,Chennai,Routine_Commuter,59.6,1,Residential,10,0.655,0.426,0.643,0.73,20.9,0.412
CUST07601,Ahmedabad,Convenience_First,50.1,0,Highway,8,0.742,0.175,0.964,0.831,18.5,0.203
CUST07602,Chandigarh,Convenience_First,60.3,0,Fleet,10,0.721,0.296,0.864,0.834,28.0,0.287
CUST07603,Delhi NCR,Price_Sensitive,60.7,0,Residential,9,0.687,0.588,0.306,0.646,23.0,0.584
CUST07604,Jaipur,Routine_Commuter,68.3,0,Mall_Retail,13,0.72,0.545,0.718,0.813,24.5,0.456
CUST07605,Chennai,High_Mileage,67.1,0,Fleet,16,0.607,0.765,0.642,0.808,24.1,0.582
CUST07606,Mumbai,Routine_Commuter,57.2,1,Mall_Retail,9,0.603,0.565,0.898,0.745,21.4,0.43
CUST07607,Pune,Convenience_First,60.9,1,Mall_Retail,6,0.759,0.185,0.903,0.673,28.0,0.246
CUST07608,Delhi NCR,Routine_Commuter,49.3,0,Residential,10,0.547,0.632,0.576,0.724,18.0,0.529
CUST07609,Chennai,Price_Sensitive,36.2,1,Residential,11,0.96,0.922,0.474,0.99,16.1,0.71
CUST07610,Pune,Routine_Commuter,41.0,1,Office_Commercial,12,0.769,0.273,0.559,0.725,12.4,0.357
CUST07611,Jaipur,Routine_Commuter,49.0,0,Office_Commercial,8,0.694,0.458,0.718,0.663,18.4,0.429
CUST07612,Hyderabad,Convenience_First,52.1,0,Residential,9,0.871,0.279,0.917,0.945,14.3,0.265
CUST07613,Kolkata,Convenience_First,61.5,0,Highway,7,0.865,0.216,0.785,0.747,21.7,0.286
CUST07614,Chennai,High_Mileage,60.7,1,Fleet,20,0.414,0.723,0.68,0.882,26.9,0.521
CUST07615,Hyderabad,Convenience_First,44.7,0,Residential,9,0.701,0.184,0.832,0.871,12.5,0.224
CUST07616,Delhi NCR,Routine_Commuter,51.1,1,Office_Commercial,9,0.649,0.55,0.475,0.723,25.5,0.514
CUST07617,Mumbai,Routine_Commuter,65.4,1,Office_Commercial,10,0.76,0.624,0.606,0.713,29.7,0.541
CUST07618,Pune,High_Mileage,66.5,0,Highway,19,0.635,0.613,0.87,0.833,30.7,0.452
CUST07619,Hyderabad,Convenience_First,63.1,0,Mall_Retail,10,0.99,0.205,0.79,0.787,35.0,0.286
CUST07620,Jaipur,Price_Sensitive,41.9,1,Mall_Retail,9,0.497,0.719,0.385,0.378,12.4,0.661
CUST07621,Ahmedabad,Routine_Commuter,35.0,1,Transit_Public,13,0.895,0.226,0.91,0.79,13.9,0.264
CUST07622,Pune,Price_Sensitive,57.3,0,Hotel,9,0.327,0.912,0.27,0.662,23.0,0.731
CUST07623,Chennai,Routine_Commuter,52.0,0,Office_Commercial,12,0.728,0.49,0.672,0.777,21.2,0.441
CUST07624,Mumbai,Price_Sensitive,63.2,1,Mall_Retail,11,0.476,0.846,0.336,0.822,20.8,0.673
CUST07625,Mumbai,Routine_Commuter,67.2,1,Residential,8,0.549,0.467,0.953,0.733,26.1,0.361
CUST07626,Lucknow,Price_Sensitive,38.8,0,Mall_Retail,12,0.767,0.841,0.604,0.447,18.0,0.701
CUST07627,Hyderabad,High_Mileage,89.8,0,Office_Commercial,16,0.696,0.813,0.724,0.812,39.5,0.6
CUST07628,Ahmedabad,Routine_Commuter,62.7,1,Residential,9,0.809,0.484,0.415,0.657,28.8,0.516
CUST07629,Jaipur,Routine_Commuter,67.7,1,Residential,10,0.575,0.487,0.528,0.665,35.6,0.47
CUST07630,Kolkata,Routine_Commuter,52.0,1,Office_Commercial,14,0.727,0.352,0.66,0.893,18.5,0.351
CUST07631,Jaipur,Routine_Commuter,56.6,1,Transit_Public,8,0.726,0.549,0.676,0.705,34.3,0.484
CUST07632,Chennai,Routine_Commuter,49.7,1,Residential,11,0.592,0.675,0.623,0.793,23.2,0.537
CUST07633,Delhi NCR,Routine_Commuter,52.7,0,Office_Commercial,10,0.718,0.689,0.484,0.681,21.4,0.602
CUST07634,Kolkata,Routine_Commuter,50.8,0,Residential,12,0.842,0.346,0.686,0.666,18.8,0.387
CUST07635,Delhi NCR,Price_Sensitive,51.0,1,Office_Commercial,9,0.528,0.867,0.362,0.578,18.7,0.72
CUST07636,Mumbai,Convenience_First,51.4,1,Highway,8,0.958,0.157,0.945,0.636,21.6,0.248
CUST07637,Kochi,Routine_Commuter,41.0,0,Hotel,11,0.606,0.552,0.694,0.886,16.0,0.443
CUST07638,Lucknow,Convenience_First,60.2,0,Office_Commercial,7,0.635,0.203,0.895,0.807,23.4,0.226
CUST07639,Chennai,Routine_Commuter,56.3,0,Office_Commercial,8,0.675,0.4,0.915,0.774,18.4,0.338
CUST07640,Ahmedabad,Routine_Commuter,58.1,1,Hotel,11,0.828,0.426,0.783,0.62,22.0,0.417
CUST07641,Kochi,Price_Sensitive,54.7,0,Mall_Retail,9,0.732,0.818,0.47,0.317,21.8,0.731
CUST07642,Pune,Routine_Commuter,46.0,0,Office_Commercial,13,0.767,0.684,0.671,0.611,21.2,0.577
CUST07643,Delhi NCR,Price_Sensitive,46.0,0,Residential,11,0.672,0.732,0.356,0.607,21.7,0.657
CUST07644,Chandigarh,Routine_Commuter,55.0,0,Office_Commercial,14,0.667,0.381,0.62,0.721,23.0,0.394
CUST07645,Delhi NCR,Price_Sensitive,39.3,0,Office_Commercial,6,0.651,0.814,0.6,0.52,13.5,0.665
CUST07646,Delhi NCR,Convenience_First,52.3,0,Mall_Retail,10,0.763,0.392,0.969,0.78,33.2,0.331
CUST07647,Chandigarh,Routine_Commuter,48.0,0,Transit_Public,12,0.671,0.487,0.579,0.734,19.3,0.459
CUST07648,Hyderabad,Convenience_First,52.0,0,Fleet,10,0.804,0.511,0.674,0.828,19.0,0.452
CUST07649,Chennai,Routine_Commuter,45.1,0,Transit_Public,13,0.631,0.331,0.77,0.69,19.5,0.337
CUST07650,Pune,Price_Sensitive,73.9,1,Office_Commercial,10,0.493,0.651,0.723,0.561,39.5,0.529
CUST07651,Chennai,Convenience_First,55.3,1,Transit_Public,6,0.709,0.126,0.778,0.522,19.3,0.256
CUST07652,Chennai,Routine_Commuter,59.7,1,Office_Commercial,8,0.879,0.779,0.696,0.772,22.3,0.611
CUST07653,Lucknow,Routine_Commuter,54.9,1,Office_Commercial,10,0.674,0.397,0.73,0.78,17.2,0.373
CUST07654,Jaipur,High_Mileage,64.2,0,Fleet,20,0.778,0.614,0.627,0.769,31.5,0.525
CUST07655,Delhi NCR,Price_Sensitive,51.8,0,Transit_Public,6,0.62,0.902,0.388,0.743,23.0,0.719
CUST07656,Lucknow,Routine_Commuter,67.3,0,Mall_Retail,11,0.632,0.49,0.63,0.749,29.0,0.445
CUST07657,Kolkata,Convenience_First,62.9,1,Residential,7,0.774,0.079,0.76,0.899,24.6,0.184
CUST07658,Lucknow,Price_Sensitive,58.9,1,Residential,11,0.378,0.948,0.564,0.768,25.2,0.681
CUST07659,Kolkata,Routine_Commuter,62.9,0,Office_Commercial,8,0.711,0.697,0.827,0.79,29.0,0.52
CUST07660,Kolkata,Convenience_First,78.7,0,Mall_Retail,10,0.86,0.287,0.882,0.821,33.3,0.294
CUST07661,Chennai,Routine_Commuter,48.0,1,Fleet,8,0.652,0.454,0.514,0.737,28.2,0.451
CUST07662,Lucknow,Routine_Commuter,60.2,1,Office_Commercial,12,0.773,0.58,0.646,0.636,24.1,0.522
CUST07663,Chennai,Convenience_First,56.0,0,Office_Commercial,8,0.877,0.139,0.744,0.648,21.1,0.268
CUST07664,Kochi,Routine_Commuter,53.9,1,Residential,14,0.626,0.462,0.724,0.706,26.2,0.416
CUST07665,Jaipur,Price_Sensitive,51.0,0,Mall_Retail,12,0.429,0.676,0.406,0.609,21.2,0.592
CUST07666,Jaipur,Convenience_First,67.6,1,Mall_Retail,10,0.834,0.39,0.799,0.873,35.6,0.357
CUST07667,Hyderabad,Convenience_First,56.2,1,Transit_Public,10,0.724,0.182,0.841,0.948,21.4,0.212
CUST07668,Lucknow,Price_Sensitive,53.3,1,Office_Commercial,10,0.314,0.747,0.248,0.831,20.0,0.618
CUST07669,Mumbai,Routine_Commuter,64.3,1,Office_Commercial,8,0.813,0.739,0.775,0.81,27.1,0.562
CUST07670,Mumbai,Price_Sensitive,39.4,1,Mall_Retail,8,0.486,0.719,0.653,0.686,16.1,0.56
CUST07671,Delhi NCR,Routine_Commuter,49.5,0,Mall_Retail,13,0.688,0.508,0.774,0.599,25.0,0.453
CUST07672,Bengaluru,Price_Sensitive,61.8,0,Mall_Retail,12,0.453,0.958,0.45,0.377,17.8,0.776
CUST07673,Chennai,Price_Sensitive,55.4,0,Hotel,8,0.539,0.841,0.515,0.527,25.8,0.684
CUST07674,Bengaluru,Convenience_First,70.8,0,Mall_Retail,7,0.781,0.305,0.99,0.918,41.5,0.26
CUST07675,Ahmedabad,Routine_Commuter,55.9,1,Mall_Retail,8,0.515,0.488,0.759,0.688,27.0,0.415
CUST07676,Kolkata,Price_Sensitive,63.6,0,Office_Commercial,11,0.488,0.822,0.467,0.654,26.7,0.659
CUST07677,Ahmedabad,Convenience_First,75.5,0,Mall_Retail,5,0.703,0.329,0.796,0.82,31.0,0.319
CUST07678,Lucknow,Convenience_First,65.4,1,Mall_Retail,8,0.891,0.117,0.789,0.803,27.1,0.225
CUST07679,Pune,Convenience_First,71.0,0,Fleet,6,0.753,0.07,0.904,0.72,32.0,0.175
CUST07680,Ahmedabad,Price_Sensitive,64.5,1,Mall_Retail,8,0.685,0.744,0.415,0.755,22.7,0.632
CUST07681,Chennai,High_Mileage,70.9,0,Highway,22,0.585,0.675,0.672,0.867,30.0,0.515
CUST07682,Chennai,Price_Sensitive,46.0,1,Transit_Public,9,0.319,0.835,0.344,0.276,16.2,0.731
CUST07683,Hyderabad,Routine_Commuter,57.5,1,Residential,14,0.74,0.585,0.701,0.669,23.3,0.505
CUST07684,Bengaluru,Routine_Commuter,55.8,1,Residential,11,0.613,0.608,0.63,0.742,19.5,0.509
CUST07685,Chandigarh,Routine_Commuter,53.2,0,Residential,9,0.753,0.311,0.721,0.71,15.1,0.346
CUST07686,Hyderabad,Routine_Commuter,69.9,1,Mall_Retail,12,0.761,0.54,0.671,0.778,27.7,0.472
CUST07687,Pune,Routine_Commuter,68.5,1,Residential,14,0.903,0.612,0.759,0.772,42.2,0.51
CUST07688,Pune,Routine_Commuter,42.7,1,Residential,8,0.575,0.492,0.688,0.751,22.1,0.428
CUST07689,Bengaluru,Price_Sensitive,45.9,1,Highway,9,0.655,0.918,0.814,0.515,19.3,0.68
CUST07690,Mumbai,Price_Sensitive,44.8,0,Office_Commercial,11,0.414,0.805,0.558,0.452,23.2,0.655
CUST07691,Bengaluru,Price_Sensitive,45.0,1,Transit_Public,10,0.403,0.764,0.37,0.433,21.6,0.671
CUST07692,Jaipur,Routine_Commuter,44.5,0,Office_Commercial,14,0.77,0.461,0.579,0.667,21.0,0.465
CUST07693,Jaipur,Price_Sensitive,51.9,0,Fleet,11,0.419,0.735,0.371,0.402,28.1,0.662
CUST07694,Delhi NCR,Price_Sensitive,58.3,1,Mall_Retail,8,0.53,0.795,0.486,0.619,29.0,0.65
CUST07695,Delhi NCR,Convenience_First,48.7,0,Highway,5,0.797,0.253,0.848,0.728,21.0,0.29
CUST07696,Jaipur,Convenience_First,56.1,0,Transit_Public,7,0.798,0.188,0.821,0.803,19.4,0.249
CUST07697,Hyderabad,High_Mileage,72.2,0,Highway,18,0.555,0.661,0.503,0.774,33.8,0.552
CUST07698,Pune,Price_Sensitive,49.4,0,Office_Commercial,7,0.364,0.807,0.485,0.754,17.6,0.62
CUST07699,Bengaluru,Routine_Commuter,65.0,1,Office_Commercial,12,0.836,0.673,0.37,0.704,22.4,0.624
CUST07700,Mumbai,Price_Sensitive,46.2,0,Residential,11,0.643,0.808,0.81,0.263,18.7,0.657
CUST07701,Chennai,High_Mileage,55.9,0,Fleet,17,0.616,0.801,0.649,0.99,20.4,0.574
CUST07702,Bengaluru,Price_Sensitive,61.4,1,Mall_Retail,8,0.6,0.63,0.538,0.328,16.1,0.6
CUST07703,Pune,Price_Sensitive,44.5,0,Office_Commercial,10,0.501,0.862,0.457,0.567,17.4,0.698
CUST07704,Bengaluru,Convenience_First,71.5,0,Transit_Public,6,0.974,0.364,0.911,0.691,34.1,0.362
CUST07705,Bengaluru,Routine_Commuter,59.5,1,Residential,9,0.857,0.593,0.58,0.794,32.9,0.527
CUST07706,Jaipur,Routine_Commuter,60.4,1,Office_Commercial,14,0.898,0.817,0.869,0.677,22.5,0.614
CUST07707,Jaipur,Routine_Commuter,59.4,1,Residential,11,0.653,0.623,0.578,0.99,24.0,0.494
CUST07708,Lucknow,High_Mileage,69.5,0,Fleet,25,0.465,0.798,0.895,0.791,40.1,0.538
CUST07709,Kolkata,Routine_Commuter,65.4,1,Office_Commercial,12,0.581,0.422,0.618,0.843,29.2,0.39
CUST07710,Lucknow,Convenience_First,45.9,0,Mall_Retail,5,0.717,0.396,0.99,0.66,18.7,0.343
CUST07711,Bengaluru,Routine_Commuter,57.1,1,Residential,9,0.761,0.34,0.794,0.834,24.1,0.329
CUST07712,Lucknow,High_Mileage,71.0,0,Hotel,24,0.849,0.716,0.99,0.887,24.3,0.498
CUST07713,Ahmedabad,Convenience_First,77.1,0,Fleet,5,0.921,0.267,0.983,0.541,24.8,0.311
CUST07714,Mumbai,Price_Sensitive,46.5,0,Office_Commercial,9,0.798,0.837,0.493,0.446,22.6,0.725
CUST07715,Chennai,Routine_Commuter,55.8,1,Office_Commercial,13,0.758,0.231,0.794,0.699,13.6,0.289
CUST07716,Mumbai,Convenience_First,56.5,0,Hotel,9,0.637,0.154,0.879,0.761,24.2,0.208
CUST07717,Bengaluru,Routine_Commuter,64.3,1,Transit_Public,10,0.494,0.575,0.503,0.731,28.8,0.505
CUST07718,Chennai,High_Mileage,66.4,0,Office_Commercial,20,0.661,0.3,0.766,0.901,25.3,0.293
CUST07719,Hyderabad,Convenience_First,52.5,1,Highway,7,0.843,0.371,0.733,0.557,14.3,0.408
CUST07720,Bengaluru,Price_Sensitive,47.4,1,Residential,10,0.152,0.792,0.464,0.723,16.9,0.599
CUST07721,Chennai,Price_Sensitive,62.8,0,Mall_Retail,7,0.678,0.857,0.466,0.334,21.4,0.746
CUST07722,Hyderabad,Convenience_First,66.0,1,Highway,6,0.788,0.151,0.797,0.858,25.3,0.224
CUST07723,Bengaluru,Routine_Commuter,74.7,0,Transit_Public,9,0.658,0.245,0.934,0.865,37.6,0.234
CUST07724,Hyderabad,Routine_Commuter,58.8,1,Office_Commercial,9,0.789,0.543,0.673,0.788,17.9,0.475
CUST07725,Hyderabad,High_Mileage,72.1,0,Transit_Public,25,0.477,0.844,0.533,0.883,27.6,0.623
CUST07726,Chandigarh,Routine_Commuter,46.6,1,Residential,11,0.587,0.513,0.881,0.618,22.3,0.422
CUST07727,Kolkata,Convenience_First,48.8,1,Fleet,10,0.967,0.155,0.943,0.891,17.2,0.21
CUST07728,Mumbai,Price_Sensitive,58.1,0,Residential,9,0.323,0.877,0.461,0.579,21.5,0.686
CUST07729,Pune,Price_Sensitive,48.5,0,Mall_Retail,6,0.513,0.827,0.449,0.451,16.8,0.699
CUST07730,Hyderabad,Routine_Commuter,58.6,1,Mall_Retail,14,0.689,0.538,0.795,0.703,23.4,0.45
CUST07731,Pune,Routine_Commuter,59.4,1,Office_Commercial,14,0.738,0.577,0.684,0.648,29.7,0.507
CUST07732,Bengaluru,Routine_Commuter,45.1,0,Office_Commercial,14,0.586,0.636,0.781,0.405,21.1,0.541
CUST07733,Ahmedabad,Routine_Commuter,57.2,0,Residential,9,0.839,0.353,0.627,0.596,26.4,0.413
CUST07734,Kolkata,Convenience_First,66.2,0,Highway,8,0.927,0.326,0.789,0.946,36.0,0.322
CUST07735,Lucknow,Routine_Commuter,56.4,0,Residential,11,0.705,0.324,0.693,0.808,20.1,0.339
CUST07736,Kolkata,Routine_Commuter,55.9,1,Residential,8,0.65,0.744,0.689,0.735,32.2,0.576
CUST07737,Delhi NCR,Routine_Commuter,60.5,1,Residential,9,0.928,0.42,0.754,0.803,17.5,0.403
CUST07738,Mumbai,Routine_Commuter,61.8,1,Residential,11,0.705,0.542,0.593,0.814,31.1,0.478
CUST07739,Hyderabad,High_Mileage,79.2,0,Office_Commercial,22,0.686,0.534,0.659,0.871,27.8,0.45
CUST07740,Kolkata,Routine_Commuter,64.2,1,Office_Commercial,12,0.753,0.863,0.754,0.514,32.3,0.672
CUST07741,Chennai,High_Mileage,92.2,1,Highway,19,0.493,0.969,0.841,0.784,15.0,0.646
CUST07742,Hyderabad,Convenience_First,52.4,0,Hotel,8,0.799,0.24,0.791,0.852,21.8,0.276
CUST07743,Hyderabad,Routine_Commuter,66.1,1,Residential,8,0.485,0.348,0.7,0.737,24.9,0.339
CUST07744,Ahmedabad,Convenience_First,41.0,0,Hotel,10,0.869,0.203,0.877,0.774,19.8,0.257
CUST07745,Bengaluru,High_Mileage,77.1,0,Mall_Retail,22,0.728,0.56,0.664,0.9,31.4,0.463
CUST07746,Jaipur,Price_Sensitive,57.6,1,Highway,11,0.447,0.698,0.215,0.53,28.6,0.656
CUST07747,Mumbai,Price_Sensitive,51.5,1,Residential,8,0.443,0.91,0.638,0.792,28.6,0.648
CUST07748,Hyderabad,Routine_Commuter,62.5,1,Residential,11,0.603,0.723,0.761,0.736,22.0,0.546
CUST07749,Kochi,High_Mileage,80.3,0,Highway,23,0.455,0.454,0.99,0.764,42.9,0.333
CUST07750,Hyderabad,Convenience_First,46.8,0,Hotel,7,0.798,0.369,0.944,0.733,13.1,0.334
CUST07751,Kochi,Routine_Commuter,64.8,1,Residential,8,0.662,0.592,0.672,0.803,31.9,0.487
CUST07752,Bengaluru,Price_Sensitive,46.2,0,Office_Commercial,6,0.643,0.976,0.379,0.46,14.4,0.807
CUST07753,Mumbai,Routine_Commuter,40.9,1,Residential,13,0.754,0.451,0.494,0.866,21.3,0.444
CUST07754,Kolkata,Routine_Commuter,47.4,1,Residential,14,0.877,0.437,0.629,0.802,26.2,0.432
CUST07755,Bengaluru,Convenience_First,57.2,0,Mall_Retail,6,0.783,0.177,0.84,0.71,17.9,0.251
CUST07756,Hyderabad,Convenience_First,64.7,0,Mall_Retail,7,0.943,0.156,0.835,0.828,32.2,0.239
CUST07757,Bengaluru,Price_Sensitive,51.2,1,Residential,9,0.365,0.783,0.666,0.706,18.8,0.578
CUST07758,Pune,Price_Sensitive,41.0,0,Residential,8,0.582,0.714,0.507,0.685,12.5,0.597
CUST07759,Pune,Routine_Commuter,43.9,1,Office_Commercial,12,0.612,0.648,0.934,0.733,17.1,0.471
CUST07760,Mumbai,High_Mileage,59.3,0,Highway,15,0.705,0.576,0.727,0.747,21.8,0.48
CUST07761,Pune,Routine_Commuter,54.0,0,Mall_Retail,13,0.592,0.583,0.681,0.762,21.3,0.479
CUST07762,Mumbai,Convenience_First,72.2,0,Highway,7,0.883,0.35,0.863,0.598,28.6,0.369
CUST07763,Bengaluru,Price_Sensitive,60.2,0,Mall_Retail,11,0.57,0.806,0.384,0.14,20.8,0.752
CUST07764,Pune,Convenience_First,64.7,0,Hotel,6,0.644,0.19,0.874,0.905,28.8,0.209
CUST07765,Bengaluru,High_Mileage,91.0,0,Office_Commercial,18,0.694,0.753,0.614,0.787,48.1,0.593
CUST07766,Delhi NCR,Routine_Commuter,36.0,0,Office_Commercial,14,0.598,0.696,0.56,0.911,17.2,0.544
CUST07767,Chandigarh,Convenience_First,73.8,1,Office_Commercial,9,0.99,0.438,0.91,0.826,25.7,0.384
CUST07768,Chandigarh,Price_Sensitive,50.5,0,Office_Commercial,10,0.667,0.99,0.674,0.728,23.8,0.717
CUST07769,Lucknow,Price_Sensitive,66.2,1,Mall_Retail,8,0.351,0.774,0.595,0.558,25.1,0.608
CUST07770,Jaipur,Convenience_First,57.7,0,Office_Commercial,8,0.832,0.125,0.814,0.873,18.6,0.209
CUST07771,Jaipur,Routine_Commuter,58.7,1,Office_Commercial,8,0.99,0.534,0.638,0.617,24.8,0.523
CUST07772,Chennai,Price_Sensitive,51.6,0,Office_Commercial,7,0.566,0.645,0.307,0.845,20.1,0.573
CUST07773,Mumbai,Routine_Commuter,62.4,1,Residential,10,0.599,0.424,0.589,0.565,26.5,0.44
CUST07774,Bengaluru,Convenience_First,67.9,0,Hotel,6,0.703,0.013,0.881,0.7,34.5,0.146
CUST07775,Delhi NCR,Routine_Commuter,54.6,1,Highway,9,0.857,0.328,0.635,0.728,24.9,0.38
CUST07776,Hyderabad,Routine_Commuter,53.3,1,Highway,9,0.587,0.512,0.521,0.764,14.6,0.471
CUST07777,Hyderabad,Convenience_First,51.8,0,Office_Commercial,7,0.905,0.339,0.868,0.861,23.1,0.324
CUST07778,Lucknow,Convenience_First,56.8,1,Fleet,9,0.948,0.22,0.78,0.896,16.4,0.275
CUST07779,Chennai,Price_Sensitive,58.3,0,Mall_Retail,11,0.783,0.99,0.323,0.44,22.7,0.842
CUST07780,Bengaluru,Routine_Commuter,55.1,1,Office_Commercial,14,0.866,0.423,0.735,0.811,19.3,0.4
CUST07781,Jaipur,Price_Sensitive,38.9,1,Fleet,12,0.46,0.71,0.772,0.687,14.0,0.529
CUST07782,Kolkata,Convenience_First,57.6,0,Mall_Retail,9,0.815,0.278,0.935,0.99,27.5,0.249
CUST07783,Chennai,Convenience_First,47.4,0,Mall_Retail,8,0.99,0.132,0.931,0.875,19.6,0.204
CUST07784,Kochi,High_Mileage,69.9,1,Highway,19,0.483,0.727,0.842,0.855,24.7,0.502
CUST07785,Bengaluru,Price_Sensitive,48.6,0,Office_Commercial,6,0.7,0.857,0.558,0.484,18.0,0.707
CUST07786,Mumbai,Routine_Commuter,49.5,0,Residential,9,0.585,0.843,0.745,0.906,19.6,0.587
CUST07787,Jaipur,Routine_Commuter,44.4,0,Office_Commercial,14,0.813,0.531,0.691,0.661,21.6,0.486
CUST07788,Pune,Price_Sensitive,52.7,1,Office_Commercial,11,0.493,0.673,0.397,0.549,23.2,0.608
CUST07789,Ahmedabad,Routine_Commuter,51.9,1,Highway,8,0.75,0.445,0.81,0.599,22.6,0.418
CUST07790,Pune,Routine_Commuter,59.7,1,Office_Commercial,14,0.752,0.561,0.659,0.812,24.4,0.48
CUST07791,Delhi NCR,Routine_Commuter,60.3,1,Residential,13,0.842,0.586,0.68,0.671,25.6,0.52
CUST07792,Delhi NCR,Routine_Commuter,53.3,1,Mall_Retail,11,0.909,0.744,0.698,0.785,23.3,0.593
CUST07793,Chennai,Price_Sensitive,60.7,0,Mall_Retail,7,0.326,0.906,0.363,0.239,23.9,0.773
CUST07794,Chennai,Price_Sensitive,54.4,1,Residential,10,0.404,0.905,0.421,0.425,22.0,0.741
CUST07795,Bengaluru,Price_Sensitive,47.2,1,Highway,10,0.327,0.946,0.591,0.349,19.0,0.732
CUST07796,Lucknow,High_Mileage,64.2,0,Fleet,17,0.735,0.775,0.775,0.775,28.0,0.578
CUST07797,Bengaluru,Routine_Commuter,51.7,1,Transit_Public,12,0.558,0.619,0.521,0.778,17.5,0.525
CUST07798,Chennai,Price_Sensitive,48.6,1,Residential,6,0.532,0.99,0.504,0.678,17.7,0.745
CUST07799,Delhi NCR,High_Mileage,48.2,0,Transit_Public,19,0.632,0.593,0.574,0.99,29.7,0.476
CUST07800,Jaipur,Price_Sensitive,46.1,1,Mall_Retail,9,0.62,0.763,0.442,0.389,12.2,0.685
CUST07801,Ahmedabad,Routine_Commuter,59.1,1,Mall_Retail,11,0.83,0.413,0.803,0.806,22.2,0.379
CUST07802,Pune,Price_Sensitive,57.5,1,Office_Commercial,8,0.348,0.759,0.263,0.674,20.1,0.649
CUST07803,Delhi NCR,Convenience_First,53.5,0,Office_Commercial,9,0.743,0.26,0.792,0.968,21.4,0.264
CUST07804,Hyderabad,Routine_Commuter,46.4,1,Office_Commercial,8,0.711,0.645,0.876,0.927,23.7,0.461
CUST07805,Pune,Routine_Commuter,55.9,1,Office_Commercial,9,0.786,0.463,0.691,0.76,21.6,0.431
CUST07806,Mumbai,Price_Sensitive,52.5,1,Hotel,8,0.297,0.601,0.325,0.569,22.2,0.56
CUST07807,Bengaluru,Price_Sensitive,49.8,1,Residential,11,0.155,0.829,0.448,0.594,13.6,0.643
CUST07808,Kochi,Price_Sensitive,57.6,1,Transit_Public,11,0.356,0.71,0.51,0.571,19.1,0.589
CUST07809,Hyderabad,Routine_Commuter,54.7,1,Office_Commercial,11,0.692,0.611,0.809,0.621,15.8,0.5
CUST07810,Chennai,High_Mileage,74.2,0,Hotel,16,0.639,0.978,0.882,0.8,26.9,0.655
CUST07811,Bengaluru,Routine_Commuter,50.0,0,Office_Commercial,9,0.533,0.665,0.822,0.514,18.8,0.527
CUST07812,Hyderabad,Convenience_First,50.5,0,Highway,5,0.805,0.413,0.863,0.874,19.2,0.354
CUST07813,Bengaluru,Routine_Commuter,64.4,1,Office_Commercial,12,0.658,0.278,0.574,0.516,22.1,0.376
CUST07814,Hyderabad,Routine_Commuter,57.4,1,Residential,11,0.79,0.138,0.537,0.635,29.9,0.302
CUST07815,Delhi NCR,Routine_Commuter,53.1,1,Residential,8,0.785,0.362,0.735,0.661,26.4,0.382
CUST07816,Lucknow,Price_Sensitive,36.9,1,Mall_Retail,9,0.487,0.878,0.59,0.444,16.7,0.697
CUST07817,Hyderabad,Routine_Commuter,57.1,1,Residential,13,0.757,0.487,0.67,0.76,20.7,0.445
CUST07818,Ahmedabad,Convenience_First,64.5,0,Office_Commercial,10,0.828,0.262,0.751,0.791,29.8,0.308
CUST07819,Bengaluru,Price_Sensitive,69.5,1,Transit_Public,6,0.249,0.862,0.24,0.507,37.7,0.725
CUST07820,Kochi,Routine_Commuter,46.0,1,Hotel,8,0.638,0.558,0.653,0.85,19.9,0.463
CUST07821,Kochi,Routine_Commuter,51.0,1,Office_Commercial,8,0.901,0.299,0.927,0.99,18.3,0.271
CUST07822,Jaipur,Price_Sensitive,65.9,1,Residential,8,0.432,0.697,0.362,0.711,20.1,0.598
CUST07823,Bengaluru,High_Mileage,66.4,0,Transit_Public,15,0.327,0.828,0.687,0.856,26.8,0.572
CUST07824,Kochi,Routine_Commuter,42.5,1,Office_Commercial,13,0.592,0.184,0.774,0.83,10.7,0.231
CUST07825,Ahmedabad,Convenience_First,57.8,0,Hotel,8,0.758,0.238,0.753,0.899,22.9,0.271
CUST07826,Delhi NCR,Routine_Commuter,45.5,1,Residential,10,0.597,0.318,0.752,0.756,21.6,0.321
CUST07827,Lucknow,Routine_Commuter,47.5,1,Residential,12,0.476,0.374,0.708,0.734,21.8,0.351
CUST07828,Lucknow,Routine_Commuter,58.6,1,Residential,14,0.918,0.44,0.53,0.817,26.0,0.455
CUST07829,Hyderabad,Convenience_First,49.4,0,Residential,7,0.768,0.285,0.906,0.595,29.2,0.313
CUST07830,Lucknow,Price_Sensitive,68.7,0,Residential,8,0.292,0.94,0.664,0.571,35.5,0.678
CUST07831,Kochi,Routine_Commuter,53.1,0,Hotel,13,0.462,0.57,0.62,0.652,14.6,0.488
CUST07832,Ahmedabad,Price_Sensitive,60.4,1,Transit_Public,7,0.415,0.793,0.436,0.952,21.6,0.598
CUST07833,Hyderabad,High_Mileage,67.2,0,Fleet,22,0.442,0.795,0.927,0.858,30.6,0.517
CUST07834,Ahmedabad,Routine_Commuter,45.8,0,Residential,8,0.832,0.387,0.711,0.723,17.4,0.396
CUST07835,Delhi NCR,Routine_Commuter,66.9,1,Residential,14,0.762,0.612,0.672,0.667,30.0,0.528
CUST07836,Delhi NCR,Routine_Commuter,69.0,1,Office_Commercial,13,0.579,0.632,0.877,0.585,30.4,0.492
CUST07837,Lucknow,Price_Sensitive,53.1,0,Mall_Retail,12,0.693,0.783,0.339,0.55,25.3,0.7
CUST07838,Jaipur,Price_Sensitive,49.5,0,Mall_Retail,12,0.452,0.81,0.303,0.614,17.4,0.688
CUST07839,Chandigarh,High_Mileage,74.7,0,Highway,15,0.419,0.739,0.99,0.785,33.8,0.483
CUST07840,Kochi,Routine_Commuter,54.0,1,Residential,14,0.475,0.452,0.735,0.826,23.3,0.375
CUST07841,Delhi NCR,Price_Sensitive,56.2,0,Mall_Retail,11,0.743,0.721,0.414,0.323,23.2,0.69
CUST07842,Delhi NCR,Routine_Commuter,69.0,0,Office_Commercial,9,0.723,0.58,0.851,0.837,35.1,0.445
CUST07843,Mumbai,Convenience_First,74.9,0,Highway,8,0.774,0.236,0.83,0.801,28.7,0.271
CUST07844,Chennai,Price_Sensitive,42.6,1,Hotel,10,0.528,0.853,0.259,0.677,19.5,0.718
CUST07845,Mumbai,Convenience_First,61.2,1,Highway,8,0.879,0.19,0.886,0.8,23.3,0.245
CUST07846,Hyderabad,Routine_Commuter,46.3,1,Mall_Retail,11,0.605,0.468,0.737,0.66,13.4,0.421
CUST07847,Pune,Routine_Commuter,68.8,0,Mall_Retail,12,0.615,0.534,0.77,0.777,26.7,0.435
CUST07848,Mumbai,Convenience_First,53.6,0,Residential,5,0.703,0.228,0.848,0.918,26.2,0.239
CUST07849,Mumbai,Convenience_First,62.0,0,Highway,5,0.833,0.509,0.801,0.655,21.0,0.455
CUST07850,Ahmedabad,Convenience_First,66.4,0,Highway,10,0.976,0.22,0.971,0.977,31.5,0.228
CUST07851,Pune,Routine_Commuter,54.2,1,Residential,9,0.706,0.337,0.572,0.759,22.7,0.378
CUST07852,Pune,Routine_Commuter,59.1,1,Residential,13,0.608,0.458,0.762,0.688,30.9,0.407
CUST07853,Chandigarh,Price_Sensitive,53.2,0,Residential,11,0.394,0.728,0.54,0.516,25.4,0.605
CUST07854,Pune,High_Mileage,72.4,0,Office_Commercial,16,0.556,0.669,0.826,0.913,26.1,0.471
CUST07855,Lucknow,Price_Sensitive,47.2,0,Highway,10,0.641,0.705,0.59,0.509,20.8,0.607
CUST07856,Chennai,Routine_Commuter,59.8,1,Residential,12,0.905,0.533,0.71,0.846,23.6,0.465
CUST07857,Pune,Routine_Commuter,66.3,0,Mall_Retail,11,0.775,0.567,0.628,0.771,28.8,0.498
CUST07858,Pune,Routine_Commuter,57.0,1,Transit_Public,10,0.685,0.695,0.665,0.796,30.0,0.548
CUST07859,Bengaluru,High_Mileage,69.6,0,Fleet,19,0.552,0.53,0.728,0.99,24.9,0.402
CUST07860,Bengaluru,Price_Sensitive,42.0,0,Fleet,7,0.631,0.895,0.625,0.322,16.4,0.732
CUST07861,Chandigarh,High_Mileage,54.1,0,Fleet,25,0.201,0.624,0.834,0.926,22.0,0.408
CUST07862,Mumbai,Price_Sensitive,48.8,1,Transit_Public,10,0.562,0.753,0.652,0.804,19.9,0.57
CUST07863,Pune,Price_Sensitive,61.1,1,Transit_Public,8,0.014,0.988,0.58,0.519,27.2,0.701
CUST07864,Delhi NCR,Routine_Commuter,59.3,0,Office_Commercial,11,0.792,0.397,0.533,0.851,25.2,0.413
CUST07865,Chandigarh,Convenience_First,54.9,0,Fleet,7,0.818,0.34,0.894,0.746,22.3,0.328
CUST07866,Hyderabad,Routine_Commuter,49.0,1,Residential,8,0.55,0.458,0.679,0.681,19.5,0.419
CUST07867,Delhi NCR,Routine_Commuter,56.0,1,Office_Commercial,13,0.99,0.54,0.869,0.686,24.6,0.469
CUST07868,Delhi NCR,Convenience_First,57.4,1,Residential,9,0.913,0.153,0.99,0.858,25.7,0.199
CUST07869,Mumbai,Routine_Commuter,58.5,1,Mall_Retail,10,0.638,0.532,0.74,0.731,25.4,0.449
CUST07870,Delhi NCR,Routine_Commuter,69.5,1,Office_Commercial,9,0.82,0.518,0.778,0.833,31.3,0.436
CUST07871,Chennai,High_Mileage,72.2,0,Highway,16,0.777,0.623,0.599,0.873,27.0,0.519
CUST07872,Delhi NCR,Routine_Commuter,71.9,1,Office_Commercial,13,0.579,0.217,0.781,0.746,29.4,0.259
CUST07873,Bengaluru,Price_Sensitive,62.3,0,Office_Commercial,12,0.416,0.911,0.521,0.492,21.0,0.715
CUST07874,Pune,Routine_Commuter,62.9,1,Transit_Public,13,0.76,0.43,0.469,0.647,29.1,0.472
CUST07875,Chennai,Routine_Commuter,53.9,1,Residential,13,0.743,0.548,0.694,0.745,25.9,0.475
CUST07876,Pune,Price_Sensitive,61.9,1,Mall_Retail,11,0.444,0.848,0.455,0.359,25.8,0.716
CUST07877,Lucknow,Routine_Commuter,62.4,1,Office_Commercial,8,0.352,0.525,0.52,0.824,29.0,0.446
CUST07878,Chandigarh,High_Mileage,69.8,0,Highway,22,0.316,0.729,0.738,0.906,27.5,0.499
CUST07879,Bengaluru,Price_Sensitive,44.3,0,Residential,10,0.448,0.892,0.548,0.564,16.8,0.692
CUST07880,Delhi NCR,High_Mileage,69.4,0,Mall_Retail,25,0.741,0.547,0.854,0.708,21.7,0.448
CUST07881,Ahmedabad,High_Mileage,92.4,0,Fleet,21,0.818,0.833,0.63,0.86,33.4,0.635
CUST07882,Chennai,Routine_Commuter,57.7,0,Office_Commercial,14,0.677,0.448,0.81,0.811,25.7,0.38
CUST07883,Chennai,Price_Sensitive,44.1,0,Office_Commercial,10,0.274,0.907,0.414,0.964,13.3,0.649
CUST07884,Delhi NCR,Routine_Commuter,77.3,1,Residential,8,0.744,0.551,0.792,0.778,49.5,0.453
CUST07885,Chennai,Routine_Commuter,38.4,1,Residential,9,0.53,0.476,0.587,0.628,14.8,0.453
CUST07886,Kochi,Convenience_First,63.2,1,Mall_Retail,9,0.971,0.271,0.767,0.788,21.8,0.325
CUST07887,Hyderabad,High_Mileage,56.7,0,Highway,19,0.344,0.604,0.736,0.946,11.8,0.428
CUST07888,Kolkata,Routine_Commuter,63.4,1,Residential,10,0.769,0.557,0.627,0.642,21.6,0.511
CUST07889,Lucknow,Routine_Commuter,62.6,0,Office_Commercial,11,0.644,0.553,0.749,0.772,30.2,0.453
CUST07890,Mumbai,Routine_Commuter,64.7,0,Residential,9,0.734,0.588,0.558,0.776,36.4,0.519
CUST07891,Hyderabad,Price_Sensitive,61.4,1,Residential,8,0.51,0.947,0.511,0.454,29.8,0.752
CUST07892,Pune,Price_Sensitive,58.6,1,Office_Commercial,9,0.281,0.708,0.475,0.443,20.8,0.606
CUST07893,Delhi NCR,Convenience_First,61.6,1,Highway,6,0.867,0.326,0.929,0.842,30.4,0.304
CUST07894,Mumbai,Routine_Commuter,46.2,1,Residential,8,0.794,0.584,0.691,0.544,15.1,0.531
CUST07895,Bengaluru,Convenience_First,63.1,1,Residential,5,0.821,0.337,0.99,0.664,31.4,0.32
CUST07896,Pune,High_Mileage,58.0,0,Mall_Retail,20,0.667,0.776,0.787,0.904,29.5,0.551
CUST07897,Hyderabad,Convenience_First,71.8,0,Mall_Retail,8,0.837,0.349,0.99,0.764,17.8,0.313
CUST07898,Jaipur,Price_Sensitive,44.4,0,Office_Commercial,7,0.451,0.692,0.11,0.43,24.9,0.689
CUST07899,Hyderabad,Routine_Commuter,52.6,0,Residential,8,0.749,0.407,0.711,0.695,25.4,0.402
CUST07900,Chennai,Convenience_First,54.4,0,Mall_Retail,10,0.789,0.39,0.837,0.795,28.3,0.357
CUST07901,Ahmedabad,Price_Sensitive,44.7,1,Hotel,9,0.478,0.741,0.371,0.435,14.2,0.666
CUST07902,Bengaluru,Convenience_First,67.3,0,Mall_Retail,8,0.852,0.198,0.989,0.883,38.9,0.214
CUST07903,Kolkata,Convenience_First,62.2,0,Highway,9,0.826,0.276,0.915,0.855,28.6,0.273
CUST07904,Delhi NCR,Convenience_First,50.2,0,Mall_Retail,9,0.714,0.343,0.762,0.99,15.9,0.309
CUST07905,Kochi,Convenience_First,80.8,0,Office_Commercial,10,0.964,0.327,0.799,0.962,32.6,0.322
CUST07906,Hyderabad,Convenience_First,65.6,0,Residential,9,0.667,0.344,0.825,0.974,27.5,0.295
CUST07907,Kochi,High_Mileage,74.3,0,Fleet,18,0.512,0.71,0.785,0.869,25.3,0.504
CUST07908,Kolkata,Price_Sensitive,45.9,1,Residential,8,0.61,0.99,0.484,0.752,21.6,0.746
CUST07909,Chandigarh,Price_Sensitive,48.2,1,Residential,7,0.56,0.839,0.398,0.288,19.2,0.745
CUST07910,Mumbai,Convenience_First,59.5,1,Office_Commercial,5,0.931,0.275,0.829,0.915,15.1,0.292
CUST07911,Ahmedabad,Routine_Commuter,58.0,1,Transit_Public,9,0.606,0.385,0.78,0.64,28.3,0.371
CUST07912,Bengaluru,Convenience_First,44.4,1,Mall_Retail,6,0.675,0.237,0.814,0.729,16.6,0.276
CUST07913,Ahmedabad,Price_Sensitive,39.6,1,Residential,10,0.727,0.974,0.383,0.43,19.6,0.817
CUST07914,Bengaluru,Price_Sensitive,52.8,1,Residential,10,0.411,0.815,0.447,0.435,14.9,0.685
CUST07915,Chennai,Routine_Commuter,58.3,0,Residential,14,0.371,0.268,0.672,0.669,27.5,0.3
CUST07916,Kolkata,Price_Sensitive,48.2,0,Mall_Retail,10,0.452,0.962,0.47,0.434,22.8,0.765
CUST07917,Jaipur,Routine_Commuter,59.8,1,Office_Commercial,14,0.85,0.521,0.615,0.491,29.4,0.525
CUST07918,Chennai,High_Mileage,78.2,1,Office_Commercial,25,0.549,0.685,0.735,0.767,35.1,0.52
CUST07919,Delhi NCR,Convenience_First,59.1,1,Mall_Retail,10,0.889,0.283,0.842,0.792,23.5,0.307
CUST07920,Mumbai,Price_Sensitive,50.4,0,Residential,11,0.424,0.642,0.652,0.53,22.9,0.536
CUST07921,Bengaluru,Routine_Commuter,61.1,1,Highway,12,0.648,0.647,0.893,0.608,19.5,0.501
CUST07922,Chennai,High_Mileage,70.7,1,Highway,24,0.751,0.641,0.791,0.864,28.8,0.489
CUST07923,Bengaluru,Routine_Commuter,58.4,1,Office_Commercial,8,0.639,0.774,0.475,0.519,24.6,0.667
CUST07924,Pune,Routine_Commuter,58.5,1,Residential,11,0.563,0.547,0.757,0.68,16.3,0.454
CUST07925,Jaipur,Routine_Commuter,59.5,1,Residential,13,0.685,0.64,0.688,0.756,31.5,0.519
CUST07926,Pune,Routine_Commuter,45.1,1,Residential,8,0.774,0.278,0.492,0.99,20.2,0.333
CUST07927,Lucknow,Routine_Commuter,39.5,0,Office_Commercial,8,0.708,0.679,0.757,0.802,22.4,0.523
CUST07928,Chandigarh,Routine_Commuter,41.4,1,Residential,14,0.862,0.542,0.445,0.893,14.2,0.511
CUST07929,Hyderabad,Convenience_First,44.5,0,Office_Commercial,7,0.826,0.37,0.734,0.824,19.7,0.366
CUST07930,Hyderabad,Routine_Commuter,52.2,0,Residential,10,0.556,0.726,0.567,0.706,19.1,0.586
CUST07931,Delhi NCR,Routine_Commuter,40.2,1,Residential,13,0.88,0.498,0.666,0.874,17.1,0.448
CUST07932,Hyderabad,Routine_Commuter,55.9,1,Office_Commercial,13,0.677,0.662,0.588,0.594,23.4,0.575
CUST07933,Lucknow,Routine_Commuter,59.1,0,Office_Commercial,8,0.743,0.36,0.657,0.61,25.0,0.399
CUST07934,Ahmedabad,Routine_Commuter,69.2,1,Residential,9,0.849,0.509,0.553,0.767,30.1,0.489
CUST07935,Pune,Convenience_First,53.5,0,Residential,9,0.83,0.207,0.821,0.847,20.8,0.255
CUST07936,Bengaluru,Routine_Commuter,48.8,0,Residential,14,0.691,0.353,0.631,0.525,20.7,0.408
CUST07937,Mumbai,Convenience_First,55.6,1,Highway,7,0.665,0.385,0.792,0.771,25.7,0.354
CUST07938,Delhi NCR,Routine_Commuter,64.7,1,Office_Commercial,13,0.36,0.564,0.629,0.693,19.5,0.466
CUST07939,Ahmedabad,Routine_Commuter,57.9,1,Mall_Retail,11,0.807,0.515,0.72,0.783,29.0,0.453
CUST07940,Hyderabad,Price_Sensitive,54.0,0,Office_Commercial,10,0.583,0.818,0.51,0.671,25.2,0.656
CUST07941,Pune,High_Mileage,64.5,0,Transit_Public,20,0.537,0.492,0.656,0.99,25.7,0.395
CUST07942,Pune,Convenience_First,53.7,0,Mall_Retail,9,0.778,0.235,0.86,0.823,20.0,0.261
CUST07943,Delhi NCR,Price_Sensitive,54.7,0,Fleet,9,0.461,0.878,0.429,0.869,25.5,0.663
CUST07944,Mumbai,Routine_Commuter,41.0,1,Office_Commercial,8,0.904,0.557,0.782,0.679,18.0,0.488
CUST07945,Mumbai,Routine_Commuter,48.2,0,Highway,8,0.728,0.431,0.556,0.814,22.1,0.427
CUST07946,Delhi NCR,Routine_Commuter,66.8,1,Office_Commercial,11,0.723,0.535,0.606,0.639,18.3,0.5
CUST07947,Bengaluru,Routine_Commuter,63.6,1,Office_Commercial,8,0.984,0.329,0.588,0.981,21.7,0.365
CUST07948,Chandigarh,Price_Sensitive,51.0,1,Mall_Retail,9,0.226,0.915,0.565,0.843,26.1,0.636
CUST07949,Pune,Price_Sensitive,60.6,0,Residential,6,0.212,0.841,0.508,0.523,33.3,0.654
CUST07950,Mumbai,Convenience_First,56.1,0,Mall_Retail,8,0.823,0.232,0.754,0.958,29.1,0.265
CUST07951,Chennai,High_Mileage,84.6,0,Highway,18,0.521,0.446,0.923,0.811,31.6,0.341
CUST07952,Pune,High_Mileage,67.8,0,Highway,25,0.761,0.557,0.791,0.842,25.0,0.448
CUST07953,Ahmedabad,Price_Sensitive,40.7,1,Residential,7,0.52,0.728,0.616,0.494,11.9,0.605
CUST07954,Chennai,Price_Sensitive,57.1,0,Residential,10,0.567,0.921,0.555,0.603,23.6,0.712
CUST07955,Mumbai,Routine_Commuter,60.7,1,Office_Commercial,11,0.773,0.567,0.769,0.554,21.5,0.502
CUST07956,Ahmedabad,High_Mileage,49.9,0,Highway,18,0.568,0.619,0.726,0.769,32.7,0.487
CUST07957,Delhi NCR,Convenience_First,50.4,1,Residential,10,0.793,0.306,0.868,0.665,21.6,0.324
CUST07958,Chennai,Price_Sensitive,35.0,1,Fleet,11,0.68,0.839,0.565,0.701,11.2,0.661
CUST07959,Hyderabad,Routine_Commuter,40.1,1,Office_Commercial,13,0.534,0.598,0.7,0.567,11.1,0.507
CUST07960,Hyderabad,Price_Sensitive,45.7,0,Residential,6,0.757,0.825,0.408,0.476,22.3,0.727
CUST07961,Chennai,Routine_Commuter,45.2,1,Highway,11,0.617,0.645,0.261,0.633,17.9,0.619
CUST07962,Chennai,Routine_Commuter,46.6,0,Mall_Retail,8,0.727,0.482,0.659,0.418,16.9,0.494
CUST07963,Chennai,Routine_Commuter,47.8,0,Office_Commercial,12,0.644,0.44,0.714,0.673,17.6,0.413
CUST07964,Mumbai,Price_Sensitive,49.6,0,Highway,10,0.353,0.746,0.473,0.704,18.0,0.595
CUST07965,Delhi NCR,Routine_Commuter,55.0,0,Hotel,10,0.738,0.406,0.722,0.683,14.0,0.4
CUST07966,Bengaluru,Routine_Commuter,50.0,0,Residential,12,0.663,0.488,0.667,0.412,30.3,0.49
CUST07967,Pune,Convenience_First,60.7,1,Office_Commercial,5,0.847,0.338,0.895,0.774,18.7,0.326
CUST07968,Chandigarh,Routine_Commuter,63.2,0,Mall_Retail,12,0.771,0.536,0.682,0.78,28.5,0.468
CUST07969,Pune,Price_Sensitive,54.8,0,Highway,10,0.452,0.873,0.573,0.558,28.2,0.677
CUST07970,Bengaluru,Routine_Commuter,59.0,0,Residential,11,0.692,0.433,0.421,0.99,25.4,0.424
CUST07971,Pune,Routine_Commuter,49.0,1,Office_Commercial,11,0.691,0.263,0.86,0.587,21.5,0.304
CUST07972,Mumbai,Convenience_First,50.9,0,Fleet,6,0.884,0.338,0.976,0.752,29.6,0.316
CUST07973,Kolkata,High_Mileage,72.6,0,Mall_Retail,25,0.493,0.817,0.801,0.984,27.3,0.541
CUST07974,Kochi,Convenience_First,54.8,0,Highway,7,0.835,0.341,0.822,0.839,24.3,0.331
CUST07975,Delhi NCR,High_Mileage,75.0,0,Fleet,17,0.5,0.652,0.864,0.833,39.3,0.461
CUST07976,Mumbai,Routine_Commuter,58.4,0,Transit_Public,8,0.703,0.29,0.605,0.63,24.6,0.364
CUST07977,Pune,Routine_Commuter,54.8,1,Office_Commercial,11,0.542,0.65,0.613,0.852,22.7,0.511
CUST07978,Pune,Routine_Commuter,51.8,1,Mall_Retail,8,0.503,0.657,0.577,0.658,24.5,0.548
CUST07979,Ahmedabad,Routine_Commuter,60.1,1,Residential,9,0.623,0.482,0.766,0.784,22.4,0.407
CUST07980,Hyderabad,Convenience_First,53.3,1,Highway,5,0.955,0.077,0.881,0.64,28.7,0.216
CUST07981,Ahmedabad,Routine_Commuter,61.2,1,Residential,9,0.832,0.531,0.68,0.842,26.2,0.463
CUST07982,Chennai,Routine_Commuter,60.6,1,Mall_Retail,12,0.739,0.363,0.64,0.527,17.8,0.416
CUST07983,Ahmedabad,Price_Sensitive,65.3,0,Residential,8,0.572,0.89,0.501,0.769,33.0,0.681
CUST07984,Bengaluru,Routine_Commuter,65.4,0,Office_Commercial,11,0.782,0.42,0.68,0.583,33.5,0.436
CUST07985,Mumbai,Routine_Commuter,69.6,1,Mall_Retail,9,0.827,0.674,0.555,0.762,30.8,0.578
CUST07986,Delhi NCR,Convenience_First,71.5,1,Office_Commercial,9,0.99,0.014,0.645,0.775,19.2,0.212
CUST07987,Ahmedabad,Routine_Commuter,48.2,0,Residential,13,0.7,0.5,0.763,0.668,21.7,0.442
CUST07988,Hyderabad,Routine_Commuter,63.5,1,Hotel,12,0.657,0.361,0.99,0.733,30.4,0.306
CUST07989,Kochi,Price_Sensitive,51.9,1,Transit_Public,10,0.456,0.917,0.658,0.483,25.2,0.696
CUST07990,Chennai,Routine_Commuter,48.0,0,Office_Commercial,9,0.393,0.446,0.644,0.755,12.4,0.393
CUST07991,Chennai,Convenience_First,52.0,1,Mall_Retail,10,0.935,0.34,0.827,0.953,21.2,0.322
CUST07992,Bengaluru,Price_Sensitive,61.9,1,Residential,12,0.646,0.772,0.62,0.59,36.4,0.627
CUST07993,Ahmedabad,Routine_Commuter,36.9,0,Office_Commercial,11,0.498,0.097,0.366,0.773,14.8,0.264
CUST07994,Lucknow,Routine_Commuter,51.1,1,Residential,12,0.75,0.493,0.754,0.714,27.1,0.438
CUST07995,Lucknow,Price_Sensitive,57.5,0,Residential,7,0.395,0.794,0.55,0.589,20.1,0.628
CUST07996,Ahmedabad,Price_Sensitive,65.7,0,Residential,6,0.304,0.816,0.369,0.644,24.3,0.659
CUST07997,Mumbai,High_Mileage,52.2,0,Highway,15,0.599,0.888,0.807,0.824,21.4,0.613
CUST07998,Hyderabad,Convenience_First,43.1,0,Residential,10,0.934,0.165,0.895,0.651,18.1,0.257
CUST07999,Chennai,Price_Sensitive,59.4,1,Residential,6,0.685,0.91,0.529,0.66,30.1,0.714
CUST08000,Chandigarh,Price_Sensitive,55.0,0,Residential,12,0.47,0.935,0.521,0.591,16.0,0.718
